output+=(String.format("Please enter 4 numbers separated by spaces > ")); ,EXPRESSION_STATEMENT, line no: 62,output+=(String.format("Please enter 4 numbers separated by spaces > ")); ,EXPRESSION_STATEMENT, line no: 62, 0.03529053520421588, insert, 1.0, 1.0, 1.0
v1.value=scanner.nextInt(); ,EXPRESSION_STATEMENT, line no: 64,v1.value=scanner.nextInt(); ,EXPRESSION_STATEMENT, line no: 64, 0.03529053520421588, insert, 1.0, 3.0, 1.0
v2.value=scanner.nextInt(); ,EXPRESSION_STATEMENT, line no: 65,v2.value=scanner.nextInt(); ,EXPRESSION_STATEMENT, line no: 65, 0.03529053520421588, insert, 1.0, 3.0, 1.0
v3.value=scanner.nextInt(); ,EXPRESSION_STATEMENT, line no: 66,v3.value=scanner.nextInt(); ,EXPRESSION_STATEMENT, line no: 66, 0.03529053520421588, insert, 1.0, 3.0, 1.0
v4.value=scanner.nextInt(); ,EXPRESSION_STATEMENT, line no: 67,v4.value=scanner.nextInt(); ,EXPRESSION_STATEMENT, line no: 67, 0.03529053520421588, insert, 1.0, 3.0, 1.0
v1.value=scanner.nextInt(); ,EXPRESSION_STATEMENT, line no: 64,v2.value=scanner.nextInt(); ,EXPRESSION_STATEMENT, line no: 65, 0.034534309449839824, insert, 1.0, 1.5, 0.9642857142857143
v1.value=scanner.nextInt(); ,EXPRESSION_STATEMENT, line no: 64,v3.value=scanner.nextInt(); ,EXPRESSION_STATEMENT, line no: 66, 0.034534309449839824, insert, 1.0, 1.5, 0.9642857142857143
v1.value=scanner.nextInt(); ,EXPRESSION_STATEMENT, line no: 64,v4.value=scanner.nextInt(); ,EXPRESSION_STATEMENT, line no: 67, 0.034534309449839824, insert, 1.0, 1.5, 0.9642857142857143
v2.value=scanner.nextInt(); ,EXPRESSION_STATEMENT, line no: 65,v1.value=scanner.nextInt(); ,EXPRESSION_STATEMENT, line no: 64, 0.034534309449839824, insert, 1.0, 1.5, 0.9642857142857143
v2.value=scanner.nextInt(); ,EXPRESSION_STATEMENT, line no: 65,v3.value=scanner.nextInt(); ,EXPRESSION_STATEMENT, line no: 66, 0.034534309449839824, insert, 1.0, 1.5, 0.9642857142857143
v2.value=scanner.nextInt(); ,EXPRESSION_STATEMENT, line no: 65,v4.value=scanner.nextInt(); ,EXPRESSION_STATEMENT, line no: 67, 0.034534309449839824, insert, 1.0, 1.5, 0.9642857142857143
v3.value=scanner.nextInt(); ,EXPRESSION_STATEMENT, line no: 66,v1.value=scanner.nextInt(); ,EXPRESSION_STATEMENT, line no: 64, 0.034534309449839824, insert, 1.0, 1.5, 0.9642857142857143
v3.value=scanner.nextInt(); ,EXPRESSION_STATEMENT, line no: 66,v2.value=scanner.nextInt(); ,EXPRESSION_STATEMENT, line no: 65, 0.034534309449839824, insert, 1.0, 1.5, 0.9642857142857143
v3.value=scanner.nextInt(); ,EXPRESSION_STATEMENT, line no: 66,v4.value=scanner.nextInt(); ,EXPRESSION_STATEMENT, line no: 67, 0.034534309449839824, insert, 1.0, 1.5, 0.9642857142857143
v4.value=scanner.nextInt(); ,EXPRESSION_STATEMENT, line no: 67,v1.value=scanner.nextInt(); ,EXPRESSION_STATEMENT, line no: 64, 0.034534309449839824, insert, 1.0, 1.5, 0.9642857142857143
v4.value=scanner.nextInt(); ,EXPRESSION_STATEMENT, line no: 67,v2.value=scanner.nextInt(); ,EXPRESSION_STATEMENT, line no: 65, 0.034534309449839824, insert, 1.0, 1.5, 0.9642857142857143
v4.value=scanner.nextInt(); ,EXPRESSION_STATEMENT, line no: 67,v3.value=scanner.nextInt(); ,EXPRESSION_STATEMENT, line no: 66, 0.034534309449839824, insert, 1.0, 1.5, 0.9642857142857143
output+=(String.format("Please enter 4 numbers separated by spaces > ")); ,EXPRESSION_STATEMENT, line no: 62,v1.value=scanner.nextInt(); ,EXPRESSION_STATEMENT, line no: 64, 0.01812216672648924, insert, 1.0, 0.0, 0.1891891891891892
output+=(String.format("Please enter 4 numbers separated by spaces > ")); ,EXPRESSION_STATEMENT, line no: 62,v2.value=scanner.nextInt(); ,EXPRESSION_STATEMENT, line no: 65, 0.01812216672648924, insert, 1.0, 0.0, 0.1891891891891892
output+=(String.format("Please enter 4 numbers separated by spaces > ")); ,EXPRESSION_STATEMENT, line no: 62,v3.value=scanner.nextInt(); ,EXPRESSION_STATEMENT, line no: 66, 0.01812216672648924, insert, 1.0, 0.0, 0.1891891891891892
output+=(String.format("Please enter 4 numbers separated by spaces > ")); ,EXPRESSION_STATEMENT, line no: 62,v4.value=scanner.nextInt(); ,EXPRESSION_STATEMENT, line no: 67, 0.01812216672648924, insert, 1.0, 0.0, 0.1891891891891892
v1.value=scanner.nextInt(); ,EXPRESSION_STATEMENT, line no: 64,output+=(String.format("Please enter 4 numbers separated by spaces > ")); ,EXPRESSION_STATEMENT, line no: 62, 0.01812216672648924, insert, 1.0, 0.0, 0.1891891891891892
v2.value=scanner.nextInt(); ,EXPRESSION_STATEMENT, line no: 65,output+=(String.format("Please enter 4 numbers separated by spaces > ")); ,EXPRESSION_STATEMENT, line no: 62, 0.01812216672648924, insert, 1.0, 0.0, 0.1891891891891892
v3.value=scanner.nextInt(); ,EXPRESSION_STATEMENT, line no: 66,output+=(String.format("Please enter 4 numbers separated by spaces > ")); ,EXPRESSION_STATEMENT, line no: 62, 0.01812216672648924, insert, 1.0, 0.0, 0.1891891891891892
v4.value=scanner.nextInt(); ,EXPRESSION_STATEMENT, line no: 67,output+=(String.format("Please enter 4 numbers separated by spaces > ")); ,EXPRESSION_STATEMENT, line no: 62, 0.01812216672648924, insert, 1.0, 0.0, 0.1891891891891892
String,SIMPLE_NAME, line no: 77,String,SIMPLE_NAME, line no: 49, 0.01565, insert, 0.7222222222222222, 0.0, 1.0
format,SIMPLE_NAME, line no: 77,format,SIMPLE_NAME, line no: 63, 0.01565, insert, 1.0, 0.0, 1.0
v4,SIMPLE_NAME, line no: 77,v4,SIMPLE_NAME, line no: 60, 0.01565, insert, 1.0, 1.0, 1.0
value,SIMPLE_NAME, line no: 77,value,SIMPLE_NAME, line no: 7, 0.01565, insert, 0.3157894736842105, 1.0, 1.0
String,SIMPLE_NAME, line no: 63,String,SIMPLE_NAME, line no: 49, 0.013553297569226467, insert, 0.28651685393258425, 0.0, 1.0
format,SIMPLE_NAME, line no: 63,format,SIMPLE_NAME, line no: 63, 0.013553297569226467, insert, 1.0, 0.0, 1.0
scanner,SIMPLE_NAME, line no: 64,scanner,SIMPLE_NAME, line no: 51, 0.013553297569226467, insert, 0.0903954802259887, 1.0, 1.0
nextInt,SIMPLE_NAME, line no: 64,nextInt,SIMPLE_NAME, line no: 64, 0.013553297569226467, insert, 1.0, 0.0, 1.0
scanner,SIMPLE_NAME, line no: 65,scanner,SIMPLE_NAME, line no: 51, 0.013553297569226467, insert, 0.0903954802259887, 1.0, 1.0
nextInt,SIMPLE_NAME, line no: 65,nextInt,SIMPLE_NAME, line no: 64, 0.013553297569226467, insert, 1.0, 0.0, 1.0
scanner,SIMPLE_NAME, line no: 66,scanner,SIMPLE_NAME, line no: 51, 0.013553297569226467, insert, 0.0903954802259887, 1.0, 1.0
nextInt,SIMPLE_NAME, line no: 66,nextInt,SIMPLE_NAME, line no: 64, 0.013553297569226467, insert, 1.0, 0.0, 1.0
scanner,SIMPLE_NAME, line no: 67,scanner,SIMPLE_NAME, line no: 51, 0.013553297569226467, insert, 0.0903954802259887, 1.0, 1.0
nextInt,SIMPLE_NAME, line no: 67,nextInt,SIMPLE_NAME, line no: 64, 0.013553297569226467, insert, 1.0, 0.0, 1.0
output+=(String.format("Please enter 4 numbers separated by spaces > ")); ,EXPRESSION_STATEMENT, line no: 62,output+=(String.format("%d is the smallest\n" v3.value)); ,EXPRESSION_STATEMENT, line no: 75, 0.012295226850428113, insert, 0.08045977011494253, 1.0, 0.527027027027027
output+=(String.format("Please enter 4 numbers separated by spaces > ")); ,EXPRESSION_STATEMENT, line no: 62,output+=(String.format("%d is the smallest\n" v4.value)); ,EXPRESSION_STATEMENT, line no: 77, 0.012295226850428113, insert, 0.08045977011494253, 1.0, 0.527027027027027
output+=(String.format("Please enter 4 numbers separated by spaces > ")); ,EXPRESSION_STATEMENT, line no: 62,output+=(String.format("%d is the smallest\n" v2.value)); ,EXPRESSION_STATEMENT, line no: 72, 0.012214099183291985, insert, 0.07471264367816093, 1.0, 0.527027027027027
output+=(String.format("Please enter 4 numbers separated by spaces > ")); ,EXPRESSION_STATEMENT, line no: 62,output+=(String.format("%d is the smallest\n" v1.value)); ,EXPRESSION_STATEMENT, line no: 69, 0.012132971516155857, insert, 0.06896551724137931, 1.0, 0.527027027027027
v4.value,QUALIFIED_NAME, line no: 77,value,SIMPLE_NAME, line no: 7, 0.01212875, insert, 0.3333333333333333, 0.5, 0.625
v1.value=scanner.nextInt(); ,EXPRESSION_STATEMENT, line no: 64,mainClass.exec(); ,EXPRESSION_STATEMENT, line no: 55, 0.011699768567703096, insert, 0.29310344827586204, 0.0, 0.35714285714285715
v2.value=scanner.nextInt(); ,EXPRESSION_STATEMENT, line no: 65,mainClass.exec(); ,EXPRESSION_STATEMENT, line no: 55, 0.011699768567703096, insert, 0.29310344827586204, 0.0, 0.35714285714285715
v3.value=scanner.nextInt(); ,EXPRESSION_STATEMENT, line no: 66,mainClass.exec(); ,EXPRESSION_STATEMENT, line no: 55, 0.011699768567703096, insert, 0.29310344827586204, 0.0, 0.35714285714285715
v4.value=scanner.nextInt(); ,EXPRESSION_STATEMENT, line no: 67,mainClass.exec(); ,EXPRESSION_STATEMENT, line no: 55, 0.011699768567703096, insert, 0.29310344827586204, 0.0, 0.35714285714285715
v4,SIMPLE_NAME, line no: 77,v1,SIMPLE_NAME, line no: 60, 0.010955, insert, 1.0, 0.0, 0.5
v4,SIMPLE_NAME, line no: 77,v2,SIMPLE_NAME, line no: 60, 0.010955, insert, 1.0, 0.0, 0.5
v4,SIMPLE_NAME, line no: 77,v3,SIMPLE_NAME, line no: 60, 0.010955, insert, 1.0, 0.0, 0.5
v1.value=scanner.nextInt(); ,EXPRESSION_STATEMENT, line no: 64,System.out.println(mainClass.output); ,EXPRESSION_STATEMENT, line no: 56, 0.009709700793029269, insert, 0.29310344827586204, 0.0, 0.2631578947368421
v2.value=scanner.nextInt(); ,EXPRESSION_STATEMENT, line no: 65,System.out.println(mainClass.output); ,EXPRESSION_STATEMENT, line no: 56, 0.009709700793029269, insert, 0.29310344827586204, 0.0, 0.2631578947368421
v3.value=scanner.nextInt(); ,EXPRESSION_STATEMENT, line no: 66,System.out.println(mainClass.output); ,EXPRESSION_STATEMENT, line no: 56, 0.009709700793029269, insert, 0.29310344827586204, 0.0, 0.2631578947368421
v4.value=scanner.nextInt(); ,EXPRESSION_STATEMENT, line no: 67,System.out.println(mainClass.output); ,EXPRESSION_STATEMENT, line no: 56, 0.009709700793029269, insert, 0.29310344827586204, 0.0, 0.2631578947368421
format,SIMPLE_NAME, line no: 77,output,SIMPLE_NAME, line no: 49, 0.00939, insert, 0.7222222222222222, 0.0, 0.3333333333333333
output+=(String.format("Please enter 4 numbers separated by spaces > ")); ,EXPRESSION_STATEMENT, line no: 62,System.out.println(mainClass.output); ,EXPRESSION_STATEMENT, line no: 56, 0.009288021567260545, insert, 0.29310344827586204, 1.0, 0.24324324324324326
String,SIMPLE_NAME, line no: 77,nextInt,SIMPLE_NAME, line no: 64, 0.008942857142857143, insert, 1.0, 0.0, 0.2857142857142857
value,SIMPLE_NAME, line no: 77,scanner,SIMPLE_NAME, line no: 51, 0.008942857142857143, insert, 0.631578947368421, 0.0, 0.2857142857142857
nextInt,SIMPLE_NAME, line no: 64,IntObj,SIMPLE_NAME, line no: 60, 0.008814565925167625, insert, 0.9830508474576272, 0.0, 0.42857142857142855
nextInt,SIMPLE_NAME, line no: 65,IntObj,SIMPLE_NAME, line no: 60, 0.008814565925167625, insert, 0.9830508474576272, 0.0, 0.42857142857142855
nextInt,SIMPLE_NAME, line no: 66,IntObj,SIMPLE_NAME, line no: 60, 0.008814565925167625, insert, 0.9830508474576272, 0.0, 0.42857142857142855
nextInt,SIMPLE_NAME, line no: 67,IntObj,SIMPLE_NAME, line no: 60, 0.008814565925167625, insert, 0.9830508474576272, 0.0, 0.42857142857142855
v4.value,QUALIFIED_NAME, line no: 77,scanner,SIMPLE_NAME, line no: 51, 0.0086075, insert, 0.6111111111111112, 0.0, 0.25
v4.value,QUALIFIED_NAME, line no: 77,v4,SIMPLE_NAME, line no: 60, 0.0086075, insert, 1.0, 0.5, 0.25
String,SIMPLE_NAME, line no: 77,println,SIMPLE_NAME, line no: 56, 0.008545396825396828, insert, 0.7222222222222222, 0.0, 0.42857142857142855
v1.value=scanner.nextInt(); ,EXPRESSION_STATEMENT, line no: 64,mainClass.scanner=new java.util.Scanner(args[0]); ,EXPRESSION_STATEMENT, line no: 51, 0.00825392885442971, insert, 0.07471264367816093, 0.5, 0.34
v2.value=scanner.nextInt(); ,EXPRESSION_STATEMENT, line no: 65,mainClass.scanner=new java.util.Scanner(args[0]); ,EXPRESSION_STATEMENT, line no: 51, 0.00825392885442971, insert, 0.07471264367816093, 0.5, 0.34
v3.value=scanner.nextInt(); ,EXPRESSION_STATEMENT, line no: 66,mainClass.scanner=new java.util.Scanner(args[0]); ,EXPRESSION_STATEMENT, line no: 51, 0.00825392885442971, insert, 0.07471264367816093, 0.5, 0.34
v4.value=scanner.nextInt(); ,EXPRESSION_STATEMENT, line no: 67,mainClass.scanner=new java.util.Scanner(args[0]); ,EXPRESSION_STATEMENT, line no: 51, 0.00825392885442971, insert, 0.07471264367816093, 0.5, 0.34
v1.value=scanner.nextInt(); ,EXPRESSION_STATEMENT, line no: 64,mainClass.scanner=new java.util.Scanner(System.in); ,EXPRESSION_STATEMENT, line no: 53, 0.008139289220176581, insert, 0.08620689655172414, 0.5, 0.3269230769230769
v2.value=scanner.nextInt(); ,EXPRESSION_STATEMENT, line no: 65,mainClass.scanner=new java.util.Scanner(System.in); ,EXPRESSION_STATEMENT, line no: 53, 0.008139289220176581, insert, 0.08620689655172414, 0.5, 0.3269230769230769
v3.value=scanner.nextInt(); ,EXPRESSION_STATEMENT, line no: 66,mainClass.scanner=new java.util.Scanner(System.in); ,EXPRESSION_STATEMENT, line no: 53, 0.008139289220176581, insert, 0.08620689655172414, 0.5, 0.3269230769230769
v4.value=scanner.nextInt(); ,EXPRESSION_STATEMENT, line no: 67,mainClass.scanner=new java.util.Scanner(System.in); ,EXPRESSION_STATEMENT, line no: 53, 0.008139289220176581, insert, 0.08620689655172414, 0.5, 0.3269230769230769
v4,SIMPLE_NAME, line no: 77,value,SIMPLE_NAME, line no: 7, 0.008138000000000001, insert, 0.3157894736842105, 0.0, 0.2
value,SIMPLE_NAME, line no: 77,v1,SIMPLE_NAME, line no: 60, 0.008138000000000001, insert, 1.0, 0.0, 0.2
value,SIMPLE_NAME, line no: 77,v2,SIMPLE_NAME, line no: 60, 0.008138000000000001, insert, 1.0, 0.0, 0.2
value,SIMPLE_NAME, line no: 77,v3,SIMPLE_NAME, line no: 60, 0.008138000000000001, insert, 1.0, 0.0, 0.2
value,SIMPLE_NAME, line no: 77,v4,SIMPLE_NAME, line no: 60, 0.008138000000000001, insert, 1.0, 0.0, 0.2
value,SIMPLE_NAME, line no: 77,length,SIMPLE_NAME, line no: 50, 0.008072105263157896, insert, 0.7894736842105263, 0.0, 0.3333333333333333
format,SIMPLE_NAME, line no: 63,output,SIMPLE_NAME, line no: 49, 0.008071064844595537, insert, 0.28651685393258425, 0.0, 0.3333333333333333
String,SIMPLE_NAME, line no: 77,args,SIMPLE_NAME, line no: 50, 0.007998888888888889, insert, 0.7777777777777778, 0.0, 0.3333333333333333
String,SIMPLE_NAME, line no: 77,length,SIMPLE_NAME, line no: 50, 0.007998888888888889, insert, 0.7777777777777778, 0.0, 0.3333333333333333
"%d is the smallest\n",STRING_LITERAL, line no: 77,smallest_f8d57dea_000,SIMPLE_NAME, line no: 48, 0.007935656565656566, insert, 0.7222222222222222, 0.0, 0.36363636363636365
String,SIMPLE_NAME, line no: 77,output,SIMPLE_NAME, line no: 49, 0.007825, insert, 0.7222222222222222, 0.0, 0.16666666666666666
String,SIMPLE_NAME, line no: 77,IntObj,SIMPLE_NAME, line no: 60, 0.007825, insert, 1.0, 0.0, 0.16666666666666666
String,SIMPLE_NAME, line no: 77,format,SIMPLE_NAME, line no: 63, 0.007825, insert, 1.0, 0.0, 0.16666666666666666
format,SIMPLE_NAME, line no: 77,value,SIMPLE_NAME, line no: 7, 0.007825, insert, 0.3333333333333333, 0.0, 0.16666666666666666
format,SIMPLE_NAME, line no: 77,String,SIMPLE_NAME, line no: 49, 0.007825, insert, 0.7222222222222222, 0.0, 0.16666666666666666
format,SIMPLE_NAME, line no: 77,IntObj,SIMPLE_NAME, line no: 60, 0.007825, insert, 1.0, 0.0, 0.16666666666666666
value,SIMPLE_NAME, line no: 77,output,SIMPLE_NAME, line no: 49, 0.007825, insert, 0.7368421052631579, 0.0, 0.16666666666666666
value,SIMPLE_NAME, line no: 77,format,SIMPLE_NAME, line no: 63, 0.007825, insert, 1.0, 0.0, 0.16666666666666666
scanner,SIMPLE_NAME, line no: 64,nextInt,SIMPLE_NAME, line no: 64, 0.00774474146812941, insert, 1.0, 0.0, 0.2857142857142857
nextInt,SIMPLE_NAME, line no: 64,String,SIMPLE_NAME, line no: 49, 0.00774474146812941, insert, 0.288135593220339, 0.0, 0.2857142857142857
nextInt,SIMPLE_NAME, line no: 64,scanner,SIMPLE_NAME, line no: 51, 0.00774474146812941, insert, 0.0903954802259887, 0.0, 0.2857142857142857
scanner,SIMPLE_NAME, line no: 65,nextInt,SIMPLE_NAME, line no: 64, 0.00774474146812941, insert, 1.0, 0.0, 0.2857142857142857
nextInt,SIMPLE_NAME, line no: 65,String,SIMPLE_NAME, line no: 49, 0.00774474146812941, insert, 0.288135593220339, 0.0, 0.2857142857142857
nextInt,SIMPLE_NAME, line no: 65,scanner,SIMPLE_NAME, line no: 51, 0.00774474146812941, insert, 0.0903954802259887, 0.0, 0.2857142857142857
scanner,SIMPLE_NAME, line no: 66,nextInt,SIMPLE_NAME, line no: 64, 0.00774474146812941, insert, 1.0, 0.0, 0.2857142857142857
nextInt,SIMPLE_NAME, line no: 66,String,SIMPLE_NAME, line no: 49, 0.00774474146812941, insert, 0.288135593220339, 0.0, 0.2857142857142857
nextInt,SIMPLE_NAME, line no: 66,scanner,SIMPLE_NAME, line no: 51, 0.00774474146812941, insert, 0.0903954802259887, 0.0, 0.2857142857142857
scanner,SIMPLE_NAME, line no: 67,nextInt,SIMPLE_NAME, line no: 64, 0.00774474146812941, insert, 1.0, 0.0, 0.2857142857142857
nextInt,SIMPLE_NAME, line no: 67,String,SIMPLE_NAME, line no: 49, 0.00774474146812941, insert, 0.288135593220339, 0.0, 0.2857142857142857
nextInt,SIMPLE_NAME, line no: 67,scanner,SIMPLE_NAME, line no: 51, 0.00774474146812941, insert, 0.0903954802259887, 0.0, 0.2857142857142857
String,SIMPLE_NAME, line no: 63,nextInt,SIMPLE_NAME, line no: 64, 0.007714284619659238, insert, 0.9943820224719101, 0.0, 0.2857142857142857
scanner,SIMPLE_NAME, line no: 64,value,SIMPLE_NAME, line no: 7, 0.00771411254706901, insert, 0.03389830508474576, 0.0, 0.2857142857142857
nextInt,SIMPLE_NAME, line no: 64,output,SIMPLE_NAME, line no: 49, 0.00771411254706901, insert, 0.288135593220339, 0.0, 0.2857142857142857
scanner,SIMPLE_NAME, line no: 65,value,SIMPLE_NAME, line no: 7, 0.00771411254706901, insert, 0.03389830508474576, 0.0, 0.2857142857142857
nextInt,SIMPLE_NAME, line no: 65,output,SIMPLE_NAME, line no: 49, 0.00771411254706901, insert, 0.288135593220339, 0.0, 0.2857142857142857
scanner,SIMPLE_NAME, line no: 66,value,SIMPLE_NAME, line no: 7, 0.00771411254706901, insert, 0.03389830508474576, 0.0, 0.2857142857142857
nextInt,SIMPLE_NAME, line no: 66,output,SIMPLE_NAME, line no: 49, 0.00771411254706901, insert, 0.288135593220339, 0.0, 0.2857142857142857
scanner,SIMPLE_NAME, line no: 67,value,SIMPLE_NAME, line no: 7, 0.00771411254706901, insert, 0.03389830508474576, 0.0, 0.2857142857142857
nextInt,SIMPLE_NAME, line no: 67,output,SIMPLE_NAME, line no: 49, 0.00771411254706901, insert, 0.288135593220339, 0.0, 0.2857142857142857
value,SIMPLE_NAME, line no: 77,java,SIMPLE_NAME, line no: 44, 0.0077096842105263165, insert, 0.10526315789473684, 0.0, 0.4
String,SIMPLE_NAME, line no: 77,System,SIMPLE_NAME, line no: 53, 0.007651111111111112, insert, 0.6111111111111112, 0.0, 0.3333333333333333
format,SIMPLE_NAME, line no: 77,out,SIMPLE_NAME, line no: 56, 0.007651111111111112, insert, 0.7222222222222222, 0.0, 0.3333333333333333
String,SIMPLE_NAME, line no: 77,scanner,SIMPLE_NAME, line no: 51, 0.0076014285714285715, insert, 0.6111111111111112, 0.0, 0.14285714285714285
format,SIMPLE_NAME, line no: 77,scanner,SIMPLE_NAME, line no: 51, 0.0076014285714285715, insert, 0.6111111111111112, 0.0, 0.14285714285714285
format,SIMPLE_NAME, line no: 77,nextInt,SIMPLE_NAME, line no: 64, 0.0076014285714285715, insert, 1.0, 0.0, 0.14285714285714285
value,SIMPLE_NAME, line no: 77,nextInt,SIMPLE_NAME, line no: 64, 0.0076014285714285715, insert, 1.0, 0.0, 0.14285714285714285
output+=(String.format("Please enter 4 numbers separated by spaces > ")); ,EXPRESSION_STATEMENT, line no: 62,mainClass.exec(); ,EXPRESSION_STATEMENT, line no: 55, 0.007571184719487881, insert, 0.29310344827586204, 0.0, 0.16216216216216217
scanner,SIMPLE_NAME, line no: 64,Scanner,SIMPLE_NAME, line no: 44, 0.007552216821464046, insert, 0.005649717514124294, 0.0, 0.8571428571428571
scanner,SIMPLE_NAME, line no: 65,Scanner,SIMPLE_NAME, line no: 44, 0.007552216821464046, insert, 0.005649717514124294, 0.0, 0.8571428571428571
scanner,SIMPLE_NAME, line no: 66,Scanner,SIMPLE_NAME, line no: 44, 0.007552216821464046, insert, 0.005649717514124294, 0.0, 0.8571428571428571
scanner,SIMPLE_NAME, line no: 67,Scanner,SIMPLE_NAME, line no: 44, 0.007552216821464046, insert, 0.005649717514124294, 0.0, 0.8571428571428571
"%d is the smallest\n",STRING_LITERAL, line no: 77,value,SIMPLE_NAME, line no: 7, 0.0075404545454545455, insert, 0.3333333333333333, 0.0, 0.13636363636363635
"%d is the smallest\n",STRING_LITERAL, line no: 77,scanner,SIMPLE_NAME, line no: 51, 0.0075404545454545455, insert, 0.6111111111111112, 0.0, 0.13636363636363635
"%d is the smallest\n",STRING_LITERAL, line no: 77,format,SIMPLE_NAME, line no: 63, 0.0075404545454545455, insert, 1.0, 0.0, 0.13636363636363635
"%d is the smallest\n",STRING_LITERAL, line no: 77,nextInt,SIMPLE_NAME, line no: 64, 0.0075404545454545455, insert, 1.0, 0.0, 0.13636363636363635
v4.value,QUALIFIED_NAME, line no: 77,output,SIMPLE_NAME, line no: 49, 0.007433750000000001, insert, 0.7222222222222222, 0.0, 0.125
v4.value,QUALIFIED_NAME, line no: 77,v1,SIMPLE_NAME, line no: 60, 0.007433750000000001, insert, 1.0, 0.0, 0.125
v4.value,QUALIFIED_NAME, line no: 77,v2,SIMPLE_NAME, line no: 60, 0.007433750000000001, insert, 1.0, 0.0, 0.125
v4.value,QUALIFIED_NAME, line no: 77,v3,SIMPLE_NAME, line no: 60, 0.007433750000000001, insert, 1.0, 0.0, 0.125
v4.value,QUALIFIED_NAME, line no: 77,format,SIMPLE_NAME, line no: 63, 0.007433750000000001, insert, 1.0, 0.0, 0.125
v4.value,QUALIFIED_NAME, line no: 77,nextInt,SIMPLE_NAME, line no: 64, 0.007433750000000001, insert, 1.0, 0.0, 0.125
output+=(String.format("Please enter 4 numbers separated by spaces > ")); ,EXPRESSION_STATEMENT, line no: 62,mainClass.scanner=new java.util.Scanner(System.in); ,EXPRESSION_STATEMENT, line no: 53, 0.007225843974246252, insert, 0.08620689655172414, 0.0, 0.28378378378378377
v4.value,QUALIFIED_NAME, line no: 77,length,SIMPLE_NAME, line no: 50, 0.007216388888888889, insert, 0.7777777777777778, 0.0, 0.25
format,SIMPLE_NAME, line no: 77,println,SIMPLE_NAME, line no: 56, 0.007203968253968255, insert, 0.7222222222222222, 0.0, 0.2857142857142857
"%d is the smallest\n",STRING_LITERAL, line no: 77,String,SIMPLE_NAME, line no: 49, 0.0071136363636363645, insert, 0.7222222222222222, 0.0, 0.09090909090909091
"%d is the smallest\n",STRING_LITERAL, line no: 77,output,SIMPLE_NAME, line no: 49, 0.0071136363636363645, insert, 0.7222222222222222, 0.0, 0.09090909090909091
String,SIMPLE_NAME, line no: 77,util,SIMPLE_NAME, line no: 44, 0.006955555555555555, insert, 0.05555555555555555, 0.0, 0.3333333333333333
String,SIMPLE_NAME, line no: 77,in,SIMPLE_NAME, line no: 53, 0.006955555555555555, insert, 0.6111111111111112, 0.0, 0.3333333333333333
value,SIMPLE_NAME, line no: 77,args,SIMPLE_NAME, line no: 50, 0.0068201052631578956, insert, 0.7894736842105263, 0.0, 0.2
output+=(String.format("Please enter 4 numbers separated by spaces > ")); ,EXPRESSION_STATEMENT, line no: 62,mainClass.scanner=new java.util.Scanner(args[0]); ,EXPRESSION_STATEMENT, line no: 51, 0.006777449165345219, insert, 0.07471264367816093, 0.0, 0.2702702702702703
String,SIMPLE_NAME, line no: 63,format,SIMPLE_NAME, line no: 63, 0.0067766487846132335, insert, 1.0, 0.0, 0.16666666666666666
format,SIMPLE_NAME, line no: 63,String,SIMPLE_NAME, line no: 49, 0.0067766487846132335, insert, 0.28651685393258425, 0.0, 0.16666666666666666
String,SIMPLE_NAME, line no: 63,output,SIMPLE_NAME, line no: 49, 0.006715735087672889, insert, 0.28651685393258425, 0.0, 0.16666666666666666
format,SIMPLE_NAME, line no: 63,value,SIMPLE_NAME, line no: 7, 0.006715735087672889, insert, 0.033707865168539325, 0.0, 0.16666666666666666
value,SIMPLE_NAME, line no: 77,mainClass,SIMPLE_NAME, line no: 48, 0.006699298245614035, insert, 0.7368421052631579, 0.0, 0.2222222222222222
"%d is the smallest\n",STRING_LITERAL, line no: 77,IntObj,SIMPLE_NAME, line no: 60, 0.006686818181818183, insert, 1.0, 0.0, 0.045454545454545456
String,SIMPLE_NAME, line no: 63,IntObj,SIMPLE_NAME, line no: 60, 0.006654821390732545, insert, 0.9775280898876404, 0.0, 0.16666666666666666
format,SIMPLE_NAME, line no: 63,IntObj,SIMPLE_NAME, line no: 60, 0.006654821390732545, insert, 0.9775280898876404, 0.0, 0.16666666666666666
value,SIMPLE_NAME, line no: 77,Scanner,SIMPLE_NAME, line no: 44, 0.006636541353383458, insert, 0.05263157894736842, 0.0, 0.2857142857142857
String,SIMPLE_NAME, line no: 77,mainClass,SIMPLE_NAME, line no: 48, 0.006607777777777779, insert, 0.7222222222222222, 0.0, 0.2222222222222222
format,SIMPLE_NAME, line no: 77,mainClass,SIMPLE_NAME, line no: 48, 0.006607777777777779, insert, 0.7222222222222222, 0.0, 0.2222222222222222
v4.value,QUALIFIED_NAME, line no: 77,mainClass,SIMPLE_NAME, line no: 48, 0.006607777777777779, insert, 0.7222222222222222, 0.0, 0.2222222222222222
scanner,SIMPLE_NAME, line no: 64,String,SIMPLE_NAME, line no: 49, 0.006583030247909998, insert, 0.288135593220339, 0.0, 0.14285714285714285
scanner,SIMPLE_NAME, line no: 64,format,SIMPLE_NAME, line no: 63, 0.006583030247909998, insert, 1.0, 0.0, 0.14285714285714285
nextInt,SIMPLE_NAME, line no: 64,format,SIMPLE_NAME, line no: 63, 0.006583030247909998, insert, 1.0, 0.0, 0.14285714285714285
scanner,SIMPLE_NAME, line no: 65,String,SIMPLE_NAME, line no: 49, 0.006583030247909998, insert, 0.288135593220339, 0.0, 0.14285714285714285
scanner,SIMPLE_NAME, line no: 65,format,SIMPLE_NAME, line no: 63, 0.006583030247909998, insert, 1.0, 0.0, 0.14285714285714285
nextInt,SIMPLE_NAME, line no: 65,format,SIMPLE_NAME, line no: 63, 0.006583030247909998, insert, 1.0, 0.0, 0.14285714285714285
scanner,SIMPLE_NAME, line no: 66,String,SIMPLE_NAME, line no: 49, 0.006583030247909998, insert, 0.288135593220339, 0.0, 0.14285714285714285
scanner,SIMPLE_NAME, line no: 66,format,SIMPLE_NAME, line no: 63, 0.006583030247909998, insert, 1.0, 0.0, 0.14285714285714285
nextInt,SIMPLE_NAME, line no: 66,format,SIMPLE_NAME, line no: 63, 0.006583030247909998, insert, 1.0, 0.0, 0.14285714285714285
scanner,SIMPLE_NAME, line no: 67,String,SIMPLE_NAME, line no: 49, 0.006583030247909998, insert, 0.288135593220339, 0.0, 0.14285714285714285
scanner,SIMPLE_NAME, line no: 67,format,SIMPLE_NAME, line no: 63, 0.006583030247909998, insert, 1.0, 0.0, 0.14285714285714285
nextInt,SIMPLE_NAME, line no: 67,format,SIMPLE_NAME, line no: 63, 0.006583030247909998, insert, 1.0, 0.0, 0.14285714285714285
String,SIMPLE_NAME, line no: 63,scanner,SIMPLE_NAME, line no: 51, 0.006552573399439827, insert, 0.0898876404494382, 0.0, 0.14285714285714285
format,SIMPLE_NAME, line no: 63,scanner,SIMPLE_NAME, line no: 51, 0.006552573399439827, insert, 0.0898876404494382, 0.0, 0.14285714285714285
format,SIMPLE_NAME, line no: 63,nextInt,SIMPLE_NAME, line no: 64, 0.006552573399439827, insert, 0.9943820224719101, 0.0, 0.14285714285714285
nextInt,SIMPLE_NAME, line no: 64,value,SIMPLE_NAME, line no: 7, 0.0065524013268496, insert, 0.03389830508474576, 0.0, 0.14285714285714285
nextInt,SIMPLE_NAME, line no: 65,value,SIMPLE_NAME, line no: 7, 0.0065524013268496, insert, 0.03389830508474576, 0.0, 0.14285714285714285
nextInt,SIMPLE_NAME, line no: 66,value,SIMPLE_NAME, line no: 7, 0.0065524013268496, insert, 0.03389830508474576, 0.0, 0.14285714285714285
nextInt,SIMPLE_NAME, line no: 67,value,SIMPLE_NAME, line no: 7, 0.0065524013268496, insert, 0.03389830508474576, 0.0, 0.14285714285714285
String,SIMPLE_NAME, line no: 77,Scanner,SIMPLE_NAME, line no: 44, 0.006508412698412698, insert, 0.05555555555555555, 0.0, 0.2857142857142857
scanner,SIMPLE_NAME, line no: 64,IntObj,SIMPLE_NAME, line no: 60, 0.006491143484728802, insert, 0.9830508474576272, 0.0, 0.14285714285714285
scanner,SIMPLE_NAME, line no: 65,IntObj,SIMPLE_NAME, line no: 60, 0.006491143484728802, insert, 0.9830508474576272, 0.0, 0.14285714285714285
scanner,SIMPLE_NAME, line no: 66,IntObj,SIMPLE_NAME, line no: 60, 0.006491143484728802, insert, 0.9830508474576272, 0.0, 0.14285714285714285
scanner,SIMPLE_NAME, line no: 67,IntObj,SIMPLE_NAME, line no: 60, 0.006491143484728802, insert, 0.9830508474576272, 0.0, 0.14285714285714285
value,SIMPLE_NAME, line no: 77,exec,SIMPLE_NAME, line no: 55, 0.0064906315789473685, insert, 0.7368421052631579, 0.0, 0.2
value,SIMPLE_NAME, line no: 77,out,SIMPLE_NAME, line no: 56, 0.0064906315789473685, insert, 0.7368421052631579, 0.0, 0.2
format,SIMPLE_NAME, line no: 77,args,SIMPLE_NAME, line no: 50, 0.006433888888888889, insert, 0.7777777777777778, 0.0, 0.16666666666666666
format,SIMPLE_NAME, line no: 77,length,SIMPLE_NAME, line no: 50, 0.006433888888888889, insert, 0.7777777777777778, 0.0, 0.16666666666666666
v1.value=scanner.nextInt(); ,EXPRESSION_STATEMENT, line no: 64,value=i; ,EXPRESSION_STATEMENT, line no: 7, 0.006374316703552949, insert, 0.022988505747126436, 0.3333333333333333, 0.2857142857142857
v2.value=scanner.nextInt(); ,EXPRESSION_STATEMENT, line no: 65,value=i; ,EXPRESSION_STATEMENT, line no: 7, 0.006374316703552949, insert, 0.022988505747126436, 0.3333333333333333, 0.2857142857142857
v3.value=scanner.nextInt(); ,EXPRESSION_STATEMENT, line no: 66,value=i; ,EXPRESSION_STATEMENT, line no: 7, 0.006374316703552949, insert, 0.022988505747126436, 0.3333333333333333, 0.2857142857142857
v4.value=scanner.nextInt(); ,EXPRESSION_STATEMENT, line no: 67,value=i; ,EXPRESSION_STATEMENT, line no: 7, 0.006374316703552949, insert, 0.022988505747126436, 0.3333333333333333, 0.2857142857142857
v4,SIMPLE_NAME, line no: 77,java,SIMPLE_NAME, line no: 44, 0.0063011842105263165, insert, 0.10526315789473684, 0.0, 0.25
"Please enter 4 numbers separated by spaces > ",STRING_LITERAL, line no: 63,scanner,SIMPLE_NAME, line no: 51, 0.006255966279383807, insert, 0.0898876404494382, 0.0, 0.10638297872340426
"%d is the smallest\n",STRING_LITERAL, line no: 77,mainClass,SIMPLE_NAME, line no: 48, 0.006228383838383839, insert, 0.7222222222222222, 0.0, 0.18181818181818182
"%d is the smallest\n",STRING_LITERAL, line no: 77,System,SIMPLE_NAME, line no: 53, 0.006228383838383839, insert, 0.6111111111111112, 0.0, 0.18181818181818182
"%d is the smallest\n",STRING_LITERAL, line no: 77,println,SIMPLE_NAME, line no: 56, 0.006228383838383839, insert, 0.7222222222222222, 0.0, 0.18181818181818182
value,SIMPLE_NAME, line no: 77,System,SIMPLE_NAME, line no: 53, 0.006177631578947368, insert, 0.631578947368421, 0.0, 0.16666666666666666
v4.value,QUALIFIED_NAME, line no: 77,java,SIMPLE_NAME, line no: 44, 0.006173055555555557, insert, 0.05555555555555555, 0.0, 0.25
v4.value,QUALIFIED_NAME, line no: 77,Scanner,SIMPLE_NAME, line no: 44, 0.006173055555555557, insert, 0.05555555555555555, 0.0, 0.25
"%d is the smallest\n",STRING_LITERAL, line no: 77,length,SIMPLE_NAME, line no: 50, 0.006149343434343434, insert, 0.7777777777777778, 0.0, 0.13636363636363635
"Please enter 4 numbers separated by spaces > ",STRING_LITERAL, line no: 63,format,SIMPLE_NAME, line no: 63, 0.0061134023078213, insert, 1.0, 0.0, 0.0851063829787234
String,SIMPLE_NAME, line no: 77,out,SIMPLE_NAME, line no: 56, 0.006086111111111112, insert, 0.7222222222222222, 0.0, 0.16666666666666666
format,SIMPLE_NAME, line no: 77,System,SIMPLE_NAME, line no: 53, 0.006086111111111112, insert, 0.6111111111111112, 0.0, 0.16666666666666666
"Please enter 4 numbers separated by spaces > ",STRING_LITERAL, line no: 63,nextInt,SIMPLE_NAME, line no: 64, 0.0060829454593511285, insert, 0.9943820224719101, 0.0, 0.0851063829787234
v4.value,QUALIFIED_NAME, line no: 77,args,SIMPLE_NAME, line no: 50, 0.006042638888888889, insert, 0.7777777777777778, 0.0, 0.125
value,SIMPLE_NAME, line no: 77,smallest_f8d57dea_000,SIMPLE_NAME, line no: 48, 0.005954060150375939, insert, 0.7368421052631579, 0.0, 0.14285714285714285
value,SIMPLE_NAME, line no: 77,println,SIMPLE_NAME, line no: 56, 0.005954060150375939, insert, 0.7368421052631579, 0.0, 0.14285714285714285
"Please enter 4 numbers separated by spaces > ",STRING_LITERAL, line no: 63,String,SIMPLE_NAME, line no: 49, 0.005940381487788622, insert, 0.28651685393258425, 0.0, 0.06382978723404255
"Please enter 4 numbers separated by spaces > ",STRING_LITERAL, line no: 63,value,SIMPLE_NAME, line no: 7, 0.005879467790848278, insert, 0.033707865168539325, 0.0, 0.06382978723404255
"Please enter 4 numbers separated by spaces > ",STRING_LITERAL, line no: 63,output,SIMPLE_NAME, line no: 49, 0.005879467790848278, insert, 0.28651685393258425, 0.0, 0.06382978723404255
format,SIMPLE_NAME, line no: 77,smallest_f8d57dea_000,SIMPLE_NAME, line no: 48, 0.005862539682539683, insert, 0.7222222222222222, 0.0, 0.14285714285714285
v4.value,QUALIFIED_NAME, line no: 77,smallest_f8d57dea_000,SIMPLE_NAME, line no: 48, 0.005862539682539683, insert, 0.7222222222222222, 0.0, 0.14285714285714285
value,SIMPLE_NAME, line no: 77,util,SIMPLE_NAME, line no: 44, 0.005831684210526316, insert, 0.10526315789473684, 0.0, 0.2
"Please enter 4 numbers separated by spaces > ",STRING_LITERAL, line no: 63,IntObj,SIMPLE_NAME, line no: 60, 0.005818554093907934, insert, 0.9775280898876404, 0.0, 0.06382978723404255
"%d is the smallest\n",STRING_LITERAL, line no: 77,args,SIMPLE_NAME, line no: 50, 0.005722525252525253, insert, 0.7777777777777778, 0.0, 0.09090909090909091
v4.value,QUALIFIED_NAME, line no: 77,System,SIMPLE_NAME, line no: 53, 0.005694861111111112, insert, 0.6111111111111112, 0.0, 0.125
v4.value,QUALIFIED_NAME, line no: 77,exec,SIMPLE_NAME, line no: 55, 0.005694861111111112, insert, 0.7222222222222222, 0.0, 0.125
v4.value,QUALIFIED_NAME, line no: 77,out,SIMPLE_NAME, line no: 56, 0.005694861111111112, insert, 0.7222222222222222, 0.0, 0.125
v4.value,QUALIFIED_NAME, line no: 77,println,SIMPLE_NAME, line no: 56, 0.005694861111111112, insert, 0.7222222222222222, 0.0, 0.125
"Please enter 4 numbers separated by spaces > ",STRING_LITERAL, line no: 63,v4,SIMPLE_NAME, line no: 60, 0.005533426150782922, insert, 0.9775280898876404, 0.0, 0.02127659574468085
format,SIMPLE_NAME, line no: 77,java,SIMPLE_NAME, line no: 44, 0.0053905555555555556, insert, 0.05555555555555555, 0.0, 0.16666666666666666
format,SIMPLE_NAME, line no: 77,util,SIMPLE_NAME, line no: 44, 0.0053905555555555556, insert, 0.05555555555555555, 0.0, 0.16666666666666666
"%d is the smallest\n",STRING_LITERAL, line no: 77,exec,SIMPLE_NAME, line no: 55, 0.005374747474747476, insert, 0.7222222222222222, 0.0, 0.09090909090909091
format,SIMPLE_NAME, line no: 77,Scanner,SIMPLE_NAME, line no: 44, 0.0051669841269841275, insert, 0.05555555555555555, 0.0, 0.14285714285714285
v1.value=scanner.nextInt(); ,EXPRESSION_STATEMENT, line no: 64,output+=(String.format("%d is the smallest\n" v3.value)); ,EXPRESSION_STATEMENT, line no: 75, 0.005151606863144156, insert, 0.08045977011494253, 0.6000000000000001, 0.1896551724137931
v1.value=scanner.nextInt(); ,EXPRESSION_STATEMENT, line no: 64,output+=(String.format("%d is the smallest\n" v4.value)); ,EXPRESSION_STATEMENT, line no: 77, 0.005151606863144156, insert, 0.08045977011494253, 0.6000000000000001, 0.1896551724137931
v2.value=scanner.nextInt(); ,EXPRESSION_STATEMENT, line no: 65,output+=(String.format("%d is the smallest\n" v3.value)); ,EXPRESSION_STATEMENT, line no: 75, 0.005151606863144156, insert, 0.08045977011494253, 0.6000000000000001, 0.1896551724137931
v2.value=scanner.nextInt(); ,EXPRESSION_STATEMENT, line no: 65,output+=(String.format("%d is the smallest\n" v4.value)); ,EXPRESSION_STATEMENT, line no: 77, 0.005151606863144156, insert, 0.08045977011494253, 0.6000000000000001, 0.1896551724137931
v3.value=scanner.nextInt(); ,EXPRESSION_STATEMENT, line no: 66,output+=(String.format("%d is the smallest\n" v3.value)); ,EXPRESSION_STATEMENT, line no: 75, 0.005151606863144156, insert, 0.08045977011494253, 1.5, 0.1896551724137931
v3.value=scanner.nextInt(); ,EXPRESSION_STATEMENT, line no: 66,output+=(String.format("%d is the smallest\n" v4.value)); ,EXPRESSION_STATEMENT, line no: 77, 0.005151606863144156, insert, 0.08045977011494253, 0.6000000000000001, 0.1896551724137931
v4.value=scanner.nextInt(); ,EXPRESSION_STATEMENT, line no: 67,output+=(String.format("%d is the smallest\n" v3.value)); ,EXPRESSION_STATEMENT, line no: 75, 0.005151606863144156, insert, 0.08045977011494253, 0.6000000000000001, 0.1896551724137931
v4.value=scanner.nextInt(); ,EXPRESSION_STATEMENT, line no: 67,output+=(String.format("%d is the smallest\n" v4.value)); ,EXPRESSION_STATEMENT, line no: 77, 0.005151606863144156, insert, 0.08045977011494253, 1.5, 0.1896551724137931
nextInt,SIMPLE_NAME, line no: 64,length,SIMPLE_NAME, line no: 50, 0.005139095397919769, insert, 0.3050847457627119, 0.0, 0.42857142857142855
nextInt,SIMPLE_NAME, line no: 65,length,SIMPLE_NAME, line no: 50, 0.005139095397919769, insert, 0.3050847457627119, 0.0, 0.42857142857142855
nextInt,SIMPLE_NAME, line no: 66,length,SIMPLE_NAME, line no: 50, 0.005139095397919769, insert, 0.3050847457627119, 0.0, 0.42857142857142855
nextInt,SIMPLE_NAME, line no: 67,length,SIMPLE_NAME, line no: 50, 0.005139095397919769, insert, 0.3050847457627119, 0.0, 0.42857142857142855
nextInt,SIMPLE_NAME, line no: 64,println,SIMPLE_NAME, line no: 56, 0.0051084664768593704, insert, 0.2994350282485876, 0.0, 0.42857142857142855
nextInt,SIMPLE_NAME, line no: 65,println,SIMPLE_NAME, line no: 56, 0.0051084664768593704, insert, 0.2994350282485876, 0.0, 0.42857142857142855
nextInt,SIMPLE_NAME, line no: 66,println,SIMPLE_NAME, line no: 56, 0.0051084664768593704, insert, 0.2994350282485876, 0.0, 0.42857142857142855
nextInt,SIMPLE_NAME, line no: 67,println,SIMPLE_NAME, line no: 56, 0.0051084664768593704, insert, 0.2994350282485876, 0.0, 0.42857142857142855
String,SIMPLE_NAME, line no: 63,println,SIMPLE_NAME, line no: 56, 0.005099346629577341, insert, 0.29775280898876405, 0.0, 0.42857142857142855
v1.value=scanner.nextInt(); ,EXPRESSION_STATEMENT, line no: 64,output+=(String.format("%d is the smallest\n" v2.value)); ,EXPRESSION_STATEMENT, line no: 72, 0.0050704791960080285, insert, 0.07471264367816093, 0.6000000000000001, 0.1896551724137931
v2.value=scanner.nextInt(); ,EXPRESSION_STATEMENT, line no: 65,output+=(String.format("%d is the smallest\n" v2.value)); ,EXPRESSION_STATEMENT, line no: 72, 0.0050704791960080285, insert, 0.07471264367816093, 1.5, 0.1896551724137931
v3.value=scanner.nextInt(); ,EXPRESSION_STATEMENT, line no: 66,output+=(String.format("%d is the smallest\n" v2.value)); ,EXPRESSION_STATEMENT, line no: 72, 0.0050704791960080285, insert, 0.07471264367816093, 0.6000000000000001, 0.1896551724137931
v4.value=scanner.nextInt(); ,EXPRESSION_STATEMENT, line no: 67,output+=(String.format("%d is the smallest\n" v2.value)); ,EXPRESSION_STATEMENT, line no: 72, 0.0050704791960080285, insert, 0.07471264367816093, 0.6000000000000001, 0.1896551724137931
v4.value,QUALIFIED_NAME, line no: 77,util,SIMPLE_NAME, line no: 44, 0.004999305555555556, insert, 0.05555555555555555, 0.0, 0.125
v1.value=scanner.nextInt(); ,EXPRESSION_STATEMENT, line no: 64,output+=(String.format("%d is the smallest\n" v1.value)); ,EXPRESSION_STATEMENT, line no: 69, 0.0049893515288719, insert, 0.06896551724137931, 1.5, 0.1896551724137931
v2.value=scanner.nextInt(); ,EXPRESSION_STATEMENT, line no: 65,output+=(String.format("%d is the smallest\n" v1.value)); ,EXPRESSION_STATEMENT, line no: 69, 0.0049893515288719, insert, 0.06896551724137931, 0.6000000000000001, 0.1896551724137931
v3.value=scanner.nextInt(); ,EXPRESSION_STATEMENT, line no: 66,output+=(String.format("%d is the smallest\n" v1.value)); ,EXPRESSION_STATEMENT, line no: 69, 0.0049893515288719, insert, 0.06896551724137931, 0.6000000000000001, 0.1896551724137931
v4.value=scanner.nextInt(); ,EXPRESSION_STATEMENT, line no: 67,output+=(String.format("%d is the smallest\n" v1.value)); ,EXPRESSION_STATEMENT, line no: 69, 0.0049893515288719, insert, 0.06896551724137931, 0.6000000000000001, 0.1896551724137931
String,SIMPLE_NAME, line no: 77,smallest_f8d57dea_000,SIMPLE_NAME, line no: 48, 0.004968253968253969, insert, 0.7222222222222222, 0.0, 0.047619047619047616
"%d is the smallest\n",STRING_LITERAL, line no: 77,out,SIMPLE_NAME, line no: 56, 0.004947929292929294, insert, 0.7222222222222222, 0.0, 0.045454545454545456
"%d is the smallest\n",STRING_LITERAL, line no: 77,util,SIMPLE_NAME, line no: 44, 0.00467919191919192, insert, 0.05555555555555555, 0.0, 0.09090909090909091
"%d is the smallest\n",STRING_LITERAL, line no: 77,Scanner,SIMPLE_NAME, line no: 44, 0.00467919191919192, insert, 0.05555555555555555, 0.0, 0.09090909090909091
"%d is the smallest\n",STRING_LITERAL, line no: 77,in,SIMPLE_NAME, line no: 53, 0.00467919191919192, insert, 0.6111111111111112, 0.0, 0.09090909090909091
String,SIMPLE_NAME, line no: 63,args,SIMPLE_NAME, line no: 50, 0.0043553293312345726, insert, 0.30337078651685395, 0.0, 0.3333333333333333
String,SIMPLE_NAME, line no: 63,length,SIMPLE_NAME, line no: 50, 0.0043553293312345726, insert, 0.30337078651685395, 0.0, 0.3333333333333333
String,SIMPLE_NAME, line no: 63,System,SIMPLE_NAME, line no: 53, 0.0043553293312345726, insert, 0.10674157303370786, 0.0, 0.3333333333333333
format,SIMPLE_NAME, line no: 63,out,SIMPLE_NAME, line no: 56, 0.0043553293312345726, insert, 0.30337078651685395, 0.0, 0.3333333333333333
"%d is the smallest\n",STRING_LITERAL, line no: 77,java,SIMPLE_NAME, line no: 44, 0.004252373737373738, insert, 0.05555555555555555, 0.0, 0.045454545454545456
scanner,SIMPLE_NAME, line no: 64,args,SIMPLE_NAME, line no: 50, 0.003977384177700358, insert, 0.3050847457627119, 0.0, 0.2857142857142857
scanner,SIMPLE_NAME, line no: 64,System,SIMPLE_NAME, line no: 53, 0.003977384177700358, insert, 0.10734463276836158, 0.0, 0.2857142857142857
scanner,SIMPLE_NAME, line no: 65,args,SIMPLE_NAME, line no: 50, 0.003977384177700358, insert, 0.3050847457627119, 0.0, 0.2857142857142857
scanner,SIMPLE_NAME, line no: 65,System,SIMPLE_NAME, line no: 53, 0.003977384177700358, insert, 0.10734463276836158, 0.0, 0.2857142857142857
scanner,SIMPLE_NAME, line no: 66,args,SIMPLE_NAME, line no: 50, 0.003977384177700358, insert, 0.3050847457627119, 0.0, 0.2857142857142857
scanner,SIMPLE_NAME, line no: 66,System,SIMPLE_NAME, line no: 53, 0.003977384177700358, insert, 0.10734463276836158, 0.0, 0.2857142857142857
scanner,SIMPLE_NAME, line no: 67,args,SIMPLE_NAME, line no: 50, 0.003977384177700358, insert, 0.3050847457627119, 0.0, 0.2857142857142857
scanner,SIMPLE_NAME, line no: 67,System,SIMPLE_NAME, line no: 53, 0.003977384177700358, insert, 0.10734463276836158, 0.0, 0.2857142857142857
scanner,SIMPLE_NAME, line no: 64,println,SIMPLE_NAME, line no: 56, 0.003946755256639959, insert, 0.2994350282485876, 0.0, 0.2857142857142857
nextInt,SIMPLE_NAME, line no: 64,exec,SIMPLE_NAME, line no: 55, 0.003946755256639959, insert, 0.2994350282485876, 0.0, 0.2857142857142857
scanner,SIMPLE_NAME, line no: 65,println,SIMPLE_NAME, line no: 56, 0.003946755256639959, insert, 0.2994350282485876, 0.0, 0.2857142857142857
nextInt,SIMPLE_NAME, line no: 65,exec,SIMPLE_NAME, line no: 55, 0.003946755256639959, insert, 0.2994350282485876, 0.0, 0.2857142857142857
scanner,SIMPLE_NAME, line no: 66,println,SIMPLE_NAME, line no: 56, 0.003946755256639959, insert, 0.2994350282485876, 0.0, 0.2857142857142857
nextInt,SIMPLE_NAME, line no: 66,exec,SIMPLE_NAME, line no: 55, 0.003946755256639959, insert, 0.2994350282485876, 0.0, 0.2857142857142857
scanner,SIMPLE_NAME, line no: 67,println,SIMPLE_NAME, line no: 56, 0.003946755256639959, insert, 0.2994350282485876, 0.0, 0.2857142857142857
nextInt,SIMPLE_NAME, line no: 67,exec,SIMPLE_NAME, line no: 55, 0.003946755256639959, insert, 0.2994350282485876, 0.0, 0.2857142857142857
format,SIMPLE_NAME, line no: 63,println,SIMPLE_NAME, line no: 56, 0.00393763540935793, insert, 0.29775280898876405, 0.0, 0.2857142857142857
output+=(String.format("%d is the smallest\n" v4.value)); ,EXPRESSION_STATEMENT, line no: 77,output+=(String.format("%d is the smallest\n" v4.value)); ,EXPRESSION_STATEMENT, line no: 77, 0.00375, insert, 1.0, 3.0, 1.0
v4.value,QUALIFIED_NAME, line no: 77,v4.value,QUALIFIED_NAME, line no: 67, 0.00375, insert, 1.0, 2.0, 1.0
output+=(String.format("%d is the smallest\n" v4.value)); ,EXPRESSION_STATEMENT, line no: 77,output+=(String.format("%d is the smallest\n" v3.value)); ,EXPRESSION_STATEMENT, line no: 75, 0.003711206896551724, insert, 1.0, 1.5, 0.9827586206896551
String,SIMPLE_NAME, line no: 77,i,SIMPLE_NAME, line no: 7, 0.0036516666666666668, insert, 0.3333333333333333, 0.0, 0.16666666666666666
output+=(String.format("%d is the smallest\n" v4.value)); ,EXPRESSION_STATEMENT, line no: 77,output+=(String.format("%d is the smallest\n" v2.value)); ,EXPRESSION_STATEMENT, line no: 72, 0.003604064039408867, insert, 0.9285714285714286, 1.5, 0.9827586206896551
output+=(String.format("%d is the smallest\n" v4.value)); ,EXPRESSION_STATEMENT, line no: 77,output+=(String.format("%d is the smallest\n" v1.value)); ,EXPRESSION_STATEMENT, line no: 69, 0.0034969211822660096, insert, 0.8571428571428571, 1.5, 0.9827586206896551
v4.value,QUALIFIED_NAME, line no: 77,v1.value,QUALIFIED_NAME, line no: 64, 0.00346875, insert, 1.0, 0.6666666666666666, 0.875
v4.value,QUALIFIED_NAME, line no: 77,v2.value,QUALIFIED_NAME, line no: 65, 0.00346875, insert, 1.0, 0.6666666666666666, 0.875
v4.value,QUALIFIED_NAME, line no: 77,v3.value,QUALIFIED_NAME, line no: 66, 0.00346875, insert, 1.0, 0.6666666666666666, 0.875
scanner,SIMPLE_NAME, line no: 64,mainClass,SIMPLE_NAME, line no: 48, 0.0034610680798250644, insert, 0.288135593220339, 0.0, 0.2222222222222222
scanner,SIMPLE_NAME, line no: 65,mainClass,SIMPLE_NAME, line no: 48, 0.0034610680798250644, insert, 0.288135593220339, 0.0, 0.2222222222222222
scanner,SIMPLE_NAME, line no: 66,mainClass,SIMPLE_NAME, line no: 48, 0.0034610680798250644, insert, 0.288135593220339, 0.0, 0.2222222222222222
scanner,SIMPLE_NAME, line no: 67,mainClass,SIMPLE_NAME, line no: 48, 0.0034610680798250644, insert, 0.288135593220339, 0.0, 0.2222222222222222
String,SIMPLE_NAME, line no: 63,mainClass,SIMPLE_NAME, line no: 48, 0.003451776159952808, insert, 0.28651685393258425, 0.0, 0.2222222222222222
format,SIMPLE_NAME, line no: 63,mainClass,SIMPLE_NAME, line no: 48, 0.003451776159952808, insert, 0.28651685393258425, 0.0, 0.2222222222222222
String,SIMPLE_NAME, line no: 63,util,SIMPLE_NAME, line no: 44, 0.00331979648324873, insert, 0.011235955056179775, 0.0, 0.3333333333333333
String,SIMPLE_NAME, line no: 63,in,SIMPLE_NAME, line no: 53, 0.003289339634778558, insert, 0.10674157303370786, 0.0, 0.3333333333333333
String,SIMPLE_NAME, line no: 63,out,SIMPLE_NAME, line no: 56, 0.002999999574311926, insert, 0.30337078651685395, 0.0, 0.16666666666666666
format,SIMPLE_NAME, line no: 63,args,SIMPLE_NAME, line no: 50, 0.002999999574311926, insert, 0.30337078651685395, 0.0, 0.16666666666666666
format,SIMPLE_NAME, line no: 63,length,SIMPLE_NAME, line no: 50, 0.002999999574311926, insert, 0.30337078651685395, 0.0, 0.16666666666666666
format,SIMPLE_NAME, line no: 63,System,SIMPLE_NAME, line no: 53, 0.002999999574311926, insert, 0.10674157303370786, 0.0, 0.16666666666666666
value,SIMPLE_NAME, line no: 77,v1.value,QUALIFIED_NAME, line no: 64, 0.00290625, insert, 1.0, 1.0, 0.625
value,SIMPLE_NAME, line no: 77,v2.value,QUALIFIED_NAME, line no: 65, 0.00290625, insert, 1.0, 1.0, 0.625
value,SIMPLE_NAME, line no: 77,v3.value,QUALIFIED_NAME, line no: 66, 0.00290625, insert, 1.0, 1.0, 0.625
value,SIMPLE_NAME, line no: 77,v4.value,QUALIFIED_NAME, line no: 67, 0.00290625, insert, 1.0, 1.0, 0.625
nextInt,SIMPLE_NAME, line no: 64,Scanner,SIMPLE_NAME, line no: 44, 0.0029053719405863995, insert, 0.005649717514124294, 0.0, 0.2857142857142857
nextInt,SIMPLE_NAME, line no: 65,Scanner,SIMPLE_NAME, line no: 44, 0.0029053719405863995, insert, 0.005649717514124294, 0.0, 0.2857142857142857
nextInt,SIMPLE_NAME, line no: 66,Scanner,SIMPLE_NAME, line no: 44, 0.0029053719405863995, insert, 0.005649717514124294, 0.0, 0.2857142857142857
nextInt,SIMPLE_NAME, line no: 67,Scanner,SIMPLE_NAME, line no: 44, 0.0029053719405863995, insert, 0.005649717514124294, 0.0, 0.2857142857142857
String,SIMPLE_NAME, line no: 63,Scanner,SIMPLE_NAME, line no: 44, 0.0029021025613720874, insert, 0.0056179775280898875, 0.0, 0.2857142857142857
scanner,SIMPLE_NAME, line no: 64,length,SIMPLE_NAME, line no: 50, 0.0028156729574809465, insert, 0.3050847457627119, 0.0, 0.14285714285714285
nextInt,SIMPLE_NAME, line no: 64,System,SIMPLE_NAME, line no: 53, 0.0028156729574809465, insert, 0.10734463276836158, 0.0, 0.14285714285714285
nextInt,SIMPLE_NAME, line no: 64,out,SIMPLE_NAME, line no: 56, 0.0028156729574809465, insert, 0.3050847457627119, 0.0, 0.14285714285714285
scanner,SIMPLE_NAME, line no: 65,length,SIMPLE_NAME, line no: 50, 0.0028156729574809465, insert, 0.3050847457627119, 0.0, 0.14285714285714285
nextInt,SIMPLE_NAME, line no: 65,System,SIMPLE_NAME, line no: 53, 0.0028156729574809465, insert, 0.10734463276836158, 0.0, 0.14285714285714285
nextInt,SIMPLE_NAME, line no: 65,out,SIMPLE_NAME, line no: 56, 0.0028156729574809465, insert, 0.3050847457627119, 0.0, 0.14285714285714285
scanner,SIMPLE_NAME, line no: 66,length,SIMPLE_NAME, line no: 50, 0.0028156729574809465, insert, 0.3050847457627119, 0.0, 0.14285714285714285
nextInt,SIMPLE_NAME, line no: 66,System,SIMPLE_NAME, line no: 53, 0.0028156729574809465, insert, 0.10734463276836158, 0.0, 0.14285714285714285
nextInt,SIMPLE_NAME, line no: 66,out,SIMPLE_NAME, line no: 56, 0.0028156729574809465, insert, 0.3050847457627119, 0.0, 0.14285714285714285
scanner,SIMPLE_NAME, line no: 67,length,SIMPLE_NAME, line no: 50, 0.0028156729574809465, insert, 0.3050847457627119, 0.0, 0.14285714285714285
nextInt,SIMPLE_NAME, line no: 67,System,SIMPLE_NAME, line no: 53, 0.0028156729574809465, insert, 0.10734463276836158, 0.0, 0.14285714285714285
nextInt,SIMPLE_NAME, line no: 67,out,SIMPLE_NAME, line no: 56, 0.0028156729574809465, insert, 0.3050847457627119, 0.0, 0.14285714285714285
"Please enter 4 numbers separated by spaces > ",STRING_LITERAL, line no: 63,smallest_f8d57dea_000,SIMPLE_NAME, line no: 48, 0.0027949018606776834, insert, 0.28651685393258425, 0.0, 0.14893617021276595
scanner,SIMPLE_NAME, line no: 64,exec,SIMPLE_NAME, line no: 55, 0.0027850440364205475, insert, 0.2994350282485876, 0.0, 0.14285714285714285
scanner,SIMPLE_NAME, line no: 65,exec,SIMPLE_NAME, line no: 55, 0.0027850440364205475, insert, 0.2994350282485876, 0.0, 0.14285714285714285
scanner,SIMPLE_NAME, line no: 66,exec,SIMPLE_NAME, line no: 55, 0.0027850440364205475, insert, 0.2994350282485876, 0.0, 0.14285714285714285
scanner,SIMPLE_NAME, line no: 67,exec,SIMPLE_NAME, line no: 55, 0.0027850440364205475, insert, 0.2994350282485876, 0.0, 0.14285714285714285
scanner,SIMPLE_NAME, line no: 64,smallest_f8d57dea_000,SIMPLE_NAME, line no: 48, 0.0027544151153601486, insert, 0.288135593220339, 0.0, 0.14285714285714285
scanner,SIMPLE_NAME, line no: 65,smallest_f8d57dea_000,SIMPLE_NAME, line no: 48, 0.0027544151153601486, insert, 0.288135593220339, 0.0, 0.14285714285714285
scanner,SIMPLE_NAME, line no: 66,smallest_f8d57dea_000,SIMPLE_NAME, line no: 48, 0.0027544151153601486, insert, 0.288135593220339, 0.0, 0.14285714285714285
scanner,SIMPLE_NAME, line no: 67,smallest_f8d57dea_000,SIMPLE_NAME, line no: 48, 0.0027544151153601486, insert, 0.288135593220339, 0.0, 0.14285714285714285
format,SIMPLE_NAME, line no: 63,smallest_f8d57dea_000,SIMPLE_NAME, line no: 48, 0.002745467340668347, insert, 0.28651685393258425, 0.0, 0.14285714285714285
output+=(String.format("%d is the smallest\n" v4.value)); ,EXPRESSION_STATEMENT, line no: 77,output+=(String.format("Please enter 4 numbers separated by spaces > ")); ,EXPRESSION_STATEMENT, line no: 62, 0.0026858108108108107, insert, 1.0, 0.3333333333333333, 0.527027027027027
nextInt,SIMPLE_NAME, line no: 64,mainClass,SIMPLE_NAME, line no: 48, 0.0025575149085432995, insert, 0.288135593220339, 0.0, 0.1111111111111111
nextInt,SIMPLE_NAME, line no: 65,mainClass,SIMPLE_NAME, line no: 48, 0.0025575149085432995, insert, 0.288135593220339, 0.0, 0.1111111111111111
nextInt,SIMPLE_NAME, line no: 66,mainClass,SIMPLE_NAME, line no: 48, 0.0025575149085432995, insert, 0.288135593220339, 0.0, 0.1111111111111111
nextInt,SIMPLE_NAME, line no: 67,mainClass,SIMPLE_NAME, line no: 48, 0.0025575149085432995, insert, 0.288135593220339, 0.0, 0.1111111111111111
"%d is the smallest\n",STRING_LITERAL, line no: 77,i,SIMPLE_NAME, line no: 7, 0.0025134848484848486, insert, 0.3333333333333333, 0.0, 0.045454545454545456
"Please enter 4 numbers separated by spaces > ",STRING_LITERAL, line no: 63,mainClass,SIMPLE_NAME, line no: 48, 0.002509773917552671, insert, 0.28651685393258425, 0.0, 0.10638297872340426
nextInt,SIMPLE_NAME, line no: 64,smallest_f8d57dea_000,SIMPLE_NAME, line no: 48, 0.0023671780419536785, insert, 0.288135593220339, 0.0, 0.09523809523809523
nextInt,SIMPLE_NAME, line no: 65,smallest_f8d57dea_000,SIMPLE_NAME, line no: 48, 0.0023671780419536785, insert, 0.288135593220339, 0.0, 0.09523809523809523
nextInt,SIMPLE_NAME, line no: 66,smallest_f8d57dea_000,SIMPLE_NAME, line no: 48, 0.0023671780419536785, insert, 0.288135593220339, 0.0, 0.09523809523809523
nextInt,SIMPLE_NAME, line no: 67,smallest_f8d57dea_000,SIMPLE_NAME, line no: 48, 0.0023671780419536785, insert, 0.288135593220339, 0.0, 0.09523809523809523
"Please enter 4 numbers separated by spaces > ",STRING_LITERAL, line no: 63,length,SIMPLE_NAME, line no: 50, 0.0023367530975199925, insert, 0.30337078651685395, 0.0, 0.0851063829787234
"Please enter 4 numbers separated by spaces > ",STRING_LITERAL, line no: 63,System,SIMPLE_NAME, line no: 53, 0.0023367530975199925, insert, 0.10674157303370786, 0.0, 0.0851063829787234
"Please enter 4 numbers separated by spaces > ",STRING_LITERAL, line no: 63,args,SIMPLE_NAME, line no: 50, 0.002163732277487314, insert, 0.30337078651685395, 0.0, 0.06382978723404255
"Please enter 4 numbers separated by spaces > ",STRING_LITERAL, line no: 63,exec,SIMPLE_NAME, line no: 55, 0.002133275429017142, insert, 0.29775280898876405, 0.0, 0.06382978723404255
"Please enter 4 numbers separated by spaces > ",STRING_LITERAL, line no: 63,println,SIMPLE_NAME, line no: 56, 0.002133275429017142, insert, 0.29775280898876405, 0.0, 0.06382978723404255
v4,SIMPLE_NAME, line no: 77,v4.value,QUALIFIED_NAME, line no: 67, 0.0020625, insert, 1.0, 1.0, 0.25
output+=(String.format("Please enter 4 numbers separated by spaces > ")); ,EXPRESSION_STATEMENT, line no: 62,value=i; ,EXPRESSION_STATEMENT, line no: 7, 0.0020413475163171785, insert, 0.022988505747126436, 0.0, 0.08108108108108109
"Please enter 4 numbers separated by spaces > ",STRING_LITERAL, line no: 63,out,SIMPLE_NAME, line no: 56, 0.001990711457454636, insert, 0.30337078651685395, 0.0, 0.0425531914893617
String,SIMPLE_NAME, line no: 63,smallest_f8d57dea_000,SIMPLE_NAME, line no: 48, 0.001970993193855406, insert, 0.28651685393258425, 0.0, 0.047619047619047616
format,SIMPLE_NAME, line no: 63,java,SIMPLE_NAME, line no: 44, 0.0019644667263260833, insert, 0.011235955056179775, 0.0, 0.16666666666666666
format,SIMPLE_NAME, line no: 63,util,SIMPLE_NAME, line no: 44, 0.0019644667263260833, insert, 0.011235955056179775, 0.0, 0.16666666666666666
output+=(String.format("%d is the smallest\n" v4.value)); ,EXPRESSION_STATEMENT, line no: 77,v1.value=scanner.nextInt(); ,EXPRESSION_STATEMENT, line no: 64, 0.0019267241379310345, insert, 1.0, 0.6000000000000001, 0.1896551724137931
output+=(String.format("%d is the smallest\n" v4.value)); ,EXPRESSION_STATEMENT, line no: 77,v2.value=scanner.nextInt(); ,EXPRESSION_STATEMENT, line no: 65, 0.0019267241379310345, insert, 1.0, 0.6000000000000001, 0.1896551724137931
output+=(String.format("%d is the smallest\n" v4.value)); ,EXPRESSION_STATEMENT, line no: 77,v3.value=scanner.nextInt(); ,EXPRESSION_STATEMENT, line no: 66, 0.0019267241379310345, insert, 1.0, 0.6000000000000001, 0.1896551724137931
output+=(String.format("%d is the smallest\n" v4.value)); ,EXPRESSION_STATEMENT, line no: 77,v4.value=scanner.nextInt(); ,EXPRESSION_STATEMENT, line no: 67, 0.0019267241379310345, insert, 1.0, 1.5, 0.1896551724137931
String,SIMPLE_NAME, line no: 77,System.in,QUALIFIED_NAME, line no: 53, 0.0019166666666666663, insert, 0.6111111111111112, 0.0, 0.4444444444444444
"%d is the smallest\n",STRING_LITERAL, line no: 77,v1.value,QUALIFIED_NAME, line no: 64, 0.0018068181818181818, insert, 1.0, 0.0, 0.13636363636363635
"%d is the smallest\n",STRING_LITERAL, line no: 77,v2.value,QUALIFIED_NAME, line no: 65, 0.0018068181818181818, insert, 1.0, 0.0, 0.13636363636363635
"%d is the smallest\n",STRING_LITERAL, line no: 77,v3.value,QUALIFIED_NAME, line no: 66, 0.0018068181818181818, insert, 1.0, 0.0, 0.13636363636363635
"%d is the smallest\n",STRING_LITERAL, line no: 77,v4.value,QUALIFIED_NAME, line no: 67, 0.0018068181818181818, insert, 1.0, 0.0, 0.13636363636363635
value,SIMPLE_NAME, line no: 77,args.length,QUALIFIED_NAME, line no: 50, 0.0017978468899521533, insert, 0.7894736842105263, 0.0, 0.2727272727272727
format,SIMPLE_NAME, line no: 77,v1.value,QUALIFIED_NAME, line no: 64, 0.00178125, insert, 1.0, 0.0, 0.125
format,SIMPLE_NAME, line no: 77,v2.value,QUALIFIED_NAME, line no: 65, 0.00178125, insert, 1.0, 0.0, 0.125
format,SIMPLE_NAME, line no: 77,v3.value,QUALIFIED_NAME, line no: 66, 0.00178125, insert, 1.0, 0.0, 0.125
format,SIMPLE_NAME, line no: 77,v4.value,QUALIFIED_NAME, line no: 67, 0.00178125, insert, 1.0, 0.0, 0.125
v4,SIMPLE_NAME, line no: 77,v1.value,QUALIFIED_NAME, line no: 64, 0.00178125, insert, 1.0, 0.0, 0.125
v4,SIMPLE_NAME, line no: 77,v2.value,QUALIFIED_NAME, line no: 65, 0.00178125, insert, 1.0, 0.0, 0.125
v4,SIMPLE_NAME, line no: 77,v3.value,QUALIFIED_NAME, line no: 66, 0.00178125, insert, 1.0, 0.0, 0.125
String,SIMPLE_NAME, line no: 77,args.length,QUALIFIED_NAME, line no: 50, 0.00178030303030303, insert, 0.7777777777777778, 0.0, 0.2727272727272727
v4.value,QUALIFIED_NAME, line no: 77,args.length,QUALIFIED_NAME, line no: 50, 0.00178030303030303, insert, 0.7777777777777778, 0.0, 0.2727272727272727
scanner,SIMPLE_NAME, line no: 64,v1.value,QUALIFIED_NAME, line no: 64, 0.0017788381969682486, insert, 0.9943502824858758, 0.0, 0.25
scanner,SIMPLE_NAME, line no: 64,v2.value,QUALIFIED_NAME, line no: 65, 0.0017788381969682486, insert, 0.9943502824858758, 0.0, 0.25
scanner,SIMPLE_NAME, line no: 64,v3.value,QUALIFIED_NAME, line no: 66, 0.0017788381969682486, insert, 0.9943502824858758, 0.0, 0.25
scanner,SIMPLE_NAME, line no: 64,v4.value,QUALIFIED_NAME, line no: 67, 0.0017788381969682486, insert, 0.9943502824858758, 0.0, 0.25
scanner,SIMPLE_NAME, line no: 65,v1.value,QUALIFIED_NAME, line no: 64, 0.0017788381969682486, insert, 0.9943502824858758, 0.0, 0.25
scanner,SIMPLE_NAME, line no: 65,v2.value,QUALIFIED_NAME, line no: 65, 0.0017788381969682486, insert, 0.9943502824858758, 0.0, 0.25
scanner,SIMPLE_NAME, line no: 65,v3.value,QUALIFIED_NAME, line no: 66, 0.0017788381969682486, insert, 0.9943502824858758, 0.0, 0.25
scanner,SIMPLE_NAME, line no: 65,v4.value,QUALIFIED_NAME, line no: 67, 0.0017788381969682486, insert, 0.9943502824858758, 0.0, 0.25
scanner,SIMPLE_NAME, line no: 66,v1.value,QUALIFIED_NAME, line no: 64, 0.0017788381969682486, insert, 0.9943502824858758, 0.0, 0.25
scanner,SIMPLE_NAME, line no: 66,v2.value,QUALIFIED_NAME, line no: 65, 0.0017788381969682486, insert, 0.9943502824858758, 0.0, 0.25
scanner,SIMPLE_NAME, line no: 66,v3.value,QUALIFIED_NAME, line no: 66, 0.0017788381969682486, insert, 0.9943502824858758, 0.0, 0.25
scanner,SIMPLE_NAME, line no: 66,v4.value,QUALIFIED_NAME, line no: 67, 0.0017788381969682486, insert, 0.9943502824858758, 0.0, 0.25
scanner,SIMPLE_NAME, line no: 67,v1.value,QUALIFIED_NAME, line no: 64, 0.0017788381969682486, insert, 0.9943502824858758, 0.0, 0.25
scanner,SIMPLE_NAME, line no: 67,v2.value,QUALIFIED_NAME, line no: 65, 0.0017788381969682486, insert, 0.9943502824858758, 0.0, 0.25
scanner,SIMPLE_NAME, line no: 67,v3.value,QUALIFIED_NAME, line no: 66, 0.0017788381969682486, insert, 0.9943502824858758, 0.0, 0.25
scanner,SIMPLE_NAME, line no: 67,v4.value,QUALIFIED_NAME, line no: 67, 0.0017788381969682486, insert, 0.9943502824858758, 0.0, 0.25
scanner,SIMPLE_NAME, line no: 64,java,SIMPLE_NAME, line no: 44, 0.0017742896414273874, insert, 0.011299435028248588, 0.0, 0.14285714285714285
nextInt,SIMPLE_NAME, line no: 64,util,SIMPLE_NAME, line no: 44, 0.0017742896414273874, insert, 0.011299435028248588, 0.0, 0.14285714285714285
scanner,SIMPLE_NAME, line no: 65,java,SIMPLE_NAME, line no: 44, 0.0017742896414273874, insert, 0.011299435028248588, 0.0, 0.14285714285714285
nextInt,SIMPLE_NAME, line no: 65,util,SIMPLE_NAME, line no: 44, 0.0017742896414273874, insert, 0.011299435028248588, 0.0, 0.14285714285714285
scanner,SIMPLE_NAME, line no: 66,java,SIMPLE_NAME, line no: 44, 0.0017742896414273874, insert, 0.011299435028248588, 0.0, 0.14285714285714285
nextInt,SIMPLE_NAME, line no: 66,util,SIMPLE_NAME, line no: 44, 0.0017742896414273874, insert, 0.011299435028248588, 0.0, 0.14285714285714285
scanner,SIMPLE_NAME, line no: 67,java,SIMPLE_NAME, line no: 44, 0.0017742896414273874, insert, 0.011299435028248588, 0.0, 0.14285714285714285
nextInt,SIMPLE_NAME, line no: 67,util,SIMPLE_NAME, line no: 44, 0.0017742896414273874, insert, 0.011299435028248588, 0.0, 0.14285714285714285
output+=(String.format("%d is the smallest\n" v4.value)); ,EXPRESSION_STATEMENT, line no: 77,System.out.println(mainClass.output); ,EXPRESSION_STATEMENT, line no: 56, 0.001769704433497537, insert, 0.7142857142857143, 0.5, 0.3103448275862069
scanner,SIMPLE_NAME, line no: 64,in,SIMPLE_NAME, line no: 53, 0.0017436607203669885, insert, 0.10734463276836158, 0.0, 0.14285714285714285
nextInt,SIMPLE_NAME, line no: 64,in,SIMPLE_NAME, line no: 53, 0.0017436607203669885, insert, 0.10734463276836158, 0.0, 0.14285714285714285
scanner,SIMPLE_NAME, line no: 65,in,SIMPLE_NAME, line no: 53, 0.0017436607203669885, insert, 0.10734463276836158, 0.0, 0.14285714285714285
nextInt,SIMPLE_NAME, line no: 65,in,SIMPLE_NAME, line no: 53, 0.0017436607203669885, insert, 0.10734463276836158, 0.0, 0.14285714285714285
scanner,SIMPLE_NAME, line no: 66,in,SIMPLE_NAME, line no: 53, 0.0017436607203669885, insert, 0.10734463276836158, 0.0, 0.14285714285714285
nextInt,SIMPLE_NAME, line no: 66,in,SIMPLE_NAME, line no: 53, 0.0017436607203669885, insert, 0.10734463276836158, 0.0, 0.14285714285714285
scanner,SIMPLE_NAME, line no: 67,in,SIMPLE_NAME, line no: 53, 0.0017436607203669885, insert, 0.10734463276836158, 0.0, 0.14285714285714285
nextInt,SIMPLE_NAME, line no: 67,in,SIMPLE_NAME, line no: 53, 0.0017436607203669885, insert, 0.10734463276836158, 0.0, 0.14285714285714285
format,SIMPLE_NAME, line no: 63,Scanner,SIMPLE_NAME, line no: 44, 0.0017403913411526762, insert, 0.0056179775280898875, 0.0, 0.14285714285714285
value,SIMPLE_NAME, line no: 77,java.util,QUALIFIED_NAME, line no: 44, 0.0016973684210526314, insert, 0.05263157894736842, 0.0, 0.3333333333333333
v4.value,QUALIFIED_NAME, line no: 77,java.util,QUALIFIED_NAME, line no: 44, 0.0016666666666666666, insert, 0.05555555555555555, 0.0, 0.3333333333333333
"%d is the smallest\n",STRING_LITERAL, line no: 77,System.out,QUALIFIED_NAME, line no: 56, 0.0015946969696969697, insert, 0.7222222222222222, 0.0, 0.22727272727272727
"%d is the smallest\n",STRING_LITERAL, line no: 77,mainClass.output,QUALIFIED_NAME, line no: 56, 0.0015946969696969697, insert, 0.7222222222222222, 0.0, 0.22727272727272727
format,SIMPLE_NAME, line no: 77,args.length,QUALIFIED_NAME, line no: 50, 0.0015757575757575756, insert, 0.7777777777777778, 0.0, 0.18181818181818182
"%d is the smallest\n",STRING_LITERAL, line no: 77,args.length,QUALIFIED_NAME, line no: 50, 0.0015757575757575756, insert, 0.7777777777777778, 0.0, 0.18181818181818182
v1.value=scanner.nextInt(); ,EXPRESSION_STATEMENT, line no: 64,if (true) return; ,IF_STATEMENT, line no: 79, 0.0015588457268119896, insert, 1.0, 0.0, 0.2857142857142857
v2.value=scanner.nextInt(); ,EXPRESSION_STATEMENT, line no: 65,if (true) return; ,IF_STATEMENT, line no: 79, 0.0015588457268119896, insert, 1.0, 0.0, 0.2857142857142857
v3.value=scanner.nextInt(); ,EXPRESSION_STATEMENT, line no: 66,if (true) return; ,IF_STATEMENT, line no: 79, 0.0015588457268119896, insert, 1.0, 0.0, 0.2857142857142857
v4.value=scanner.nextInt(); ,EXPRESSION_STATEMENT, line no: 67,if (true) return; ,IF_STATEMENT, line no: 79, 0.0015588457268119896, insert, 1.0, 0.0, 0.2857142857142857
output+=(String.format("%d is the smallest\n" v4.value)); ,EXPRESSION_STATEMENT, line no: 77,mainClass.scanner=new java.util.Scanner(args[0]); ,EXPRESSION_STATEMENT, line no: 51, 0.0015461822660098525, insert, 0.6428571428571429, 0.0, 0.25862068965517243
output+=(String.format("%d is the smallest\n" v4.value)); ,EXPRESSION_STATEMENT, line no: 77,mainClass.scanner=new java.util.Scanner(System.in); ,EXPRESSION_STATEMENT, line no: 53, 0.0015461822660098525, insert, 0.6428571428571429, 0.0, 0.25862068965517243
String,SIMPLE_NAME, line no: 63,i,SIMPLE_NAME, line no: 7, 0.0015380708477436774, insert, 0.033707865168539325, 0.0, 0.16666666666666666
nextInt,SIMPLE_NAME, line no: 64,v1.value,QUALIFIED_NAME, line no: 64, 0.0015352685521538751, insert, 0.9943502824858758, 0.0, 0.125
nextInt,SIMPLE_NAME, line no: 64,v2.value,QUALIFIED_NAME, line no: 65, 0.0015352685521538751, insert, 0.9943502824858758, 0.0, 0.125
nextInt,SIMPLE_NAME, line no: 64,v3.value,QUALIFIED_NAME, line no: 66, 0.0015352685521538751, insert, 0.9943502824858758, 0.0, 0.125
nextInt,SIMPLE_NAME, line no: 64,v4.value,QUALIFIED_NAME, line no: 67, 0.0015352685521538751, insert, 0.9943502824858758, 0.0, 0.125
nextInt,SIMPLE_NAME, line no: 65,v1.value,QUALIFIED_NAME, line no: 64, 0.0015352685521538751, insert, 0.9943502824858758, 0.0, 0.125
nextInt,SIMPLE_NAME, line no: 65,v2.value,QUALIFIED_NAME, line no: 65, 0.0015352685521538751, insert, 0.9943502824858758, 0.0, 0.125
nextInt,SIMPLE_NAME, line no: 65,v3.value,QUALIFIED_NAME, line no: 66, 0.0015352685521538751, insert, 0.9943502824858758, 0.0, 0.125
nextInt,SIMPLE_NAME, line no: 65,v4.value,QUALIFIED_NAME, line no: 67, 0.0015352685521538751, insert, 0.9943502824858758, 0.0, 0.125
nextInt,SIMPLE_NAME, line no: 66,v1.value,QUALIFIED_NAME, line no: 64, 0.0015352685521538751, insert, 0.9943502824858758, 0.0, 0.125
nextInt,SIMPLE_NAME, line no: 66,v2.value,QUALIFIED_NAME, line no: 65, 0.0015352685521538751, insert, 0.9943502824858758, 0.0, 0.125
nextInt,SIMPLE_NAME, line no: 66,v3.value,QUALIFIED_NAME, line no: 66, 0.0015352685521538751, insert, 0.9943502824858758, 0.0, 0.125
nextInt,SIMPLE_NAME, line no: 66,v4.value,QUALIFIED_NAME, line no: 67, 0.0015352685521538751, insert, 0.9943502824858758, 0.0, 0.125
nextInt,SIMPLE_NAME, line no: 67,v1.value,QUALIFIED_NAME, line no: 64, 0.0015352685521538751, insert, 0.9943502824858758, 0.0, 0.125
nextInt,SIMPLE_NAME, line no: 67,v2.value,QUALIFIED_NAME, line no: 65, 0.0015352685521538751, insert, 0.9943502824858758, 0.0, 0.125
nextInt,SIMPLE_NAME, line no: 67,v3.value,QUALIFIED_NAME, line no: 66, 0.0015352685521538751, insert, 0.9943502824858758, 0.0, 0.125
nextInt,SIMPLE_NAME, line no: 67,v4.value,QUALIFIED_NAME, line no: 67, 0.0015352685521538751, insert, 0.9943502824858758, 0.0, 0.125
String,SIMPLE_NAME, line no: 77,System.out,QUALIFIED_NAME, line no: 56, 0.0015333333333333334, insert, 0.7222222222222222, 0.0, 0.2
format,SIMPLE_NAME, line no: 77,System.out,QUALIFIED_NAME, line no: 56, 0.0015333333333333334, insert, 0.7222222222222222, 0.0, 0.2
v4.value,QUALIFIED_NAME, line no: 77,System.out,QUALIFIED_NAME, line no: 56, 0.0015333333333333334, insert, 0.7222222222222222, 0.0, 0.2
format,SIMPLE_NAME, line no: 63,v1.value,QUALIFIED_NAME, line no: 64, 0.0015280118167193834, insert, 0.9887640449438202, 0.0, 0.125
format,SIMPLE_NAME, line no: 63,v2.value,QUALIFIED_NAME, line no: 65, 0.0015280118167193834, insert, 0.9887640449438202, 0.0, 0.125
format,SIMPLE_NAME, line no: 63,v3.value,QUALIFIED_NAME, line no: 66, 0.0015280118167193834, insert, 0.9887640449438202, 0.0, 0.125
format,SIMPLE_NAME, line no: 63,v4.value,QUALIFIED_NAME, line no: 67, 0.0015280118167193834, insert, 0.9887640449438202, 0.0, 0.125
value,SIMPLE_NAME, line no: 77,mainClass.output,QUALIFIED_NAME, line no: 56, 0.0015271381578947367, insert, 0.7368421052631579, 0.0, 0.1875
format,SIMPLE_NAME, line no: 77,mainClass.output,QUALIFIED_NAME, line no: 56, 0.0015052083333333334, insert, 0.7222222222222222, 0.0, 0.1875
v4.value,QUALIFIED_NAME, line no: 77,mainClass.output,QUALIFIED_NAME, line no: 56, 0.0015052083333333334, insert, 0.7222222222222222, 0.0, 0.1875
value,SIMPLE_NAME, line no: 77,true,BOOLEAN_LITERAL, line no: 79, 0.0015040000000000001, insert, 1.0, 0.0, 0.4
output+=(String.format("Please enter 4 numbers separated by spaces > ")); ,EXPRESSION_STATEMENT, line no: 62,if (v3.value < v1.value && v3.value < v2.value && v3.value < v4.value) {   output+=(String.format("%d is the smallest\n" v3.value)); }  else {   output+=(String.format("%d is the smallest\n" v4.value)); } ,IF_STATEMENT, line no: 73, 0.0014983929291136713, insert, 1.0, 1.0, 0.24878048780487805
value,SIMPLE_NAME, line no: 77,java.util.Scanner,QUALIFIED_NAME, line no: 51, 0.0014767801857585138, insert, 0.631578947368421, 0.0, 0.23529411764705882
output+=(String.format("%d is the smallest\n" v4.value)); ,EXPRESSION_STATEMENT, line no: 77,mainClass.exec(); ,EXPRESSION_STATEMENT, line no: 55, 0.0014593596059113301, insert, 0.7142857142857143, 0.0, 0.1724137931034483
v4.value,QUALIFIED_NAME, line no: 77,java.util.Scanner,QUALIFIED_NAME, line no: 51, 0.001446078431372549, insert, 0.6111111111111112, 0.0, 0.23529411764705882
"Please enter 4 numbers separated by spaces > ",STRING_LITERAL, line no: 63,Scanner,SIMPLE_NAME, line no: 44, 0.0014437842210966564, insert, 0.0056179775280898875, 0.0, 0.10638297872340426
"%d is the smallest\n",STRING_LITERAL, line no: 77,mainClass.scanner,QUALIFIED_NAME, line no: 51, 0.001428030303030303, insert, 0.6111111111111112, 0.0, 0.22727272727272727
"%d is the smallest\n",STRING_LITERAL, line no: 77,System.in,QUALIFIED_NAME, line no: 53, 0.001428030303030303, insert, 0.6111111111111112, 0.0, 0.22727272727272727
String,SIMPLE_NAME, line no: 77,java.util,QUALIFIED_NAME, line no: 44, 0.0014166666666666666, insert, 0.05555555555555555, 0.0, 0.2222222222222222
format,SIMPLE_NAME, line no: 77,java.util,QUALIFIED_NAME, line no: 44, 0.0014166666666666666, insert, 0.05555555555555555, 0.0, 0.2222222222222222
String,SIMPLE_NAME, line no: 77,true,BOOLEAN_LITERAL, line no: 79, 0.00141, insert, 1.0, 0.0, 0.3333333333333333
"Please enter 4 numbers separated by spaces > ",STRING_LITERAL, line no: 63,v1.value,QUALIFIED_NAME, line no: 64, 0.0014088181607463924, insert, 0.9887640449438202, 0.0, 0.06382978723404255
"Please enter 4 numbers separated by spaces > ",STRING_LITERAL, line no: 63,v2.value,QUALIFIED_NAME, line no: 65, 0.0014088181607463924, insert, 0.9887640449438202, 0.0, 0.06382978723404255
"Please enter 4 numbers separated by spaces > ",STRING_LITERAL, line no: 63,v3.value,QUALIFIED_NAME, line no: 66, 0.0014088181607463924, insert, 0.9887640449438202, 0.0, 0.06382978723404255
"Please enter 4 numbers separated by spaces > ",STRING_LITERAL, line no: 63,v4.value,QUALIFIED_NAME, line no: 67, 0.0014088181607463924, insert, 0.9887640449438202, 0.0, 0.06382978723404255
output+=(String.format("Please enter 4 numbers separated by spaces > ")); ,EXPRESSION_STATEMENT, line no: 62,if (v2.value < v1.value && v2.value < v3.value && v2.value < v4.value) {   output+=(String.format("%d is the smallest\n" v2.value)); }  else if (v3.value < v1.value && v3.value < v2.value && v3.value < v4.value) {   output+=(String.format("%d is the smallest\n" v3.value)); }  else {   output+=(String.format("%d is the smallest\n" v4.value)); } ,IF_STATEMENT, line no: 70, 0.0013655668780251852, insert, 1.0, 1.0, 0.1676300578034682
String,SIMPLE_NAME, line no: 77,mainClass.output,QUALIFIED_NAME, line no: 56, 0.0013645833333333335, insert, 0.7222222222222222, 0.0, 0.125
output+=(String.format("Please enter 4 numbers separated by spaces > ")); ,EXPRESSION_STATEMENT, line no: 62,if (true) return; ,IF_STATEMENT, line no: 79, 0.0013566170919823263, insert, 1.0, 0.0, 0.16216216216216217
value,SIMPLE_NAME, line no: 77,mainClass.scanner,QUALIFIED_NAME, line no: 51, 0.0013444272445820435, insert, 0.631578947368421, 0.0, 0.17647058823529413
value,SIMPLE_NAME, line no: 77,System.out,QUALIFIED_NAME, line no: 56, 0.0013302631578947367, insert, 0.7368421052631579, 0.0, 0.1
String,SIMPLE_NAME, line no: 77,java.util.Scanner,QUALIFIED_NAME, line no: 51, 0.0013137254901960786, insert, 0.6111111111111112, 0.0, 0.17647058823529413
v4.value,QUALIFIED_NAME, line no: 77,mainClass.scanner,QUALIFIED_NAME, line no: 51, 0.0013137254901960786, insert, 0.6111111111111112, 0.0, 0.17647058823529413
output+=(String.format("Please enter 4 numbers separated by spaces > ")); ,EXPRESSION_STATEMENT, line no: 62,if (v1.value < v2.value && v1.value < v3.value && v1.value < v4.value) {   output+=(String.format("%d is the smallest\n" v1.value)); }  else if (v2.value < v1.value && v2.value < v3.value && v2.value < v4.value) {   output+=(String.format("%d is the smallest\n" v2.value)); }  else if (v3.value < v1.value && v3.value < v2.value && v3.value < v4.value) {   output+=(String.format("%d is the smallest\n" v3.value)); }  else {   output+=(String.format("%d is the smallest\n" v4.value)); } ,IF_STATEMENT, line no: 68, 0.001292849669526412, insert, 1.0, 1.0, 0.12320328542094455
v4.value,QUALIFIED_NAME, line no: 77,true,BOOLEAN_LITERAL, line no: 79, 0.0012925000000000002, insert, 1.0, 0.0, 0.25
v1.value=scanner.nextInt(); ,EXPRESSION_STATEMENT, line no: 64,if (v3.value < v1.value && v3.value < v2.value && v3.value < v4.value) {   output+=(String.format("%d is the smallest\n" v3.value)); }  else {   output+=(String.format("%d is the smallest\n" v4.value)); } ,IF_STATEMENT, line no: 73, 0.0012588629759693899, insert, 1.0, 1.7142857142857142, 0.1024390243902439
v2.value=scanner.nextInt(); ,EXPRESSION_STATEMENT, line no: 65,if (v3.value < v1.value && v3.value < v2.value && v3.value < v4.value) {   output+=(String.format("%d is the smallest\n" v3.value)); }  else {   output+=(String.format("%d is the smallest\n" v4.value)); } ,IF_STATEMENT, line no: 73, 0.0012588629759693899, insert, 1.0, 1.7142857142857142, 0.1024390243902439
v3.value=scanner.nextInt(); ,EXPRESSION_STATEMENT, line no: 66,if (v3.value < v1.value && v3.value < v2.value && v3.value < v4.value) {   output+=(String.format("%d is the smallest\n" v3.value)); }  else {   output+=(String.format("%d is the smallest\n" v4.value)); } ,IF_STATEMENT, line no: 73, 0.0012588629759693899, insert, 1.0, 1.7142857142857142, 0.1024390243902439
v4.value=scanner.nextInt(); ,EXPRESSION_STATEMENT, line no: 67,if (v3.value < v1.value && v3.value < v2.value && v3.value < v4.value) {   output+=(String.format("%d is the smallest\n" v3.value)); }  else {   output+=(String.format("%d is the smallest\n" v4.value)); } ,IF_STATEMENT, line no: 73, 0.0012588629759693899, insert, 1.0, 1.7142857142857142, 0.1024390243902439
"%d is the smallest\n",STRING_LITERAL, line no: 77,java.util.Scanner,QUALIFIED_NAME, line no: 51, 0.0012234848484848485, insert, 0.6111111111111112, 0.0, 0.13636363636363635
v1.value=scanner.nextInt(); ,EXPRESSION_STATEMENT, line no: 64,if (v2.value < v1.value && v2.value < v3.value && v2.value < v4.value) {   output+=(String.format("%d is the smallest\n" v2.value)); }  else if (v3.value < v1.value && v3.value < v2.value && v3.value < v4.value) {   output+=(String.format("%d is the smallest\n" v3.value)); }  else {   output+=(String.format("%d is the smallest\n" v4.value)); } ,IF_STATEMENT, line no: 70, 0.0012047264374263759, insert, 1.0, 1.7142857142857142, 0.06936416184971098
v2.value=scanner.nextInt(); ,EXPRESSION_STATEMENT, line no: 65,if (v2.value < v1.value && v2.value < v3.value && v2.value < v4.value) {   output+=(String.format("%d is the smallest\n" v2.value)); }  else if (v3.value < v1.value && v3.value < v2.value && v3.value < v4.value) {   output+=(String.format("%d is the smallest\n" v3.value)); }  else {   output+=(String.format("%d is the smallest\n" v4.value)); } ,IF_STATEMENT, line no: 70, 0.0012047264374263759, insert, 1.0, 1.7142857142857142, 0.06936416184971098
v3.value=scanner.nextInt(); ,EXPRESSION_STATEMENT, line no: 66,if (v2.value < v1.value && v2.value < v3.value && v2.value < v4.value) {   output+=(String.format("%d is the smallest\n" v2.value)); }  else if (v3.value < v1.value && v3.value < v2.value && v3.value < v4.value) {   output+=(String.format("%d is the smallest\n" v3.value)); }  else {   output+=(String.format("%d is the smallest\n" v4.value)); } ,IF_STATEMENT, line no: 70, 0.0012047264374263759, insert, 1.0, 1.7142857142857142, 0.06936416184971098
v4.value=scanner.nextInt(); ,EXPRESSION_STATEMENT, line no: 67,if (v2.value < v1.value && v2.value < v3.value && v2.value < v4.value) {   output+=(String.format("%d is the smallest\n" v2.value)); }  else if (v3.value < v1.value && v3.value < v2.value && v3.value < v4.value) {   output+=(String.format("%d is the smallest\n" v3.value)); }  else {   output+=(String.format("%d is the smallest\n" v4.value)); } ,IF_STATEMENT, line no: 70, 0.0012047264374263759, insert, 1.0, 1.7142857142857142, 0.06936416184971098
String,SIMPLE_NAME, line no: 63,true,BOOLEAN_LITERAL, line no: 79, 0.0012028022490089265, insert, 0.9775280898876404, 0.0, 0.3333333333333333
v4,SIMPLE_NAME, line no: 77,java.util,QUALIFIED_NAME, line no: 44, 0.0011973684210526314, insert, 0.05263157894736842, 0.0, 0.1111111111111111
value,SIMPLE_NAME, line no: 77,System.in,QUALIFIED_NAME, line no: 53, 0.0011973684210526314, insert, 0.631578947368421, 0.0, 0.1111111111111111
String,SIMPLE_NAME, line no: 77,mainClass.scanner,QUALIFIED_NAME, line no: 51, 0.0011813725490196077, insert, 0.6111111111111112, 0.0, 0.11764705882352941
format,SIMPLE_NAME, line no: 77,mainClass.scanner,QUALIFIED_NAME, line no: 51, 0.0011813725490196077, insert, 0.6111111111111112, 0.0, 0.11764705882352941
format,SIMPLE_NAME, line no: 77,java.util.Scanner,QUALIFIED_NAME, line no: 51, 0.0011813725490196077, insert, 0.6111111111111112, 0.0, 0.11764705882352941
v1.value=scanner.nextInt(); ,EXPRESSION_STATEMENT, line no: 64,if (v1.value < v2.value && v1.value < v3.value && v1.value < v4.value) {   output+=(String.format("%d is the smallest\n" v1.value)); }  else if (v2.value < v1.value && v2.value < v3.value && v2.value < v4.value) {   output+=(String.format("%d is the smallest\n" v2.value)); }  else if (v3.value < v1.value && v3.value < v2.value && v3.value < v4.value) {   output+=(String.format("%d is the smallest\n" v3.value)); }  else {   output+=(String.format("%d is the smallest\n" v4.value)); } ,IF_STATEMENT, line no: 68, 0.0011752160340842343, insert, 1.0, 1.7142857142857142, 0.0513347022587269
v2.value=scanner.nextInt(); ,EXPRESSION_STATEMENT, line no: 65,if (v1.value < v2.value && v1.value < v3.value && v1.value < v4.value) {   output+=(String.format("%d is the smallest\n" v1.value)); }  else if (v2.value < v1.value && v2.value < v3.value && v2.value < v4.value) {   output+=(String.format("%d is the smallest\n" v2.value)); }  else if (v3.value < v1.value && v3.value < v2.value && v3.value < v4.value) {   output+=(String.format("%d is the smallest\n" v3.value)); }  else {   output+=(String.format("%d is the smallest\n" v4.value)); } ,IF_STATEMENT, line no: 68, 0.0011752160340842343, insert, 1.0, 1.7142857142857142, 0.0513347022587269
v3.value=scanner.nextInt(); ,EXPRESSION_STATEMENT, line no: 66,if (v1.value < v2.value && v1.value < v3.value && v1.value < v4.value) {   output+=(String.format("%d is the smallest\n" v1.value)); }  else if (v2.value < v1.value && v2.value < v3.value && v2.value < v4.value) {   output+=(String.format("%d is the smallest\n" v2.value)); }  else if (v3.value < v1.value && v3.value < v2.value && v3.value < v4.value) {   output+=(String.format("%d is the smallest\n" v3.value)); }  else {   output+=(String.format("%d is the smallest\n" v4.value)); } ,IF_STATEMENT, line no: 68, 0.0011752160340842343, insert, 1.0, 1.7142857142857142, 0.0513347022587269
v4.value=scanner.nextInt(); ,EXPRESSION_STATEMENT, line no: 67,if (v1.value < v2.value && v1.value < v3.value && v1.value < v4.value) {   output+=(String.format("%d is the smallest\n" v1.value)); }  else if (v2.value < v1.value && v2.value < v3.value && v2.value < v4.value) {   output+=(String.format("%d is the smallest\n" v2.value)); }  else if (v3.value < v1.value && v3.value < v2.value && v3.value < v4.value) {   output+=(String.format("%d is the smallest\n" v3.value)); }  else {   output+=(String.format("%d is the smallest\n" v4.value)); } ,IF_STATEMENT, line no: 68, 0.0011752160340842343, insert, 1.0, 1.7142857142857142, 0.0513347022587269
format,SIMPLE_NAME, line no: 77,true,BOOLEAN_LITERAL, line no: 79, 0.001175, insert, 1.0, 0.0, 0.16666666666666666
format,SIMPLE_NAME, line no: 77,System.in,QUALIFIED_NAME, line no: 53, 0.0011666666666666665, insert, 0.6111111111111112, 0.0, 0.1111111111111111
v4.value,QUALIFIED_NAME, line no: 77,System.in,QUALIFIED_NAME, line no: 53, 0.0011666666666666665, insert, 0.6111111111111112, 0.0, 0.1111111111111111
"%d is the smallest\n",STRING_LITERAL, line no: 77,java.util,QUALIFIED_NAME, line no: 44, 0.0011212121212121214, insert, 0.05555555555555555, 0.0, 0.09090909090909091
v4,SIMPLE_NAME, line no: 77,java.util.Scanner,QUALIFIED_NAME, line no: 51, 0.001079721362229102, insert, 0.631578947368421, 0.0, 0.058823529411764705
"%d is the smallest\n",STRING_LITERAL, line no: 77,true,BOOLEAN_LITERAL, line no: 79, 0.0010681818181818184, insert, 1.0, 0.0, 0.09090909090909091
format,SIMPLE_NAME, line no: 63,true,BOOLEAN_LITERAL, line no: 79, 9.992862791195834E-4, insert, 0.9775280898876404, 0.0, 0.16666666666666666
String,SIMPLE_NAME, line no: 63,System.in,QUALIFIED_NAME, line no: 53, 9.973888077292692E-4, insert, 0.10112359550561797, 0.0, 0.4444444444444444
scanner,SIMPLE_NAME, line no: 64,true,BOOLEAN_LITERAL, line no: 79, 9.747084465886698E-4, insert, 0.9830508474576272, 0.0, 0.14285714285714285
nextInt,SIMPLE_NAME, line no: 64,true,BOOLEAN_LITERAL, line no: 79, 9.747084465886698E-4, insert, 0.9830508474576272, 0.0, 0.14285714285714285
scanner,SIMPLE_NAME, line no: 65,true,BOOLEAN_LITERAL, line no: 79, 9.747084465886698E-4, insert, 0.9830508474576272, 0.0, 0.14285714285714285
nextInt,SIMPLE_NAME, line no: 65,true,BOOLEAN_LITERAL, line no: 79, 9.747084465886698E-4, insert, 0.9830508474576272, 0.0, 0.14285714285714285
scanner,SIMPLE_NAME, line no: 66,true,BOOLEAN_LITERAL, line no: 79, 9.747084465886698E-4, insert, 0.9830508474576272, 0.0, 0.14285714285714285
nextInt,SIMPLE_NAME, line no: 66,true,BOOLEAN_LITERAL, line no: 79, 9.747084465886698E-4, insert, 0.9830508474576272, 0.0, 0.14285714285714285
scanner,SIMPLE_NAME, line no: 67,true,BOOLEAN_LITERAL, line no: 79, 9.747084465886698E-4, insert, 0.9830508474576272, 0.0, 0.14285714285714285
nextInt,SIMPLE_NAME, line no: 67,true,BOOLEAN_LITERAL, line no: 79, 9.747084465886698E-4, insert, 0.9830508474576272, 0.0, 0.14285714285714285
"Please enter 4 numbers separated by spaces > ",STRING_LITERAL, line no: 63,java,SIMPLE_NAME, line no: 44, 9.551786094687932E-4, insert, 0.011235955056179775, 0.0, 0.0425531914893617
"Please enter 4 numbers separated by spaces > ",STRING_LITERAL, line no: 63,util,SIMPLE_NAME, line no: 44, 9.551786094687932E-4, insert, 0.011235955056179775, 0.0, 0.0425531914893617
scanner,SIMPLE_NAME, line no: 64,mainClass.scanner,QUALIFIED_NAME, line no: 51, 9.271134370025334E-4, insert, 0.0847457627118644, 1.0, 0.4117647058823529
scanner,SIMPLE_NAME, line no: 65,mainClass.scanner,QUALIFIED_NAME, line no: 51, 9.271134370025334E-4, insert, 0.0847457627118644, 1.0, 0.4117647058823529
scanner,SIMPLE_NAME, line no: 66,mainClass.scanner,QUALIFIED_NAME, line no: 51, 9.271134370025334E-4, insert, 0.0847457627118644, 1.0, 0.4117647058823529
scanner,SIMPLE_NAME, line no: 67,mainClass.scanner,QUALIFIED_NAME, line no: 51, 9.271134370025334E-4, insert, 0.0847457627118644, 1.0, 0.4117647058823529
nextInt,SIMPLE_NAME, line no: 64,args.length,QUALIFIED_NAME, line no: 50, 9.204021914642783E-4, insert, 0.2994350282485876, 0.0, 0.2727272727272727
nextInt,SIMPLE_NAME, line no: 65,args.length,QUALIFIED_NAME, line no: 50, 9.204021914642783E-4, insert, 0.2994350282485876, 0.0, 0.2727272727272727
nextInt,SIMPLE_NAME, line no: 66,args.length,QUALIFIED_NAME, line no: 50, 9.204021914642783E-4, insert, 0.2994350282485876, 0.0, 0.2727272727272727
nextInt,SIMPLE_NAME, line no: 67,args.length,QUALIFIED_NAME, line no: 50, 9.204021914642783E-4, insert, 0.2994350282485876, 0.0, 0.2727272727272727
String,SIMPLE_NAME, line no: 63,args.length,QUALIFIED_NAME, line no: 50, 9.182169245436641E-4, insert, 0.29775280898876405, 0.0, 0.2727272727272727
"Please enter 4 numbers separated by spaces > ",STRING_LITERAL, line no: 63,true,BOOLEAN_LITERAL, line no: 79, 8.99693357684373E-4, insert, 0.9775280898876404, 0.0, 0.0851063829787234
scanner,SIMPLE_NAME, line no: 64,java.util.Scanner,QUALIFIED_NAME, line no: 51, 8.198316260152786E-4, insert, 0.0903954802259887, 0.0, 0.35294117647058826
scanner,SIMPLE_NAME, line no: 65,java.util.Scanner,QUALIFIED_NAME, line no: 51, 8.198316260152786E-4, insert, 0.0903954802259887, 0.0, 0.35294117647058826
scanner,SIMPLE_NAME, line no: 66,java.util.Scanner,QUALIFIED_NAME, line no: 51, 8.198316260152786E-4, insert, 0.0903954802259887, 0.0, 0.35294117647058826
scanner,SIMPLE_NAME, line no: 67,java.util.Scanner,QUALIFIED_NAME, line no: 51, 8.198316260152786E-4, insert, 0.0903954802259887, 0.0, 0.35294117647058826
scanner,SIMPLE_NAME, line no: 64,System.out,QUALIFIED_NAME, line no: 56, 7.786889435722792E-4, insert, 0.2994350282485876, 0.0, 0.2
nextInt,SIMPLE_NAME, line no: 64,System.out,QUALIFIED_NAME, line no: 56, 7.786889435722792E-4, insert, 0.2994350282485876, 0.0, 0.2
scanner,SIMPLE_NAME, line no: 65,System.out,QUALIFIED_NAME, line no: 56, 7.786889435722792E-4, insert, 0.2994350282485876, 0.0, 0.2
nextInt,SIMPLE_NAME, line no: 65,System.out,QUALIFIED_NAME, line no: 56, 7.786889435722792E-4, insert, 0.2994350282485876, 0.0, 0.2
scanner,SIMPLE_NAME, line no: 66,System.out,QUALIFIED_NAME, line no: 56, 7.786889435722792E-4, insert, 0.2994350282485876, 0.0, 0.2
nextInt,SIMPLE_NAME, line no: 66,System.out,QUALIFIED_NAME, line no: 56, 7.786889435722792E-4, insert, 0.2994350282485876, 0.0, 0.2
scanner,SIMPLE_NAME, line no: 67,System.out,QUALIFIED_NAME, line no: 56, 7.786889435722792E-4, insert, 0.2994350282485876, 0.0, 0.2
nextInt,SIMPLE_NAME, line no: 67,System.out,QUALIFIED_NAME, line no: 56, 7.786889435722792E-4, insert, 0.2994350282485876, 0.0, 0.2
String,SIMPLE_NAME, line no: 63,System.out,QUALIFIED_NAME, line no: 56, 7.765036766516653E-4, insert, 0.29775280898876405, 0.0, 0.2
format,SIMPLE_NAME, line no: 63,System.out,QUALIFIED_NAME, line no: 56, 7.765036766516653E-4, insert, 0.29775280898876405, 0.0, 0.2
nextInt,SIMPLE_NAME, line no: 64,mainClass.output,QUALIFIED_NAME, line no: 56, 7.543319790908418E-4, insert, 0.2994350282485876, 0.0, 0.1875
nextInt,SIMPLE_NAME, line no: 65,mainClass.output,QUALIFIED_NAME, line no: 56, 7.543319790908418E-4, insert, 0.2994350282485876, 0.0, 0.1875
nextInt,SIMPLE_NAME, line no: 66,mainClass.output,QUALIFIED_NAME, line no: 56, 7.543319790908418E-4, insert, 0.2994350282485876, 0.0, 0.1875
nextInt,SIMPLE_NAME, line no: 67,mainClass.output,QUALIFIED_NAME, line no: 56, 7.543319790908418E-4, insert, 0.2994350282485876, 0.0, 0.1875
format,SIMPLE_NAME, line no: 63,mainClass.output,QUALIFIED_NAME, line no: 56, 7.521467121702278E-4, insert, 0.29775280898876405, 0.0, 0.1875
"Please enter 4 numbers separated by spaces > ",STRING_LITERAL, line no: 63,in,SIMPLE_NAME, line no: 53, 7.517009409659432E-4, insert, 0.10674157303370786, 0.0, 0.02127659574468085
scanner,SIMPLE_NAME, line no: 64,args.length,QUALIFIED_NAME, line no: 50, 7.432606315992794E-4, insert, 0.2994350282485876, 0.0, 0.18181818181818182
scanner,SIMPLE_NAME, line no: 65,args.length,QUALIFIED_NAME, line no: 50, 7.432606315992794E-4, insert, 0.2994350282485876, 0.0, 0.18181818181818182
scanner,SIMPLE_NAME, line no: 66,args.length,QUALIFIED_NAME, line no: 50, 7.432606315992794E-4, insert, 0.2994350282485876, 0.0, 0.18181818181818182
scanner,SIMPLE_NAME, line no: 67,args.length,QUALIFIED_NAME, line no: 50, 7.432606315992794E-4, insert, 0.2994350282485876, 0.0, 0.18181818181818182
format,SIMPLE_NAME, line no: 63,args.length,QUALIFIED_NAME, line no: 50, 7.410753646786654E-4, insert, 0.29775280898876405, 0.0, 0.18181818181818182
output+=(String.format("%d is the smallest\n" v4.value)); ,EXPRESSION_STATEMENT, line no: 77,value=i; ,EXPRESSION_STATEMENT, line no: 7, 7.001231527093597E-4, insert, 0.2857142857142857, 0.3333333333333333, 0.1206896551724138
output+=(String.format("Please enter 4 numbers separated by spaces > ")); ,EXPRESSION_STATEMENT, line no: 62,if (args.length > 0) {   mainClass.scanner=new java.util.Scanner(args[0]); }  else {   mainClass.scanner=new java.util.Scanner(System.in); } ,IF_STATEMENT, line no: 50, 6.796933348821463E-4, insert, 0.29310344827586204, 0.0, 0.2198581560283688
"Please enter 4 numbers separated by spaces > ",STRING_LITERAL, line no: 63,mainClass.output,QUALIFIED_NAME, line no: 56, 6.355442226314321E-4, insert, 0.29775280898876405, 0.0, 0.1276595744680851
scanner,SIMPLE_NAME, line no: 64,mainClass.output,QUALIFIED_NAME, line no: 56, 6.325471566836552E-4, insert, 0.2994350282485876, 0.0, 0.125
scanner,SIMPLE_NAME, line no: 65,mainClass.output,QUALIFIED_NAME, line no: 56, 6.325471566836552E-4, insert, 0.2994350282485876, 0.0, 0.125
scanner,SIMPLE_NAME, line no: 66,mainClass.output,QUALIFIED_NAME, line no: 56, 6.325471566836552E-4, insert, 0.2994350282485876, 0.0, 0.125
scanner,SIMPLE_NAME, line no: 67,mainClass.output,QUALIFIED_NAME, line no: 56, 6.325471566836552E-4, insert, 0.2994350282485876, 0.0, 0.125
String,SIMPLE_NAME, line no: 63,mainClass.output,QUALIFIED_NAME, line no: 56, 6.303618897630412E-4, insert, 0.29775280898876405, 0.0, 0.125
"Please enter 4 numbers separated by spaces > ",STRING_LITERAL, line no: 63,args.length,QUALIFIED_NAME, line no: 50, 5.940855596843047E-4, insert, 0.29775280898876405, 0.0, 0.10638297872340426
"Please enter 4 numbers separated by spaces > ",STRING_LITERAL, line no: 63,System.out,QUALIFIED_NAME, line no: 56, 5.940855596843047E-4, insert, 0.29775280898876405, 0.0, 0.10638297872340426
String,SIMPLE_NAME, line no: 63,java.util,QUALIFIED_NAME, line no: 44, 5.716740727228738E-4, insert, 0.0056179775280898875, 0.0, 0.2222222222222222
format,SIMPLE_NAME, line no: 63,java.util,QUALIFIED_NAME, line no: 44, 5.716740727228738E-4, insert, 0.0056179775280898875, 0.0, 0.2222222222222222
scanner,SIMPLE_NAME, line no: 64,System.in,QUALIFIED_NAME, line no: 53, 5.65118271961032E-4, insert, 0.1016949152542373, 0.0, 0.2222222222222222
nextInt,SIMPLE_NAME, line no: 64,System.in,QUALIFIED_NAME, line no: 53, 5.65118271961032E-4, insert, 0.1016949152542373, 0.0, 0.2222222222222222
scanner,SIMPLE_NAME, line no: 65,System.in,QUALIFIED_NAME, line no: 53, 5.65118271961032E-4, insert, 0.1016949152542373, 0.0, 0.2222222222222222
nextInt,SIMPLE_NAME, line no: 65,System.in,QUALIFIED_NAME, line no: 53, 5.65118271961032E-4, insert, 0.1016949152542373, 0.0, 0.2222222222222222
scanner,SIMPLE_NAME, line no: 66,System.in,QUALIFIED_NAME, line no: 53, 5.65118271961032E-4, insert, 0.1016949152542373, 0.0, 0.2222222222222222
nextInt,SIMPLE_NAME, line no: 66,System.in,QUALIFIED_NAME, line no: 53, 5.65118271961032E-4, insert, 0.1016949152542373, 0.0, 0.2222222222222222
scanner,SIMPLE_NAME, line no: 67,System.in,QUALIFIED_NAME, line no: 53, 5.65118271961032E-4, insert, 0.1016949152542373, 0.0, 0.2222222222222222
nextInt,SIMPLE_NAME, line no: 67,System.in,QUALIFIED_NAME, line no: 53, 5.65118271961032E-4, insert, 0.1016949152542373, 0.0, 0.2222222222222222
v1.value=scanner.nextInt(); ,EXPRESSION_STATEMENT, line no: 64,if (args.length > 0) {   mainClass.scanner=new java.util.Scanner(args[0]); }  else {   mainClass.scanner=new java.util.Scanner(System.in); } ,IF_STATEMENT, line no: 50, 5.52000653004994E-4, insert, 0.29310344827586204, 0.5, 0.14184397163120568
v2.value=scanner.nextInt(); ,EXPRESSION_STATEMENT, line no: 65,if (args.length > 0) {   mainClass.scanner=new java.util.Scanner(args[0]); }  else {   mainClass.scanner=new java.util.Scanner(System.in); } ,IF_STATEMENT, line no: 50, 5.52000653004994E-4, insert, 0.29310344827586204, 0.5, 0.14184397163120568
v3.value=scanner.nextInt(); ,EXPRESSION_STATEMENT, line no: 66,if (args.length > 0) {   mainClass.scanner=new java.util.Scanner(args[0]); }  else {   mainClass.scanner=new java.util.Scanner(System.in); } ,IF_STATEMENT, line no: 50, 5.52000653004994E-4, insert, 0.29310344827586204, 0.5, 0.14184397163120568
v4.value=scanner.nextInt(); ,EXPRESSION_STATEMENT, line no: 67,if (args.length > 0) {   mainClass.scanner=new java.util.Scanner(args[0]); }  else {   mainClass.scanner=new java.util.Scanner(System.in); } ,IF_STATEMENT, line no: 50, 5.52000653004994E-4, insert, 0.29310344827586204, 0.5, 0.14184397163120568
String,SIMPLE_NAME, line no: 63,java.util.Scanner,QUALIFIED_NAME, line no: 51, 4.752264319180635E-4, insert, 0.0898876404494382, 0.0, 0.17647058823529413
"Please enter 4 numbers separated by spaces > ",STRING_LITERAL, line no: 63,mainClass.scanner,QUALIFIED_NAME, line no: 51, 4.1427607768889827E-4, insert, 0.08426966292134831, 0.0, 0.14893617021276595
"Please enter 4 numbers separated by spaces > ",STRING_LITERAL, line no: 63,java.util.Scanner,QUALIFIED_NAME, line no: 51, 3.8011538162759486E-4, insert, 0.0898876404494382, 0.0, 0.1276595744680851
nextInt,SIMPLE_NAME, line no: 64,java.util.Scanner,QUALIFIED_NAME, line no: 51, 3.613475887176347E-4, insert, 0.0903954802259887, 0.0, 0.11764705882352941
nextInt,SIMPLE_NAME, line no: 65,java.util.Scanner,QUALIFIED_NAME, line no: 51, 3.613475887176347E-4, insert, 0.0903954802259887, 0.0, 0.11764705882352941
nextInt,SIMPLE_NAME, line no: 66,java.util.Scanner,QUALIFIED_NAME, line no: 51, 3.613475887176347E-4, insert, 0.0903954802259887, 0.0, 0.11764705882352941
nextInt,SIMPLE_NAME, line no: 67,java.util.Scanner,QUALIFIED_NAME, line no: 51, 3.613475887176347E-4, insert, 0.0903954802259887, 0.0, 0.11764705882352941
format,SIMPLE_NAME, line no: 63,java.util.Scanner,QUALIFIED_NAME, line no: 51, 3.6060542259365257E-4, insert, 0.0898876404494382, 0.0, 0.11764705882352941
scanner,SIMPLE_NAME, line no: 64,java.util,QUALIFIED_NAME, line no: 44, 3.559511193520786E-4, insert, 0.005649717514124294, 0.0, 0.1111111111111111
nextInt,SIMPLE_NAME, line no: 64,java.util,QUALIFIED_NAME, line no: 44, 3.559511193520786E-4, insert, 0.005649717514124294, 0.0, 0.1111111111111111
scanner,SIMPLE_NAME, line no: 65,java.util,QUALIFIED_NAME, line no: 44, 3.559511193520786E-4, insert, 0.005649717514124294, 0.0, 0.1111111111111111
nextInt,SIMPLE_NAME, line no: 65,java.util,QUALIFIED_NAME, line no: 44, 3.559511193520786E-4, insert, 0.005649717514124294, 0.0, 0.1111111111111111
scanner,SIMPLE_NAME, line no: 66,java.util,QUALIFIED_NAME, line no: 44, 3.559511193520786E-4, insert, 0.005649717514124294, 0.0, 0.1111111111111111
nextInt,SIMPLE_NAME, line no: 66,java.util,QUALIFIED_NAME, line no: 44, 3.559511193520786E-4, insert, 0.005649717514124294, 0.0, 0.1111111111111111
scanner,SIMPLE_NAME, line no: 67,java.util,QUALIFIED_NAME, line no: 44, 3.559511193520786E-4, insert, 0.005649717514124294, 0.0, 0.1111111111111111
nextInt,SIMPLE_NAME, line no: 67,java.util,QUALIFIED_NAME, line no: 44, 3.559511193520786E-4, insert, 0.005649717514124294, 0.0, 0.1111111111111111
nextInt,SIMPLE_NAME, line no: 64,mainClass.scanner,QUALIFIED_NAME, line no: 51, 3.540083903804784E-4, insert, 0.0847457627118644, 0.0, 0.11764705882352941
nextInt,SIMPLE_NAME, line no: 65,mainClass.scanner,QUALIFIED_NAME, line no: 51, 3.540083903804784E-4, insert, 0.0847457627118644, 0.0, 0.11764705882352941
nextInt,SIMPLE_NAME, line no: 66,mainClass.scanner,QUALIFIED_NAME, line no: 51, 3.540083903804784E-4, insert, 0.0847457627118644, 0.0, 0.11764705882352941
nextInt,SIMPLE_NAME, line no: 67,mainClass.scanner,QUALIFIED_NAME, line no: 51, 3.540083903804784E-4, insert, 0.0847457627118644, 0.0, 0.11764705882352941
String,SIMPLE_NAME, line no: 63,mainClass.scanner,QUALIFIED_NAME, line no: 51, 3.5330745570782865E-4, insert, 0.08426966292134831, 0.0, 0.11764705882352941
format,SIMPLE_NAME, line no: 63,mainClass.scanner,QUALIFIED_NAME, line no: 51, 3.5330745570782865E-4, insert, 0.08426966292134831, 0.0, 0.11764705882352941
format,SIMPLE_NAME, line no: 63,System.in,QUALIFIED_NAME, line no: 53, 3.4786975489094023E-4, insert, 0.10112359550561797, 0.0, 0.1111111111111111
"Please enter 4 numbers separated by spaces > ",STRING_LITERAL, line no: 63,System.in,QUALIFIED_NAME, line no: 53, 2.9719805573334007E-4, insert, 0.10112359550561797, 0.0, 0.0851063829787234
"Please enter 4 numbers separated by spaces > ",STRING_LITERAL, line no: 63,java.util,QUALIFIED_NAME, line no: 44, 2.630373596720366E-4, insert, 0.0056179775280898875, 0.0, 0.06382978723404255
