output+=(String.format("Enter an integer > ")); ,EXPRESSION_STATEMENT, line no: 61,output+=(String.format("Enter an integer > ")); ,EXPRESSION_STATEMENT, line no: 61, 0.04075, insert, 1.0, 1.0, 1.0
input.value=scanner.nextInt(); ,EXPRESSION_STATEMENT, line no: 62,input.value=scanner.nextInt(); ,EXPRESSION_STATEMENT, line no: 62, 0.04075, insert, 1.0, 3.0, 1.0
output+=(String.format("\n%d\nThat's all  have a nice day!" input.value)); ,EXPRESSION_STATEMENT, line no: 68,output+=(String.format("\n%d\nThat's all  have a nice day!" input.value)); ,EXPRESSION_STATEMENT, line no: 68, 0.04075, insert, 1.0, 3.0, 1.0
output+=(String.format("Enter an integer > ")); ,EXPRESSION_STATEMENT, line no: 61,output+=(String.format("\n%d\nThat's all  have a nice day!" input.value)); ,EXPRESSION_STATEMENT, line no: 68, 0.029013999999999998, insert, 1.0, 1.0, 0.52
output+=(String.format("\n%d\nThat's all  have a nice day!" input.value)); ,EXPRESSION_STATEMENT, line no: 68,output+=(String.format("Enter an integer > ")); ,EXPRESSION_STATEMENT, line no: 61, 0.029013999999999998, insert, 1.0, 0.3333333333333333, 0.52
output+=(String.format("Enter an integer > ")); ,EXPRESSION_STATEMENT, line no: 61,input.value=scanner.nextInt(); ,EXPRESSION_STATEMENT, line no: 62, 0.023431250000000004, insert, 1.0, 0.0, 0.2916666666666667
input.value=scanner.nextInt(); ,EXPRESSION_STATEMENT, line no: 62,output+=(String.format("Enter an integer > ")); ,EXPRESSION_STATEMENT, line no: 61, 0.023431250000000004, insert, 1.0, 0.0, 0.2916666666666667
output+=(String.format("Enter an integer > ")); ,EXPRESSION_STATEMENT, line no: 61,output+=(String.format("\n%d" digits.value)); ,EXPRESSION_STATEMENT, line no: 65, 0.022987179487179488, insert, 0.41025641025641024, 1.0, 0.6666666666666666
input.value=scanner.nextInt(); ,EXPRESSION_STATEMENT, line no: 62,output+=(String.format("\n%d\nThat's all  have a nice day!" input.value)); ,EXPRESSION_STATEMENT, line no: 68, 0.02119, insert, 1.0, 1.5, 0.2
output+=(String.format("\n%d\nThat's all  have a nice day!" input.value)); ,EXPRESSION_STATEMENT, line no: 68,input.value=scanner.nextInt(); ,EXPRESSION_STATEMENT, line no: 62, 0.02119, insert, 1.0, 1.5, 0.2
output+=(String.format("\n%d\nThat's all  have a nice day!" input.value)); ,EXPRESSION_STATEMENT, line no: 68,output+=(String.format("\n%d" digits.value)); ,EXPRESSION_STATEMENT, line no: 65, 0.02037917948717949, insert, 0.41025641025641024, 1.5, 0.56
input.value=scanner.nextInt(); ,EXPRESSION_STATEMENT, line no: 62,input.value=input.value / 10; ,EXPRESSION_STATEMENT, line no: 66, 0.02009524400330852, insert, 0.41025641025641024, 1.3333333333333333, 0.5483870967741935
input.value=scanner.nextInt(); ,EXPRESSION_STATEMENT, line no: 62,mainClass.exec(); ,EXPRESSION_STATEMENT, line no: 55, 0.019124524400330856, insert, 0.6410256410256411, 0.0, 0.3548387096774194
output+=(String.format("Enter an integer > ")); ,EXPRESSION_STATEMENT, line no: 61,System.out.println(mainClass.output); ,EXPRESSION_STATEMENT, line no: 56, 0.018598717948717952, insert, 0.6410256410256411, 1.0, 0.3333333333333333
input.value=scanner.nextInt(); ,EXPRESSION_STATEMENT, line no: 62,System.out.println(mainClass.output); ,EXPRESSION_STATEMENT, line no: 56, 0.018169770580296896, insert, 0.6410256410256411, 0.0, 0.3157894736842105
input.value=scanner.nextInt(); ,EXPRESSION_STATEMENT, line no: 62,digits.value=input.value % 10; ,EXPRESSION_STATEMENT, line no: 64, 0.017729114971050456, insert, 0.41025641025641024, 1.5, 0.45161290322580644
String,SIMPLE_NAME, line no: 65,String,SIMPLE_NAME, line no: 49, 0.016730553743717767, insert, 0.8055555555555556, 0.0, 1.0
format,SIMPLE_NAME, line no: 65,format,SIMPLE_NAME, line no: 61, 0.016730553743717767, insert, 1.0, 0.0, 1.0
digits,SIMPLE_NAME, line no: 65,digits,SIMPLE_NAME, line no: 60, 0.016730553743717767, insert, 1.0, 1.0, 1.0
value,SIMPLE_NAME, line no: 65,value,SIMPLE_NAME, line no: 7, 0.016730553743717767, insert, 0.16216216216216217, 1.0, 1.0
output+=(String.format("\n%d\nThat's all  have a nice day!" input.value)); ,EXPRESSION_STATEMENT, line no: 68,System.out.println(mainClass.output); ,EXPRESSION_STATEMENT, line no: 56, 0.01664271794871795, insert, 0.6410256410256411, 0.5, 0.25333333333333335
String,SIMPLE_NAME, line no: 61,String,SIMPLE_NAME, line no: 49, 0.01565, insert, 0.6097560975609756, 0.0, 1.0
format,SIMPLE_NAME, line no: 61,format,SIMPLE_NAME, line no: 61, 0.01565, insert, 1.0, 0.0, 1.0
scanner,SIMPLE_NAME, line no: 62,scanner,SIMPLE_NAME, line no: 51, 0.01565, insert, 0.20987654320987653, 1.0, 1.0
nextInt,SIMPLE_NAME, line no: 62,nextInt,SIMPLE_NAME, line no: 62, 0.01565, insert, 1.0, 0.0, 1.0
String,SIMPLE_NAME, line no: 69,String,SIMPLE_NAME, line no: 49, 0.01565, insert, 0.6097560975609756, 0.0, 1.0
format,SIMPLE_NAME, line no: 69,format,SIMPLE_NAME, line no: 61, 0.01565, insert, 1.0, 0.0, 1.0
input,SIMPLE_NAME, line no: 69,input,SIMPLE_NAME, line no: 60, 0.01565, insert, 0.9397590361445783, 1.0, 1.0
value,SIMPLE_NAME, line no: 69,value,SIMPLE_NAME, line no: 7, 0.01565, insert, 0.07228915662650602, 1.0, 1.0
output+=(String.format("Enter an integer > ")); ,EXPRESSION_STATEMENT, line no: 61,mainClass.exec(); ,EXPRESSION_STATEMENT, line no: 55, 0.01503309294871795, insert, 0.6410256410256411, 0.0, 0.1875
output+=(String.format("Enter an integer > ")); ,EXPRESSION_STATEMENT, line no: 61,input.value=input.value / 10; ,EXPRESSION_STATEMENT, line no: 66, 0.013818429487179488, insert, 0.41025641025641024, 0.0, 0.2916666666666667
output+=(String.format("\n%d\nThat's all  have a nice day!" input.value)); ,EXPRESSION_STATEMENT, line no: 68,mainClass.exec(); ,EXPRESSION_STATEMENT, line no: 55, 0.013708717948717952, insert, 0.6410256410256411, 0.0, 0.13333333333333333
output+=(String.format("Enter an integer > ")); ,EXPRESSION_STATEMENT, line no: 61,digits.value=input.value % 10; ,EXPRESSION_STATEMENT, line no: 64, 0.013309054487179485, insert, 0.41025641025641024, 0.0, 0.2708333333333333
output+=(String.format("\n%d\nThat's all  have a nice day!" input.value)); ,EXPRESSION_STATEMENT, line no: 68,digits.value=input.value % 10; ,EXPRESSION_STATEMENT, line no: 64, 0.013207179487179487, insert, 0.41025641025641024, 1.5, 0.26666666666666666
output+=(String.format("\n%d\nThat's all  have a nice day!" input.value)); ,EXPRESSION_STATEMENT, line no: 68,input.value=input.value / 10; ,EXPRESSION_STATEMENT, line no: 66, 0.013207179487179487, insert, 0.41025641025641024, 1.3333333333333333, 0.26666666666666666
input.value=scanner.nextInt(); ,EXPRESSION_STATEMENT, line no: 62,output+=(String.format("\n%d" digits.value)); ,EXPRESSION_STATEMENT, line no: 65, 0.013065440356744703, insert, 0.41025641025641024, 0.6000000000000001, 0.2608695652173913
input.value=scanner.nextInt(); ,EXPRESSION_STATEMENT, line no: 62,mainClass.scanner=new java.util.Scanner(args[0]); ,EXPRESSION_STATEMENT, line no: 51, 0.011727641025641026, insert, 0.1794871794871795, 0.5, 0.36
digits.value,QUALIFIED_NAME, line no: 65,digits,SIMPLE_NAME, line no: 60, 0.011711387620602436, insert, 1.0, 0.5, 0.5
input.value=scanner.nextInt(); ,EXPRESSION_STATEMENT, line no: 62,mainClass.scanner=new java.util.Scanner(System.in); ,EXPRESSION_STATEMENT, line no: 53, 0.011598076923076923, insert, 0.19230769230769232, 0.5, 0.34615384615384615
digits.value,QUALIFIED_NAME, line no: 65,value,SIMPLE_NAME, line no: 7, 0.01087485993341655, insert, 0.16666666666666666, 0.5, 0.4166666666666667
output+=(String.format("Enter an integer > ")); ,EXPRESSION_STATEMENT, line no: 61,mainClass.scanner=new java.util.Scanner(args[0]); ,EXPRESSION_STATEMENT, line no: 51, 0.010749641025641027, insert, 0.1794871794871795, 0.0, 0.32
input,SIMPLE_NAME, line no: 69,output,SIMPLE_NAME, line no: 49, 0.010728734939759036, insert, 0.6144578313253012, 0.0, 0.5
output+=(String.format("Enter an integer > ")); ,EXPRESSION_STATEMENT, line no: 61,mainClass.scanner=new java.util.Scanner(System.in); ,EXPRESSION_STATEMENT, line no: 53, 0.010657692307692309, insert, 0.19230769230769232, 0.0, 0.3076923076923077
input.value,QUALIFIED_NAME, line no: 69,value,SIMPLE_NAME, line no: 7, 0.010528181818181818, insert, 0.07317073170731707, 0.5, 0.45454545454545453
input.value,QUALIFIED_NAME, line no: 69,input,SIMPLE_NAME, line no: 60, 0.010528181818181818, insert, 0.9512195121951219, 0.5, 0.45454545454545453
nextInt,SIMPLE_NAME, line no: 62,IntObj,SIMPLE_NAME, line no: 60, 0.010052433862433862, insert, 0.9629629629629629, 0.0, 0.42857142857142855
String,SIMPLE_NAME, line no: 65,input,SIMPLE_NAME, line no: 60, 0.01003833224623066, insert, 1.0, 0.0, 0.3333333333333333
String,SIMPLE_NAME, line no: 65,digits,SIMPLE_NAME, line no: 60, 0.01003833224623066, insert, 1.0, 0.0, 0.3333333333333333
format,SIMPLE_NAME, line no: 65,output,SIMPLE_NAME, line no: 49, 0.01003833224623066, insert, 0.8055555555555556, 0.0, 0.3333333333333333
digits,SIMPLE_NAME, line no: 65,String,SIMPLE_NAME, line no: 49, 0.01003833224623066, insert, 0.8108108108108109, 0.0, 0.3333333333333333
digits,SIMPLE_NAME, line no: 65,input,SIMPLE_NAME, line no: 60, 0.01003833224623066, insert, 1.0, 0.0, 0.3333333333333333
String,SIMPLE_NAME, line no: 65,println,SIMPLE_NAME, line no: 56, 0.009693098597550768, insert, 0.8055555555555556, 0.0, 0.42857142857142855
String,SIMPLE_NAME, line no: 65,nextInt,SIMPLE_NAME, line no: 62, 0.00956031642498158, insert, 1.0, 0.0, 0.2857142857142857
value,SIMPLE_NAME, line no: 65,scanner,SIMPLE_NAME, line no: 51, 0.00956031642498158, insert, 0.40540540540540543, 0.0, 0.2857142857142857
scanner,SIMPLE_NAME, line no: 62,Scanner,SIMPLE_NAME, line no: 44, 0.009516966490299825, insert, 0.012345679012345678, 0.0, 0.8571428571428571
String,SIMPLE_NAME, line no: 61,input,SIMPLE_NAME, line no: 60, 0.00939, insert, 0.9512195121951219, 0.0, 0.3333333333333333
String,SIMPLE_NAME, line no: 69,input,SIMPLE_NAME, line no: 60, 0.00939, insert, 0.9512195121951219, 0.0, 0.3333333333333333
output+=(String.format("\n%d\nThat's all  have a nice day!" input.value)); ,EXPRESSION_STATEMENT, line no: 68,mainClass.scanner=new java.util.Scanner(System.in); ,EXPRESSION_STATEMENT, line no: 53, 0.009328615384615385, insert, 0.19230769230769232, 0.0, 0.25333333333333335
input,SIMPLE_NAME, line no: 69,String,SIMPLE_NAME, line no: 49, 0.00931457831325301, insert, 0.6144578313253012, 0.0, 0.3333333333333333
format,SIMPLE_NAME, line no: 61,output,SIMPLE_NAME, line no: 49, 0.009237317073170732, insert, 0.6097560975609756, 0.0, 0.3333333333333333
format,SIMPLE_NAME, line no: 69,output,SIMPLE_NAME, line no: 49, 0.009237317073170732, insert, 0.6097560975609756, 0.0, 0.3333333333333333
digits.value,QUALIFIED_NAME, line no: 65,scanner,SIMPLE_NAME, line no: 51, 0.009201804559044773, insert, 0.4166666666666667, 0.0, 0.25
output+=(String.format("\n%d\nThat's all  have a nice day!" input.value)); ,EXPRESSION_STATEMENT, line no: 68,mainClass.scanner=new java.util.Scanner(args[0]); ,EXPRESSION_STATEMENT, line no: 51, 0.009119641025641025, insert, 0.1794871794871795, 0.0, 0.25333333333333335
String,SIMPLE_NAME, line no: 61,digits,SIMPLE_NAME, line no: 60, 0.009084634146341463, insert, 0.9512195121951219, 0.0, 0.3333333333333333
String,SIMPLE_NAME, line no: 69,digits,SIMPLE_NAME, line no: 60, 0.009084634146341463, insert, 0.9512195121951219, 0.0, 0.3333333333333333
input,SIMPLE_NAME, line no: 69,IntObj,SIMPLE_NAME, line no: 60, 0.009012891566265061, insert, 0.9397590361445783, 0.0, 0.3333333333333333
input,SIMPLE_NAME, line no: 69,digits,SIMPLE_NAME, line no: 60, 0.009012891566265061, insert, 0.9397590361445783, 0.0, 0.3333333333333333
digits,SIMPLE_NAME, line no: 65,args,SIMPLE_NAME, line no: 50, 0.008953107138530047, insert, 0.8378378378378378, 0.0, 0.3333333333333333
digits,SIMPLE_NAME, line no: 65,length,SIMPLE_NAME, line no: 50, 0.008953107138530047, insert, 0.8378378378378378, 0.0, 0.3333333333333333
value,SIMPLE_NAME, line no: 65,length,SIMPLE_NAME, line no: 50, 0.008953107138530047, insert, 0.8378378378378378, 0.0, 0.3333333333333333
scanner,SIMPLE_NAME, line no: 62,value,SIMPLE_NAME, line no: 7, 0.008942857142857143, insert, 0.07407407407407407, 0.0, 0.2857142857142857
scanner,SIMPLE_NAME, line no: 62,nextInt,SIMPLE_NAME, line no: 62, 0.008942857142857143, insert, 1.0, 0.0, 0.2857142857142857
nextInt,SIMPLE_NAME, line no: 62,String,SIMPLE_NAME, line no: 49, 0.008942857142857143, insert, 0.6172839506172839, 0.0, 0.2857142857142857
nextInt,SIMPLE_NAME, line no: 62,scanner,SIMPLE_NAME, line no: 51, 0.008942857142857143, insert, 0.20987654320987653, 0.0, 0.2857142857142857
nextInt,SIMPLE_NAME, line no: 62,input,SIMPLE_NAME, line no: 60, 0.008942857142857143, insert, 0.9629629629629629, 0.0, 0.2857142857142857
String,SIMPLE_NAME, line no: 65,args,SIMPLE_NAME, line no: 50, 0.008922961996649475, insert, 0.8333333333333334, 0.0, 0.3333333333333333
String,SIMPLE_NAME, line no: 65,length,SIMPLE_NAME, line no: 50, 0.008922961996649475, insert, 0.8333333333333334, 0.0, 0.3333333333333333
String,SIMPLE_NAME, line no: 61,nextInt,SIMPLE_NAME, line no: 62, 0.00886651567944251, insert, 0.9878048780487805, 0.0, 0.2857142857142857
String,SIMPLE_NAME, line no: 69,nextInt,SIMPLE_NAME, line no: 62, 0.00886651567944251, insert, 0.9878048780487805, 0.0, 0.2857142857142857
nextInt,SIMPLE_NAME, line no: 62,output,SIMPLE_NAME, line no: 49, 0.008865573192239858, insert, 0.6172839506172839, 0.0, 0.2857142857142857
input,SIMPLE_NAME, line no: 69,nextInt,SIMPLE_NAME, line no: 62, 0.008792013769363168, insert, 0.9759036144578314, 0.0, 0.2857142857142857
value,SIMPLE_NAME, line no: 69,scanner,SIMPLE_NAME, line no: 51, 0.008792013769363168, insert, 0.20481927710843373, 0.0, 0.2857142857142857
String,SIMPLE_NAME, line no: 65,System,SIMPLE_NAME, line no: 53, 0.008737066955052612, insert, 0.4444444444444444, 0.0, 0.3333333333333333
format,SIMPLE_NAME, line no: 65,out,SIMPLE_NAME, line no: 56, 0.008737066955052612, insert, 0.8055555555555556, 0.0, 0.3333333333333333
value,SIMPLE_NAME, line no: 65,input,SIMPLE_NAME, line no: 60, 0.008699887946733239, insert, 1.0, 0.0, 0.2
input.value,QUALIFIED_NAME, line no: 69,output,SIMPLE_NAME, line no: 49, 0.008668226164079822, insert, 0.6097560975609756, 0.0, 0.2727272727272727
digits,SIMPLE_NAME, line no: 65,digits_d43d3207_000,SIMPLE_NAME, line no: 48, 0.008596125195207478, insert, 0.8108108108108109, 0.0, 0.3157894736842105
digits.value,QUALIFIED_NAME, line no: 65,digits_d43d3207_000,SIMPLE_NAME, line no: 48, 0.008560955863013477, insert, 0.8055555555555556, 0.0, 0.3157894736842105
"Enter an integer > ",STRING_LITERAL, line no: 61,String,SIMPLE_NAME, line no: 49, 0.008495714285714287, insert, 0.6097560975609756, 0.0, 0.23809523809523808
"Enter an integer > ",STRING_LITERAL, line no: 61,scanner,SIMPLE_NAME, line no: 51, 0.008419372822299653, insert, 0.2073170731707317, 0.0, 0.23809523809523808
String,SIMPLE_NAME, line no: 65,output,SIMPLE_NAME, line no: 49, 0.008365276871858883, insert, 0.8055555555555556, 0.0, 0.16666666666666666
String,SIMPLE_NAME, line no: 65,IntObj,SIMPLE_NAME, line no: 60, 0.008365276871858883, insert, 1.0, 0.0, 0.16666666666666666
String,SIMPLE_NAME, line no: 65,format,SIMPLE_NAME, line no: 61, 0.008365276871858883, insert, 1.0, 0.0, 0.16666666666666666
format,SIMPLE_NAME, line no: 65,value,SIMPLE_NAME, line no: 7, 0.008365276871858883, insert, 0.16666666666666666, 0.0, 0.16666666666666666
format,SIMPLE_NAME, line no: 65,String,SIMPLE_NAME, line no: 49, 0.008365276871858883, insert, 0.8055555555555556, 0.0, 0.16666666666666666
format,SIMPLE_NAME, line no: 65,IntObj,SIMPLE_NAME, line no: 60, 0.008365276871858883, insert, 1.0, 0.0, 0.16666666666666666
format,SIMPLE_NAME, line no: 65,input,SIMPLE_NAME, line no: 60, 0.008365276871858883, insert, 1.0, 0.0, 0.16666666666666666
format,SIMPLE_NAME, line no: 65,digits,SIMPLE_NAME, line no: 60, 0.008365276871858883, insert, 1.0, 0.0, 0.16666666666666666
"\n%d",STRING_LITERAL, line no: 65,String,SIMPLE_NAME, line no: 49, 0.008365276871858883, insert, 0.8055555555555556, 0.0, 0.16666666666666666
"\n%d",STRING_LITERAL, line no: 65,IntObj,SIMPLE_NAME, line no: 60, 0.008365276871858883, insert, 1.0, 0.0, 0.16666666666666666
"\n%d",STRING_LITERAL, line no: 65,input,SIMPLE_NAME, line no: 60, 0.008365276871858883, insert, 1.0, 0.0, 0.16666666666666666
"\n%d",STRING_LITERAL, line no: 65,digits,SIMPLE_NAME, line no: 60, 0.008365276871858883, insert, 1.0, 0.0, 0.16666666666666666
digits.value,QUALIFIED_NAME, line no: 65,String,SIMPLE_NAME, line no: 49, 0.008365276871858883, insert, 0.8055555555555556, 0.0, 0.16666666666666666
digits.value,QUALIFIED_NAME, line no: 65,output,SIMPLE_NAME, line no: 49, 0.008365276871858883, insert, 0.8055555555555556, 0.0, 0.16666666666666666
digits.value,QUALIFIED_NAME, line no: 65,input,SIMPLE_NAME, line no: 60, 0.008365276871858883, insert, 1.0, 0.0, 0.16666666666666666
digits,SIMPLE_NAME, line no: 65,output,SIMPLE_NAME, line no: 49, 0.008365276871858883, insert, 0.8108108108108109, 0.0, 0.16666666666666666
digits,SIMPLE_NAME, line no: 65,IntObj,SIMPLE_NAME, line no: 60, 0.008365276871858883, insert, 1.0, 0.0, 0.16666666666666666
digits,SIMPLE_NAME, line no: 65,format,SIMPLE_NAME, line no: 61, 0.008365276871858883, insert, 1.0, 0.0, 0.16666666666666666
value,SIMPLE_NAME, line no: 65,output,SIMPLE_NAME, line no: 49, 0.008365276871858883, insert, 0.8108108108108109, 0.0, 0.16666666666666666
value,SIMPLE_NAME, line no: 65,format,SIMPLE_NAME, line no: 61, 0.008365276871858883, insert, 1.0, 0.0, 0.16666666666666666
digits,SIMPLE_NAME, line no: 65,println,SIMPLE_NAME, line no: 56, 0.008294220465997534, insert, 0.8108108108108109, 0.0, 0.2857142857142857
format,SIMPLE_NAME, line no: 65,println,SIMPLE_NAME, line no: 56, 0.008259051133803532, insert, 0.8055555555555556, 0.0, 0.2857142857142857
input,SIMPLE_NAME, line no: 69,value,SIMPLE_NAME, line no: 7, 0.008138000000000001, insert, 0.07228915662650602, 0.0, 0.2
value,SIMPLE_NAME, line no: 69,input,SIMPLE_NAME, line no: 60, 0.008138000000000001, insert, 0.9397590361445783, 0.0, 0.2
String,SIMPLE_NAME, line no: 65,scanner,SIMPLE_NAME, line no: 51, 0.008126268961234343, insert, 0.4166666666666667, 0.0, 0.14285714285714285
format,SIMPLE_NAME, line no: 65,scanner,SIMPLE_NAME, line no: 51, 0.008126268961234343, insert, 0.4166666666666667, 0.0, 0.14285714285714285
format,SIMPLE_NAME, line no: 65,nextInt,SIMPLE_NAME, line no: 62, 0.008126268961234343, insert, 1.0, 0.0, 0.14285714285714285
"\n%d",STRING_LITERAL, line no: 65,scanner,SIMPLE_NAME, line no: 51, 0.008126268961234343, insert, 0.4166666666666667, 0.0, 0.14285714285714285
"\n%d",STRING_LITERAL, line no: 65,nextInt,SIMPLE_NAME, line no: 62, 0.008126268961234343, insert, 1.0, 0.0, 0.14285714285714285
digits,SIMPLE_NAME, line no: 65,scanner,SIMPLE_NAME, line no: 51, 0.008126268961234343, insert, 0.40540540540540543, 0.0, 0.14285714285714285
digits,SIMPLE_NAME, line no: 65,nextInt,SIMPLE_NAME, line no: 62, 0.008126268961234343, insert, 1.0, 0.0, 0.14285714285714285
value,SIMPLE_NAME, line no: 65,nextInt,SIMPLE_NAME, line no: 62, 0.008126268961234343, insert, 1.0, 0.0, 0.14285714285714285
nextInt,SIMPLE_NAME, line no: 62,println,SIMPLE_NAME, line no: 56, 0.008043051146384482, insert, 0.6419753086419753, 0.0, 0.42857142857142855
input,SIMPLE_NAME, line no: 69,println,SIMPLE_NAME, line no: 56, 0.008021635111876075, insert, 0.6385542168674698, 0.0, 0.42857142857142855
String,SIMPLE_NAME, line no: 61,println,SIMPLE_NAME, line no: 56, 0.00799404181184669, insert, 0.6341463414634146, 0.0, 0.42857142857142855
String,SIMPLE_NAME, line no: 69,println,SIMPLE_NAME, line no: 56, 0.00799404181184669, insert, 0.6341463414634146, 0.0, 0.42857142857142855
"Enter an integer > ",STRING_LITERAL, line no: 61,nextInt,SIMPLE_NAME, line no: 62, 0.007972229965156794, insert, 0.9878048780487805, 0.0, 0.19047619047619047
input.value,QUALIFIED_NAME, line no: 69,String,SIMPLE_NAME, line no: 49, 0.007967272727272729, insert, 0.6097560975609756, 0.0, 0.18181818181818182
nextInt,SIMPLE_NAME, line no: 62,length,SIMPLE_NAME, line no: 50, 0.007965767195767196, insert, 0.6296296296296297, 0.0, 0.42857142857142855
digits.value,QUALIFIED_NAME, line no: 65,println,SIMPLE_NAME, line no: 56, 0.007900539267866723, insert, 0.8055555555555556, 0.0, 0.25
input.value,QUALIFIED_NAME, line no: 69,scanner,SIMPLE_NAME, line no: 51, 0.007890931263858094, insert, 0.2073170731707317, 0.0, 0.18181818181818182
input.value,QUALIFIED_NAME, line no: 69,nextInt,SIMPLE_NAME, line no: 62, 0.007890931263858094, insert, 0.9878048780487805, 0.0, 0.18181818181818182
String,SIMPLE_NAME, line no: 61,format,SIMPLE_NAME, line no: 61, 0.007825, insert, 1.0, 0.0, 0.16666666666666666
format,SIMPLE_NAME, line no: 61,value,SIMPLE_NAME, line no: 7, 0.007825, insert, 0.07317073170731707, 0.0, 0.16666666666666666
format,SIMPLE_NAME, line no: 61,String,SIMPLE_NAME, line no: 49, 0.007825, insert, 0.6097560975609756, 0.0, 0.16666666666666666
format,SIMPLE_NAME, line no: 61,input,SIMPLE_NAME, line no: 60, 0.007825, insert, 0.9512195121951219, 0.0, 0.16666666666666666
String,SIMPLE_NAME, line no: 69,format,SIMPLE_NAME, line no: 61, 0.007825, insert, 1.0, 0.0, 0.16666666666666666
format,SIMPLE_NAME, line no: 69,value,SIMPLE_NAME, line no: 7, 0.007825, insert, 0.07317073170731707, 0.0, 0.16666666666666666
format,SIMPLE_NAME, line no: 69,String,SIMPLE_NAME, line no: 49, 0.007825, insert, 0.6097560975609756, 0.0, 0.16666666666666666
format,SIMPLE_NAME, line no: 69,input,SIMPLE_NAME, line no: 60, 0.007825, insert, 0.9512195121951219, 0.0, 0.16666666666666666
input,SIMPLE_NAME, line no: 69,out,SIMPLE_NAME, line no: 56, 0.007753349397590361, insert, 0.6385542168674698, 0.0, 0.4
input,SIMPLE_NAME, line no: 69,format,SIMPLE_NAME, line no: 61, 0.007749578313253012, insert, 0.9879518072289156, 0.0, 0.16666666666666666
value,SIMPLE_NAME, line no: 69,format,SIMPLE_NAME, line no: 61, 0.007749578313253012, insert, 0.9879518072289156, 0.0, 0.16666666666666666
String,SIMPLE_NAME, line no: 61,output,SIMPLE_NAME, line no: 49, 0.007672317073170732, insert, 0.6097560975609756, 0.0, 0.16666666666666666
String,SIMPLE_NAME, line no: 69,output,SIMPLE_NAME, line no: 49, 0.007672317073170732, insert, 0.6097560975609756, 0.0, 0.16666666666666666
input.value,QUALIFIED_NAME, line no: 69,IntObj,SIMPLE_NAME, line no: 60, 0.007661906873614191, insert, 0.9512195121951219, 0.0, 0.18181818181818182
input.value,QUALIFIED_NAME, line no: 69,digits,SIMPLE_NAME, line no: 60, 0.007661906873614191, insert, 0.9512195121951219, 0.0, 0.18181818181818182
digits,SIMPLE_NAME, line no: 65,mainClass,SIMPLE_NAME, line no: 48, 0.007656866037665428, insert, 0.8108108108108109, 0.0, 0.2222222222222222
value,SIMPLE_NAME, line no: 65,mainClass,SIMPLE_NAME, line no: 48, 0.007656866037665428, insert, 0.8108108108108109, 0.0, 0.2222222222222222
String,SIMPLE_NAME, line no: 65,mainClass,SIMPLE_NAME, line no: 48, 0.007621696705471428, insert, 0.8055555555555556, 0.0, 0.2222222222222222
format,SIMPLE_NAME, line no: 65,mainClass,SIMPLE_NAME, line no: 48, 0.007621696705471428, insert, 0.8055555555555556, 0.0, 0.2222222222222222
value,SIMPLE_NAME, line no: 65,args,SIMPLE_NAME, line no: 50, 0.007614662839032627, insert, 0.8378378378378378, 0.0, 0.2
"Enter an integer > ",STRING_LITERAL, line no: 61,input,SIMPLE_NAME, line no: 60, 0.0076014285714285715, insert, 0.9512195121951219, 0.0, 0.14285714285714285
"Enter an integer > ",STRING_LITERAL, line no: 61,format,SIMPLE_NAME, line no: 61, 0.0076014285714285715, insert, 1.0, 0.0, 0.14285714285714285
scanner,SIMPLE_NAME, line no: 62,String,SIMPLE_NAME, line no: 49, 0.0076014285714285715, insert, 0.6172839506172839, 0.0, 0.14285714285714285
scanner,SIMPLE_NAME, line no: 62,input,SIMPLE_NAME, line no: 60, 0.0076014285714285715, insert, 0.9629629629629629, 0.0, 0.14285714285714285
scanner,SIMPLE_NAME, line no: 62,format,SIMPLE_NAME, line no: 61, 0.0076014285714285715, insert, 1.0, 0.0, 0.14285714285714285
nextInt,SIMPLE_NAME, line no: 62,value,SIMPLE_NAME, line no: 7, 0.0076014285714285715, insert, 0.07407407407407407, 0.0, 0.14285714285714285
nextInt,SIMPLE_NAME, line no: 62,format,SIMPLE_NAME, line no: 61, 0.0076014285714285715, insert, 1.0, 0.0, 0.14285714285714285
value,SIMPLE_NAME, line no: 69,output,SIMPLE_NAME, line no: 49, 0.007598734939759036, insert, 0.6144578313253012, 0.0, 0.16666666666666666
digits.value,QUALIFIED_NAME, line no: 65,IntObj,SIMPLE_NAME, line no: 60, 0.007528749184672995, insert, 1.0, 0.0, 0.08333333333333333
digits.value,QUALIFIED_NAME, line no: 65,format,SIMPLE_NAME, line no: 61, 0.007528749184672995, insert, 1.0, 0.0, 0.08333333333333333
digits.value,QUALIFIED_NAME, line no: 65,nextInt,SIMPLE_NAME, line no: 62, 0.007528749184672995, insert, 1.0, 0.0, 0.08333333333333333
String,SIMPLE_NAME, line no: 61,scanner,SIMPLE_NAME, line no: 51, 0.007525087108013938, insert, 0.2073170731707317, 0.0, 0.14285714285714285
format,SIMPLE_NAME, line no: 61,scanner,SIMPLE_NAME, line no: 51, 0.007525087108013938, insert, 0.2073170731707317, 0.0, 0.14285714285714285
format,SIMPLE_NAME, line no: 61,nextInt,SIMPLE_NAME, line no: 62, 0.007525087108013938, insert, 0.9878048780487805, 0.0, 0.14285714285714285
String,SIMPLE_NAME, line no: 69,scanner,SIMPLE_NAME, line no: 51, 0.007525087108013938, insert, 0.2073170731707317, 0.0, 0.14285714285714285
format,SIMPLE_NAME, line no: 69,scanner,SIMPLE_NAME, line no: 51, 0.007525087108013938, insert, 0.2073170731707317, 0.0, 0.14285714285714285
format,SIMPLE_NAME, line no: 69,nextInt,SIMPLE_NAME, line no: 62, 0.007525087108013938, insert, 0.9878048780487805, 0.0, 0.14285714285714285
String,SIMPLE_NAME, line no: 61,IntObj,SIMPLE_NAME, line no: 60, 0.007519634146341463, insert, 0.9512195121951219, 0.0, 0.16666666666666666
format,SIMPLE_NAME, line no: 61,IntObj,SIMPLE_NAME, line no: 60, 0.007519634146341463, insert, 0.9512195121951219, 0.0, 0.16666666666666666
format,SIMPLE_NAME, line no: 61,digits,SIMPLE_NAME, line no: 60, 0.007519634146341463, insert, 0.9512195121951219, 0.0, 0.16666666666666666
String,SIMPLE_NAME, line no: 69,IntObj,SIMPLE_NAME, line no: 60, 0.007519634146341463, insert, 0.9512195121951219, 0.0, 0.16666666666666666
format,SIMPLE_NAME, line no: 69,IntObj,SIMPLE_NAME, line no: 60, 0.007519634146341463, insert, 0.9512195121951219, 0.0, 0.16666666666666666
format,SIMPLE_NAME, line no: 69,digits,SIMPLE_NAME, line no: 60, 0.007519634146341463, insert, 0.9512195121951219, 0.0, 0.16666666666666666
input,SIMPLE_NAME, line no: 69,scanner,SIMPLE_NAME, line no: 51, 0.007450585197934597, insert, 0.20481927710843373, 0.0, 0.14285714285714285
value,SIMPLE_NAME, line no: 69,nextInt,SIMPLE_NAME, line no: 62, 0.007450585197934597, insert, 0.9759036144578314, 0.0, 0.14285714285714285
value,SIMPLE_NAME, line no: 65,exec,SIMPLE_NAME, line no: 55, 0.007433791987749192, insert, 0.8108108108108109, 0.0, 0.2
value,SIMPLE_NAME, line no: 65,out,SIMPLE_NAME, line no: 56, 0.007433791987749192, insert, 0.8108108108108109, 0.0, 0.2
input.value,QUALIFIED_NAME, line no: 69,println,SIMPLE_NAME, line no: 56, 0.00738430155210643, insert, 0.6341463414634146, 0.0, 0.36363636363636365
scanner,SIMPLE_NAME, line no: 62,IntObj,SIMPLE_NAME, line no: 60, 0.0073695767195767195, insert, 0.9629629629629629, 0.0, 0.14285714285714285
scanner,SIMPLE_NAME, line no: 62,digits,SIMPLE_NAME, line no: 60, 0.0073695767195767195, insert, 0.9629629629629629, 0.0, 0.14285714285714285
nextInt,SIMPLE_NAME, line no: 62,digits,SIMPLE_NAME, line no: 60, 0.0073695767195767195, insert, 0.9629629629629629, 0.0, 0.14285714285714285
format,SIMPLE_NAME, line no: 65,args,SIMPLE_NAME, line no: 50, 0.007249906622277699, insert, 0.8333333333333334, 0.0, 0.16666666666666666
format,SIMPLE_NAME, line no: 65,length,SIMPLE_NAME, line no: 50, 0.007249906622277699, insert, 0.8333333333333334, 0.0, 0.16666666666666666
"\n%d",STRING_LITERAL, line no: 65,length,SIMPLE_NAME, line no: 50, 0.007249906622277699, insert, 0.8333333333333334, 0.0, 0.16666666666666666
digits.value,QUALIFIED_NAME, line no: 65,args,SIMPLE_NAME, line no: 50, 0.007249906622277699, insert, 0.8333333333333334, 0.0, 0.16666666666666666
digits.value,QUALIFIED_NAME, line no: 65,length,SIMPLE_NAME, line no: 50, 0.007249906622277699, insert, 0.8333333333333334, 0.0, 0.16666666666666666
"\n%d\nThat's all  have a nice day!",STRING_LITERAL, line no: 69,scanner,SIMPLE_NAME, line no: 51, 0.0072269918699187, insert, 0.2073170731707317, 0.0, 0.1111111111111111
"Enter an integer > ",STRING_LITERAL, line no: 61,value,SIMPLE_NAME, line no: 7, 0.0071542857142857155, insert, 0.07317073170731707, 0.0, 0.09523809523809523
input.value=scanner.nextInt(); ,EXPRESSION_STATEMENT, line no: 62,value=i; ,EXPRESSION_STATEMENT, line no: 7, 0.007145574855252274, insert, 0.05128205128205128, 0.3333333333333333, 0.25806451612903225
input.value,QUALIFIED_NAME, line no: 69,format,SIMPLE_NAME, line no: 61, 0.0071136363636363645, insert, 1.0, 0.0, 0.09090909090909091
String,SIMPLE_NAME, line no: 61,System,SIMPLE_NAME, line no: 53, 0.007099756097560975, insert, 0.23170731707317074, 0.0, 0.3333333333333333
format,SIMPLE_NAME, line no: 61,out,SIMPLE_NAME, line no: 56, 0.007099756097560975, insert, 0.6341463414634146, 0.0, 0.3333333333333333
String,SIMPLE_NAME, line no: 69,System,SIMPLE_NAME, line no: 53, 0.007099756097560975, insert, 0.23170731707317074, 0.0, 0.3333333333333333
format,SIMPLE_NAME, line no: 69,out,SIMPLE_NAME, line no: 56, 0.007099756097560975, insert, 0.6341463414634146, 0.0, 0.3333333333333333
digits,SIMPLE_NAME, line no: 65,System,SIMPLE_NAME, line no: 53, 0.007099180912874836, insert, 0.43243243243243246, 0.0, 0.16666666666666666
digits,SIMPLE_NAME, line no: 65,out,SIMPLE_NAME, line no: 56, 0.007099180912874836, insert, 0.8108108108108109, 0.0, 0.16666666666666666
value,SIMPLE_NAME, line no: 65,System,SIMPLE_NAME, line no: 53, 0.007099180912874836, insert, 0.43243243243243246, 0.0, 0.16666666666666666
value,SIMPLE_NAME, line no: 65,java,SIMPLE_NAME, line no: 44, 0.007090137370310665, insert, 0.05405405405405406, 0.0, 0.4
String,SIMPLE_NAME, line no: 65,out,SIMPLE_NAME, line no: 56, 0.007064011580680834, insert, 0.8055555555555556, 0.0, 0.16666666666666666
format,SIMPLE_NAME, line no: 65,System,SIMPLE_NAME, line no: 53, 0.007064011580680834, insert, 0.4444444444444444, 0.0, 0.16666666666666666
digits.value,QUALIFIED_NAME, line no: 65,mainClass,SIMPLE_NAME, line no: 48, 0.007064011580680834, insert, 0.8055555555555556, 0.0, 0.16666666666666666
digits.value,QUALIFIED_NAME, line no: 65,System,SIMPLE_NAME, line no: 53, 0.007064011580680834, insert, 0.4444444444444444, 0.0, 0.16666666666666666
input,SIMPLE_NAME, line no: 69,length,SIMPLE_NAME, line no: 50, 0.007051927710843374, insert, 0.6265060240963856, 0.0, 0.3333333333333333
value,SIMPLE_NAME, line no: 69,length,SIMPLE_NAME, line no: 50, 0.007051927710843374, insert, 0.6265060240963856, 0.0, 0.3333333333333333
"\n%d\nThat's all  have a nice day!",STRING_LITERAL, line no: 69,value,SIMPLE_NAME, line no: 7, 0.0070425, insert, 0.07317073170731707, 0.0, 0.08333333333333333
String,SIMPLE_NAME, line no: 61,args,SIMPLE_NAME, line no: 50, 0.007023414634146341, insert, 0.6219512195121951, 0.0, 0.3333333333333333
String,SIMPLE_NAME, line no: 61,length,SIMPLE_NAME, line no: 50, 0.007023414634146341, insert, 0.6219512195121951, 0.0, 0.3333333333333333
String,SIMPLE_NAME, line no: 69,args,SIMPLE_NAME, line no: 50, 0.007023414634146341, insert, 0.6219512195121951, 0.0, 0.3333333333333333
String,SIMPLE_NAME, line no: 69,length,SIMPLE_NAME, line no: 50, 0.007023414634146341, insert, 0.6219512195121951, 0.0, 0.3333333333333333
"Enter an integer > ",STRING_LITERAL, line no: 61,output,SIMPLE_NAME, line no: 49, 0.007001602787456446, insert, 0.6097560975609756, 0.0, 0.09523809523809523
"\n%d\nThat's all  have a nice day!",STRING_LITERAL, line no: 69,nextInt,SIMPLE_NAME, line no: 62, 0.0069661585365853665, insert, 0.9878048780487805, 0.0, 0.08333333333333333
value,SIMPLE_NAME, line no: 65,println,SIMPLE_NAME, line no: 56, 0.006860173002250296, insert, 0.8108108108108109, 0.0, 0.14285714285714285
"Enter an integer > ",STRING_LITERAL, line no: 61,IntObj,SIMPLE_NAME, line no: 60, 0.006848919860627178, insert, 0.9512195121951219, 0.0, 0.09523809523809523
"Enter an integer > ",STRING_LITERAL, line no: 61,digits,SIMPLE_NAME, line no: 60, 0.006848919860627178, insert, 0.9512195121951219, 0.0, 0.09523809523809523
"\n%d",STRING_LITERAL, line no: 65,println,SIMPLE_NAME, line no: 56, 0.006825003670056295, insert, 0.8055555555555556, 0.0, 0.14285714285714285
"\n%d\nThat's all  have a nice day!",STRING_LITERAL, line no: 69,String,SIMPLE_NAME, line no: 49, 0.006781666666666668, insert, 0.6097560975609756, 0.0, 0.05555555555555555
"\n%d\nThat's all  have a nice day!",STRING_LITERAL, line no: 69,input,SIMPLE_NAME, line no: 60, 0.006781666666666668, insert, 0.9512195121951219, 0.0, 0.05555555555555555
"\n%d\nThat's all  have a nice day!",STRING_LITERAL, line no: 69,format,SIMPLE_NAME, line no: 61, 0.006781666666666668, insert, 1.0, 0.0, 0.05555555555555555
"\n%d\nThat's all  have a nice day!",STRING_LITERAL, line no: 69,digits,SIMPLE_NAME, line no: 60, 0.006737134146341464, insert, 0.9512195121951219, 0.0, 0.08333333333333333
scanner,SIMPLE_NAME, line no: 62,System,SIMPLE_NAME, line no: 53, 0.006701622574955909, insert, 0.2345679012345679, 0.0, 0.2857142857142857
scanner,SIMPLE_NAME, line no: 62,println,SIMPLE_NAME, line no: 56, 0.006701622574955909, insert, 0.6419753086419753, 0.0, 0.2857142857142857
nextInt,SIMPLE_NAME, line no: 62,exec,SIMPLE_NAME, line no: 55, 0.006701622574955909, insert, 0.6419753086419753, 0.0, 0.2857142857142857
format,SIMPLE_NAME, line no: 61,println,SIMPLE_NAME, line no: 56, 0.006652613240418118, insert, 0.6341463414634146, 0.0, 0.2857142857142857
format,SIMPLE_NAME, line no: 69,println,SIMPLE_NAME, line no: 56, 0.006652613240418118, insert, 0.6341463414634146, 0.0, 0.2857142857142857
scanner,SIMPLE_NAME, line no: 62,args,SIMPLE_NAME, line no: 50, 0.006624338624338625, insert, 0.6296296296296297, 0.0, 0.2857142857142857
input.value,QUALIFIED_NAME, line no: 69,mainClass,SIMPLE_NAME, line no: 48, 0.006530665188470066, insert, 0.6097560975609756, 0.0, 0.2727272727272727
"\n%d",STRING_LITERAL, line no: 65,mainClass,SIMPLE_NAME, line no: 48, 0.006506326455890243, insert, 0.8055555555555556, 0.0, 0.1111111111111111
"\n%d\nThat's all  have a nice day!",STRING_LITERAL, line no: 69,IntObj,SIMPLE_NAME, line no: 60, 0.00647630081300813, insert, 0.9512195121951219, 0.0, 0.05555555555555555
String,SIMPLE_NAME, line no: 65,digits_d43d3207_000,SIMPLE_NAME, line no: 48, 0.006447622758543864, insert, 0.8055555555555556, 0.0, 0.10526315789473684
"\n%d\nThat's all  have a nice day!",STRING_LITERAL, line no: 69,output,SIMPLE_NAME, line no: 49, 0.006368150406504065, insert, 0.6097560975609756, 0.0, 0.027777777777777776
String,SIMPLE_NAME, line no: 65,util,SIMPLE_NAME, line no: 44, 0.006320431414293379, insert, 0.05555555555555555, 0.0, 0.3333333333333333
String,SIMPLE_NAME, line no: 65,in,SIMPLE_NAME, line no: 53, 0.006320431414293379, insert, 0.4444444444444444, 0.0, 0.3333333333333333
digits.value,QUALIFIED_NAME, line no: 65,exec,SIMPLE_NAME, line no: 55, 0.006227483893494946, insert, 0.8055555555555556, 0.0, 0.08333333333333333
digits.value,QUALIFIED_NAME, line no: 65,out,SIMPLE_NAME, line no: 56, 0.006227483893494946, insert, 0.8055555555555556, 0.0, 0.08333333333333333
scanner,SIMPLE_NAME, line no: 62,mainClass,SIMPLE_NAME, line no: 48, 0.006105432098765433, insert, 0.6172839506172839, 0.0, 0.2222222222222222
input,SIMPLE_NAME, line no: 69,mainClass,SIMPLE_NAME, line no: 48, 0.006084016064257028, insert, 0.6144578313253012, 0.0, 0.2222222222222222
value,SIMPLE_NAME, line no: 69,mainClass,SIMPLE_NAME, line no: 48, 0.006084016064257028, insert, 0.6144578313253012, 0.0, 0.2222222222222222
String,SIMPLE_NAME, line no: 61,mainClass,SIMPLE_NAME, line no: 48, 0.006056422764227642, insert, 0.6097560975609756, 0.0, 0.2222222222222222
format,SIMPLE_NAME, line no: 61,mainClass,SIMPLE_NAME, line no: 48, 0.006056422764227642, insert, 0.6097560975609756, 0.0, 0.2222222222222222
String,SIMPLE_NAME, line no: 69,mainClass,SIMPLE_NAME, line no: 48, 0.006056422764227642, insert, 0.6097560975609756, 0.0, 0.2222222222222222
format,SIMPLE_NAME, line no: 69,mainClass,SIMPLE_NAME, line no: 48, 0.006056422764227642, insert, 0.6097560975609756, 0.0, 0.2222222222222222
format,SIMPLE_NAME, line no: 65,digits_d43d3207_000,SIMPLE_NAME, line no: 48, 0.005919289482426461, insert, 0.8055555555555556, 0.0, 0.05263157894736842
"\n%d",STRING_LITERAL, line no: 65,digits_d43d3207_000,SIMPLE_NAME, line no: 48, 0.005919289482426461, insert, 0.8055555555555556, 0.0, 0.05263157894736842
value,SIMPLE_NAME, line no: 69,exec,SIMPLE_NAME, line no: 55, 0.005875349397590362, insert, 0.6385542168674698, 0.0, 0.2
value,SIMPLE_NAME, line no: 69,out,SIMPLE_NAME, line no: 56, 0.005875349397590362, insert, 0.6385542168674698, 0.0, 0.2
String,SIMPLE_NAME, line no: 65,Scanner,SIMPLE_NAME, line no: 44, 0.0058424155930442995, insert, 0.027777777777777776, 0.0, 0.2857142857142857
value,SIMPLE_NAME, line no: 69,args,SIMPLE_NAME, line no: 50, 0.005799927710843374, insert, 0.6265060240963856, 0.0, 0.2
value,SIMPLE_NAME, line no: 65,Scanner,SIMPLE_NAME, line no: 44, 0.0057620285480294384, insert, 0.02702702702702703, 0.0, 0.2857142857142857
"Enter an integer > ",STRING_LITERAL, line no: 61,println,SIMPLE_NAME, line no: 56, 0.005758327526132404, insert, 0.6341463414634146, 0.0, 0.19047619047619047
input.value,QUALIFIED_NAME, line no: 69,System,SIMPLE_NAME, line no: 53, 0.005677028824833703, insert, 0.23170731707317074, 0.0, 0.18181818181818182
input.value,QUALIFIED_NAME, line no: 69,out,SIMPLE_NAME, line no: 56, 0.005677028824833703, insert, 0.6341463414634146, 0.0, 0.18181818181818182
input.value,QUALIFIED_NAME, line no: 69,length,SIMPLE_NAME, line no: 50, 0.005600687361419068, insert, 0.6219512195121951, 0.0, 0.18181818181818182
input,SIMPLE_NAME, line no: 69,System,SIMPLE_NAME, line no: 53, 0.005562349397590361, insert, 0.2289156626506024, 0.0, 0.16666666666666666
value,SIMPLE_NAME, line no: 69,System,SIMPLE_NAME, line no: 53, 0.005562349397590361, insert, 0.2289156626506024, 0.0, 0.16666666666666666
String,SIMPLE_NAME, line no: 61,out,SIMPLE_NAME, line no: 56, 0.005534756097560976, insert, 0.6341463414634146, 0.0, 0.16666666666666666
format,SIMPLE_NAME, line no: 61,System,SIMPLE_NAME, line no: 53, 0.005534756097560976, insert, 0.23170731707317074, 0.0, 0.16666666666666666
String,SIMPLE_NAME, line no: 69,out,SIMPLE_NAME, line no: 56, 0.005534756097560976, insert, 0.6341463414634146, 0.0, 0.16666666666666666
format,SIMPLE_NAME, line no: 69,System,SIMPLE_NAME, line no: 53, 0.005534756097560976, insert, 0.23170731707317074, 0.0, 0.16666666666666666
format,SIMPLE_NAME, line no: 61,args,SIMPLE_NAME, line no: 50, 0.005458414634146341, insert, 0.6219512195121951, 0.0, 0.16666666666666666
format,SIMPLE_NAME, line no: 61,length,SIMPLE_NAME, line no: 50, 0.005458414634146341, insert, 0.6219512195121951, 0.0, 0.16666666666666666
format,SIMPLE_NAME, line no: 69,args,SIMPLE_NAME, line no: 50, 0.005458414634146341, insert, 0.6219512195121951, 0.0, 0.16666666666666666
format,SIMPLE_NAME, line no: 69,length,SIMPLE_NAME, line no: 50, 0.005458414634146341, insert, 0.6219512195121951, 0.0, 0.16666666666666666
scanner,SIMPLE_NAME, line no: 62,exec,SIMPLE_NAME, line no: 55, 0.005360194003527337, insert, 0.6419753086419753, 0.0, 0.14285714285714285
nextInt,SIMPLE_NAME, line no: 62,System,SIMPLE_NAME, line no: 53, 0.005360194003527337, insert, 0.2345679012345679, 0.0, 0.14285714285714285
nextInt,SIMPLE_NAME, line no: 62,out,SIMPLE_NAME, line no: 56, 0.005360194003527337, insert, 0.6419753086419753, 0.0, 0.14285714285714285
value,SIMPLE_NAME, line no: 69,println,SIMPLE_NAME, line no: 56, 0.005338777969018933, insert, 0.6385542168674698, 0.0, 0.14285714285714285
"Enter an integer > ",STRING_LITERAL, line no: 61,mainClass,SIMPLE_NAME, line no: 48, 0.005311184668989547, insert, 0.6097560975609756, 0.0, 0.14285714285714285
scanner,SIMPLE_NAME, line no: 62,length,SIMPLE_NAME, line no: 50, 0.005282910052910053, insert, 0.6296296296296297, 0.0, 0.14285714285714285
input,SIMPLE_NAME, line no: 69,util,SIMPLE_NAME, line no: 44, 0.005264433734939759, insert, 0.024096385542168676, 0.0, 0.4
value,SIMPLE_NAME, line no: 69,java,SIMPLE_NAME, line no: 44, 0.005264433734939759, insert, 0.024096385542168676, 0.0, 0.4
"Enter an integer > ",STRING_LITERAL, line no: 61,length,SIMPLE_NAME, line no: 50, 0.0052348432055749124, insert, 0.6219512195121951, 0.0, 0.14285714285714285
input,SIMPLE_NAME, line no: 69,in,SIMPLE_NAME, line no: 53, 0.005189012048192771, insert, 0.2289156626506024, 0.0, 0.4
value,SIMPLE_NAME, line no: 65,util,SIMPLE_NAME, line no: 44, 0.005082470921064532, insert, 0.05405405405405406, 0.0, 0.2
nextInt,SIMPLE_NAME, line no: 62,mainClass,SIMPLE_NAME, line no: 48, 0.005062098765432099, insert, 0.6172839506172839, 0.0, 0.1111111111111111
"\n%d\nThat's all  have a nice day!",STRING_LITERAL, line no: 69,println,SIMPLE_NAME, line no: 56, 0.005013089430894309, insert, 0.6341463414634146, 0.0, 0.1111111111111111
"Enter an integer > ",STRING_LITERAL, line no: 61,System,SIMPLE_NAME, line no: 53, 0.00486404181184669, insert, 0.23170731707317074, 0.0, 0.09523809523809523
"Enter an integer > ",STRING_LITERAL, line no: 61,exec,SIMPLE_NAME, line no: 55, 0.00486404181184669, insert, 0.6341463414634146, 0.0, 0.09523809523809523
"\n%d\nThat's all  have a nice day!",STRING_LITERAL, line no: 69,digits_d43d3207_000,SIMPLE_NAME, line no: 48, 0.004860406504065041, insert, 0.6097560975609756, 0.0, 0.1111111111111111
input,SIMPLE_NAME, line no: 69,digits_d43d3207_000,SIMPLE_NAME, line no: 48, 0.004834927076727965, insert, 0.6144578313253012, 0.0, 0.10526315789473684
input.value,QUALIFIED_NAME, line no: 69,exec,SIMPLE_NAME, line no: 55, 0.00482339246119734, insert, 0.6341463414634146, 0.0, 0.09090909090909091
String,SIMPLE_NAME, line no: 61,digits_d43d3207_000,SIMPLE_NAME, line no: 48, 0.004805494223363286, insert, 0.6097560975609756, 0.0, 0.10526315789473684
String,SIMPLE_NAME, line no: 69,digits_d43d3207_000,SIMPLE_NAME, line no: 48, 0.004805494223363286, insert, 0.6097560975609756, 0.0, 0.10526315789473684
input.value,QUALIFIED_NAME, line no: 69,digits_d43d3207_000,SIMPLE_NAME, line no: 48, 0.004805494223363286, insert, 0.6097560975609756, 0.0, 0.10526315789473684
"Enter an integer > ",STRING_LITERAL, line no: 61,args,SIMPLE_NAME, line no: 50, 0.004787700348432056, insert, 0.6219512195121951, 0.0, 0.09523809523809523
"\n%d\nThat's all  have a nice day!",STRING_LITERAL, line no: 69,mainClass,SIMPLE_NAME, line no: 48, 0.004752256097560976, insert, 0.6097560975609756, 0.0, 0.08333333333333333
digits,SIMPLE_NAME, line no: 65,util,SIMPLE_NAME, line no: 44, 0.004747859846190177, insert, 0.05405405405405406, 0.0, 0.16666666666666666
input.value,QUALIFIED_NAME, line no: 69,args,SIMPLE_NAME, line no: 50, 0.0047470509977827055, insert, 0.6219512195121951, 0.0, 0.09090909090909091
"Enter an integer > ",STRING_LITERAL, line no: 61,digits_d43d3207_000,SIMPLE_NAME, line no: 48, 0.004711358885017422, insert, 0.6097560975609756, 0.0, 0.09523809523809523
"\n%d\nThat's all  have a nice day!",STRING_LITERAL, line no: 69,length,SIMPLE_NAME, line no: 50, 0.004675914634146341, insert, 0.6219512195121951, 0.0, 0.08333333333333333
String,SIMPLE_NAME, line no: 61,util,SIMPLE_NAME, line no: 44, 0.004656829268292683, insert, 0.024390243902439025, 0.0, 0.3333333333333333
String,SIMPLE_NAME, line no: 69,util,SIMPLE_NAME, line no: 44, 0.004656829268292683, insert, 0.024390243902439025, 0.0, 0.3333333333333333
format,SIMPLE_NAME, line no: 65,java,SIMPLE_NAME, line no: 44, 0.004647376039921602, insert, 0.05555555555555555, 0.0, 0.16666666666666666
format,SIMPLE_NAME, line no: 65,util,SIMPLE_NAME, line no: 44, 0.004647376039921602, insert, 0.05555555555555555, 0.0, 0.16666666666666666
"\n%d",STRING_LITERAL, line no: 65,in,SIMPLE_NAME, line no: 53, 0.004647376039921602, insert, 0.4444444444444444, 0.0, 0.16666666666666666
digits.value,QUALIFIED_NAME, line no: 65,java,SIMPLE_NAME, line no: 44, 0.004647376039921602, insert, 0.05555555555555555, 0.0, 0.16666666666666666
digits.value,QUALIFIED_NAME, line no: 65,util,SIMPLE_NAME, line no: 44, 0.004647376039921602, insert, 0.05555555555555555, 0.0, 0.16666666666666666
digits.value,QUALIFIED_NAME, line no: 65,Scanner,SIMPLE_NAME, line no: 44, 0.004647376039921602, insert, 0.027777777777777776, 0.0, 0.16666666666666666
String,SIMPLE_NAME, line no: 61,in,SIMPLE_NAME, line no: 53, 0.004580487804878049, insert, 0.23170731707317074, 0.0, 0.3333333333333333
String,SIMPLE_NAME, line no: 69,in,SIMPLE_NAME, line no: 53, 0.004580487804878049, insert, 0.23170731707317074, 0.0, 0.3333333333333333
digits,SIMPLE_NAME, line no: 65,in,SIMPLE_NAME, line no: 53, 0.004566988994906741, insert, 0.43243243243243246, 0.0, 0.16666666666666666
"\n%d\nThat's all  have a nice day!",STRING_LITERAL, line no: 69,System,SIMPLE_NAME, line no: 53, 0.004491422764227642, insert, 0.23170731707317074, 0.0, 0.05555555555555555
"\n%d\nThat's all  have a nice day!",STRING_LITERAL, line no: 69,exec,SIMPLE_NAME, line no: 55, 0.004491422764227642, insert, 0.6341463414634146, 0.0, 0.05555555555555555
"Enter an integer > ",STRING_LITERAL, line no: 61,out,SIMPLE_NAME, line no: 56, 0.004416898954703833, insert, 0.6341463414634146, 0.0, 0.047619047619047616
"\n%d\nThat's all  have a nice day!",STRING_LITERAL, line no: 69,args,SIMPLE_NAME, line no: 50, 0.004415081300813009, insert, 0.6219512195121951, 0.0, 0.05555555555555555
format,SIMPLE_NAME, line no: 65,Scanner,SIMPLE_NAME, line no: 44, 0.004408368129297063, insert, 0.027777777777777776, 0.0, 0.14285714285714285
"\n%d",STRING_LITERAL, line no: 65,Scanner,SIMPLE_NAME, line no: 44, 0.004408368129297063, insert, 0.027777777777777776, 0.0, 0.14285714285714285
scanner,SIMPLE_NAME, line no: 62,digits_d43d3207_000,SIMPLE_NAME, line no: 48, 0.004358408057179987, insert, 0.6172839506172839, 0.0, 0.05263157894736842
nextInt,SIMPLE_NAME, line no: 62,digits_d43d3207_000,SIMPLE_NAME, line no: 48, 0.004358408057179987, insert, 0.6172839506172839, 0.0, 0.05263157894736842
format,SIMPLE_NAME, line no: 61,digits_d43d3207_000,SIMPLE_NAME, line no: 48, 0.004311283697047497, insert, 0.6097560975609756, 0.0, 0.05263157894736842
format,SIMPLE_NAME, line no: 69,digits_d43d3207_000,SIMPLE_NAME, line no: 48, 0.004311283697047497, insert, 0.6097560975609756, 0.0, 0.05263157894736842
"\n%d\nThat's all  have a nice day!",STRING_LITERAL, line no: 69,out,SIMPLE_NAME, line no: 56, 0.004230589430894309, insert, 0.6341463414634146, 0.0, 0.027777777777777776
nextInt,SIMPLE_NAME, line no: 62,Scanner,SIMPLE_NAME, line no: 44, 0.004151252204585538, insert, 0.012345679012345678, 0.0, 0.2857142857142857
String,SIMPLE_NAME, line no: 61,Scanner,SIMPLE_NAME, line no: 44, 0.004133344947735191, insert, 0.012195121951219513, 0.0, 0.2857142857142857
String,SIMPLE_NAME, line no: 69,Scanner,SIMPLE_NAME, line no: 44, 0.004133344947735191, insert, 0.012195121951219513, 0.0, 0.2857142857142857
value,SIMPLE_NAME, line no: 69,Scanner,SIMPLE_NAME, line no: 44, 0.004115869191049914, insert, 0.012048192771084338, 0.0, 0.2857142857142857
input.value,QUALIFIED_NAME, line no: 69,util,SIMPLE_NAME, line no: 44, 0.004087738359201774, insert, 0.024390243902439025, 0.0, 0.2727272727272727
digits.value,QUALIFIED_NAME, line no: 65,digits.value,QUALIFIED_NAME, line no: 64, 0.004008918628686366, insert, 0.9444444444444444, 2.0, 1.0
digits.value,QUALIFIED_NAME, line no: 65,in,SIMPLE_NAME, line no: 53, 0.0038108483527357134, insert, 0.4444444444444444, 0.0, 0.08333333333333333
input.value,QUALIFIED_NAME, line no: 69,input.value,QUALIFIED_NAME, line no: 62, 0.00375, insert, 0.975609756097561, 2.0, 1.0
"Enter an integer > ",STRING_LITERAL, line no: 61,Scanner,SIMPLE_NAME, line no: 44, 0.003686202090592335, insert, 0.012195121951219513, 0.0, 0.23809523809523808
value,SIMPLE_NAME, line no: 69,util,SIMPLE_NAME, line no: 44, 0.003386433734939759, insert, 0.024096385542168676, 0.0, 0.2
output+=(String.format("Enter an integer > ")); ,EXPRESSION_STATEMENT, line no: 61,value=i; ,EXPRESSION_STATEMENT, line no: 7, 0.003382772435897436, insert, 0.05128205128205128, 0.0, 0.10416666666666667
input.value,QUALIFIED_NAME, line no: 69,java,SIMPLE_NAME, line no: 44, 0.0032341019955654106, insert, 0.024390243902439025, 0.0, 0.18181818181818182
digits.value,QUALIFIED_NAME, line no: 65,input.value,QUALIFIED_NAME, line no: 62, 0.003207134902949093, insert, 1.0, 0.6666666666666666, 0.6666666666666666
input.value,QUALIFIED_NAME, line no: 69,Scanner,SIMPLE_NAME, line no: 44, 0.0031577605321507765, insert, 0.012195121951219513, 0.0, 0.18181818181818182
input.value,QUALIFIED_NAME, line no: 69,in,SIMPLE_NAME, line no: 53, 0.0031577605321507765, insert, 0.23170731707317074, 0.0, 0.18181818181818182
output+=(String.format("\n%d\nThat's all  have a nice day!" input.value)); ,EXPRESSION_STATEMENT, line no: 68,value=i; ,EXPRESSION_STATEMENT, line no: 7, 0.0031178974358974363, insert, 0.05128205128205128, 0.3333333333333333, 0.09333333333333334
format,SIMPLE_NAME, line no: 61,java,SIMPLE_NAME, line no: 44, 0.003091829268292683, insert, 0.024390243902439025, 0.0, 0.16666666666666666
format,SIMPLE_NAME, line no: 61,util,SIMPLE_NAME, line no: 44, 0.003091829268292683, insert, 0.024390243902439025, 0.0, 0.16666666666666666
format,SIMPLE_NAME, line no: 69,java,SIMPLE_NAME, line no: 44, 0.003091829268292683, insert, 0.024390243902439025, 0.0, 0.16666666666666666
format,SIMPLE_NAME, line no: 69,util,SIMPLE_NAME, line no: 44, 0.003091829268292683, insert, 0.024390243902439025, 0.0, 0.16666666666666666
scanner,SIMPLE_NAME, line no: 62,java,SIMPLE_NAME, line no: 44, 0.00288710758377425, insert, 0.024691358024691357, 0.0, 0.14285714285714285
nextInt,SIMPLE_NAME, line no: 62,util,SIMPLE_NAME, line no: 44, 0.00288710758377425, insert, 0.024691358024691357, 0.0, 0.14285714285714285
scanner,SIMPLE_NAME, line no: 62,in,SIMPLE_NAME, line no: 53, 0.0028098236331569664, insert, 0.2345679012345679, 0.0, 0.14285714285714285
nextInt,SIMPLE_NAME, line no: 62,in,SIMPLE_NAME, line no: 53, 0.0028098236331569664, insert, 0.2345679012345679, 0.0, 0.14285714285714285
format,SIMPLE_NAME, line no: 61,Scanner,SIMPLE_NAME, line no: 44, 0.00279191637630662, insert, 0.012195121951219513, 0.0, 0.14285714285714285
format,SIMPLE_NAME, line no: 69,Scanner,SIMPLE_NAME, line no: 44, 0.00279191637630662, insert, 0.012195121951219513, 0.0, 0.14285714285714285
String,SIMPLE_NAME, line no: 65,i,SIMPLE_NAME, line no: 7, 0.002788425623952961, insert, 0.16666666666666666, 0.0, 0.16666666666666666
input,SIMPLE_NAME, line no: 69,Scanner,SIMPLE_NAME, line no: 44, 0.002774440619621342, insert, 0.012048192771084338, 0.0, 0.14285714285714285
digits,SIMPLE_NAME, line no: 65,digits.value,QUALIFIED_NAME, line no: 64, 0.002762903379229793, insert, 0.918918918918919, 1.0, 0.5
digits,SIMPLE_NAME, line no: 65,i,SIMPLE_NAME, line no: 7, 0.002758280482072388, insert, 0.16216216216216217, 0.0, 0.16666666666666666
value,SIMPLE_NAME, line no: 65,input.value,QUALIFIED_NAME, line no: 62, 0.002696908895661737, insert, 1.0, 1.0, 0.45454545454545453
value,SIMPLE_NAME, line no: 65,digits.value,QUALIFIED_NAME, line no: 64, 0.0025624574477954745, insert, 0.918918918918919, 1.0, 0.4166666666666667
input,SIMPLE_NAME, line no: 69,input.value,QUALIFIED_NAME, line no: 62, 0.002504654983570646, insert, 0.963855421686747, 1.0, 0.45454545454545453
value,SIMPLE_NAME, line no: 69,input.value,QUALIFIED_NAME, line no: 62, 0.002504654983570646, insert, 0.963855421686747, 1.0, 0.45454545454545453
"Enter an integer > ",STRING_LITERAL, line no: 61,util,SIMPLE_NAME, line no: 44, 0.0024211149825783974, insert, 0.024390243902439025, 0.0, 0.09523809523809523
"Enter an integer > ",STRING_LITERAL, line no: 61,in,SIMPLE_NAME, line no: 53, 0.002344773519163763, insert, 0.23170731707317074, 0.0, 0.09523809523809523
digits.value,QUALIFIED_NAME, line no: 65,args.length,QUALIFIED_NAME, line no: 50, 0.002338535866733714, insert, 0.8333333333333334, 0.0, 0.4166666666666667
input,SIMPLE_NAME, line no: 69,i,SIMPLE_NAME, line no: 7, 0.0023305301204819277, insert, 0.07228915662650602, 0.0, 0.2
"\n%d\nThat's all  have a nice day!",STRING_LITERAL, line no: 69,java,SIMPLE_NAME, line no: 44, 0.002309329268292683, insert, 0.024390243902439025, 0.0, 0.08333333333333333
"\n%d\nThat's all  have a nice day!",STRING_LITERAL, line no: 69,Scanner,SIMPLE_NAME, line no: 44, 0.0022329878048780493, insert, 0.012195121951219513, 0.0, 0.08333333333333333
input.value,QUALIFIED_NAME, line no: 69,digits.value,QUALIFIED_NAME, line no: 64, 0.0021585365853658534, insert, 0.4146341463414634, 0.6666666666666666, 0.6666666666666666
"\n%d\nThat's all  have a nice day!",STRING_LITERAL, line no: 69,util,SIMPLE_NAME, line no: 44, 0.0020484959349593495, insert, 0.024390243902439025, 0.0, 0.05555555555555555
String,SIMPLE_NAME, line no: 65,input.value,QUALIFIED_NAME, line no: 62, 0.002040904029149423, insert, 1.0, 0.0, 0.18181818181818182
digits,SIMPLE_NAME, line no: 65,input.value,QUALIFIED_NAME, line no: 62, 0.002040904029149423, insert, 1.0, 0.0, 0.18181818181818182
String,SIMPLE_NAME, line no: 61,i,SIMPLE_NAME, line no: 7, 0.002023048780487805, insert, 0.07317073170731707, 0.0, 0.16666666666666666
String,SIMPLE_NAME, line no: 69,i,SIMPLE_NAME, line no: 7, 0.002023048780487805, insert, 0.07317073170731707, 0.0, 0.16666666666666666
String,SIMPLE_NAME, line no: 65,digits.value,QUALIFIED_NAME, line no: 64, 0.002004459314343183, insert, 0.9444444444444444, 0.0, 0.16666666666666666
value,SIMPLE_NAME, line no: 65,args.length,QUALIFIED_NAME, line no: 50, 0.0019995343528828803, insert, 0.8378378378378378, 0.0, 0.2727272727272727
String,SIMPLE_NAME, line no: 65,args.length,QUALIFIED_NAME, line no: 50, 0.0019923110760744363, insert, 0.8333333333333334, 0.0, 0.2727272727272727
"Enter an integer > ",STRING_LITERAL, line no: 61,java,SIMPLE_NAME, line no: 44, 0.00197397212543554, insert, 0.024390243902439025, 0.0, 0.047619047619047616
digits.value,QUALIFIED_NAME, line no: 65,i,SIMPLE_NAME, line no: 7, 0.0019518979367670727, insert, 0.16666666666666666, 0.0, 0.08333333333333333
"Enter an integer > ",STRING_LITERAL, line no: 61,input.value,QUALIFIED_NAME, line no: 62, 0.0019285714285714284, insert, 0.975609756097561, 0.0, 0.19047619047619047
String,SIMPLE_NAME, line no: 61,input.value,QUALIFIED_NAME, line no: 62, 0.0019090909090909093, insert, 0.975609756097561, 0.0, 0.18181818181818182
scanner,SIMPLE_NAME, line no: 62,input.value,QUALIFIED_NAME, line no: 62, 0.0019090909090909093, insert, 0.9876543209876543, 0.0, 0.18181818181818182
nextInt,SIMPLE_NAME, line no: 62,input.value,QUALIFIED_NAME, line no: 62, 0.0019090909090909093, insert, 0.9876543209876543, 0.0, 0.18181818181818182
String,SIMPLE_NAME, line no: 69,input.value,QUALIFIED_NAME, line no: 62, 0.0019090909090909093, insert, 0.975609756097561, 0.0, 0.18181818181818182
digits.value,QUALIFIED_NAME, line no: 65,System.out,QUALIFIED_NAME, line no: 56, 0.0018931004635463395, insert, 0.8055555555555556, 0.0, 0.25
digits.value,QUALIFIED_NAME, line no: 65,mainClass.output,QUALIFIED_NAME, line no: 56, 0.0018931004635463395, insert, 0.8055555555555556, 0.0, 0.25
input.value=scanner.nextInt(); ,EXPRESSION_STATEMENT, line no: 62,if (true) return; ,IF_STATEMENT, line no: 70, 0.0018696774193548385, insert, 1.0, 0.0, 0.3225806451612903
format,SIMPLE_NAME, line no: 65,input.value,QUALIFIED_NAME, line no: 62, 0.0018222357403119848, insert, 1.0, 0.0, 0.09090909090909091
"\n%d",STRING_LITERAL, line no: 65,input.value,QUALIFIED_NAME, line no: 62, 0.0018222357403119848, insert, 1.0, 0.0, 0.09090909090909091
"\n%d\nThat's all  have a nice day!",STRING_LITERAL, line no: 69,input.value,QUALIFIED_NAME, line no: 62, 0.0018124999999999999, insert, 0.975609756097561, 0.0, 0.1388888888888889
format,SIMPLE_NAME, line no: 65,digits.value,QUALIFIED_NAME, line no: 64, 0.001804013382908865, insert, 0.9444444444444444, 0.0, 0.08333333333333333
"\n%d",STRING_LITERAL, line no: 65,digits.value,QUALIFIED_NAME, line no: 64, 0.001804013382908865, insert, 0.9444444444444444, 0.0, 0.08333333333333333
digits,SIMPLE_NAME, line no: 65,args.length,QUALIFIED_NAME, line no: 50, 0.0017808660640454422, insert, 0.8378378378378378, 0.0, 0.18181818181818182
format,SIMPLE_NAME, line no: 65,args.length,QUALIFIED_NAME, line no: 50, 0.0017736427872369984, insert, 0.8333333333333334, 0.0, 0.18181818181818182
String,SIMPLE_NAME, line no: 65,System.out,QUALIFIED_NAME, line no: 56, 0.0017728329046857486, insert, 0.8055555555555556, 0.0, 0.2
format,SIMPLE_NAME, line no: 65,System.out,QUALIFIED_NAME, line no: 56, 0.0017728329046857486, insert, 0.8055555555555556, 0.0, 0.2
value,SIMPLE_NAME, line no: 65,mainClass.output,QUALIFIED_NAME, line no: 56, 0.0017511931712471188, insert, 0.8108108108108109, 0.0, 0.1875
format,SIMPLE_NAME, line no: 65,mainClass.output,QUALIFIED_NAME, line no: 56, 0.001742766014970601, insert, 0.8055555555555556, 0.0, 0.1875
String,SIMPLE_NAME, line no: 65,System.in,QUALIFIED_NAME, line no: 53, 0.0017371980724307588, insert, 0.4166666666666667, 0.0, 0.4444444444444444
"\n%d\nThat's all  have a nice day!",STRING_LITERAL, line no: 69,in,SIMPLE_NAME, line no: 53, 0.0017113211382113822, insert, 0.23170731707317074, 0.0, 0.027777777777777776
format,SIMPLE_NAME, line no: 61,input.value,QUALIFIED_NAME, line no: 62, 0.0017045454545454547, insert, 0.975609756097561, 0.0, 0.09090909090909091
format,SIMPLE_NAME, line no: 69,input.value,QUALIFIED_NAME, line no: 62, 0.0017045454545454547, insert, 0.975609756097561, 0.0, 0.09090909090909091
input,SIMPLE_NAME, line no: 69,mainClass.output,QUALIFIED_NAME, line no: 56, 0.0016609563253012047, insert, 0.6385542168674698, 0.0, 0.3125
input.value,QUALIFIED_NAME, line no: 69,mainClass.output,QUALIFIED_NAME, line no: 56, 0.001654344512195122, insert, 0.6341463414634146, 0.0, 0.3125
output+=(String.format("Enter an integer > ")); ,EXPRESSION_STATEMENT, line no: 61,if (true) return; ,IF_STATEMENT, line no: 70, 0.00165375, insert, 1.0, 0.0, 0.20833333333333334
value,SIMPLE_NAME, line no: 65,true,BOOLEAN_LITERAL, line no: 70, 0.0016078436313451453, insert, 1.0, 0.0, 0.4
digits,SIMPLE_NAME, line no: 65,mainClass.output,QUALIFIED_NAME, line no: 56, 0.0016008587226713801, insert, 0.8108108108108109, 0.0, 0.125
String,SIMPLE_NAME, line no: 65,mainClass.output,QUALIFIED_NAME, line no: 56, 0.0015924315663948623, insert, 0.8055555555555556, 0.0, 0.125
value,SIMPLE_NAME, line no: 69,digits.value,QUALIFIED_NAME, line no: 64, 0.0015881024096385543, insert, 0.40963855421686746, 1.0, 0.4166666666666667
input.value,QUALIFIED_NAME, line no: 69,System.out,QUALIFIED_NAME, line no: 56, 0.0015648558758314852, insert, 0.6341463414634146, 0.0, 0.2727272727272727
nextInt,SIMPLE_NAME, line no: 62,args.length,QUALIFIED_NAME, line no: 50, 0.0015580808080808079, insert, 0.6296296296296297, 0.0, 0.2727272727272727
"\n%d",STRING_LITERAL, line no: 65,args.length,QUALIFIED_NAME, line no: 50, 0.0015549744983995605, insert, 0.8333333333333334, 0.0, 0.09090909090909091
value,SIMPLE_NAME, line no: 69,args.length,QUALIFIED_NAME, line no: 50, 0.001553395399780942, insert, 0.6265060240963856, 0.0, 0.2727272727272727
String,SIMPLE_NAME, line no: 61,args.length,QUALIFIED_NAME, line no: 50, 0.001546563192904656, insert, 0.6219512195121951, 0.0, 0.2727272727272727
String,SIMPLE_NAME, line no: 69,args.length,QUALIFIED_NAME, line no: 50, 0.001546563192904656, insert, 0.6219512195121951, 0.0, 0.2727272727272727
input.value,QUALIFIED_NAME, line no: 69,args.length,QUALIFIED_NAME, line no: 50, 0.001546563192904656, insert, 0.6219512195121951, 0.0, 0.2727272727272727
digits,SIMPLE_NAME, line no: 65,System.out,QUALIFIED_NAME, line no: 56, 0.0015407249432410847, insert, 0.8108108108108109, 0.0, 0.1
value,SIMPLE_NAME, line no: 65,System.out,QUALIFIED_NAME, line no: 56, 0.0015407249432410847, insert, 0.8108108108108109, 0.0, 0.1
output+=(String.format("\n%d\nThat's all  have a nice day!" input.value)); ,EXPRESSION_STATEMENT, line no: 68,if (true) return; ,IF_STATEMENT, line no: 70, 0.0015372, insert, 1.0, 0.0, 0.14666666666666667
String,SIMPLE_NAME, line no: 65,true,BOOLEAN_LITERAL, line no: 70, 0.0015073534043860736, insert, 1.0, 0.0, 0.3333333333333333
value,SIMPLE_NAME, line no: 65,java.util,QUALIFIED_NAME, line no: 44, 0.0014952182993478878, insert, 0.02702702702702703, 0.0, 0.3333333333333333
value,SIMPLE_NAME, line no: 69,true,BOOLEAN_LITERAL, line no: 70, 0.0014473734939759039, insert, 0.9397590361445783, 0.0, 0.4
"\n%d",STRING_LITERAL, line no: 65,mainClass.output,QUALIFIED_NAME, line no: 56, 0.0014420971178191234, insert, 0.8055555555555556, 0.0, 0.0625
scanner,SIMPLE_NAME, line no: 62,System.out,QUALIFIED_NAME, line no: 56, 0.0014129629629629629, insert, 0.6419753086419753, 0.0, 0.2
nextInt,SIMPLE_NAME, line no: 62,System.out,QUALIFIED_NAME, line no: 56, 0.0014129629629629629, insert, 0.6419753086419753, 0.0, 0.2
input,SIMPLE_NAME, line no: 69,System.out,QUALIFIED_NAME, line no: 56, 0.0014078313253012048, insert, 0.6385542168674698, 0.0, 0.2
String,SIMPLE_NAME, line no: 61,System.out,QUALIFIED_NAME, line no: 56, 0.0014012195121951218, insert, 0.6341463414634146, 0.0, 0.2
format,SIMPLE_NAME, line no: 61,System.out,QUALIFIED_NAME, line no: 56, 0.0014012195121951218, insert, 0.6341463414634146, 0.0, 0.2
String,SIMPLE_NAME, line no: 69,System.out,QUALIFIED_NAME, line no: 56, 0.0014012195121951218, insert, 0.6341463414634146, 0.0, 0.2
format,SIMPLE_NAME, line no: 69,System.out,QUALIFIED_NAME, line no: 56, 0.0014012195121951218, insert, 0.6341463414634146, 0.0, 0.2
nextInt,SIMPLE_NAME, line no: 62,mainClass.output,QUALIFIED_NAME, line no: 56, 0.001384837962962963, insert, 0.6419753086419753, 0.0, 0.1875
digits.value,QUALIFIED_NAME, line no: 65,true,BOOLEAN_LITERAL, line no: 70, 0.0013817406206872343, insert, 1.0, 0.0, 0.25
"Enter an integer > ",STRING_LITERAL, line no: 61,mainClass.output,QUALIFIED_NAME, line no: 56, 0.0013797909407665505, insert, 0.6341463414634146, 0.0, 0.19047619047619047
value,SIMPLE_NAME, line no: 69,mainClass.output,QUALIFIED_NAME, line no: 56, 0.0013797063253012047, insert, 0.6385542168674698, 0.0, 0.1875
digits.value,QUALIFIED_NAME, line no: 65,mainClass.scanner,QUALIFIED_NAME, line no: 51, 0.0013756093333727728, insert, 0.3888888888888889, 0.0, 0.29411764705882354
format,SIMPLE_NAME, line no: 61,mainClass.output,QUALIFIED_NAME, line no: 56, 0.0013730945121951219, insert, 0.6341463414634146, 0.0, 0.1875
format,SIMPLE_NAME, line no: 69,mainClass.output,QUALIFIED_NAME, line no: 56, 0.0013730945121951219, insert, 0.6341463414634146, 0.0, 0.1875
String,SIMPLE_NAME, line no: 61,true,BOOLEAN_LITERAL, line no: 70, 0.0013641463414634145, insert, 0.9512195121951219, 0.0, 0.3333333333333333
String,SIMPLE_NAME, line no: 69,true,BOOLEAN_LITERAL, line no: 70, 0.0013641463414634145, insert, 0.9512195121951219, 0.0, 0.3333333333333333
scanner,SIMPLE_NAME, line no: 62,args.length,QUALIFIED_NAME, line no: 50, 0.0013535353535353534, insert, 0.6296296296296297, 0.0, 0.18181818181818182
input,SIMPLE_NAME, line no: 69,args.length,QUALIFIED_NAME, line no: 50, 0.0013488499452354874, insert, 0.6265060240963856, 0.0, 0.18181818181818182
format,SIMPLE_NAME, line no: 61,args.length,QUALIFIED_NAME, line no: 50, 0.0013420177383592017, insert, 0.6219512195121951, 0.0, 0.18181818181818182
format,SIMPLE_NAME, line no: 69,args.length,QUALIFIED_NAME, line no: 50, 0.0013420177383592017, insert, 0.6219512195121951, 0.0, 0.18181818181818182
String,SIMPLE_NAME, line no: 61,System.in,QUALIFIED_NAME, line no: 53, 0.001329268292682927, insert, 0.21951219512195122, 0.0, 0.4444444444444444
String,SIMPLE_NAME, line no: 69,System.in,QUALIFIED_NAME, line no: 53, 0.001329268292682927, insert, 0.21951219512195122, 0.0, 0.4444444444444444
digits.value,QUALIFIED_NAME, line no: 65,java.util,QUALIFIED_NAME, line no: 44, 0.0013140344394027533, insert, 0.027777777777777776, 0.0, 0.25
input.value,QUALIFIED_NAME, line no: 69,i,SIMPLE_NAME, line no: 7, 0.0013116851441241685, insert, 0.07317073170731707, 0.0, 0.09090909090909091
input.value,QUALIFIED_NAME, line no: 69,true,BOOLEAN_LITERAL, line no: 70, 0.001278691796008869, insert, 0.9512195121951219, 0.0, 0.2727272727272727
"Enter an integer > ",STRING_LITERAL, line no: 61,System.out,QUALIFIED_NAME, line no: 56, 0.0012726480836236932, insert, 0.6341463414634146, 0.0, 0.14285714285714285
format,SIMPLE_NAME, line no: 65,true,BOOLEAN_LITERAL, line no: 70, 0.0012561278369883947, insert, 1.0, 0.0, 0.16666666666666666
digits,SIMPLE_NAME, line no: 65,true,BOOLEAN_LITERAL, line no: 70, 0.0012561278369883947, insert, 1.0, 0.0, 0.16666666666666666
"Enter an integer > ",STRING_LITERAL, line no: 61,args.length,QUALIFIED_NAME, line no: 50, 0.001254355400696864, insert, 0.6219512195121951, 0.0, 0.14285714285714285
String,SIMPLE_NAME, line no: 65,java.util,QUALIFIED_NAME, line no: 44, 0.0012472191289246474, insert, 0.027777777777777776, 0.0, 0.2222222222222222
format,SIMPLE_NAME, line no: 65,java.util,QUALIFIED_NAME, line no: 44, 0.0012472191289246474, insert, 0.027777777777777776, 0.0, 0.2222222222222222
"\n%d\nThat's all  have a nice day!",STRING_LITERAL, line no: 69,args.length,QUALIFIED_NAME, line no: 50, 0.0012454268292682925, insert, 0.6219512195121951, 0.0, 0.1388888888888889
scanner,SIMPLE_NAME, line no: 62,mainClass.output,QUALIFIED_NAME, line no: 56, 0.001244212962962963, insert, 0.6419753086419753, 0.0, 0.125
scanner,SIMPLE_NAME, line no: 62,mainClass.scanner,QUALIFIED_NAME, line no: 51, 0.0012412854030501089, insert, 0.19753086419753085, 1.0, 0.4117647058823529
digits.value,QUALIFIED_NAME, line no: 65,java.util.Scanner,QUALIFIED_NAME, line no: 51, 0.0012341180876544303, insert, 0.3888888888888889, 0.0, 0.23529411764705882
String,SIMPLE_NAME, line no: 61,mainClass.output,QUALIFIED_NAME, line no: 56, 0.001232469512195122, insert, 0.6341463414634146, 0.0, 0.125
String,SIMPLE_NAME, line no: 69,mainClass.output,QUALIFIED_NAME, line no: 56, 0.001232469512195122, insert, 0.6341463414634146, 0.0, 0.125
scanner,SIMPLE_NAME, line no: 62,digits.value,QUALIFIED_NAME, line no: 64, 0.0012291666666666666, insert, 0.41975308641975306, 0.0, 0.25
value,SIMPLE_NAME, line no: 65,java.util.Scanner,QUALIFIED_NAME, line no: 51, 0.0012160598956333206, insert, 0.3783783783783784, 0.0, 0.23529411764705882
output+=(String.format("\n%d\nThat's all  have a nice day!" input.value)); ,EXPRESSION_STATEMENT, line no: 68,if (args.length > 0) {   mainClass.scanner=new java.util.Scanner(args[0]); }  else {   mainClass.scanner=new java.util.Scanner(System.in); } ,IF_STATEMENT, line no: 50, 0.001209819967266776, insert, 0.6410256410256411, 0.0, 0.2127659574468085
value,SIMPLE_NAME, line no: 69,System.out,QUALIFIED_NAME, line no: 56, 0.0011828313253012047, insert, 0.6385542168674698, 0.0, 0.1
input,SIMPLE_NAME, line no: 69,true,BOOLEAN_LITERAL, line no: 70, 0.0011653734939759037, insert, 0.9397590361445783, 0.0, 0.2
"\n%d\nThat's all  have a nice day!",STRING_LITERAL, line no: 69,mainClass.output,QUALIFIED_NAME, line no: 56, 0.0011387195121951219, insert, 0.6341463414634146, 0.0, 0.08333333333333333
format,SIMPLE_NAME, line no: 61,true,BOOLEAN_LITERAL, line no: 70, 0.0011291463414634145, insert, 0.9512195121951219, 0.0, 0.16666666666666666
format,SIMPLE_NAME, line no: 69,true,BOOLEAN_LITERAL, line no: 70, 0.0011291463414634145, insert, 0.9512195121951219, 0.0, 0.16666666666666666
scanner,SIMPLE_NAME, line no: 62,java.util.Scanner,QUALIFIED_NAME, line no: 51, 0.0011274509803921567, insert, 0.20987654320987653, 0.0, 0.35294117647058826
input.value=scanner.nextInt(); ,EXPRESSION_STATEMENT, line no: 62,if (args.length > 0) {   mainClass.scanner=new java.util.Scanner(args[0]); }  else {   mainClass.scanner=new java.util.Scanner(System.in); } ,IF_STATEMENT, line no: 50, 0.0011159901800327332, insert, 0.6410256410256411, 0.5, 0.16312056737588654
scanner,SIMPLE_NAME, line no: 62,true,BOOLEAN_LITERAL, line no: 70, 0.0011066137566137567, insert, 0.9629629629629629, 0.0, 0.14285714285714285
nextInt,SIMPLE_NAME, line no: 62,true,BOOLEAN_LITERAL, line no: 70, 0.0011066137566137567, insert, 0.9629629629629629, 0.0, 0.14285714285714285
output+=(String.format("Enter an integer > ")); ,EXPRESSION_STATEMENT, line no: 61,if (args.length > 0) {   mainClass.scanner=new java.util.Scanner(args[0]); }  else {   mainClass.scanner=new java.util.Scanner(System.in); } ,IF_STATEMENT, line no: 50, 0.0011025859247135842, insert, 0.6410256410256411, 0.0, 0.15602836879432624
"Enter an integer > ",STRING_LITERAL, line no: 61,true,BOOLEAN_LITERAL, line no: 70, 0.001095574912891986, insert, 0.9512195121951219, 0.0, 0.14285714285714285
value,SIMPLE_NAME, line no: 69,java.util,QUALIFIED_NAME, line no: 44, 0.0010933734939759035, insert, 0.012048192771084338, 0.0, 0.3333333333333333
String,SIMPLE_NAME, line no: 65,java.util.Scanner,QUALIFIED_NAME, line no: 51, 0.001092626841936088, insert, 0.3888888888888889, 0.0, 0.17647058823529413
"\n%d\nThat's all  have a nice day!",STRING_LITERAL, line no: 69,System.out,QUALIFIED_NAME, line no: 56, 0.0010762195121951218, insert, 0.6341463414634146, 0.0, 0.05555555555555555
value,SIMPLE_NAME, line no: 65,mainClass.scanner,QUALIFIED_NAME, line no: 51, 0.0010745686499149783, insert, 0.3783783783783784, 0.0, 0.17647058823529413
digits.value,QUALIFIED_NAME, line no: 65,System.in,QUALIFIED_NAME, line no: 53, 0.0010690449676496977, insert, 0.4166666666666667, 0.0, 0.16666666666666666
String,SIMPLE_NAME, line no: 61,digits.value,QUALIFIED_NAME, line no: 64, 0.0010335365853658537, insert, 0.4146341463414634, 0.0, 0.16666666666666666
String,SIMPLE_NAME, line no: 69,digits.value,QUALIFIED_NAME, line no: 64, 0.0010335365853658537, insert, 0.4146341463414634, 0.0, 0.16666666666666666
"\n%d\nThat's all  have a nice day!",STRING_LITERAL, line no: 69,digits.value,QUALIFIED_NAME, line no: 64, 0.0010335365853658537, insert, 0.4146341463414634, 0.0, 0.16666666666666666
input,SIMPLE_NAME, line no: 69,digits.value,QUALIFIED_NAME, line no: 64, 0.0010256024096385542, insert, 0.40963855421686746, 0.0, 0.16666666666666666
input.value,QUALIFIED_NAME, line no: 69,java.util.Scanner,QUALIFIED_NAME, line no: 51, 9.910329985652797E-4, insert, 0.2073170731707317, 0.0, 0.29411764705882354
"Enter an integer > ",STRING_LITERAL, line no: 61,digits.value,QUALIFIED_NAME, line no: 64, 9.79965156794425E-4, insert, 0.4146341463414634, 0.0, 0.14285714285714285
input.value,QUALIFIED_NAME, line no: 69,mainClass.scanner,QUALIFIED_NAME, line no: 51, 9.727403156384504E-4, insert, 0.1951219512195122, 0.0, 0.29411764705882354
"\n%d\nThat's all  have a nice day!",STRING_LITERAL, line no: 69,true,BOOLEAN_LITERAL, line no: 70, 9.72479674796748E-4, insert, 0.9512195121951219, 0.0, 0.05555555555555555
"Enter an integer > ",STRING_LITERAL, line no: 61,java.util.Scanner,QUALIFIED_NAME, line no: 51, 9.721254355400695E-4, insert, 0.2073170731707317, 0.0, 0.2857142857142857
input.value,QUALIFIED_NAME, line no: 69,java.util,QUALIFIED_NAME, line no: 44, 9.611973392461196E-4, insert, 0.012195121951219513, 0.0, 0.2727272727272727
digits,SIMPLE_NAME, line no: 65,java.util,QUALIFIED_NAME, line no: 44, 9.606958155230391E-4, insert, 0.02702702702702703, 0.0, 0.1111111111111111
"Enter an integer > ",STRING_LITERAL, line no: 61,mainClass.scanner,QUALIFIED_NAME, line no: 51, 9.538327526132402E-4, insert, 0.1951219512195122, 0.0, 0.2857142857142857
String,SIMPLE_NAME, line no: 65,mainClass.scanner,QUALIFIED_NAME, line no: 51, 9.511355962177457E-4, insert, 0.3888888888888889, 0.0, 0.11764705882352941
format,SIMPLE_NAME, line no: 65,mainClass.scanner,QUALIFIED_NAME, line no: 51, 9.511355962177457E-4, insert, 0.3888888888888889, 0.0, 0.11764705882352941
format,SIMPLE_NAME, line no: 65,java.util.Scanner,QUALIFIED_NAME, line no: 51, 9.511355962177457E-4, insert, 0.3888888888888889, 0.0, 0.11764705882352941
format,SIMPLE_NAME, line no: 65,System.in,QUALIFIED_NAME, line no: 53, 9.354143466934854E-4, insert, 0.4166666666666667, 0.0, 0.1111111111111111
"\n%d",STRING_LITERAL, line no: 65,System.in,QUALIFIED_NAME, line no: 53, 9.354143466934854E-4, insert, 0.4166666666666667, 0.0, 0.1111111111111111
digits,SIMPLE_NAME, line no: 65,mainClass.scanner,QUALIFIED_NAME, line no: 51, 9.330774041966359E-4, insert, 0.3783783783783784, 0.0, 0.11764705882352941
digits,SIMPLE_NAME, line no: 65,System.in,QUALIFIED_NAME, line no: 53, 9.173561546723756E-4, insert, 0.40540540540540543, 0.0, 0.1111111111111111
value,SIMPLE_NAME, line no: 65,System.in,QUALIFIED_NAME, line no: 53, 9.173561546723756E-4, insert, 0.40540540540540543, 0.0, 0.1111111111111111
"Enter an integer > ",STRING_LITERAL, line no: 61,i,SIMPLE_NAME, line no: 7, 9.05191637630662E-4, insert, 0.07317073170731707, 0.0, 0.047619047619047616
value,SIMPLE_NAME, line no: 69,java.util.Scanner,QUALIFIED_NAME, line no: 51, 8.547129695251595E-4, insert, 0.20481927710843373, 0.0, 0.23529411764705882
nextInt,SIMPLE_NAME, line no: 62,digits.value,QUALIFIED_NAME, line no: 64, 8.541666666666666E-4, insert, 0.41975308641975306, 0.0, 0.08333333333333333
String,SIMPLE_NAME, line no: 61,java.util,QUALIFIED_NAME, line no: 44, 8.475609756097561E-4, insert, 0.012195121951219513, 0.0, 0.2222222222222222
format,SIMPLE_NAME, line no: 61,java.util,QUALIFIED_NAME, line no: 44, 8.475609756097561E-4, insert, 0.012195121951219513, 0.0, 0.2222222222222222
String,SIMPLE_NAME, line no: 69,java.util,QUALIFIED_NAME, line no: 44, 8.475609756097561E-4, insert, 0.012195121951219513, 0.0, 0.2222222222222222
format,SIMPLE_NAME, line no: 69,java.util,QUALIFIED_NAME, line no: 44, 8.475609756097561E-4, insert, 0.012195121951219513, 0.0, 0.2222222222222222
format,SIMPLE_NAME, line no: 61,digits.value,QUALIFIED_NAME, line no: 64, 8.460365853658537E-4, insert, 0.4146341463414634, 0.0, 0.08333333333333333
format,SIMPLE_NAME, line no: 69,digits.value,QUALIFIED_NAME, line no: 64, 8.460365853658537E-4, insert, 0.4146341463414634, 0.0, 0.08333333333333333
input,SIMPLE_NAME, line no: 69,java.util,QUALIFIED_NAME, line no: 44, 8.433734939759036E-4, insert, 0.012048192771084338, 0.0, 0.2222222222222222
scanner,SIMPLE_NAME, line no: 62,System.in,QUALIFIED_NAME, line no: 53, 8.333333333333333E-4, insert, 0.2222222222222222, 0.0, 0.2222222222222222
nextInt,SIMPLE_NAME, line no: 62,System.in,QUALIFIED_NAME, line no: 53, 8.333333333333333E-4, insert, 0.2222222222222222, 0.0, 0.2222222222222222
input,SIMPLE_NAME, line no: 69,System.in,QUALIFIED_NAME, line no: 53, 8.253012048192772E-4, insert, 0.21686746987951808, 0.0, 0.2222222222222222
"\n%d",STRING_LITERAL, line no: 65,mainClass.scanner,QUALIFIED_NAME, line no: 51, 8.096443504994034E-4, insert, 0.3888888888888889, 0.0, 0.058823529411764705
"\n%d",STRING_LITERAL, line no: 65,java.util.Scanner,QUALIFIED_NAME, line no: 51, 8.096443504994034E-4, insert, 0.3888888888888889, 0.0, 0.058823529411764705
digits,SIMPLE_NAME, line no: 65,java.util.Scanner,QUALIFIED_NAME, line no: 51, 7.915861584782936E-4, insert, 0.3783783783783784, 0.0, 0.058823529411764705
"Enter an integer > ",STRING_LITERAL, line no: 61,System.in,QUALIFIED_NAME, line no: 53, 7.578397212543553E-4, insert, 0.21951219512195122, 0.0, 0.19047619047619047
input.value,QUALIFIED_NAME, line no: 69,System.in,QUALIFIED_NAME, line no: 53, 7.383592017738359E-4, insert, 0.21951219512195122, 0.0, 0.18181818181818182
String,SIMPLE_NAME, line no: 61,java.util.Scanner,QUALIFIED_NAME, line no: 51, 7.263271162123386E-4, insert, 0.2073170731707317, 0.0, 0.17647058823529413
String,SIMPLE_NAME, line no: 69,java.util.Scanner,QUALIFIED_NAME, line no: 51, 7.263271162123386E-4, insert, 0.2073170731707317, 0.0, 0.17647058823529413
"\n%d\nThat's all  have a nice day!",STRING_LITERAL, line no: 69,i,SIMPLE_NAME, line no: 7, 7.188821138211382E-4, insert, 0.07317073170731707, 0.0, 0.027777777777777776
value,SIMPLE_NAME, line no: 69,mainClass.scanner,QUALIFIED_NAME, line no: 51, 7.042877391920623E-4, insert, 0.1927710843373494, 0.0, 0.17647058823529413
"\n%d\nThat's all  have a nice day!",STRING_LITERAL, line no: 69,java.util.Scanner,QUALIFIED_NAME, line no: 51, 7.042682926829268E-4, insert, 0.2073170731707317, 0.0, 0.16666666666666666
"\n%d\nThat's all  have a nice day!",STRING_LITERAL, line no: 69,mainClass.scanner,QUALIFIED_NAME, line no: 51, 6.859756097560975E-4, insert, 0.1951219512195122, 0.0, 0.16666666666666666
scanner,SIMPLE_NAME, line no: 62,java.util,QUALIFIED_NAME, line no: 44, 6.018518518518518E-4, insert, 0.012345679012345678, 0.0, 0.1111111111111111
nextInt,SIMPLE_NAME, line no: 62,java.util,QUALIFIED_NAME, line no: 44, 6.018518518518518E-4, insert, 0.012345679012345678, 0.0, 0.1111111111111111
nextInt,SIMPLE_NAME, line no: 62,java.util.Scanner,QUALIFIED_NAME, line no: 51, 5.980392156862745E-4, insert, 0.20987654320987653, 0.0, 0.11764705882352941
"\n%d\nThat's all  have a nice day!",STRING_LITERAL, line no: 69,java.util,QUALIFIED_NAME, line no: 44, 5.975609756097561E-4, insert, 0.012195121951219513, 0.0, 0.1111111111111111
format,SIMPLE_NAME, line no: 61,java.util.Scanner,QUALIFIED_NAME, line no: 51, 5.93974175035868E-4, insert, 0.2073170731707317, 0.0, 0.11764705882352941
format,SIMPLE_NAME, line no: 69,java.util.Scanner,QUALIFIED_NAME, line no: 51, 5.93974175035868E-4, insert, 0.2073170731707317, 0.0, 0.11764705882352941
input,SIMPLE_NAME, line no: 69,java.util.Scanner,QUALIFIED_NAME, line no: 51, 5.900070871722183E-4, insert, 0.20481927710843373, 0.0, 0.11764705882352941
nextInt,SIMPLE_NAME, line no: 62,mainClass.scanner,QUALIFIED_NAME, line no: 51, 5.79520697167756E-4, insert, 0.19753086419753085, 0.0, 0.11764705882352941
format,SIMPLE_NAME, line no: 61,System.in,QUALIFIED_NAME, line no: 53, 5.792682926829268E-4, insert, 0.21951219512195122, 0.0, 0.1111111111111111
format,SIMPLE_NAME, line no: 69,System.in,QUALIFIED_NAME, line no: 53, 5.792682926829268E-4, insert, 0.21951219512195122, 0.0, 0.1111111111111111
String,SIMPLE_NAME, line no: 61,mainClass.scanner,QUALIFIED_NAME, line no: 51, 5.756814921090387E-4, insert, 0.1951219512195122, 0.0, 0.11764705882352941
format,SIMPLE_NAME, line no: 61,mainClass.scanner,QUALIFIED_NAME, line no: 51, 5.756814921090387E-4, insert, 0.1951219512195122, 0.0, 0.11764705882352941
String,SIMPLE_NAME, line no: 69,mainClass.scanner,QUALIFIED_NAME, line no: 51, 5.756814921090387E-4, insert, 0.1951219512195122, 0.0, 0.11764705882352941
format,SIMPLE_NAME, line no: 69,mainClass.scanner,QUALIFIED_NAME, line no: 51, 5.756814921090387E-4, insert, 0.1951219512195122, 0.0, 0.11764705882352941
value,SIMPLE_NAME, line no: 69,System.in,QUALIFIED_NAME, line no: 53, 5.753012048192771E-4, insert, 0.21686746987951808, 0.0, 0.1111111111111111
input,SIMPLE_NAME, line no: 69,mainClass.scanner,QUALIFIED_NAME, line no: 51, 5.719347980155917E-4, insert, 0.1927710843373494, 0.0, 0.11764705882352941
"Enter an integer > ",STRING_LITERAL, line no: 61,java.util,QUALIFIED_NAME, line no: 44, 5.618466898954704E-4, insert, 0.012195121951219513, 0.0, 0.09523809523809523
"\n%d\nThat's all  have a nice day!",STRING_LITERAL, line no: 69,System.in,QUALIFIED_NAME, line no: 53, 5.167682926829269E-4, insert, 0.21951219512195122, 0.0, 0.08333333333333333
