value=i; ,EXPRESSION_STATEMENT, line no: 7,value=i; ,EXPRESSION_STATEMENT, line no: 7, 0.020375, insert, 1.0, 1.0, 1.0
output+=(String.format("\nEnter an integer > ")); ,EXPRESSION_STATEMENT, line no: 63,output+=(String.format("\nEnter an integer > ")); ,EXPRESSION_STATEMENT, line no: 63, 0.020375, insert, 1.0, 1.0, 1.0
n.value=scanner.nextInt(); ,EXPRESSION_STATEMENT, line no: 64,n.value=scanner.nextInt(); ,EXPRESSION_STATEMENT, line no: 64, 0.020375, insert, 1.0, 3.0, 1.0
output+=(String.format("\nThat's all  have a nice day!\n")); ,EXPRESSION_STATEMENT, line no: 75,output+=(String.format("\nThat's all  have a nice day!\n")); ,EXPRESSION_STATEMENT, line no: 75, 0.020375, insert, 1.0, 1.0, 1.0
output+=(String.format("\nEnter an integer > ")); ,EXPRESSION_STATEMENT, line no: 63,output+=(String.format("\nThat's all  have a nice day!\n")); ,EXPRESSION_STATEMENT, line no: 75, 0.015965983606557377, insert, 1.0, 1.0, 0.639344262295082
output+=(String.format("\nThat's all  have a nice day!\n")); ,EXPRESSION_STATEMENT, line no: 75,output+=(String.format("\nEnter an integer > ")); ,EXPRESSION_STATEMENT, line no: 63, 0.015965983606557377, insert, 1.0, 1.0, 0.639344262295082
value=i; ,EXPRESSION_STATEMENT, line no: 7,n.value=scanner.nextInt(); ,EXPRESSION_STATEMENT, line no: 64, 0.011772222222222222, insert, 1.0, 1.0, 0.2962962962962963
value=i; ,EXPRESSION_STATEMENT, line no: 7,mainClass.exec(); ,EXPRESSION_STATEMENT, line no: 55, 0.011545833333333333, insert, 1.0, 0.0, 0.2777777777777778
value=i; ,EXPRESSION_STATEMENT, line no: 7,n.value=n.value / mod.value; ,EXPRESSION_STATEMENT, line no: 67, 0.01152241379310345, insert, 1.0, 1.0, 0.27586206896551724
output+=(String.format("\nEnter an integer > ")); ,EXPRESSION_STATEMENT, line no: 63,n.value=scanner.nextInt(); ,EXPRESSION_STATEMENT, line no: 64, 0.011328500000000002, insert, 1.0, 0.0, 0.26
n.value=scanner.nextInt(); ,EXPRESSION_STATEMENT, line no: 64,output+=(String.format("\nEnter an integer > ")); ,EXPRESSION_STATEMENT, line no: 63, 0.011328500000000002, insert, 1.0, 0.0, 0.26
value=i; ,EXPRESSION_STATEMENT, line no: 7,modRes.value=n.value % mod.value; ,EXPRESSION_STATEMENT, line no: 66, 0.011026470588235296, insert, 1.0, 1.0, 0.23529411764705882
value=i; ,EXPRESSION_STATEMENT, line no: 7,modRes.value=Math.abs(modRes.value); ,EXPRESSION_STATEMENT, line no: 69, 0.010793243243243244, insert, 1.0, 1.0, 0.21621621621621623
n.value=scanner.nextInt(); ,EXPRESSION_STATEMENT, line no: 64,output+=(String.format("\nThat's all  have a nice day!\n")); ,EXPRESSION_STATEMENT, line no: 75, 0.010554918032786886, insert, 1.0, 0.0, 0.19672131147540983
output+=(String.format("\nThat's all  have a nice day!\n")); ,EXPRESSION_STATEMENT, line no: 75,n.value=scanner.nextInt(); ,EXPRESSION_STATEMENT, line no: 64, 0.010554918032786886, insert, 1.0, 0.0, 0.19672131147540983
n.value=scanner.nextInt(); ,EXPRESSION_STATEMENT, line no: 64,n.value=n.value / mod.value; ,EXPRESSION_STATEMENT, line no: 67, 0.010517653341470859, insert, 0.5663716814159292, 1.5, 0.4827586206896552
value=i; ,EXPRESSION_STATEMENT, line no: 7,output+=(String.format("\n%d" modRes.value)); ,EXPRESSION_STATEMENT, line no: 70, 0.010010326086956524, insert, 1.0, 1.0, 0.15217391304347827
value=i; ,EXPRESSION_STATEMENT, line no: 7,mainClass.scanner=new java.util.Scanner(args[0]); ,EXPRESSION_STATEMENT, line no: 51, 0.0098615, insert, 1.0, 0.0, 0.14
output+=(String.format("\nEnter an integer > ")); ,EXPRESSION_STATEMENT, line no: 63,output+=(String.format("\n%d" modRes.value)); ,EXPRESSION_STATEMENT, line no: 70, 0.009799473451327435, insert, 0.21238938053097345, 1.0, 0.66
value=i; ,EXPRESSION_STATEMENT, line no: 7,mainClass.scanner=new java.util.Scanner(System.in); ,EXPRESSION_STATEMENT, line no: 53, 0.009795673076923077, insert, 1.0, 0.0, 0.1346153846153846
value=i; ,EXPRESSION_STATEMENT, line no: 7,System.out.println(mainClass.output); ,EXPRESSION_STATEMENT, line no: 56, 0.009758552631578949, insert, 1.0, 0.0, 0.13157894736842105
value=i; ,EXPRESSION_STATEMENT, line no: 7,output+=(String.format("\nEnter an integer > ")); ,EXPRESSION_STATEMENT, line no: 63, 0.0093725, insert, 1.0, 0.0, 0.1
value=i; ,EXPRESSION_STATEMENT, line no: 7,output+=(String.format("\nThat's all  have a nice day!\n")); ,EXPRESSION_STATEMENT, line no: 75, 0.009352459016393443, insert, 1.0, 0.0, 0.09836065573770492
n.value=scanner.nextInt(); ,EXPRESSION_STATEMENT, line no: 64,modRes.value=n.value % mod.value; ,EXPRESSION_STATEMENT, line no: 66, 0.009290193909422175, insert, 0.5663716814159292, 1.6, 0.38235294117647056
output+=(String.format("\nThat's all  have a nice day!\n")); ,EXPRESSION_STATEMENT, line no: 75,output+=(String.format("\n%d" modRes.value)); ,EXPRESSION_STATEMENT, line no: 70, 0.008544907877556941, insert, 0.21238938053097345, 1.0, 0.5573770491803278
n.value=scanner.nextInt(); ,EXPRESSION_STATEMENT, line no: 64,mainClass.exec(); ,EXPRESSION_STATEMENT, line no: 55, 0.008422468043264504, insert, 0.4778761061946903, 0.0, 0.37037037037037035
String,SIMPLE_NAME, line no: 63,String,SIMPLE_NAME, line no: 49, 0.007825, insert, 0.4700854700854701, 0.0, 1.0
format,SIMPLE_NAME, line no: 63,format,SIMPLE_NAME, line no: 63, 0.007825, insert, 1.0, 0.0, 1.0
scanner,SIMPLE_NAME, line no: 64,scanner,SIMPLE_NAME, line no: 51, 0.007825, insert, 0.14655172413793102, 1.0, 1.0
nextInt,SIMPLE_NAME, line no: 64,nextInt,SIMPLE_NAME, line no: 64, 0.007825, insert, 1.0, 0.0, 1.0
String,SIMPLE_NAME, line no: 75,String,SIMPLE_NAME, line no: 49, 0.007825, insert, 0.4700854700854701, 0.0, 1.0
format,SIMPLE_NAME, line no: 75,format,SIMPLE_NAME, line no: 63, 0.007825, insert, 1.0, 0.0, 1.0
output+=(String.format("\nEnter an integer > ")); ,EXPRESSION_STATEMENT, line no: 63,System.out.println(mainClass.output); ,EXPRESSION_STATEMENT, line no: 56, 0.007806690265486726, insert, 0.4778761061946903, 1.0, 0.32
output+=(String.format("\nEnter an integer > ")); ,EXPRESSION_STATEMENT, line no: 63,modRes.value=n.value % mod.value; ,EXPRESSION_STATEMENT, line no: 66, 0.007549929203539823, insert, 0.5663716814159292, 0.0, 0.24
output+=(String.format("\nThat's all  have a nice day!\n")); ,EXPRESSION_STATEMENT, line no: 75,modRes.value=n.value % mod.value; ,EXPRESSION_STATEMENT, line no: 66, 0.007421666908457856, insert, 0.5663716814159292, 0.0, 0.22950819672131148
output+=(String.format("\nEnter an integer > ")); ,EXPRESSION_STATEMENT, line no: 63,n.value=n.value / mod.value; ,EXPRESSION_STATEMENT, line no: 67, 0.0073054292035398235, insert, 0.5663716814159292, 0.0, 0.22
output+=(String.format("\nThat's all  have a nice day!\n")); ,EXPRESSION_STATEMENT, line no: 75,n.value=n.value / mod.value; ,EXPRESSION_STATEMENT, line no: 67, 0.007221257072392281, insert, 0.5663716814159292, 0.0, 0.21311475409836064
n.value=scanner.nextInt(); ,EXPRESSION_STATEMENT, line no: 64,System.out.println(mainClass.output); ,EXPRESSION_STATEMENT, line no: 56, 0.00711179552864462, insert, 0.4778761061946903, 0.0, 0.2631578947368421
output+=(String.format("\nThat's all  have a nice day!\n")); ,EXPRESSION_STATEMENT, line no: 75,System.out.println(mainClass.output); ,EXPRESSION_STATEMENT, line no: 56, 0.006900837806470332, insert, 0.4778761061946903, 1.0, 0.2459016393442623
n.value=scanner.nextInt(); ,EXPRESSION_STATEMENT, line no: 64,modRes.value=Math.abs(modRes.value); ,EXPRESSION_STATEMENT, line no: 69, 0.00635664912700311, insert, 0.21238938053097345, 0.5, 0.3783783783783784
output+=(String.format("\nEnter an integer > ")); ,EXPRESSION_STATEMENT, line no: 63,mainClass.exec(); ,EXPRESSION_STATEMENT, line no: 55, 0.006095190265486727, insert, 0.4778761061946903, 0.0, 0.18
output+=(String.format("\nThat's all  have a nice day!\n")); ,EXPRESSION_STATEMENT, line no: 75,mainClass.exec(); ,EXPRESSION_STATEMENT, line no: 55, 0.005898788626142464, insert, 0.4778761061946903, 0.0, 0.16393442622950818
output+=(String.format("\nEnter an integer > ")); ,EXPRESSION_STATEMENT, line no: 63,mainClass.scanner=new java.util.Scanner(args[0]); ,EXPRESSION_STATEMENT, line no: 51, 0.005166234513274337, insert, 0.12389380530973451, 0.0, 0.34
n.value=scanner.nextInt(); ,EXPRESSION_STATEMENT, line no: 64,mainClass.scanner=new java.util.Scanner(args[0]); ,EXPRESSION_STATEMENT, line no: 51, 0.005166234513274337, insert, 0.12389380530973451, 0.5, 0.34
output+=(String.format("\nEnter an integer > ")); ,EXPRESSION_STATEMENT, line no: 63,mainClass.scanner=new java.util.Scanner(System.in); ,EXPRESSION_STATEMENT, line no: 53, 0.005078493022464261, insert, 0.13274336283185842, 0.0, 0.3269230769230769
n.value=scanner.nextInt(); ,EXPRESSION_STATEMENT, line no: 64,mainClass.scanner=new java.util.Scanner(System.in); ,EXPRESSION_STATEMENT, line no: 53, 0.005078493022464261, insert, 0.13274336283185842, 0.5, 0.3269230769230769
nextInt,SIMPLE_NAME, line no: 64,IntObj,SIMPLE_NAME, line no: 60, 0.005061194581280788, insert, 0.9741379310344828, 0.0, 0.42857142857142855
output+=(String.format("\nEnter an integer > ")); ,EXPRESSION_STATEMENT, line no: 63,modRes.value=Math.abs(modRes.value); ,EXPRESSION_STATEMENT, line no: 69, 0.004909473451327434, insert, 0.21238938053097345, 0.0, 0.26
output+=(String.format("\nThat's all  have a nice day!\n")); ,EXPRESSION_STATEMENT, line no: 75,mainClass.scanner=new java.util.Scanner(System.in); ,EXPRESSION_STATEMENT, line no: 53, 0.004689235456259974, insert, 0.13274336283185842, 0.0, 0.29508196721311475
format,SIMPLE_NAME, line no: 63,output,SIMPLE_NAME, line no: 49, 0.004641495726495727, insert, 0.4700854700854701, 0.0, 0.3333333333333333
format,SIMPLE_NAME, line no: 75,output,SIMPLE_NAME, line no: 49, 0.004641495726495727, insert, 0.4700854700854701, 0.0, 0.3333333333333333
scanner,SIMPLE_NAME, line no: 64,Scanner,SIMPLE_NAME, line no: 44, 0.004536958128078817, insert, 0.008620689655172414, 0.0, 0.8571428571428571
output+=(String.format("\nThat's all  have a nice day!\n")); ,EXPRESSION_STATEMENT, line no: 75,modRes.value=Math.abs(modRes.value); ,EXPRESSION_STATEMENT, line no: 69, 0.004536711156245467, insert, 0.21238938053097345, 0.0, 0.22950819672131148
scanner,SIMPLE_NAME, line no: 64,nextInt,SIMPLE_NAME, line no: 64, 0.0044714285714285715, insert, 1.0, 0.0, 0.2857142857142857
nextInt,SIMPLE_NAME, line no: 64,String,SIMPLE_NAME, line no: 49, 0.0044714285714285715, insert, 0.47413793103448276, 0.0, 0.2857142857142857
nextInt,SIMPLE_NAME, line no: 64,scanner,SIMPLE_NAME, line no: 51, 0.0044714285714285715, insert, 0.14655172413793102, 0.0, 0.2857142857142857
String,SIMPLE_NAME, line no: 63,nextInt,SIMPLE_NAME, line no: 64, 0.0044446764346764344, insert, 0.9914529914529915, 0.0, 0.2857142857142857
String,SIMPLE_NAME, line no: 75,nextInt,SIMPLE_NAME, line no: 64, 0.0044446764346764344, insert, 0.9914529914529915, 0.0, 0.2857142857142857
scanner,SIMPLE_NAME, line no: 64,value,SIMPLE_NAME, line no: 7, 0.004444445812807882, insert, 0.05172413793103448, 0.0, 0.2857142857142857
nextInt,SIMPLE_NAME, line no: 64,output,SIMPLE_NAME, line no: 49, 0.004444445812807882, insert, 0.47413793103448276, 0.0, 0.2857142857142857
output+=(String.format("\nThat's all  have a nice day!\n")); ,EXPRESSION_STATEMENT, line no: 75,mainClass.scanner=new java.util.Scanner(args[0]); ,EXPRESSION_STATEMENT, line no: 51, 0.00441670172638909, insert, 0.12389380530973451, 0.0, 0.2786885245901639
n.value=scanner.nextInt(); ,EXPRESSION_STATEMENT, line no: 64,output+=(String.format("\n%d" modRes.value)); ,EXPRESSION_STATEMENT, line no: 70, 0.0043885821469796076, insert, 0.21238938053097345, 0.6000000000000001, 0.21739130434782608
"\nEnter an integer > ",STRING_LITERAL, line no: 63,String,SIMPLE_NAME, line no: 49, 0.004150652173913044, insert, 0.4700854700854701, 0.0, 0.21739130434782608
"\nEnter an integer > ",STRING_LITERAL, line no: 63,scanner,SIMPLE_NAME, line no: 51, 0.004123900037160907, insert, 0.1452991452991453, 0.0, 0.21739130434782608
"\nEnter an integer > ",STRING_LITERAL, line no: 63,nextInt,SIMPLE_NAME, line no: 64, 0.003919769602378298, insert, 0.9914529914529915, 0.0, 0.17391304347826086
String,SIMPLE_NAME, line no: 63,format,SIMPLE_NAME, line no: 63, 0.0039125, insert, 1.0, 0.0, 0.16666666666666666
format,SIMPLE_NAME, line no: 63,String,SIMPLE_NAME, line no: 49, 0.0039125, insert, 0.4700854700854701, 0.0, 0.16666666666666666
String,SIMPLE_NAME, line no: 75,format,SIMPLE_NAME, line no: 63, 0.0039125, insert, 1.0, 0.0, 0.16666666666666666
format,SIMPLE_NAME, line no: 75,String,SIMPLE_NAME, line no: 49, 0.0039125, insert, 0.4700854700854701, 0.0, 0.16666666666666666
n.value=scanner.nextInt(); ,EXPRESSION_STATEMENT, line no: 64,value=i; ,EXPRESSION_STATEMENT, line no: 7, 0.003910717797443461, insert, 0.035398230088495575, 0.3333333333333333, 0.2962962962962963
String,SIMPLE_NAME, line no: 63,output,SIMPLE_NAME, line no: 49, 0.0038589957264957265, insert, 0.4700854700854701, 0.0, 0.16666666666666666
String,SIMPLE_NAME, line no: 63,n,SIMPLE_NAME, line no: 60, 0.0038589957264957265, insert, 0.9658119658119658, 0.0, 0.16666666666666666
format,SIMPLE_NAME, line no: 63,value,SIMPLE_NAME, line no: 7, 0.0038589957264957265, insert, 0.05128205128205128, 0.0, 0.16666666666666666
String,SIMPLE_NAME, line no: 75,output,SIMPLE_NAME, line no: 49, 0.0038589957264957265, insert, 0.4700854700854701, 0.0, 0.16666666666666666
String,SIMPLE_NAME, line no: 75,n,SIMPLE_NAME, line no: 60, 0.0038589957264957265, insert, 0.9658119658119658, 0.0, 0.16666666666666666
format,SIMPLE_NAME, line no: 75,value,SIMPLE_NAME, line no: 7, 0.0038589957264957265, insert, 0.05128205128205128, 0.0, 0.16666666666666666
String,SIMPLE_NAME, line no: 63,IntObj,SIMPLE_NAME, line no: 60, 0.003805491452991453, insert, 0.9658119658119658, 0.0, 0.16666666666666666
format,SIMPLE_NAME, line no: 63,IntObj,SIMPLE_NAME, line no: 60, 0.003805491452991453, insert, 0.9658119658119658, 0.0, 0.16666666666666666
format,SIMPLE_NAME, line no: 63,modRes,SIMPLE_NAME, line no: 61, 0.003805491452991453, insert, 0.9658119658119658, 0.0, 0.16666666666666666
format,SIMPLE_NAME, line no: 63,mod,SIMPLE_NAME, line no: 62, 0.003805491452991453, insert, 0.9658119658119658, 0.0, 0.16666666666666666
String,SIMPLE_NAME, line no: 75,IntObj,SIMPLE_NAME, line no: 60, 0.003805491452991453, insert, 0.9658119658119658, 0.0, 0.16666666666666666
format,SIMPLE_NAME, line no: 75,IntObj,SIMPLE_NAME, line no: 60, 0.003805491452991453, insert, 0.9658119658119658, 0.0, 0.16666666666666666
format,SIMPLE_NAME, line no: 75,modRes,SIMPLE_NAME, line no: 61, 0.003805491452991453, insert, 0.9658119658119658, 0.0, 0.16666666666666666
format,SIMPLE_NAME, line no: 75,mod,SIMPLE_NAME, line no: 62, 0.003805491452991453, insert, 0.9658119658119658, 0.0, 0.16666666666666666
scanner,SIMPLE_NAME, line no: 64,String,SIMPLE_NAME, line no: 49, 0.0038007142857142857, insert, 0.47413793103448276, 0.0, 0.14285714285714285
scanner,SIMPLE_NAME, line no: 64,format,SIMPLE_NAME, line no: 63, 0.0038007142857142857, insert, 1.0, 0.0, 0.14285714285714285
nextInt,SIMPLE_NAME, line no: 64,format,SIMPLE_NAME, line no: 63, 0.0038007142857142857, insert, 1.0, 0.0, 0.14285714285714285
String,SIMPLE_NAME, line no: 63,scanner,SIMPLE_NAME, line no: 51, 0.003773962148962149, insert, 0.1452991452991453, 0.0, 0.14285714285714285
format,SIMPLE_NAME, line no: 63,scanner,SIMPLE_NAME, line no: 51, 0.003773962148962149, insert, 0.1452991452991453, 0.0, 0.14285714285714285
format,SIMPLE_NAME, line no: 63,nextInt,SIMPLE_NAME, line no: 64, 0.003773962148962149, insert, 0.9914529914529915, 0.0, 0.14285714285714285
String,SIMPLE_NAME, line no: 75,scanner,SIMPLE_NAME, line no: 51, 0.003773962148962149, insert, 0.1452991452991453, 0.0, 0.14285714285714285
format,SIMPLE_NAME, line no: 75,scanner,SIMPLE_NAME, line no: 51, 0.003773962148962149, insert, 0.1452991452991453, 0.0, 0.14285714285714285
format,SIMPLE_NAME, line no: 75,nextInt,SIMPLE_NAME, line no: 64, 0.003773962148962149, insert, 0.9914529914529915, 0.0, 0.14285714285714285
scanner,SIMPLE_NAME, line no: 64,n,SIMPLE_NAME, line no: 60, 0.003773731527093596, insert, 0.9741379310344828, 0.0, 0.14285714285714285
nextInt,SIMPLE_NAME, line no: 64,value,SIMPLE_NAME, line no: 7, 0.003773731527093596, insert, 0.05172413793103448, 0.0, 0.14285714285714285
nextInt,SIMPLE_NAME, line no: 64,n,SIMPLE_NAME, line no: 60, 0.003773731527093596, insert, 0.9741379310344828, 0.0, 0.14285714285714285
"\nEnter an integer > ",STRING_LITERAL, line no: 63,format,SIMPLE_NAME, line no: 63, 0.0037423913043478263, insert, 1.0, 0.0, 0.13043478260869565
scanner,SIMPLE_NAME, line no: 64,IntObj,SIMPLE_NAME, line no: 60, 0.003719766009852217, insert, 0.9741379310344828, 0.0, 0.14285714285714285
scanner,SIMPLE_NAME, line no: 64,modRes,SIMPLE_NAME, line no: 61, 0.003719766009852217, insert, 0.9741379310344828, 0.0, 0.14285714285714285
nextInt,SIMPLE_NAME, line no: 64,modRes,SIMPLE_NAME, line no: 61, 0.003719766009852217, insert, 0.9741379310344828, 0.0, 0.14285714285714285
"\nThat's all  have a nice day!\n",STRING_LITERAL, line no: 75,scanner,SIMPLE_NAME, line no: 51, 0.003655600804424334, insert, 0.1452991452991453, 0.0, 0.11764705882352941
nextInt,SIMPLE_NAME, line no: 64,length,SIMPLE_NAME, line no: 50, 0.0035501600985221675, insert, 0.49137931034482757, 0.0, 0.42857142857142855
"\nThat's all  have a nice day!\n",STRING_LITERAL, line no: 75,String,SIMPLE_NAME, line no: 49, 0.003544264705882353, insert, 0.4700854700854701, 0.0, 0.08823529411764706
nextInt,SIMPLE_NAME, line no: 64,println,SIMPLE_NAME, line no: 56, 0.0035231773399014782, insert, 0.4827586206896552, 0.0, 0.42857142857142855
"\nThat's all  have a nice day!\n",STRING_LITERAL, line no: 75,nextInt,SIMPLE_NAME, line no: 64, 0.0035175125691302165, insert, 0.9914529914529915, 0.0, 0.08823529411764706
String,SIMPLE_NAME, line no: 63,println,SIMPLE_NAME, line no: 56, 0.003510262515262515, insert, 0.47863247863247865, 0.0, 0.42857142857142855
String,SIMPLE_NAME, line no: 75,println,SIMPLE_NAME, line no: 56, 0.003510262515262515, insert, 0.47863247863247865, 0.0, 0.42857142857142855
"\nThat's all  have a nice day!\n",STRING_LITERAL, line no: 75,value,SIMPLE_NAME, line no: 7, 0.0034907604323780794, insert, 0.05128205128205128, 0.0, 0.08823529411764706
"\nEnter an integer > ",STRING_LITERAL, line no: 63,value,SIMPLE_NAME, line no: 7, 0.003484756596060944, insert, 0.05128205128205128, 0.0, 0.08695652173913043
"\nEnter an integer > ",STRING_LITERAL, line no: 63,output,SIMPLE_NAME, line no: 49, 0.003484756596060944, insert, 0.4700854700854701, 0.0, 0.08695652173913043
"\nEnter an integer > ",STRING_LITERAL, line no: 63,IntObj,SIMPLE_NAME, line no: 60, 0.0034312523225566703, insert, 0.9658119658119658, 0.0, 0.08695652173913043
"\nThat's all  have a nice day!\n",STRING_LITERAL, line no: 75,format,SIMPLE_NAME, line no: 63, 0.0034061764705882354, insert, 1.0, 0.0, 0.058823529411764705
"\nThat's all  have a nice day!\n",STRING_LITERAL, line no: 75,IntObj,SIMPLE_NAME, line no: 60, 0.0032991679235796884, insert, 0.9658119658119658, 0.0, 0.058823529411764705
"\nEnter an integer > ",STRING_LITERAL, line no: 63,n,SIMPLE_NAME, line no: 60, 0.0032806261612783353, insert, 0.9658119658119658, 0.0, 0.043478260869565216
"\nEnter an integer > ",STRING_LITERAL, line no: 63,modRes,SIMPLE_NAME, line no: 61, 0.003227121887774062, insert, 0.9658119658119658, 0.0, 0.043478260869565216
"\nThat's all  have a nice day!\n",STRING_LITERAL, line no: 75,output,SIMPLE_NAME, line no: 49, 0.003214583961789844, insert, 0.4700854700854701, 0.0, 0.029411764705882353
"\nThat's all  have a nice day!\n",STRING_LITERAL, line no: 75,n,SIMPLE_NAME, line no: 60, 0.003214583961789844, insert, 0.9658119658119658, 0.0, 0.029411764705882353
"\nThat's all  have a nice day!\n",STRING_LITERAL, line no: 75,modRes,SIMPLE_NAME, line no: 61, 0.0031610796882855707, insert, 0.9658119658119658, 0.0, 0.029411764705882353
"\nThat's all  have a nice day!\n",STRING_LITERAL, line no: 75,mod,SIMPLE_NAME, line no: 62, 0.0031610796882855707, insert, 0.9658119658119658, 0.0, 0.029411764705882353
String,SIMPLE_NAME, line no: 63,args,SIMPLE_NAME, line no: 50, 0.003089871794871795, insert, 0.48717948717948717, 0.0, 0.3333333333333333
String,SIMPLE_NAME, line no: 63,length,SIMPLE_NAME, line no: 50, 0.003089871794871795, insert, 0.48717948717948717, 0.0, 0.3333333333333333
String,SIMPLE_NAME, line no: 63,System,SIMPLE_NAME, line no: 53, 0.003089871794871795, insert, 0.1623931623931624, 0.0, 0.3333333333333333
format,SIMPLE_NAME, line no: 63,out,SIMPLE_NAME, line no: 56, 0.003089871794871795, insert, 0.48717948717948717, 0.0, 0.3333333333333333
String,SIMPLE_NAME, line no: 75,args,SIMPLE_NAME, line no: 50, 0.003089871794871795, insert, 0.48717948717948717, 0.0, 0.3333333333333333
String,SIMPLE_NAME, line no: 75,length,SIMPLE_NAME, line no: 50, 0.003089871794871795, insert, 0.48717948717948717, 0.0, 0.3333333333333333
String,SIMPLE_NAME, line no: 75,System,SIMPLE_NAME, line no: 53, 0.003089871794871795, insert, 0.1623931623931624, 0.0, 0.3333333333333333
format,SIMPLE_NAME, line no: 75,out,SIMPLE_NAME, line no: 56, 0.003089871794871795, insert, 0.48717948717948717, 0.0, 0.3333333333333333
scanner,SIMPLE_NAME, line no: 64,args,SIMPLE_NAME, line no: 50, 0.0028794458128078818, insert, 0.49137931034482757, 0.0, 0.2857142857142857
scanner,SIMPLE_NAME, line no: 64,System,SIMPLE_NAME, line no: 53, 0.0028794458128078818, insert, 0.16379310344827586, 0.0, 0.2857142857142857
scanner,SIMPLE_NAME, line no: 64,println,SIMPLE_NAME, line no: 56, 0.0028524630541871925, insert, 0.4827586206896552, 0.0, 0.2857142857142857
nextInt,SIMPLE_NAME, line no: 64,exec,SIMPLE_NAME, line no: 55, 0.0028524630541871925, insert, 0.4827586206896552, 0.0, 0.2857142857142857
format,SIMPLE_NAME, line no: 63,println,SIMPLE_NAME, line no: 56, 0.0028395482295482297, insert, 0.47863247863247865, 0.0, 0.2857142857142857
format,SIMPLE_NAME, line no: 75,println,SIMPLE_NAME, line no: 56, 0.0028395482295482297, insert, 0.47863247863247865, 0.0, 0.2857142857142857
scanner,SIMPLE_NAME, line no: 64,mainClass,SIMPLE_NAME, line no: 48, 0.002581350574712644, insert, 0.47413793103448276, 0.0, 0.2222222222222222
String,SIMPLE_NAME, line no: 63,mainClass,SIMPLE_NAME, line no: 48, 0.0025682051282051284, insert, 0.4700854700854701, 0.0, 0.2222222222222222
format,SIMPLE_NAME, line no: 63,mainClass,SIMPLE_NAME, line no: 48, 0.0025682051282051284, insert, 0.4700854700854701, 0.0, 0.2222222222222222
String,SIMPLE_NAME, line no: 75,mainClass,SIMPLE_NAME, line no: 48, 0.0025682051282051284, insert, 0.4700854700854701, 0.0, 0.2222222222222222
format,SIMPLE_NAME, line no: 75,mainClass,SIMPLE_NAME, line no: 48, 0.0025682051282051284, insert, 0.4700854700854701, 0.0, 0.2222222222222222
"\nEnter an integer > ",STRING_LITERAL, line no: 63,println,SIMPLE_NAME, line no: 56, 0.002314641397250093, insert, 0.47863247863247865, 0.0, 0.17391304347826086
String,SIMPLE_NAME, line no: 63,out,SIMPLE_NAME, line no: 56, 0.002307371794871795, insert, 0.48717948717948717, 0.0, 0.16666666666666666
format,SIMPLE_NAME, line no: 63,args,SIMPLE_NAME, line no: 50, 0.002307371794871795, insert, 0.48717948717948717, 0.0, 0.16666666666666666
format,SIMPLE_NAME, line no: 63,length,SIMPLE_NAME, line no: 50, 0.002307371794871795, insert, 0.48717948717948717, 0.0, 0.16666666666666666
format,SIMPLE_NAME, line no: 63,System,SIMPLE_NAME, line no: 53, 0.002307371794871795, insert, 0.1623931623931624, 0.0, 0.16666666666666666
String,SIMPLE_NAME, line no: 75,out,SIMPLE_NAME, line no: 56, 0.002307371794871795, insert, 0.48717948717948717, 0.0, 0.16666666666666666
format,SIMPLE_NAME, line no: 75,args,SIMPLE_NAME, line no: 50, 0.002307371794871795, insert, 0.48717948717948717, 0.0, 0.16666666666666666
format,SIMPLE_NAME, line no: 75,length,SIMPLE_NAME, line no: 50, 0.002307371794871795, insert, 0.48717948717948717, 0.0, 0.16666666666666666
format,SIMPLE_NAME, line no: 75,System,SIMPLE_NAME, line no: 53, 0.002307371794871795, insert, 0.1623931623931624, 0.0, 0.16666666666666666
format,SIMPLE_NAME, line no: 63,Math,SIMPLE_NAME, line no: 69, 0.0022873076923076922, insert, 0.23076923076923078, 0.0, 0.3333333333333333
format,SIMPLE_NAME, line no: 75,Math,SIMPLE_NAME, line no: 69, 0.0022873076923076922, insert, 0.23076923076923078, 0.0, 0.3333333333333333
scanner,SIMPLE_NAME, line no: 64,length,SIMPLE_NAME, line no: 50, 0.002208731527093596, insert, 0.49137931034482757, 0.0, 0.14285714285714285
nextInt,SIMPLE_NAME, line no: 64,System,SIMPLE_NAME, line no: 53, 0.002208731527093596, insert, 0.16379310344827586, 0.0, 0.14285714285714285
nextInt,SIMPLE_NAME, line no: 64,out,SIMPLE_NAME, line no: 56, 0.002208731527093596, insert, 0.49137931034482757, 0.0, 0.14285714285714285
scanner,SIMPLE_NAME, line no: 64,exec,SIMPLE_NAME, line no: 55, 0.0021817487684729067, insert, 0.4827586206896552, 0.0, 0.14285714285714285
"\nEnter an integer > ",STRING_LITERAL, line no: 63,mainClass,SIMPLE_NAME, line no: 48, 0.0021372630992196207, insert, 0.4700854700854701, 0.0, 0.13043478260869565
"\nEnter an integer > ",STRING_LITERAL, line no: 63,length,SIMPLE_NAME, line no: 50, 0.0021372630992196207, insert, 0.48717948717948717, 0.0, 0.13043478260869565
String,SIMPLE_NAME, line no: 63,util,SIMPLE_NAME, line no: 44, 0.002100042735042735, insert, 0.017094017094017096, 0.0, 0.3333333333333333
String,SIMPLE_NAME, line no: 75,util,SIMPLE_NAME, line no: 44, 0.002100042735042735, insert, 0.017094017094017096, 0.0, 0.3333333333333333
String,SIMPLE_NAME, line no: 63,in,SIMPLE_NAME, line no: 53, 0.0020732905982905983, insert, 0.1623931623931624, 0.0, 0.3333333333333333
String,SIMPLE_NAME, line no: 75,in,SIMPLE_NAME, line no: 53, 0.0020732905982905983, insert, 0.1623931623931624, 0.0, 0.3333333333333333
nextInt,SIMPLE_NAME, line no: 64,mainClass,SIMPLE_NAME, line no: 48, 0.002059683908045977, insert, 0.47413793103448276, 0.0, 0.1111111111111111
"\nThat's all  have a nice day!\n",STRING_LITERAL, line no: 75,println,SIMPLE_NAME, line no: 56, 0.002050472599296129, insert, 0.47863247863247865, 0.0, 0.11764705882352941
"\nThat's all  have a nice day!\n",STRING_LITERAL, line no: 75,digits_295afd89_002,SIMPLE_NAME, line no: 48, 0.002023720462543992, insert, 0.4700854700854701, 0.0, 0.11764705882352941
scanner,SIMPLE_NAME, line no: 64,digits_295afd89_002,SIMPLE_NAME, line no: 48, 0.001978262250453721, insert, 0.47413793103448276, 0.0, 0.10526315789473684
String,SIMPLE_NAME, line no: 63,digits_295afd89_002,SIMPLE_NAME, line no: 48, 0.001965578047683311, insert, 0.4700854700854701, 0.0, 0.10526315789473684
String,SIMPLE_NAME, line no: 75,digits_295afd89_002,SIMPLE_NAME, line no: 48, 0.001965578047683311, insert, 0.4700854700854701, 0.0, 0.10526315789473684
"\nThat's all  have a nice day!\n",STRING_LITERAL, line no: 75,mainClass,SIMPLE_NAME, line no: 48, 0.001939136500754148, insert, 0.4700854700854701, 0.0, 0.08823529411764706
"\nThat's all  have a nice day!\n",STRING_LITERAL, line no: 75,length,SIMPLE_NAME, line no: 50, 0.001939136500754148, insert, 0.48717948717948717, 0.0, 0.08823529411764706
"\nEnter an integer > ",STRING_LITERAL, line no: 63,args,SIMPLE_NAME, line no: 50, 0.0019331326644370123, insert, 0.48717948717948717, 0.0, 0.08695652173913043
"\nEnter an integer > ",STRING_LITERAL, line no: 63,System,SIMPLE_NAME, line no: 53, 0.0019331326644370123, insert, 0.1623931623931624, 0.0, 0.08695652173913043
"\nEnter an integer > ",STRING_LITERAL, line no: 63,exec,SIMPLE_NAME, line no: 55, 0.0019063805276848757, insert, 0.47863247863247865, 0.0, 0.08695652173913043
"\nEnter an integer > ",STRING_LITERAL, line no: 63,digits_295afd89_002,SIMPLE_NAME, line no: 48, 0.0018796283909327388, insert, 0.4700854700854701, 0.0, 0.08695652173913043
nextInt,SIMPLE_NAME, line no: 64,Scanner,SIMPLE_NAME, line no: 44, 0.0018541009852216747, insert, 0.008620689655172414, 0.0, 0.2857142857142857
String,SIMPLE_NAME, line no: 63,Scanner,SIMPLE_NAME, line no: 44, 0.0018497191697191698, insert, 0.008547008547008548, 0.0, 0.2857142857142857
String,SIMPLE_NAME, line no: 75,Scanner,SIMPLE_NAME, line no: 44, 0.0018497191697191698, insert, 0.008547008547008548, 0.0, 0.2857142857142857
"\nThat's all  have a nice day!\n",STRING_LITERAL, line no: 75,args,SIMPLE_NAME, line no: 50, 0.0018010482654600304, insert, 0.48717948717948717, 0.0, 0.058823529411764705
"\nThat's all  have a nice day!\n",STRING_LITERAL, line no: 75,System,SIMPLE_NAME, line no: 53, 0.0018010482654600304, insert, 0.1623931623931624, 0.0, 0.058823529411764705
"\nThat's all  have a nice day!\n",STRING_LITERAL, line no: 75,exec,SIMPLE_NAME, line no: 55, 0.0017742961287078938, insert, 0.47863247863247865, 0.0, 0.058823529411764705
nextInt,SIMPLE_NAME, line no: 64,digits_295afd89_002,SIMPLE_NAME, line no: 48, 0.0017311569872958258, insert, 0.47413793103448276, 0.0, 0.05263157894736842
"\nEnter an integer > ",STRING_LITERAL, line no: 63,out,SIMPLE_NAME, line no: 56, 0.0017290022296544037, insert, 0.48717948717948717, 0.0, 0.043478260869565216
format,SIMPLE_NAME, line no: 63,digits_295afd89_002,SIMPLE_NAME, line no: 48, 0.0017184727845254162, insert, 0.4700854700854701, 0.0, 0.05263157894736842
format,SIMPLE_NAME, line no: 75,digits_295afd89_002,SIMPLE_NAME, line no: 48, 0.0017184727845254162, insert, 0.4700854700854701, 0.0, 0.05263157894736842
"\nThat's all  have a nice day!\n",STRING_LITERAL, line no: 75,out,SIMPLE_NAME, line no: 56, 0.0016629600301659125, insert, 0.48717948717948717, 0.0, 0.029411764705882353
"\nEnter an integer > ",STRING_LITERAL, line no: 63,Scanner,SIMPLE_NAME, line no: 44, 0.0015289427722036419, insert, 0.008547008547008548, 0.0, 0.21739130434782608
output+=(String.format("\nEnter an integer > ")); ,EXPRESSION_STATEMENT, line no: 63,value=i; ,EXPRESSION_STATEMENT, line no: 7, 0.001510995575221239, insert, 0.035398230088495575, 0.0, 0.1
String,SIMPLE_NAME, line no: 63,Math,SIMPLE_NAME, line no: 69, 0.0015048076923076922, insert, 0.23076923076923078, 0.0, 0.16666666666666666
format,SIMPLE_NAME, line no: 63,abs,SIMPLE_NAME, line no: 69, 0.0015048076923076922, insert, 0.23076923076923078, 0.0, 0.16666666666666666
String,SIMPLE_NAME, line no: 75,Math,SIMPLE_NAME, line no: 69, 0.0015048076923076922, insert, 0.23076923076923078, 0.0, 0.16666666666666666
format,SIMPLE_NAME, line no: 75,abs,SIMPLE_NAME, line no: 69, 0.0015048076923076922, insert, 0.23076923076923078, 0.0, 0.16666666666666666
output+=(String.format("\nThat's all  have a nice day!\n")); ,EXPRESSION_STATEMENT, line no: 75,value=i; ,EXPRESSION_STATEMENT, line no: 7, 0.0014909545916146814, insert, 0.035398230088495575, 0.0, 0.09836065573770492
scanner,SIMPLE_NAME, line no: 64,Math,SIMPLE_NAME, line no: 69, 0.0013992487684729065, insert, 0.23275862068965517, 0.0, 0.14285714285714285
scanner,SIMPLE_NAME, line no: 64,abs,SIMPLE_NAME, line no: 69, 0.0013992487684729065, insert, 0.23275862068965517, 0.0, 0.14285714285714285
nextInt,SIMPLE_NAME, line no: 64,Math,SIMPLE_NAME, line no: 69, 0.0013992487684729065, insert, 0.23275862068965517, 0.0, 0.14285714285714285
format,SIMPLE_NAME, line no: 63,java,SIMPLE_NAME, line no: 44, 0.0013175427350427351, insert, 0.017094017094017096, 0.0, 0.16666666666666666
format,SIMPLE_NAME, line no: 63,util,SIMPLE_NAME, line no: 44, 0.0013175427350427351, insert, 0.017094017094017096, 0.0, 0.16666666666666666
format,SIMPLE_NAME, line no: 75,java,SIMPLE_NAME, line no: 44, 0.0013175427350427351, insert, 0.017094017094017096, 0.0, 0.16666666666666666
format,SIMPLE_NAME, line no: 75,util,SIMPLE_NAME, line no: 44, 0.0013175427350427351, insert, 0.017094017094017096, 0.0, 0.16666666666666666
scanner,SIMPLE_NAME, line no: 64,java,SIMPLE_NAME, line no: 44, 0.0012103694581280789, insert, 0.017241379310344827, 0.0, 0.14285714285714285
nextInt,SIMPLE_NAME, line no: 64,util,SIMPLE_NAME, line no: 44, 0.0012103694581280789, insert, 0.017241379310344827, 0.0, 0.14285714285714285
scanner,SIMPLE_NAME, line no: 64,in,SIMPLE_NAME, line no: 53, 0.001183386699507389, insert, 0.16379310344827586, 0.0, 0.14285714285714285
nextInt,SIMPLE_NAME, line no: 64,in,SIMPLE_NAME, line no: 53, 0.001183386699507389, insert, 0.16379310344827586, 0.0, 0.14285714285714285
format,SIMPLE_NAME, line no: 63,Scanner,SIMPLE_NAME, line no: 44, 0.001179004884004884, insert, 0.008547008547008548, 0.0, 0.14285714285714285
format,SIMPLE_NAME, line no: 75,Scanner,SIMPLE_NAME, line no: 44, 0.001179004884004884, insert, 0.008547008547008548, 0.0, 0.14285714285714285
"\nThat's all  have a nice day!\n",STRING_LITERAL, line no: 75,Math,SIMPLE_NAME, line no: 69, 0.0011365723981900454, insert, 0.23076923076923078, 0.0, 0.08823529411764706
"\nEnter an integer > ",STRING_LITERAL, line no: 63,Math,SIMPLE_NAME, line no: 69, 0.0011305685618729097, insert, 0.23076923076923078, 0.0, 0.08695652173913043
scanner,SIMPLE_NAME, line no: 64,n.value,QUALIFIED_NAME, line no: 64, 0.001064963054187192, insert, 0.9913793103448276, 0.0, 0.2857142857142857
nextInt,SIMPLE_NAME, line no: 64,n.value,QUALIFIED_NAME, line no: 64, 0.001064963054187192, insert, 0.9913793103448276, 0.0, 0.2857142857142857
"\nThat's all  have a nice day!\n",STRING_LITERAL, line no: 75,abs,SIMPLE_NAME, line no: 69, 9.984841628959277E-4, insert, 0.23076923076923078, 0.0, 0.058823529411764705
"\nThat's all  have a nice day!\n",STRING_LITERAL, line no: 75,java,SIMPLE_NAME, line no: 44, 9.493074409250881E-4, insert, 0.017094017094017096, 0.0, 0.08823529411764706
"\nEnter an integer > ",STRING_LITERAL, line no: 63,util,SIMPLE_NAME, line no: 44, 9.433036046079526E-4, insert, 0.017094017094017096, 0.0, 0.08695652173913043
String,SIMPLE_NAME, line no: 63,i,SIMPLE_NAME, line no: 7, 9.430128205128205E-4, insert, 0.05128205128205128, 0.0, 0.16666666666666666
String,SIMPLE_NAME, line no: 75,i,SIMPLE_NAME, line no: 7, 9.430128205128205E-4, insert, 0.05128205128205128, 0.0, 0.16666666666666666
"\nEnter an integer > ",STRING_LITERAL, line no: 63,abs,SIMPLE_NAME, line no: 69, 9.264381270903011E-4, insert, 0.23076923076923078, 0.0, 0.043478260869565216
"\nThat's all  have a nice day!\n",STRING_LITERAL, line no: 75,Scanner,SIMPLE_NAME, line no: 44, 9.225553041729513E-4, insert, 0.008547008547008548, 0.0, 0.08823529411764706
"\nEnter an integer > ",STRING_LITERAL, line no: 63,in,SIMPLE_NAME, line no: 53, 9.165514678558157E-4, insert, 0.1623931623931624, 0.0, 0.08695652173913043
n.value=scanner.nextInt(); ,EXPRESSION_STATEMENT, line no: 64,if (true) return; ,IF_STATEMENT, line no: 76, 9.099999999999999E-4, insert, 1.0, 0.0, 0.2962962962962963
String,SIMPLE_NAME, line no: 63,n.value,QUALIFIED_NAME, line no: 64, 8.978937728937728E-4, insert, 0.9829059829059829, 0.0, 0.14285714285714285
format,SIMPLE_NAME, line no: 63,n.value,QUALIFIED_NAME, line no: 64, 8.978937728937728E-4, insert, 0.9829059829059829, 0.0, 0.14285714285714285
String,SIMPLE_NAME, line no: 75,n.value,QUALIFIED_NAME, line no: 64, 8.978937728937728E-4, insert, 0.9829059829059829, 0.0, 0.14285714285714285
format,SIMPLE_NAME, line no: 75,n.value,QUALIFIED_NAME, line no: 64, 8.978937728937728E-4, insert, 0.9829059829059829, 0.0, 0.14285714285714285
"\nEnter an integer > ",STRING_LITERAL, line no: 63,n.value,QUALIFIED_NAME, line no: 64, 8.839186176142698E-4, insert, 0.9829059829059829, 0.0, 0.13043478260869565
"\nThat's all  have a nice day!\n",STRING_LITERAL, line no: 75,n.value,QUALIFIED_NAME, line no: 64, 8.695324283559578E-4, insert, 0.9829059829059829, 0.0, 0.11764705882352941
value=i; ,EXPRESSION_STATEMENT, line no: 7,if (true) return; ,IF_STATEMENT, line no: 76, 8.4E-4, insert, 1.0, 0.0, 0.2222222222222222
output+=(String.format("\nEnter an integer > ")); ,EXPRESSION_STATEMENT, line no: 63,if (true) return; ,IF_STATEMENT, line no: 76, 8.190000000000001E-4, insert, 1.0, 0.0, 0.2
"\nThat's all  have a nice day!\n",STRING_LITERAL, line no: 75,util,SIMPLE_NAME, line no: 44, 8.112192056309704E-4, insert, 0.017094017094017096, 0.0, 0.058823529411764705
output+=(String.format("\nThat's all  have a nice day!\n")); ,EXPRESSION_STATEMENT, line no: 75,if (true) return; ,IF_STATEMENT, line no: 76, 7.849180327868853E-4, insert, 1.0, 0.0, 0.16393442622950818
"\nThat's all  have a nice day!\n",STRING_LITERAL, line no: 75,in,SIMPLE_NAME, line no: 53, 7.844670688788337E-4, insert, 0.1623931623931624, 0.0, 0.058823529411764705
"\nEnter an integer > ",STRING_LITERAL, line no: 63,java,SIMPLE_NAME, line no: 44, 7.391731698253439E-4, insert, 0.017094017094017096, 0.0, 0.043478260869565216
scanner,SIMPLE_NAME, line no: 64,modRes.value,QUALIFIED_NAME, line no: 66, 7.079741379310345E-4, insert, 0.5689655172413793, 0.0, 0.25
String,SIMPLE_NAME, line no: 63,true,BOOLEAN_LITERAL, line no: 76, 6.88931623931624E-4, insert, 0.9658119658119658, 0.0, 0.3333333333333333
String,SIMPLE_NAME, line no: 75,true,BOOLEAN_LITERAL, line no: 76, 6.88931623931624E-4, insert, 0.9658119658119658, 0.0, 0.3333333333333333
value=i; ,EXPRESSION_STATEMENT, line no: 7,if (args.length > 0) {   mainClass.scanner=new java.util.Scanner(args[0]); }  else {   mainClass.scanner=new java.util.Scanner(System.in); } ,IF_STATEMENT, line no: 50, 6.836170212765958E-4, insert, 1.0, 0.0, 0.05673758865248227
scanner,SIMPLE_NAME, line no: 64,mod.value,QUALIFIED_NAME, line no: 66, 6.831896551724138E-4, insert, 0.5775862068965517, 0.0, 0.2222222222222222
value=i; ,EXPRESSION_STATEMENT, line no: 7,if (n.value != 0) {   modRes.value=Math.abs(modRes.value);   output+=(String.format("\n%d" modRes.value)); }  else {   output+=(String.format("\n%d" modRes.value)); } ,IF_STATEMENT, line no: 68, 6.80928143712575E-4, insert, 1.0, 1.0, 0.05389221556886228
format,SIMPLE_NAME, line no: 63,mod.value,QUALIFIED_NAME, line no: 66, 6.794871794871795E-4, insert, 0.5726495726495726, 0.0, 0.2222222222222222
format,SIMPLE_NAME, line no: 75,mod.value,QUALIFIED_NAME, line no: 66, 6.794871794871795E-4, insert, 0.5726495726495726, 0.0, 0.2222222222222222
nextInt,SIMPLE_NAME, line no: 64,args.length,QUALIFIED_NAME, line no: 50, 6.688871473354231E-4, insert, 0.4827586206896552, 0.0, 0.2727272727272727
String,SIMPLE_NAME, line no: 63,args.length,QUALIFIED_NAME, line no: 50, 6.657925407925408E-4, insert, 0.47863247863247865, 0.0, 0.2727272727272727
String,SIMPLE_NAME, line no: 75,args.length,QUALIFIED_NAME, line no: 50, 6.657925407925408E-4, insert, 0.47863247863247865, 0.0, 0.2727272727272727
String,SIMPLE_NAME, line no: 63,System.in,QUALIFIED_NAME, line no: 53, 6.153846153846154E-4, insert, 0.15384615384615385, 0.0, 0.4444444444444444
String,SIMPLE_NAME, line no: 75,System.in,QUALIFIED_NAME, line no: 53, 6.153846153846154E-4, insert, 0.15384615384615385, 0.0, 0.4444444444444444
format,SIMPLE_NAME, line no: 63,modRes.value,QUALIFIED_NAME, line no: 66, 6.105769230769231E-4, insert, 0.5641025641025641, 0.0, 0.16666666666666666
format,SIMPLE_NAME, line no: 75,modRes.value,QUALIFIED_NAME, line no: 66, 6.105769230769231E-4, insert, 0.5641025641025641, 0.0, 0.16666666666666666
output+=(String.format("\nThat's all  have a nice day!\n")); ,EXPRESSION_STATEMENT, line no: 75,if (n.value != 0) {   modRes.value=Math.abs(modRes.value);   output+=(String.format("\n%d" modRes.value)); }  else {   output+=(String.format("\n%d" modRes.value)); } ,IF_STATEMENT, line no: 68, 5.94478829950718E-4, insert, 0.5663716814159292, 1.0, 0.25149700598802394
scanner,SIMPLE_NAME, line no: 64,System.out,QUALIFIED_NAME, line no: 56, 5.870689655172414E-4, insert, 0.4827586206896552, 0.0, 0.2
nextInt,SIMPLE_NAME, line no: 64,System.out,QUALIFIED_NAME, line no: 56, 5.870689655172414E-4, insert, 0.4827586206896552, 0.0, 0.2
String,SIMPLE_NAME, line no: 63,System.out,QUALIFIED_NAME, line no: 56, 5.839743589743589E-4, insert, 0.47863247863247865, 0.0, 0.2
format,SIMPLE_NAME, line no: 63,System.out,QUALIFIED_NAME, line no: 56, 5.839743589743589E-4, insert, 0.47863247863247865, 0.0, 0.2
String,SIMPLE_NAME, line no: 75,System.out,QUALIFIED_NAME, line no: 56, 5.839743589743589E-4, insert, 0.47863247863247865, 0.0, 0.2
format,SIMPLE_NAME, line no: 75,System.out,QUALIFIED_NAME, line no: 56, 5.839743589743589E-4, insert, 0.47863247863247865, 0.0, 0.2
scanner,SIMPLE_NAME, line no: 64,mainClass.scanner,QUALIFIED_NAME, line no: 51, 5.731490872210953E-4, insert, 0.13793103448275862, 1.0, 0.4117647058823529
nextInt,SIMPLE_NAME, line no: 64,mainClass.output,QUALIFIED_NAME, line no: 56, 5.730064655172413E-4, insert, 0.4827586206896552, 0.0, 0.1875
output+=(String.format("\nEnter an integer > ")); ,EXPRESSION_STATEMENT, line no: 63,if (n.value != 0) {   modRes.value=Math.abs(modRes.value);   output+=(String.format("\n%d" modRes.value)); }  else {   output+=(String.format("\n%d" modRes.value)); } ,IF_STATEMENT, line no: 68, 5.718440994117959E-4, insert, 0.5663716814159292, 1.0, 0.2275449101796407
format,SIMPLE_NAME, line no: 63,true,BOOLEAN_LITERAL, line no: 76, 5.71431623931624E-4, insert, 0.9658119658119658, 0.0, 0.16666666666666666
format,SIMPLE_NAME, line no: 75,true,BOOLEAN_LITERAL, line no: 76, 5.71431623931624E-4, insert, 0.9658119658119658, 0.0, 0.16666666666666666
format,SIMPLE_NAME, line no: 63,mainClass.output,QUALIFIED_NAME, line no: 56, 5.69911858974359E-4, insert, 0.47863247863247865, 0.0, 0.1875
format,SIMPLE_NAME, line no: 75,mainClass.output,QUALIFIED_NAME, line no: 56, 5.69911858974359E-4, insert, 0.47863247863247865, 0.0, 0.1875
"\nEnter an integer > ",STRING_LITERAL, line no: 63,modRes.value,QUALIFIED_NAME, line no: 66, 5.698160535117056E-4, insert, 0.5641025641025641, 0.0, 0.13043478260869565
scanner,SIMPLE_NAME, line no: 64,args.length,QUALIFIED_NAME, line no: 50, 5.66614420062696E-4, insert, 0.4827586206896552, 0.0, 0.18181818181818182
format,SIMPLE_NAME, line no: 63,args.length,QUALIFIED_NAME, line no: 50, 5.635198135198135E-4, insert, 0.47863247863247865, 0.0, 0.18181818181818182
format,SIMPLE_NAME, line no: 75,args.length,QUALIFIED_NAME, line no: 50, 5.635198135198135E-4, insert, 0.47863247863247865, 0.0, 0.18181818181818182
scanner,SIMPLE_NAME, line no: 64,true,BOOLEAN_LITERAL, line no: 76, 5.585591133004926E-4, insert, 0.9741379310344828, 0.0, 0.14285714285714285
nextInt,SIMPLE_NAME, line no: 64,true,BOOLEAN_LITERAL, line no: 76, 5.585591133004926E-4, insert, 0.9741379310344828, 0.0, 0.14285714285714285
nextInt,SIMPLE_NAME, line no: 64,mod.value,QUALIFIED_NAME, line no: 66, 5.581896551724138E-4, insert, 0.5775862068965517, 0.0, 0.1111111111111111
"\nThat's all  have a nice day!\n",STRING_LITERAL, line no: 75,modRes.value,QUALIFIED_NAME, line no: 66, 5.554298642533936E-4, insert, 0.5641025641025641, 0.0, 0.11764705882352941
"\nEnter an integer > ",STRING_LITERAL, line no: 63,mainClass.output,QUALIFIED_NAME, line no: 56, 5.546265328874024E-4, insert, 0.47863247863247865, 0.0, 0.17391304347826086
"\nEnter an integer > ",STRING_LITERAL, line no: 63,true,BOOLEAN_LITERAL, line no: 76, 5.458881456707544E-4, insert, 0.9658119658119658, 0.0, 0.13043478260869565
"\nThat's all  have a nice day!\n",STRING_LITERAL, line no: 75,mod.value,QUALIFIED_NAME, line no: 66, 5.287518853695324E-4, insert, 0.5726495726495726, 0.0, 0.08823529411764706
"\nEnter an integer > ",STRING_LITERAL, line no: 63,mod.value,QUALIFIED_NAME, line no: 66, 5.273132664437012E-4, insert, 0.5726495726495726, 0.0, 0.08695652173913043
"\nThat's all  have a nice day!\n",STRING_LITERAL, line no: 75,args.length,QUALIFIED_NAME, line no: 50, 5.244155354449473E-4, insert, 0.47863247863247865, 0.0, 0.14705882352941177
nextInt,SIMPLE_NAME, line no: 64,modRes.value,QUALIFIED_NAME, line no: 66, 5.204741379310345E-4, insert, 0.5689655172413793, 0.0, 0.08333333333333333
scanner,SIMPLE_NAME, line no: 64,java.util.Scanner,QUALIFIED_NAME, line no: 51, 5.134381338742393E-4, insert, 0.14655172413793102, 0.0, 0.35294117647058826
"\nEnter an integer > ",STRING_LITERAL, line no: 63,args.length,QUALIFIED_NAME, line no: 50, 5.057134894091416E-4, insert, 0.47863247863247865, 0.0, 0.13043478260869565
"\nEnter an integer > ",STRING_LITERAL, line no: 63,System.out,QUALIFIED_NAME, line no: 56, 5.057134894091416E-4, insert, 0.47863247863247865, 0.0, 0.13043478260869565
scanner,SIMPLE_NAME, line no: 64,mainClass.output,QUALIFIED_NAME, line no: 56, 5.026939655172414E-4, insert, 0.4827586206896552, 0.0, 0.125
String,SIMPLE_NAME, line no: 63,mainClass.output,QUALIFIED_NAME, line no: 56, 4.995993589743589E-4, insert, 0.47863247863247865, 0.0, 0.125
String,SIMPLE_NAME, line no: 75,mainClass.output,QUALIFIED_NAME, line no: 56, 4.995993589743589E-4, insert, 0.47863247863247865, 0.0, 0.125
"\nThat's all  have a nice day!\n",STRING_LITERAL, line no: 75,true,BOOLEAN_LITERAL, line no: 76, 4.954022121669181E-4, insert, 0.9658119658119658, 0.0, 0.058823529411764705
n.value=scanner.nextInt(); ,EXPRESSION_STATEMENT, line no: 64,if (n.value != 0) {   modRes.value=Math.abs(modRes.value);   output+=(String.format("\n%d" modRes.value)); }  else {   output+=(String.format("\n%d" modRes.value)); } ,IF_STATEMENT, line no: 68, 4.813051772561072E-4, insert, 0.5663716814159292, 1.6, 0.1317365269461078
output+=(String.format("\nThat's all  have a nice day!\n")); ,EXPRESSION_STATEMENT, line no: 75,if (args.length > 0) {   mainClass.scanner=new java.util.Scanner(args[0]); }  else {   mainClass.scanner=new java.util.Scanner(System.in); } ,IF_STATEMENT, line no: 50, 4.75317266051591E-4, insert, 0.4778761061946903, 0.0, 0.18439716312056736
"\nThat's all  have a nice day!\n",STRING_LITERAL, line no: 75,mainClass.output,QUALIFIED_NAME, line no: 56, 4.5823906485671195E-4, insert, 0.47863247863247865, 0.0, 0.08823529411764706
output+=(String.format("\nEnter an integer > ")); ,EXPRESSION_STATEMENT, line no: 63,if (args.length > 0) {   mainClass.scanner=new java.util.Scanner(args[0]); }  else {   mainClass.scanner=new java.util.Scanner(System.in); } ,IF_STATEMENT, line no: 50, 4.552108830728677E-4, insert, 0.4778761061946903, 0.0, 0.16312056737588654
n.value=scanner.nextInt(); ,EXPRESSION_STATEMENT, line no: 64,if (args.length > 0) {   mainClass.scanner=new java.util.Scanner(args[0]); }  else {   mainClass.scanner=new java.util.Scanner(System.in); } ,IF_STATEMENT, line no: 50, 4.4180662775371874E-4, insert, 0.4778761061946903, 0.5, 0.14893617021276595
"\nThat's all  have a nice day!\n",STRING_LITERAL, line no: 75,System.out,QUALIFIED_NAME, line no: 56, 4.251508295625943E-4, insert, 0.47863247863247865, 0.0, 0.058823529411764705
"\nEnter an integer > ",STRING_LITERAL, line no: 63,java.util.Scanner,QUALIFIED_NAME, line no: 51, 4.0886287625418056E-4, insert, 0.1452991452991453, 0.0, 0.2608695652173913
"\nEnter an integer > ",STRING_LITERAL, line no: 63,mainClass.scanner,QUALIFIED_NAME, line no: 51, 4.0245261984392416E-4, insert, 0.13675213675213677, 0.0, 0.2608695652173913
String,SIMPLE_NAME, line no: 63,java.util,QUALIFIED_NAME, line no: 44, 3.717948717948718E-4, insert, 0.008547008547008548, 0.0, 0.2222222222222222
format,SIMPLE_NAME, line no: 63,java.util,QUALIFIED_NAME, line no: 44, 3.717948717948718E-4, insert, 0.008547008547008548, 0.0, 0.2222222222222222
String,SIMPLE_NAME, line no: 75,java.util,QUALIFIED_NAME, line no: 44, 3.717948717948718E-4, insert, 0.008547008547008548, 0.0, 0.2222222222222222
format,SIMPLE_NAME, line no: 75,java.util,QUALIFIED_NAME, line no: 44, 3.717948717948718E-4, insert, 0.008547008547008548, 0.0, 0.2222222222222222
scanner,SIMPLE_NAME, line no: 64,System.in,QUALIFIED_NAME, line no: 53, 3.663793103448276E-4, insert, 0.15517241379310345, 0.0, 0.2222222222222222
nextInt,SIMPLE_NAME, line no: 64,System.in,QUALIFIED_NAME, line no: 53, 3.663793103448276E-4, insert, 0.15517241379310345, 0.0, 0.2222222222222222
"\nEnter an integer > ",STRING_LITERAL, line no: 63,i,SIMPLE_NAME, line no: 7, 3.646432552954292E-4, insert, 0.05128205128205128, 0.0, 0.043478260869565216
"\nThat's all  have a nice day!\n",STRING_LITERAL, line no: 75,java.util.Scanner,QUALIFIED_NAME, line no: 51, 3.470022624434389E-4, insert, 0.1452991452991453, 0.0, 0.20588235294117646
String,SIMPLE_NAME, line no: 63,java.util.Scanner,QUALIFIED_NAME, line no: 51, 3.139140271493213E-4, insert, 0.1452991452991453, 0.0, 0.17647058823529413
String,SIMPLE_NAME, line no: 75,java.util.Scanner,QUALIFIED_NAME, line no: 51, 3.139140271493213E-4, insert, 0.1452991452991453, 0.0, 0.17647058823529413
"\nEnter an integer > ",STRING_LITERAL, line no: 63,System.in,QUALIFIED_NAME, line no: 53, 3.1103678929765886E-4, insert, 0.15384615384615385, 0.0, 0.17391304347826086
"\nThat's all  have a nice day!\n",STRING_LITERAL, line no: 75,mainClass.scanner,QUALIFIED_NAME, line no: 51, 3.0750377073906484E-4, insert, 0.13675213675213677, 0.0, 0.17647058823529413
"\nThat's all  have a nice day!\n",STRING_LITERAL, line no: 75,i,SIMPLE_NAME, line no: 7, 2.986010558069382E-4, insert, 0.05128205128205128, 0.0, 0.029411764705882353
"\nThat's all  have a nice day!\n",STRING_LITERAL, line no: 75,java.util,QUALIFIED_NAME, line no: 44, 2.541478129713424E-4, insert, 0.008547008547008548, 0.0, 0.11764705882352941
nextInt,SIMPLE_NAME, line no: 64,java.util.Scanner,QUALIFIED_NAME, line no: 51, 2.487322515212982E-4, insert, 0.14655172413793102, 0.0, 0.11764705882352941
scanner,SIMPLE_NAME, line no: 64,java.util,QUALIFIED_NAME, line no: 44, 2.478448275862069E-4, insert, 0.008620689655172414, 0.0, 0.1111111111111111
nextInt,SIMPLE_NAME, line no: 64,java.util,QUALIFIED_NAME, line no: 44, 2.478448275862069E-4, insert, 0.008620689655172414, 0.0, 0.1111111111111111
format,SIMPLE_NAME, line no: 63,java.util.Scanner,QUALIFIED_NAME, line no: 51, 2.4773755656108594E-4, insert, 0.1452991452991453, 0.0, 0.11764705882352941
format,SIMPLE_NAME, line no: 75,java.util.Scanner,QUALIFIED_NAME, line no: 51, 2.4773755656108594E-4, insert, 0.1452991452991453, 0.0, 0.11764705882352941
"\nThat's all  have a nice day!\n",STRING_LITERAL, line no: 75,System.in,QUALIFIED_NAME, line no: 53, 2.4773755656108594E-4, insert, 0.15384615384615385, 0.0, 0.11764705882352941
nextInt,SIMPLE_NAME, line no: 64,mainClass.scanner,QUALIFIED_NAME, line no: 51, 2.4226673427991887E-4, insert, 0.13793103448275862, 0.0, 0.11764705882352941
String,SIMPLE_NAME, line no: 63,mainClass.scanner,QUALIFIED_NAME, line no: 51, 2.413273001508296E-4, insert, 0.13675213675213677, 0.0, 0.11764705882352941
format,SIMPLE_NAME, line no: 63,mainClass.scanner,QUALIFIED_NAME, line no: 51, 2.413273001508296E-4, insert, 0.13675213675213677, 0.0, 0.11764705882352941
String,SIMPLE_NAME, line no: 75,mainClass.scanner,QUALIFIED_NAME, line no: 51, 2.413273001508296E-4, insert, 0.13675213675213677, 0.0, 0.11764705882352941
format,SIMPLE_NAME, line no: 75,mainClass.scanner,QUALIFIED_NAME, line no: 51, 2.413273001508296E-4, insert, 0.13675213675213677, 0.0, 0.11764705882352941
format,SIMPLE_NAME, line no: 63,System.in,QUALIFIED_NAME, line no: 53, 2.4038461538461534E-4, insert, 0.15384615384615385, 0.0, 0.1111111111111111
format,SIMPLE_NAME, line no: 75,System.in,QUALIFIED_NAME, line no: 53, 2.4038461538461534E-4, insert, 0.15384615384615385, 0.0, 0.1111111111111111
"\nEnter an integer > ",STRING_LITERAL, line no: 63,java.util,QUALIFIED_NAME, line no: 44, 2.1962095875139353E-4, insert, 0.008547008547008548, 0.0, 0.08695652173913043
