output+=(String.format("Please enter 3 numbers separated by spaces > ")); ,EXPRESSION_STATEMENT, line no: 62,output+=(String.format("Please enter 3 numbers separated by spaces > ")); ,EXPRESSION_STATEMENT, line no: 62, 0.031966930027524, insert, 1.0, 1.0, 1.0
a.value=scanner.nextInt(); ,EXPRESSION_STATEMENT, line no: 64,a.value=scanner.nextInt(); ,EXPRESSION_STATEMENT, line no: 64, 0.031966930027524, insert, 1.0, 3.0, 1.0
b.value=scanner.nextInt(); ,EXPRESSION_STATEMENT, line no: 65,b.value=scanner.nextInt(); ,EXPRESSION_STATEMENT, line no: 65, 0.031966930027524, insert, 1.0, 3.0, 1.0
c.value=scanner.nextInt(); ,EXPRESSION_STATEMENT, line no: 66,c.value=scanner.nextInt(); ,EXPRESSION_STATEMENT, line no: 66, 0.031966930027524, insert, 1.0, 3.0, 1.0
output+=(String.format("%d is the median\n" m.value)); ,EXPRESSION_STATEMENT, line no: 85,output+=(String.format("%d is the median\n" m.value)); ,EXPRESSION_STATEMENT, line no: 85, 0.031966930027524, insert, 1.0, 3.0, 1.0
a.value=scanner.nextInt(); ,EXPRESSION_STATEMENT, line no: 64,b.value=scanner.nextInt(); ,EXPRESSION_STATEMENT, line no: 65, 0.03125655380469013, insert, 1.0, 1.5, 0.9629629629629629
a.value=scanner.nextInt(); ,EXPRESSION_STATEMENT, line no: 64,c.value=scanner.nextInt(); ,EXPRESSION_STATEMENT, line no: 66, 0.03125655380469013, insert, 1.0, 1.5, 0.9629629629629629
b.value=scanner.nextInt(); ,EXPRESSION_STATEMENT, line no: 65,a.value=scanner.nextInt(); ,EXPRESSION_STATEMENT, line no: 64, 0.03125655380469013, insert, 1.0, 1.5, 0.9629629629629629
b.value=scanner.nextInt(); ,EXPRESSION_STATEMENT, line no: 65,c.value=scanner.nextInt(); ,EXPRESSION_STATEMENT, line no: 66, 0.03125655380469013, insert, 1.0, 1.5, 0.9629629629629629
c.value=scanner.nextInt(); ,EXPRESSION_STATEMENT, line no: 66,a.value=scanner.nextInt(); ,EXPRESSION_STATEMENT, line no: 64, 0.03125655380469013, insert, 1.0, 1.5, 0.9629629629629629
c.value=scanner.nextInt(); ,EXPRESSION_STATEMENT, line no: 66,b.value=scanner.nextInt(); ,EXPRESSION_STATEMENT, line no: 65, 0.03125655380469013, insert, 1.0, 1.5, 0.9629629629629629
output+=(String.format("Please enter 3 numbers separated by spaces > ")); ,EXPRESSION_STATEMENT, line no: 62,output+=(String.format("%d is the median\n" m.value)); ,EXPRESSION_STATEMENT, line no: 85, 0.02263604234381429, insert, 1.0, 1.0, 0.5135135135135135
output+=(String.format("%d is the median\n" m.value)); ,EXPRESSION_STATEMENT, line no: 85,output+=(String.format("Please enter 3 numbers separated by spaces > ")); ,EXPRESSION_STATEMENT, line no: 62, 0.02263604234381429, insert, 1.0, 0.3333333333333333, 0.5135135135135135
a.value=scanner.nextInt(); ,EXPRESSION_STATEMENT, line no: 64,output+=(String.format("%d is the median\n" m.value)); ,EXPRESSION_STATEMENT, line no: 85, 0.01662280361431248, insert, 1.0, 0.6000000000000001, 0.2
b.value=scanner.nextInt(); ,EXPRESSION_STATEMENT, line no: 65,output+=(String.format("%d is the median\n" m.value)); ,EXPRESSION_STATEMENT, line no: 85, 0.01662280361431248, insert, 1.0, 0.6000000000000001, 0.2
c.value=scanner.nextInt(); ,EXPRESSION_STATEMENT, line no: 66,output+=(String.format("%d is the median\n" m.value)); ,EXPRESSION_STATEMENT, line no: 85, 0.01662280361431248, insert, 1.0, 0.6000000000000001, 0.2
output+=(String.format("%d is the median\n" m.value)); ,EXPRESSION_STATEMENT, line no: 85,a.value=scanner.nextInt(); ,EXPRESSION_STATEMENT, line no: 64, 0.01662280361431248, insert, 1.0, 0.6000000000000001, 0.2
output+=(String.format("%d is the median\n" m.value)); ,EXPRESSION_STATEMENT, line no: 85,b.value=scanner.nextInt(); ,EXPRESSION_STATEMENT, line no: 65, 0.01662280361431248, insert, 1.0, 0.6000000000000001, 0.2
output+=(String.format("%d is the median\n" m.value)); ,EXPRESSION_STATEMENT, line no: 85,c.value=scanner.nextInt(); ,EXPRESSION_STATEMENT, line no: 66, 0.01662280361431248, insert, 1.0, 0.6000000000000001, 0.2
output+=(String.format("Please enter 3 numbers separated by spaces > ")); ,EXPRESSION_STATEMENT, line no: 62,a.value=scanner.nextInt(); ,EXPRESSION_STATEMENT, line no: 64, 0.01641545055467449, insert, 1.0, 0.0, 0.1891891891891892
output+=(String.format("Please enter 3 numbers separated by spaces > ")); ,EXPRESSION_STATEMENT, line no: 62,b.value=scanner.nextInt(); ,EXPRESSION_STATEMENT, line no: 65, 0.01641545055467449, insert, 1.0, 0.0, 0.1891891891891892
output+=(String.format("Please enter 3 numbers separated by spaces > ")); ,EXPRESSION_STATEMENT, line no: 62,c.value=scanner.nextInt(); ,EXPRESSION_STATEMENT, line no: 66, 0.01641545055467449, insert, 1.0, 0.0, 0.1891891891891892
a.value=scanner.nextInt(); ,EXPRESSION_STATEMENT, line no: 64,output+=(String.format("Please enter 3 numbers separated by spaces > ")); ,EXPRESSION_STATEMENT, line no: 62, 0.01641545055467449, insert, 1.0, 0.0, 0.1891891891891892
b.value=scanner.nextInt(); ,EXPRESSION_STATEMENT, line no: 65,output+=(String.format("Please enter 3 numbers separated by spaces > ")); ,EXPRESSION_STATEMENT, line no: 62, 0.01641545055467449, insert, 1.0, 0.0, 0.1891891891891892
c.value=scanner.nextInt(); ,EXPRESSION_STATEMENT, line no: 66,output+=(String.format("Please enter 3 numbers separated by spaces > ")); ,EXPRESSION_STATEMENT, line no: 62, 0.01641545055467449, insert, 1.0, 0.0, 0.1891891891891892
String,SIMPLE_NAME, line no: 63,String,SIMPLE_NAME, line no: 49, 0.012276870059650322, insert, 0.19391634980988592, 0.0, 1.0
format,SIMPLE_NAME, line no: 63,format,SIMPLE_NAME, line no: 63, 0.012276870059650322, insert, 1.0, 0.0, 1.0
scanner,SIMPLE_NAME, line no: 64,scanner,SIMPLE_NAME, line no: 51, 0.012276870059650322, insert, 0.061068702290076333, 1.0, 1.0
nextInt,SIMPLE_NAME, line no: 64,nextInt,SIMPLE_NAME, line no: 64, 0.012276870059650322, insert, 1.0, 0.0, 1.0
scanner,SIMPLE_NAME, line no: 65,scanner,SIMPLE_NAME, line no: 51, 0.012276870059650322, insert, 0.061068702290076333, 1.0, 1.0
nextInt,SIMPLE_NAME, line no: 65,nextInt,SIMPLE_NAME, line no: 64, 0.012276870059650322, insert, 1.0, 0.0, 1.0
scanner,SIMPLE_NAME, line no: 66,scanner,SIMPLE_NAME, line no: 51, 0.012276870059650322, insert, 0.061068702290076333, 1.0, 1.0
nextInt,SIMPLE_NAME, line no: 66,nextInt,SIMPLE_NAME, line no: 64, 0.012276870059650322, insert, 1.0, 0.0, 1.0
String,SIMPLE_NAME, line no: 85,String,SIMPLE_NAME, line no: 49, 0.012276870059650322, insert, 0.19391634980988592, 0.0, 1.0
format,SIMPLE_NAME, line no: 85,format,SIMPLE_NAME, line no: 63, 0.012276870059650322, insert, 1.0, 0.0, 1.0
m,SIMPLE_NAME, line no: 85,m,SIMPLE_NAME, line no: 60, 0.012276870059650322, insert, 0.9810606060606061, 1.0, 1.0
value,SIMPLE_NAME, line no: 85,value,SIMPLE_NAME, line no: 7, 0.012276870059650322, insert, 0.022727272727272728, 1.0, 1.0
m.value,QUALIFIED_NAME, line no: 85,value,SIMPLE_NAME, line no: 7, 0.010172263763710266, insert, 0.022813688212927757, 0.5, 0.7142857142857143
a.value=scanner.nextInt(); ,EXPRESSION_STATEMENT, line no: 64,mainClass.exec(); ,EXPRESSION_STATEMENT, line no: 55, 0.00962162080965716, insert, 0.1969111969111969, 0.0, 0.37037037037037035
b.value=scanner.nextInt(); ,EXPRESSION_STATEMENT, line no: 65,mainClass.exec(); ,EXPRESSION_STATEMENT, line no: 55, 0.00962162080965716, insert, 0.1969111969111969, 0.0, 0.37037037037037035
c.value=scanner.nextInt(); ,EXPRESSION_STATEMENT, line no: 66,mainClass.exec(); ,EXPRESSION_STATEMENT, line no: 55, 0.00962162080965716, insert, 0.1969111969111969, 0.0, 0.37037037037037035
a.value=scanner.nextInt(); ,EXPRESSION_STATEMENT, line no: 64,m.value=c.value; ,EXPRESSION_STATEMENT, line no: 72, 0.00921569153946638, insert, 0.04247104247104247, 0.6000000000000001, 0.4444444444444444
b.value=scanner.nextInt(); ,EXPRESSION_STATEMENT, line no: 65,m.value=c.value; ,EXPRESSION_STATEMENT, line no: 72, 0.00921569153946638, insert, 0.04247104247104247, 0.6000000000000001, 0.4444444444444444
c.value=scanner.nextInt(); ,EXPRESSION_STATEMENT, line no: 66,m.value=c.value; ,EXPRESSION_STATEMENT, line no: 72, 0.00921569153946638, insert, 0.04247104247104247, 1.5, 0.4444444444444444
a.value=scanner.nextInt(); ,EXPRESSION_STATEMENT, line no: 64,m.value=a.value; ,EXPRESSION_STATEMENT, line no: 68, 0.008968842658944959, insert, 0.03474903474903475, 1.5, 0.4444444444444444
b.value=scanner.nextInt(); ,EXPRESSION_STATEMENT, line no: 65,m.value=a.value; ,EXPRESSION_STATEMENT, line no: 68, 0.008968842658944959, insert, 0.03474903474903475, 0.6000000000000001, 0.4444444444444444
c.value=scanner.nextInt(); ,EXPRESSION_STATEMENT, line no: 66,m.value=a.value; ,EXPRESSION_STATEMENT, line no: 68, 0.008968842658944959, insert, 0.03474903474903475, 0.6000000000000001, 0.4444444444444444
a.value=scanner.nextInt(); ,EXPRESSION_STATEMENT, line no: 64,m.value=b.value; ,EXPRESSION_STATEMENT, line no: 70, 0.008455945540528226, insert, 0.03861003861003861, 0.6000000000000001, 0.4074074074074074
b.value=scanner.nextInt(); ,EXPRESSION_STATEMENT, line no: 65,m.value=b.value; ,EXPRESSION_STATEMENT, line no: 70, 0.008455945540528226, insert, 0.03861003861003861, 1.5, 0.4074074074074074
c.value=scanner.nextInt(); ,EXPRESSION_STATEMENT, line no: 66,m.value=b.value; ,EXPRESSION_STATEMENT, line no: 70, 0.008455945540528226, insert, 0.03861003861003861, 0.6000000000000001, 0.4074074074074074
output+=(String.format("%d is the median\n" m.value)); ,EXPRESSION_STATEMENT, line no: 85,System.out.println(mainClass.output); ,EXPRESSION_STATEMENT, line no: 56, 0.008446271059150216, insert, 0.1969111969111969, 0.5, 0.3090909090909091
nextInt,SIMPLE_NAME, line no: 64,IntObj,SIMPLE_NAME, line no: 60, 0.008011427528565707, insert, 0.9885496183206107, 0.0, 0.42857142857142855
nextInt,SIMPLE_NAME, line no: 65,IntObj,SIMPLE_NAME, line no: 60, 0.008011427528565707, insert, 0.9885496183206107, 0.0, 0.42857142857142855
nextInt,SIMPLE_NAME, line no: 66,IntObj,SIMPLE_NAME, line no: 60, 0.008011427528565707, insert, 0.9885496183206107, 0.0, 0.42857142857142855
a.value=scanner.nextInt(); ,EXPRESSION_STATEMENT, line no: 64,System.out.println(mainClass.output); ,EXPRESSION_STATEMENT, line no: 56, 0.0075652685856643885, insert, 0.1969111969111969, 0.0, 0.2631578947368421
b.value=scanner.nextInt(); ,EXPRESSION_STATEMENT, line no: 65,System.out.println(mainClass.output); ,EXPRESSION_STATEMENT, line no: 56, 0.0075652685856643885, insert, 0.1969111969111969, 0.0, 0.2631578947368421
c.value=scanner.nextInt(); ,EXPRESSION_STATEMENT, line no: 66,System.out.println(mainClass.output); ,EXPRESSION_STATEMENT, line no: 56, 0.0075652685856643885, insert, 0.1969111969111969, 0.0, 0.2631578947368421
m.value=b.value; ,EXPRESSION_STATEMENT, line no: 76,m.value=b.value; ,EXPRESSION_STATEMENT, line no: 70, 0.0075, insert, 0.8333333333333334, 3.0, 1.0
format,SIMPLE_NAME, line no: 63,output,SIMPLE_NAME, line no: 49, 0.007328777944353994, insert, 0.19391634980988592, 0.0, 0.3333333333333333
format,SIMPLE_NAME, line no: 85,output,SIMPLE_NAME, line no: 49, 0.007328777944353994, insert, 0.19391634980988592, 0.0, 0.3333333333333333
m.value=b.value; ,EXPRESSION_STATEMENT, line no: 76,m.value=c.value; ,EXPRESSION_STATEMENT, line no: 72, 0.0072352941176470585, insert, 0.9166666666666666, 1.5, 0.9411764705882353
output+=(String.format("Please enter 3 numbers separated by spaces > ")); ,EXPRESSION_STATEMENT, line no: 62,System.out.println(mainClass.output); ,EXPRESSION_STATEMENT, line no: 56, 0.007183302423173348, insert, 0.1969111969111969, 1.0, 0.24324324324324326
a.value=scanner.nextInt(); ,EXPRESSION_STATEMENT, line no: 64,mainClass.scanner=new java.util.Scanner(args[0]); ,EXPRESSION_STATEMENT, line no: 51, 0.007163060814970591, insert, 0.05019305019305019, 0.5, 0.34
b.value=scanner.nextInt(); ,EXPRESSION_STATEMENT, line no: 65,mainClass.scanner=new java.util.Scanner(args[0]); ,EXPRESSION_STATEMENT, line no: 51, 0.007163060814970591, insert, 0.05019305019305019, 0.5, 0.34
c.value=scanner.nextInt(); ,EXPRESSION_STATEMENT, line no: 66,mainClass.scanner=new java.util.Scanner(args[0]); ,EXPRESSION_STATEMENT, line no: 51, 0.007163060814970591, insert, 0.05019305019305019, 0.5, 0.34
scanner,SIMPLE_NAME, line no: 64,value,SIMPLE_NAME, line no: 7, 0.007015354319800183, insert, 0.022900763358778626, 0.0, 0.2857142857142857
scanner,SIMPLE_NAME, line no: 64,nextInt,SIMPLE_NAME, line no: 64, 0.007015354319800183, insert, 1.0, 0.0, 0.2857142857142857
nextInt,SIMPLE_NAME, line no: 64,String,SIMPLE_NAME, line no: 49, 0.007015354319800183, insert, 0.1946564885496183, 0.0, 0.2857142857142857
nextInt,SIMPLE_NAME, line no: 64,scanner,SIMPLE_NAME, line no: 51, 0.007015354319800183, insert, 0.061068702290076333, 0.0, 0.2857142857142857
scanner,SIMPLE_NAME, line no: 65,value,SIMPLE_NAME, line no: 7, 0.007015354319800183, insert, 0.022900763358778626, 0.0, 0.2857142857142857
scanner,SIMPLE_NAME, line no: 65,nextInt,SIMPLE_NAME, line no: 64, 0.007015354319800183, insert, 1.0, 0.0, 0.2857142857142857
nextInt,SIMPLE_NAME, line no: 65,String,SIMPLE_NAME, line no: 49, 0.007015354319800183, insert, 0.1946564885496183, 0.0, 0.2857142857142857
nextInt,SIMPLE_NAME, line no: 65,scanner,SIMPLE_NAME, line no: 51, 0.007015354319800183, insert, 0.061068702290076333, 0.0, 0.2857142857142857
scanner,SIMPLE_NAME, line no: 66,value,SIMPLE_NAME, line no: 7, 0.007015354319800183, insert, 0.022900763358778626, 0.0, 0.2857142857142857
scanner,SIMPLE_NAME, line no: 66,nextInt,SIMPLE_NAME, line no: 64, 0.007015354319800183, insert, 1.0, 0.0, 0.2857142857142857
nextInt,SIMPLE_NAME, line no: 66,String,SIMPLE_NAME, line no: 49, 0.007015354319800183, insert, 0.1946564885496183, 0.0, 0.2857142857142857
nextInt,SIMPLE_NAME, line no: 66,scanner,SIMPLE_NAME, line no: 51, 0.007015354319800183, insert, 0.061068702290076333, 0.0, 0.2857142857142857
m.value,QUALIFIED_NAME, line no: 85,format,SIMPLE_NAME, line no: 63, 0.007015354319800183, insert, 1.0, 0.0, 0.2857142857142857
a.value=scanner.nextInt(); ,EXPRESSION_STATEMENT, line no: 64,mainClass.scanner=new java.util.Scanner(System.in); ,EXPRESSION_STATEMENT, line no: 53, 0.007010982916193971, insert, 0.05791505791505792, 0.5, 0.3269230769230769
b.value=scanner.nextInt(); ,EXPRESSION_STATEMENT, line no: 65,mainClass.scanner=new java.util.Scanner(System.in); ,EXPRESSION_STATEMENT, line no: 53, 0.007010982916193971, insert, 0.05791505791505792, 0.5, 0.3269230769230769
c.value=scanner.nextInt(); ,EXPRESSION_STATEMENT, line no: 66,mainClass.scanner=new java.util.Scanner(System.in); ,EXPRESSION_STATEMENT, line no: 53, 0.007010982916193971, insert, 0.05791505791505792, 0.5, 0.3269230769230769
String,SIMPLE_NAME, line no: 63,nextInt,SIMPLE_NAME, line no: 64, 0.006996682274082084, insert, 0.9961977186311787, 0.0, 0.2857142857142857
String,SIMPLE_NAME, line no: 85,nextInt,SIMPLE_NAME, line no: 64, 0.006996682274082084, insert, 0.9961977186311787, 0.0, 0.2857142857142857
m.value,QUALIFIED_NAME, line no: 85,scanner,SIMPLE_NAME, line no: 51, 0.006996682274082084, insert, 0.060836501901140684, 0.0, 0.2857142857142857
nextInt,SIMPLE_NAME, line no: 64,output,SIMPLE_NAME, line no: 49, 0.006996611006732016, insert, 0.1946564885496183, 0.0, 0.2857142857142857
nextInt,SIMPLE_NAME, line no: 65,output,SIMPLE_NAME, line no: 49, 0.006996611006732016, insert, 0.1946564885496183, 0.0, 0.2857142857142857
nextInt,SIMPLE_NAME, line no: 66,output,SIMPLE_NAME, line no: 49, 0.006996611006732016, insert, 0.1946564885496183, 0.0, 0.2857142857142857
value,SIMPLE_NAME, line no: 85,scanner,SIMPLE_NAME, line no: 51, 0.006978151683255788, insert, 0.06060606060606061, 0.0, 0.2857142857142857
scanner,SIMPLE_NAME, line no: 64,Scanner,SIMPLE_NAME, line no: 44, 0.006669941836115365, insert, 0.003816793893129771, 0.0, 0.8571428571428571
scanner,SIMPLE_NAME, line no: 65,Scanner,SIMPLE_NAME, line no: 44, 0.006669941836115365, insert, 0.003816793893129771, 0.0, 0.8571428571428571
scanner,SIMPLE_NAME, line no: 66,Scanner,SIMPLE_NAME, line no: 44, 0.006669941836115365, insert, 0.003816793893129771, 0.0, 0.8571428571428571
m.value=b.value; ,EXPRESSION_STATEMENT, line no: 76,m.value=a.value; ,EXPRESSION_STATEMENT, line no: 68, 0.006485294117647059, insert, 0.75, 1.5, 0.9411764705882353
"%d is the median\n",STRING_LITERAL, line no: 85,scanner,SIMPLE_NAME, line no: 51, 0.006365300385300068, insert, 0.060836501901140684, 0.0, 0.2
value,SIMPLE_NAME, line no: 85,a,SIMPLE_NAME, line no: 60, 0.006346769794473773, insert, 0.9810606060606061, 0.0, 0.2
output+=(String.format("%d is the median\n" m.value)); ,EXPRESSION_STATEMENT, line no: 85,mainClass.scanner=new java.util.Scanner(System.in); ,EXPRESSION_STATEMENT, line no: 53, 0.006320228973641179, insert, 0.05791505791505792, 0.0, 0.2909090909090909
output+=(String.format("Please enter 3 numbers separated by spaces > ")); ,EXPRESSION_STATEMENT, line no: 62,mainClass.scanner=new java.util.Scanner(System.in); ,EXPRESSION_STATEMENT, line no: 53, 0.0061835644570615925, insert, 0.05791505791505792, 0.0, 0.28378378378378377
String,SIMPLE_NAME, line no: 63,format,SIMPLE_NAME, line no: 63, 0.006138435029825161, insert, 1.0, 0.0, 0.16666666666666666
format,SIMPLE_NAME, line no: 63,value,SIMPLE_NAME, line no: 7, 0.006138435029825161, insert, 0.022813688212927757, 0.0, 0.16666666666666666
format,SIMPLE_NAME, line no: 63,String,SIMPLE_NAME, line no: 49, 0.006138435029825161, insert, 0.19391634980988592, 0.0, 0.16666666666666666
format,SIMPLE_NAME, line no: 63,m,SIMPLE_NAME, line no: 60, 0.006138435029825161, insert, 0.9847908745247148, 0.0, 0.16666666666666666
String,SIMPLE_NAME, line no: 85,format,SIMPLE_NAME, line no: 63, 0.006138435029825161, insert, 1.0, 0.0, 0.16666666666666666
format,SIMPLE_NAME, line no: 85,value,SIMPLE_NAME, line no: 7, 0.006138435029825161, insert, 0.022813688212927757, 0.0, 0.16666666666666666
format,SIMPLE_NAME, line no: 85,String,SIMPLE_NAME, line no: 49, 0.006138435029825161, insert, 0.19391634980988592, 0.0, 0.16666666666666666
format,SIMPLE_NAME, line no: 85,m,SIMPLE_NAME, line no: 60, 0.006138435029825161, insert, 0.9847908745247148, 0.0, 0.16666666666666666
m,SIMPLE_NAME, line no: 85,format,SIMPLE_NAME, line no: 63, 0.006119833711552963, insert, 0.9962121212121212, 0.0, 0.16666666666666666
value,SIMPLE_NAME, line no: 85,format,SIMPLE_NAME, line no: 63, 0.006119833711552963, insert, 0.9962121212121212, 0.0, 0.16666666666666666
String,SIMPLE_NAME, line no: 63,output,SIMPLE_NAME, line no: 49, 0.006101090938388962, insert, 0.19391634980988592, 0.0, 0.16666666666666666
format,SIMPLE_NAME, line no: 63,a,SIMPLE_NAME, line no: 60, 0.006101090938388962, insert, 0.9847908745247148, 0.0, 0.16666666666666666
String,SIMPLE_NAME, line no: 85,output,SIMPLE_NAME, line no: 49, 0.006101090938388962, insert, 0.19391634980988592, 0.0, 0.16666666666666666
format,SIMPLE_NAME, line no: 85,a,SIMPLE_NAME, line no: 60, 0.006101090938388962, insert, 0.9847908745247148, 0.0, 0.16666666666666666
value,SIMPLE_NAME, line no: 85,output,SIMPLE_NAME, line no: 49, 0.006082631075008569, insert, 0.19318181818181818, 0.0, 0.16666666666666666
String,SIMPLE_NAME, line no: 63,IntObj,SIMPLE_NAME, line no: 60, 0.006063746846952763, insert, 0.9847908745247148, 0.0, 0.16666666666666666
format,SIMPLE_NAME, line no: 63,IntObj,SIMPLE_NAME, line no: 60, 0.006063746846952763, insert, 0.9847908745247148, 0.0, 0.16666666666666666
String,SIMPLE_NAME, line no: 85,IntObj,SIMPLE_NAME, line no: 60, 0.006063746846952763, insert, 0.9847908745247148, 0.0, 0.16666666666666666
format,SIMPLE_NAME, line no: 85,IntObj,SIMPLE_NAME, line no: 60, 0.006063746846952763, insert, 0.9847908745247148, 0.0, 0.16666666666666666
"%d is the median\n",STRING_LITERAL, line no: 85,String,SIMPLE_NAME, line no: 49, 0.006015666329228658, insert, 0.19391634980988592, 0.0, 0.15
scanner,SIMPLE_NAME, line no: 64,String,SIMPLE_NAME, line no: 49, 0.0059630511718301565, insert, 0.1946564885496183, 0.0, 0.14285714285714285
scanner,SIMPLE_NAME, line no: 64,format,SIMPLE_NAME, line no: 63, 0.0059630511718301565, insert, 1.0, 0.0, 0.14285714285714285
nextInt,SIMPLE_NAME, line no: 64,value,SIMPLE_NAME, line no: 7, 0.0059630511718301565, insert, 0.022900763358778626, 0.0, 0.14285714285714285
nextInt,SIMPLE_NAME, line no: 64,format,SIMPLE_NAME, line no: 63, 0.0059630511718301565, insert, 1.0, 0.0, 0.14285714285714285
scanner,SIMPLE_NAME, line no: 65,String,SIMPLE_NAME, line no: 49, 0.0059630511718301565, insert, 0.1946564885496183, 0.0, 0.14285714285714285
scanner,SIMPLE_NAME, line no: 65,format,SIMPLE_NAME, line no: 63, 0.0059630511718301565, insert, 1.0, 0.0, 0.14285714285714285
nextInt,SIMPLE_NAME, line no: 65,value,SIMPLE_NAME, line no: 7, 0.0059630511718301565, insert, 0.022900763358778626, 0.0, 0.14285714285714285
nextInt,SIMPLE_NAME, line no: 65,format,SIMPLE_NAME, line no: 63, 0.0059630511718301565, insert, 1.0, 0.0, 0.14285714285714285
scanner,SIMPLE_NAME, line no: 66,String,SIMPLE_NAME, line no: 49, 0.0059630511718301565, insert, 0.1946564885496183, 0.0, 0.14285714285714285
scanner,SIMPLE_NAME, line no: 66,format,SIMPLE_NAME, line no: 63, 0.0059630511718301565, insert, 1.0, 0.0, 0.14285714285714285
nextInt,SIMPLE_NAME, line no: 66,value,SIMPLE_NAME, line no: 7, 0.0059630511718301565, insert, 0.022900763358778626, 0.0, 0.14285714285714285
nextInt,SIMPLE_NAME, line no: 66,format,SIMPLE_NAME, line no: 63, 0.0059630511718301565, insert, 1.0, 0.0, 0.14285714285714285
m.value,QUALIFIED_NAME, line no: 85,m,SIMPLE_NAME, line no: 60, 0.0059630511718301565, insert, 0.9847908745247148, 0.5, 0.14285714285714285
String,SIMPLE_NAME, line no: 63,scanner,SIMPLE_NAME, line no: 51, 0.005944379126112057, insert, 0.060836501901140684, 0.0, 0.14285714285714285
format,SIMPLE_NAME, line no: 63,scanner,SIMPLE_NAME, line no: 51, 0.005944379126112057, insert, 0.060836501901140684, 0.0, 0.14285714285714285
format,SIMPLE_NAME, line no: 63,nextInt,SIMPLE_NAME, line no: 64, 0.005944379126112057, insert, 0.9961977186311787, 0.0, 0.14285714285714285
String,SIMPLE_NAME, line no: 85,scanner,SIMPLE_NAME, line no: 51, 0.005944379126112057, insert, 0.060836501901140684, 0.0, 0.14285714285714285
format,SIMPLE_NAME, line no: 85,scanner,SIMPLE_NAME, line no: 51, 0.005944379126112057, insert, 0.060836501901140684, 0.0, 0.14285714285714285
format,SIMPLE_NAME, line no: 85,nextInt,SIMPLE_NAME, line no: 64, 0.005944379126112057, insert, 0.9961977186311787, 0.0, 0.14285714285714285
m.value,QUALIFIED_NAME, line no: 85,nextInt,SIMPLE_NAME, line no: 64, 0.005944379126112057, insert, 0.9961977186311787, 0.0, 0.14285714285714285
scanner,SIMPLE_NAME, line no: 64,a,SIMPLE_NAME, line no: 60, 0.005944307858761988, insert, 0.9885496183206107, 0.0, 0.14285714285714285
scanner,SIMPLE_NAME, line no: 64,c,SIMPLE_NAME, line no: 60, 0.005944307858761988, insert, 0.9885496183206107, 0.0, 0.14285714285714285
scanner,SIMPLE_NAME, line no: 65,a,SIMPLE_NAME, line no: 60, 0.005944307858761988, insert, 0.9885496183206107, 0.0, 0.14285714285714285
scanner,SIMPLE_NAME, line no: 65,c,SIMPLE_NAME, line no: 60, 0.005944307858761988, insert, 0.9885496183206107, 0.0, 0.14285714285714285
scanner,SIMPLE_NAME, line no: 66,a,SIMPLE_NAME, line no: 60, 0.005944307858761988, insert, 0.9885496183206107, 0.0, 0.14285714285714285
scanner,SIMPLE_NAME, line no: 66,c,SIMPLE_NAME, line no: 60, 0.005944307858761988, insert, 0.9885496183206107, 0.0, 0.14285714285714285
value,SIMPLE_NAME, line no: 85,nextInt,SIMPLE_NAME, line no: 64, 0.005925848535285761, insert, 0.9924242424242424, 0.0, 0.14285714285714285
m.value,QUALIFIED_NAME, line no: 85,output,SIMPLE_NAME, line no: 49, 0.005925707080393958, insert, 0.19391634980988592, 0.0, 0.14285714285714285
m.value,QUALIFIED_NAME, line no: 85,a,SIMPLE_NAME, line no: 60, 0.005925707080393958, insert, 0.9847908745247148, 0.0, 0.14285714285714285
scanner,SIMPLE_NAME, line no: 64,IntObj,SIMPLE_NAME, line no: 60, 0.005906821232625651, insert, 0.9885496183206107, 0.0, 0.14285714285714285
scanner,SIMPLE_NAME, line no: 65,IntObj,SIMPLE_NAME, line no: 60, 0.005906821232625651, insert, 0.9885496183206107, 0.0, 0.14285714285714285
scanner,SIMPLE_NAME, line no: 66,IntObj,SIMPLE_NAME, line no: 60, 0.005906821232625651, insert, 0.9885496183206107, 0.0, 0.14285714285714285
a.value=scanner.nextInt(); ,EXPRESSION_STATEMENT, line no: 64,value=i; ,EXPRESSION_STATEMENT, line no: 7, 0.005880488887088069, insert, 0.015444015444015444, 0.3333333333333333, 0.2962962962962963
b.value=scanner.nextInt(); ,EXPRESSION_STATEMENT, line no: 65,value=i; ,EXPRESSION_STATEMENT, line no: 7, 0.005880488887088069, insert, 0.015444015444015444, 0.3333333333333333, 0.2962962962962963
c.value=scanner.nextInt(); ,EXPRESSION_STATEMENT, line no: 66,value=i; ,EXPRESSION_STATEMENT, line no: 7, 0.005880488887088069, insert, 0.015444015444015444, 0.3333333333333333, 0.2962962962962963
output+=(String.format("Please enter 3 numbers separated by spaces > ")); ,EXPRESSION_STATEMENT, line no: 62,mainClass.scanner=new java.util.Scanner(args[0]); ,EXPRESSION_STATEMENT, line no: 51, 0.005825633580305532, insert, 0.05019305019305019, 0.0, 0.2702702702702703
"Please enter 3 numbers separated by spaces > ",STRING_LITERAL, line no: 63,scanner,SIMPLE_NAME, line no: 51, 0.005675705981949497, insert, 0.060836501901140684, 0.0, 0.10638297872340426
output+=(String.format("%d is the median\n" m.value)); ,EXPRESSION_STATEMENT, line no: 85,mainClass.exec(); ,EXPRESSION_STATEMENT, line no: 55, 0.005656429893111758, insert, 0.1969111969111969, 0.0, 0.16363636363636364
"%d is the median\n",STRING_LITERAL, line no: 85,format,SIMPLE_NAME, line no: 63, 0.005647360227439148, insert, 1.0, 0.0, 0.1
"%d is the median\n",STRING_LITERAL, line no: 85,nextInt,SIMPLE_NAME, line no: 64, 0.0056286881817210485, insert, 0.9961977186311787, 0.0, 0.1
output+=(String.format("Please enter 3 numbers separated by spaces > ")); ,EXPRESSION_STATEMENT, line no: 62,mainClass.exec(); ,EXPRESSION_STATEMENT, line no: 55, 0.005628154475888396, insert, 0.1969111969111969, 0.0, 0.16216216216216217
"Please enter 3 numbers separated by spaces > ",STRING_LITERAL, line no: 63,format,SIMPLE_NAME, line no: 63, 0.005537652026906103, insert, 1.0, 0.0, 0.0851063829787234
output+=(String.format("%d is the median\n" m.value)); ,EXPRESSION_STATEMENT, line no: 85,mainClass.scanner=new java.util.Scanner(args[0]); ,EXPRESSION_STATEMENT, line no: 51, 0.005524029129922996, insert, 0.05019305019305019, 0.0, 0.2545454545454545
"Please enter 3 numbers separated by spaces > ",STRING_LITERAL, line no: 63,nextInt,SIMPLE_NAME, line no: 64, 0.0055189799811880035, insert, 0.9961977186311787, 0.0, 0.0851063829787234
"Please enter 3 numbers separated by spaces > ",STRING_LITERAL, line no: 63,value,SIMPLE_NAME, line no: 7, 0.005380926026144609, insert, 0.022813688212927757, 0.0, 0.06382978723404255
"Please enter 3 numbers separated by spaces > ",STRING_LITERAL, line no: 63,String,SIMPLE_NAME, line no: 49, 0.005380926026144609, insert, 0.19391634980988592, 0.0, 0.06382978723404255
"Please enter 3 numbers separated by spaces > ",STRING_LITERAL, line no: 63,output,SIMPLE_NAME, line no: 49, 0.0053435819347084105, insert, 0.19391634980988592, 0.0, 0.06382978723404255
"Please enter 3 numbers separated by spaces > ",STRING_LITERAL, line no: 63,IntObj,SIMPLE_NAME, line no: 60, 0.005306237843272212, insert, 0.9847908745247148, 0.0, 0.06382978723404255
"%d is the median\n",STRING_LITERAL, line no: 85,value,SIMPLE_NAME, line no: 7, 0.005279054125649639, insert, 0.022813688212927757, 0.0, 0.05
"%d is the median\n",STRING_LITERAL, line no: 85,m,SIMPLE_NAME, line no: 60, 0.005279054125649639, insert, 0.9847908745247148, 0.0, 0.05
"%d is the median\n",STRING_LITERAL, line no: 85,output,SIMPLE_NAME, line no: 49, 0.00524171003421344, insert, 0.19391634980988592, 0.0, 0.05
"%d is the median\n",STRING_LITERAL, line no: 85,a,SIMPLE_NAME, line no: 60, 0.00524171003421344, insert, 0.9847908745247148, 0.0, 0.05
"%d is the median\n",STRING_LITERAL, line no: 85,IntObj,SIMPLE_NAME, line no: 60, 0.005204365942777241, insert, 0.9847908745247148, 0.0, 0.05
"Please enter 3 numbers separated by spaces > ",STRING_LITERAL, line no: 63,m,SIMPLE_NAME, line no: 60, 0.005067474024621622, insert, 0.9847908745247148, 0.0, 0.02127659574468085
"Please enter 3 numbers separated by spaces > ",STRING_LITERAL, line no: 63,a,SIMPLE_NAME, line no: 60, 0.005030129933185424, insert, 0.9847908745247148, 0.0, 0.02127659574468085
"Please enter 3 numbers separated by spaces > ",STRING_LITERAL, line no: 63,b,SIMPLE_NAME, line no: 60, 0.005030129933185424, insert, 0.9847908745247148, 0.0, 0.02127659574468085
"Please enter 3 numbers separated by spaces > ",STRING_LITERAL, line no: 63,c,SIMPLE_NAME, line no: 60, 0.005030129933185424, insert, 0.9847908745247148, 0.0, 0.02127659574468085
m.value=b.value; ,EXPRESSION_STATEMENT, line no: 76,a.value=scanner.nextInt(); ,EXPRESSION_STATEMENT, line no: 64, 0.004833333333333333, insert, 1.0, 0.6000000000000001, 0.4074074074074074
m.value=b.value; ,EXPRESSION_STATEMENT, line no: 76,b.value=scanner.nextInt(); ,EXPRESSION_STATEMENT, line no: 65, 0.004833333333333333, insert, 1.0, 1.5, 0.4074074074074074
m.value=b.value; ,EXPRESSION_STATEMENT, line no: 76,c.value=scanner.nextInt(); ,EXPRESSION_STATEMENT, line no: 66, 0.004833333333333333, insert, 1.0, 0.6000000000000001, 0.4074074074074074
output+=(String.format("%d is the median\n" m.value)); ,EXPRESSION_STATEMENT, line no: 85,m.value=a.value; ,EXPRESSION_STATEMENT, line no: 68, 0.004629089733996244, insert, 0.03474903474903475, 1.5, 0.21818181818181817
output+=(String.format("%d is the median\n" m.value)); ,EXPRESSION_STATEMENT, line no: 85,m.value=c.value; ,EXPRESSION_STATEMENT, line no: 72, 0.004527208468762859, insert, 0.04247104247104247, 1.5, 0.2
output+=(String.format("%d is the median\n" m.value)); ,EXPRESSION_STATEMENT, line no: 85,m.value=b.value; ,EXPRESSION_STATEMENT, line no: 70, 0.004477838692658574, insert, 0.03861003861003861, 1.5, 0.2
nextInt,SIMPLE_NAME, line no: 64,length,SIMPLE_NAME, line no: 50, 0.004169048349591178, insert, 0.20610687022900764, 0.0, 0.42857142857142855
nextInt,SIMPLE_NAME, line no: 65,length,SIMPLE_NAME, line no: 50, 0.004169048349591178, insert, 0.20610687022900764, 0.0, 0.42857142857142855
nextInt,SIMPLE_NAME, line no: 66,length,SIMPLE_NAME, line no: 50, 0.004169048349591178, insert, 0.20610687022900764, 0.0, 0.42857142857142855
nextInt,SIMPLE_NAME, line no: 64,println,SIMPLE_NAME, line no: 56, 0.004150305036523009, insert, 0.20229007633587787, 0.0, 0.42857142857142855
nextInt,SIMPLE_NAME, line no: 65,println,SIMPLE_NAME, line no: 56, 0.004150305036523009, insert, 0.20229007633587787, 0.0, 0.42857142857142855
nextInt,SIMPLE_NAME, line no: 66,println,SIMPLE_NAME, line no: 56, 0.004150305036523009, insert, 0.20229007633587787, 0.0, 0.42857142857142855
String,SIMPLE_NAME, line no: 63,println,SIMPLE_NAME, line no: 56, 0.004146527866969348, insert, 0.20152091254752852, 0.0, 0.42857142857142855
String,SIMPLE_NAME, line no: 85,println,SIMPLE_NAME, line no: 56, 0.004146527866969348, insert, 0.20152091254752852, 0.0, 0.42857142857142855
m.value=b.value; ,EXPRESSION_STATEMENT, line no: 76,mainClass.exec(); ,EXPRESSION_STATEMENT, line no: 55, 0.004000000000000001, insert, 0.75, 0.0, 0.3888888888888889
m.value=b.value; ,EXPRESSION_STATEMENT, line no: 76,output+=(String.format("%d is the median\n" m.value)); ,EXPRESSION_STATEMENT, line no: 85, 0.0039, insert, 1.0, 1.5, 0.2
m.value=b.value; ,EXPRESSION_STATEMENT, line no: 76,output+=(String.format("Please enter 3 numbers separated by spaces > ")); ,EXPRESSION_STATEMENT, line no: 62, 0.003608108108108108, insert, 1.0, 0.0, 0.13513513513513514
String,SIMPLE_NAME, line no: 63,args,SIMPLE_NAME, line no: 50, 0.003463664480707429, insert, 0.20532319391634982, 0.0, 0.3333333333333333
String,SIMPLE_NAME, line no: 63,length,SIMPLE_NAME, line no: 50, 0.003463664480707429, insert, 0.20532319391634982, 0.0, 0.3333333333333333
String,SIMPLE_NAME, line no: 63,System,SIMPLE_NAME, line no: 53, 0.003463664480707429, insert, 0.07224334600760456, 0.0, 0.3333333333333333
format,SIMPLE_NAME, line no: 63,out,SIMPLE_NAME, line no: 56, 0.003463664480707429, insert, 0.20532319391634982, 0.0, 0.3333333333333333
String,SIMPLE_NAME, line no: 85,args,SIMPLE_NAME, line no: 50, 0.003463664480707429, insert, 0.20532319391634982, 0.0, 0.3333333333333333
String,SIMPLE_NAME, line no: 85,length,SIMPLE_NAME, line no: 50, 0.003463664480707429, insert, 0.20532319391634982, 0.0, 0.3333333333333333
String,SIMPLE_NAME, line no: 85,System,SIMPLE_NAME, line no: 53, 0.003463664480707429, insert, 0.07224334600760456, 0.0, 0.3333333333333333
format,SIMPLE_NAME, line no: 85,out,SIMPLE_NAME, line no: 56, 0.003463664480707429, insert, 0.20532319391634982, 0.0, 0.3333333333333333
m.value,QUALIFIED_NAME, line no: 85,mainClass,SIMPLE_NAME, line no: 48, 0.003463664480707429, insert, 0.19391634980988592, 0.0, 0.3333333333333333
value,SIMPLE_NAME, line no: 85,length,SIMPLE_NAME, line no: 50, 0.0034598451986287268, insert, 0.20454545454545456, 0.0, 0.3333333333333333
value,SIMPLE_NAME, line no: 85,java,SIMPLE_NAME, line no: 44, 0.003318475179760026, insert, 0.007575757575757576, 0.0, 0.4
m.value=b.value; ,EXPRESSION_STATEMENT, line no: 76,System.out.println(mainClass.output); ,EXPRESSION_STATEMENT, line no: 56, 0.0033157894736842108, insert, 0.75, 0.0, 0.23684210526315788
m.value=b.value; ,EXPRESSION_STATEMENT, line no: 76,mainClass.scanner=new java.util.Scanner(args[0]); ,EXPRESSION_STATEMENT, line no: 51, 0.0032400000000000003, insert, 0.75, 0.0, 0.22
output+=(String.format("Please enter 3 numbers separated by spaces > ")); ,EXPRESSION_STATEMENT, line no: 62,m.value=b.value; ,EXPRESSION_STATEMENT, line no: 70, 0.003233720334830613, insert, 0.03861003861003861, 0.0, 0.13513513513513514
m.value=b.value; ,EXPRESSION_STATEMENT, line no: 76,mainClass.scanner=new java.util.Scanner(System.in); ,EXPRESSION_STATEMENT, line no: 53, 0.003201923076923077, insert, 0.75, 0.0, 0.21153846153846154
"%d is the median\n",STRING_LITERAL, line no: 85,median_89b1a701_010,SIMPLE_NAME, line no: 48, 0.0031807829880782243, insert, 0.19391634980988592, 0.0, 0.3
m.value=b.value; ,EXPRESSION_STATEMENT, line no: 76,value=i; ,EXPRESSION_STATEMENT, line no: 7, 0.0031176470588235292, insert, 0.3333333333333333, 0.3333333333333333, 0.47058823529411764
scanner,SIMPLE_NAME, line no: 64,args,SIMPLE_NAME, line no: 50, 0.0031167452016211505, insert, 0.20610687022900764, 0.0, 0.2857142857142857
scanner,SIMPLE_NAME, line no: 64,System,SIMPLE_NAME, line no: 53, 0.0031167452016211505, insert, 0.07251908396946564, 0.0, 0.2857142857142857
scanner,SIMPLE_NAME, line no: 65,args,SIMPLE_NAME, line no: 50, 0.0031167452016211505, insert, 0.20610687022900764, 0.0, 0.2857142857142857
scanner,SIMPLE_NAME, line no: 65,System,SIMPLE_NAME, line no: 53, 0.0031167452016211505, insert, 0.07251908396946564, 0.0, 0.2857142857142857
scanner,SIMPLE_NAME, line no: 66,args,SIMPLE_NAME, line no: 50, 0.0031167452016211505, insert, 0.20610687022900764, 0.0, 0.2857142857142857
scanner,SIMPLE_NAME, line no: 66,System,SIMPLE_NAME, line no: 53, 0.0031167452016211505, insert, 0.07251908396946564, 0.0, 0.2857142857142857
m.value,QUALIFIED_NAME, line no: 85,length,SIMPLE_NAME, line no: 50, 0.00311289676471742, insert, 0.20532319391634982, 0.0, 0.2857142857142857
scanner,SIMPLE_NAME, line no: 64,println,SIMPLE_NAME, line no: 56, 0.003098001888552981, insert, 0.20229007633587787, 0.0, 0.2857142857142857
nextInt,SIMPLE_NAME, line no: 64,exec,SIMPLE_NAME, line no: 55, 0.003098001888552981, insert, 0.20229007633587787, 0.0, 0.2857142857142857
scanner,SIMPLE_NAME, line no: 65,println,SIMPLE_NAME, line no: 56, 0.003098001888552981, insert, 0.20229007633587787, 0.0, 0.2857142857142857
nextInt,SIMPLE_NAME, line no: 65,exec,SIMPLE_NAME, line no: 55, 0.003098001888552981, insert, 0.20229007633587787, 0.0, 0.2857142857142857
scanner,SIMPLE_NAME, line no: 66,println,SIMPLE_NAME, line no: 56, 0.003098001888552981, insert, 0.20229007633587787, 0.0, 0.2857142857142857
nextInt,SIMPLE_NAME, line no: 66,exec,SIMPLE_NAME, line no: 55, 0.003098001888552981, insert, 0.20229007633587787, 0.0, 0.2857142857142857
format,SIMPLE_NAME, line no: 63,println,SIMPLE_NAME, line no: 56, 0.0030942247189993206, insert, 0.20152091254752852, 0.0, 0.2857142857142857
format,SIMPLE_NAME, line no: 85,println,SIMPLE_NAME, line no: 56, 0.0030942247189993206, insert, 0.20152091254752852, 0.0, 0.2857142857142857
output+=(String.format("Please enter 3 numbers separated by spaces > ")); ,EXPRESSION_STATEMENT, line no: 62,m.value=a.value; ,EXPRESSION_STATEMENT, line no: 68, 0.0030362412304134768, insert, 0.03474903474903475, 0.0, 0.13513513513513514
output+=(String.format("Please enter 3 numbers separated by spaces > ")); ,EXPRESSION_STATEMENT, line no: 62,m.value=c.value; ,EXPRESSION_STATEMENT, line no: 72, 0.003023898786387406, insert, 0.04247104247104247, 0.0, 0.12162162162162163
m.value,QUALIFIED_NAME, line no: 85,m.value,QUALIFIED_NAME, line no: 68, 0.0029417420270727605, insert, 0.04182509505703422, 2.0, 1.0
String,SIMPLE_NAME, line no: 63,util,SIMPLE_NAME, line no: 44, 0.002828814926292051, insert, 0.0076045627376425855, 0.0, 0.3333333333333333
String,SIMPLE_NAME, line no: 85,util,SIMPLE_NAME, line no: 44, 0.002828814926292051, insert, 0.0076045627376425855, 0.0, 0.3333333333333333
String,SIMPLE_NAME, line no: 63,in,SIMPLE_NAME, line no: 53, 0.0028101428805739517, insert, 0.07224334600760456, 0.0, 0.3333333333333333
String,SIMPLE_NAME, line no: 85,in,SIMPLE_NAME, line no: 53, 0.0028101428805739517, insert, 0.07224334600760456, 0.0, 0.3333333333333333
m.value,QUALIFIED_NAME, line no: 85,a.value,QUALIFIED_NAME, line no: 64, 0.00268064444574539, insert, 0.9923954372623575, 0.6666666666666666, 0.8571428571428571
m.value,QUALIFIED_NAME, line no: 85,b.value,QUALIFIED_NAME, line no: 65, 0.00268064444574539, insert, 0.9923954372623575, 0.6666666666666666, 0.8571428571428571
m.value,QUALIFIED_NAME, line no: 85,c.value,QUALIFIED_NAME, line no: 66, 0.00268064444574539, insert, 0.9923954372623575, 0.6666666666666666, 0.8571428571428571
scanner,SIMPLE_NAME, line no: 64,mainClass,SIMPLE_NAME, line no: 48, 0.0026490549136344715, insert, 0.1946564885496183, 0.0, 0.2222222222222222
scanner,SIMPLE_NAME, line no: 65,mainClass,SIMPLE_NAME, line no: 48, 0.0026490549136344715, insert, 0.1946564885496183, 0.0, 0.2222222222222222
scanner,SIMPLE_NAME, line no: 66,mainClass,SIMPLE_NAME, line no: 48, 0.0026490549136344715, insert, 0.1946564885496183, 0.0, 0.2222222222222222
String,SIMPLE_NAME, line no: 63,mainClass,SIMPLE_NAME, line no: 48, 0.002645206476730741, insert, 0.19391634980988592, 0.0, 0.2222222222222222
format,SIMPLE_NAME, line no: 63,mainClass,SIMPLE_NAME, line no: 48, 0.002645206476730741, insert, 0.19391634980988592, 0.0, 0.2222222222222222
String,SIMPLE_NAME, line no: 85,mainClass,SIMPLE_NAME, line no: 48, 0.002645206476730741, insert, 0.19391634980988592, 0.0, 0.2222222222222222
format,SIMPLE_NAME, line no: 85,mainClass,SIMPLE_NAME, line no: 48, 0.002645206476730741, insert, 0.19391634980988592, 0.0, 0.2222222222222222
value,SIMPLE_NAME, line no: 85,mainClass,SIMPLE_NAME, line no: 48, 0.0026413871946520387, insert, 0.19318181818181818, 0.0, 0.2222222222222222
output+=(String.format("%d is the median\n" m.value)); ,EXPRESSION_STATEMENT, line no: 85,value=i; ,EXPRESSION_STATEMENT, line no: 7, 0.0026385901247007876, insert, 0.015444015444015444, 0.3333333333333333, 0.12727272727272726
"%d is the median\n",STRING_LITERAL, line no: 85,System,SIMPLE_NAME, line no: 53, 0.0024815148759354034, insert, 0.07224334600760456, 0.0, 0.2
m.value,QUALIFIED_NAME, line no: 85,java,SIMPLE_NAME, line no: 44, 0.002478047210302042, insert, 0.0076045627376425855, 0.0, 0.2857142857142857
value,SIMPLE_NAME, line no: 85,args,SIMPLE_NAME, line no: 50, 0.0024776955938567015, insert, 0.20454545454545456, 0.0, 0.2
value,SIMPLE_NAME, line no: 85,out,SIMPLE_NAME, line no: 56, 0.0024776955938567015, insert, 0.20454545454545456, 0.0, 0.2
nextInt,SIMPLE_NAME, line no: 64,Scanner,SIMPLE_NAME, line no: 44, 0.002460729244235255, insert, 0.003816793893129771, 0.0, 0.2857142857142857
nextInt,SIMPLE_NAME, line no: 65,Scanner,SIMPLE_NAME, line no: 44, 0.002460729244235255, insert, 0.003816793893129771, 0.0, 0.2857142857142857
nextInt,SIMPLE_NAME, line no: 66,Scanner,SIMPLE_NAME, line no: 44, 0.002460729244235255, insert, 0.003816793893129771, 0.0, 0.2857142857142857
String,SIMPLE_NAME, line no: 63,Scanner,SIMPLE_NAME, line no: 44, 0.002459375164583942, insert, 0.0038022813688212928, 0.0, 0.2857142857142857
String,SIMPLE_NAME, line no: 85,Scanner,SIMPLE_NAME, line no: 44, 0.002459375164583942, insert, 0.0038022813688212928, 0.0, 0.2857142857142857
m.value,QUALIFIED_NAME, line no: 85,Scanner,SIMPLE_NAME, line no: 44, 0.002459375164583942, insert, 0.0038022813688212928, 0.0, 0.2857142857142857
value,SIMPLE_NAME, line no: 85,exec,SIMPLE_NAME, line no: 55, 0.0024590942755845038, insert, 0.20075757575757575, 0.0, 0.2
value,SIMPLE_NAME, line no: 85,Scanner,SIMPLE_NAME, line no: 44, 0.0024580313431118066, insert, 0.003787878787878788, 0.0, 0.2857142857142857
value,SIMPLE_NAME, line no: 85,m.value,QUALIFIED_NAME, line no: 68, 0.002432986208970783, insert, 0.041666666666666664, 1.0, 0.7142857142857143
value,SIMPLE_NAME, line no: 85,a.value,QUALIFIED_NAME, line no: 64, 0.002424071839191775, insert, 0.9886363636363636, 1.0, 0.7142857142857143
value,SIMPLE_NAME, line no: 85,b.value,QUALIFIED_NAME, line no: 65, 0.002424071839191775, insert, 0.9886363636363636, 1.0, 0.7142857142857143
value,SIMPLE_NAME, line no: 85,c.value,QUALIFIED_NAME, line no: 66, 0.002424071839191775, insert, 0.9886363636363636, 1.0, 0.7142857142857143
String,SIMPLE_NAME, line no: 63,out,SIMPLE_NAME, line no: 56, 0.0022359774747423965, insert, 0.20532319391634982, 0.0, 0.16666666666666666
format,SIMPLE_NAME, line no: 63,args,SIMPLE_NAME, line no: 50, 0.0022359774747423965, insert, 0.20532319391634982, 0.0, 0.16666666666666666
format,SIMPLE_NAME, line no: 63,length,SIMPLE_NAME, line no: 50, 0.0022359774747423965, insert, 0.20532319391634982, 0.0, 0.16666666666666666
format,SIMPLE_NAME, line no: 63,System,SIMPLE_NAME, line no: 53, 0.0022359774747423965, insert, 0.07224334600760456, 0.0, 0.16666666666666666
String,SIMPLE_NAME, line no: 85,out,SIMPLE_NAME, line no: 56, 0.0022359774747423965, insert, 0.20532319391634982, 0.0, 0.16666666666666666
format,SIMPLE_NAME, line no: 85,args,SIMPLE_NAME, line no: 50, 0.0022359774747423965, insert, 0.20532319391634982, 0.0, 0.16666666666666666
format,SIMPLE_NAME, line no: 85,length,SIMPLE_NAME, line no: 50, 0.0022359774747423965, insert, 0.20532319391634982, 0.0, 0.16666666666666666
format,SIMPLE_NAME, line no: 85,System,SIMPLE_NAME, line no: 53, 0.0022359774747423965, insert, 0.07224334600760456, 0.0, 0.16666666666666666
m,SIMPLE_NAME, line no: 85,System,SIMPLE_NAME, line no: 53, 0.002232158192663695, insert, 0.07196969696969698, 0.0, 0.16666666666666666
value,SIMPLE_NAME, line no: 85,System,SIMPLE_NAME, line no: 53, 0.002232158192663695, insert, 0.07196969696969698, 0.0, 0.16666666666666666
"%d is the median\n",STRING_LITERAL, line no: 85,mainClass,SIMPLE_NAME, line no: 48, 0.0021132087741458938, insert, 0.19391634980988592, 0.0, 0.15
"%d is the median\n",STRING_LITERAL, line no: 85,println,SIMPLE_NAME, line no: 56, 0.0020945367284277944, insert, 0.20152091254752852, 0.0, 0.15
scanner,SIMPLE_NAME, line no: 64,length,SIMPLE_NAME, line no: 50, 0.0020644420536511227, insert, 0.20610687022900764, 0.0, 0.14285714285714285
nextInt,SIMPLE_NAME, line no: 64,System,SIMPLE_NAME, line no: 53, 0.0020644420536511227, insert, 0.07251908396946564, 0.0, 0.14285714285714285
nextInt,SIMPLE_NAME, line no: 64,out,SIMPLE_NAME, line no: 56, 0.0020644420536511227, insert, 0.20610687022900764, 0.0, 0.14285714285714285
scanner,SIMPLE_NAME, line no: 65,length,SIMPLE_NAME, line no: 50, 0.0020644420536511227, insert, 0.20610687022900764, 0.0, 0.14285714285714285
nextInt,SIMPLE_NAME, line no: 65,System,SIMPLE_NAME, line no: 53, 0.0020644420536511227, insert, 0.07251908396946564, 0.0, 0.14285714285714285
nextInt,SIMPLE_NAME, line no: 65,out,SIMPLE_NAME, line no: 56, 0.0020644420536511227, insert, 0.20610687022900764, 0.0, 0.14285714285714285
scanner,SIMPLE_NAME, line no: 66,length,SIMPLE_NAME, line no: 50, 0.0020644420536511227, insert, 0.20610687022900764, 0.0, 0.14285714285714285
nextInt,SIMPLE_NAME, line no: 66,System,SIMPLE_NAME, line no: 53, 0.0020644420536511227, insert, 0.07251908396946564, 0.0, 0.14285714285714285
nextInt,SIMPLE_NAME, line no: 66,out,SIMPLE_NAME, line no: 56, 0.0020644420536511227, insert, 0.20610687022900764, 0.0, 0.14285714285714285
m.value,QUALIFIED_NAME, line no: 85,args,SIMPLE_NAME, line no: 50, 0.002060593616747392, insert, 0.20532319391634982, 0.0, 0.14285714285714285
m.value,QUALIFIED_NAME, line no: 85,System,SIMPLE_NAME, line no: 53, 0.002060593616747392, insert, 0.07224334600760456, 0.0, 0.14285714285714285
m.value,QUALIFIED_NAME, line no: 85,out,SIMPLE_NAME, line no: 56, 0.002060593616747392, insert, 0.20532319391634982, 0.0, 0.14285714285714285
scanner,SIMPLE_NAME, line no: 64,exec,SIMPLE_NAME, line no: 55, 0.002045698740582954, insert, 0.20229007633587787, 0.0, 0.14285714285714285
scanner,SIMPLE_NAME, line no: 65,exec,SIMPLE_NAME, line no: 55, 0.002045698740582954, insert, 0.20229007633587787, 0.0, 0.14285714285714285
scanner,SIMPLE_NAME, line no: 66,exec,SIMPLE_NAME, line no: 55, 0.002045698740582954, insert, 0.20229007633587787, 0.0, 0.14285714285714285
m.value,QUALIFIED_NAME, line no: 85,exec,SIMPLE_NAME, line no: 55, 0.002041921571029293, insert, 0.20152091254752852, 0.0, 0.14285714285714285
m.value,QUALIFIED_NAME, line no: 85,println,SIMPLE_NAME, line no: 56, 0.002041921571029293, insert, 0.20152091254752852, 0.0, 0.14285714285714285
value,SIMPLE_NAME, line no: 85,println,SIMPLE_NAME, line no: 56, 0.0020381730163964926, insert, 0.20075757575757575, 0.0, 0.14285714285714285
scanner,SIMPLE_NAME, line no: 64,c.value,QUALIFIED_NAME, line no: 66, 0.0019286535514461763, insert, 0.9961832061068703, 0.0, 0.42857142857142855
scanner,SIMPLE_NAME, line no: 65,c.value,QUALIFIED_NAME, line no: 66, 0.0019286535514461763, insert, 0.9961832061068703, 0.0, 0.42857142857142855
scanner,SIMPLE_NAME, line no: 66,c.value,QUALIFIED_NAME, line no: 66, 0.0019286535514461763, insert, 0.9961832061068703, 0.0, 0.42857142857142855
value,SIMPLE_NAME, line no: 85,util,SIMPLE_NAME, line no: 44, 0.0018452507726019877, insert, 0.007575757575757576, 0.0, 0.2
nextInt,SIMPLE_NAME, line no: 64,mainClass,SIMPLE_NAME, line no: 48, 0.0018305969096577834, insert, 0.1946564885496183, 0.0, 0.1111111111111111
nextInt,SIMPLE_NAME, line no: 65,mainClass,SIMPLE_NAME, line no: 48, 0.0018305969096577834, insert, 0.1946564885496183, 0.0, 0.1111111111111111
nextInt,SIMPLE_NAME, line no: 66,mainClass,SIMPLE_NAME, line no: 48, 0.0018305969096577834, insert, 0.1946564885496183, 0.0, 0.1111111111111111
m,SIMPLE_NAME, line no: 85,mainClass,SIMPLE_NAME, line no: 48, 0.001822929190675351, insert, 0.19318181818181818, 0.0, 0.1111111111111111
"Please enter 3 numbers separated by spaces > ",STRING_LITERAL, line no: 63,mainClass,SIMPLE_NAME, line no: 48, 0.001791920472584832, insert, 0.19391634980988592, 0.0, 0.10638297872340426
"Please enter 3 numbers separated by spaces > ",STRING_LITERAL, line no: 63,median_89b1a701_010,SIMPLE_NAME, line no: 48, 0.0017545763811486336, insert, 0.19391634980988592, 0.0, 0.10638297872340426
output+=(String.format("Please enter 3 numbers separated by spaces > ")); ,EXPRESSION_STATEMENT, line no: 62,value=i; ,EXPRESSION_STATEMENT, line no: 7, 0.0017526270517020882, insert, 0.015444015444015444, 0.0, 0.08108108108108109
scanner,SIMPLE_NAME, line no: 64,median_89b1a701_010,SIMPLE_NAME, line no: 48, 0.0017500335464700418, insert, 0.1946564885496183, 0.0, 0.10526315789473684
nextInt,SIMPLE_NAME, line no: 64,median_89b1a701_010,SIMPLE_NAME, line no: 48, 0.0017500335464700418, insert, 0.1946564885496183, 0.0, 0.10526315789473684
scanner,SIMPLE_NAME, line no: 65,median_89b1a701_010,SIMPLE_NAME, line no: 48, 0.0017500335464700418, insert, 0.1946564885496183, 0.0, 0.10526315789473684
nextInt,SIMPLE_NAME, line no: 65,median_89b1a701_010,SIMPLE_NAME, line no: 48, 0.0017500335464700418, insert, 0.1946564885496183, 0.0, 0.10526315789473684
scanner,SIMPLE_NAME, line no: 66,median_89b1a701_010,SIMPLE_NAME, line no: 48, 0.0017500335464700418, insert, 0.1946564885496183, 0.0, 0.10526315789473684
nextInt,SIMPLE_NAME, line no: 66,median_89b1a701_010,SIMPLE_NAME, line no: 48, 0.0017500335464700418, insert, 0.1946564885496183, 0.0, 0.10526315789473684
String,SIMPLE_NAME, line no: 63,median_89b1a701_010,SIMPLE_NAME, line no: 48, 0.0017463276442664496, insert, 0.19391634980988592, 0.0, 0.10526315789473684
format,SIMPLE_NAME, line no: 63,median_89b1a701_010,SIMPLE_NAME, line no: 48, 0.0017463276442664496, insert, 0.19391634980988592, 0.0, 0.10526315789473684
String,SIMPLE_NAME, line no: 85,median_89b1a701_010,SIMPLE_NAME, line no: 48, 0.0017463276442664496, insert, 0.19391634980988592, 0.0, 0.10526315789473684
format,SIMPLE_NAME, line no: 85,median_89b1a701_010,SIMPLE_NAME, line no: 48, 0.0017463276442664496, insert, 0.19391634980988592, 0.0, 0.10526315789473684
m.value,QUALIFIED_NAME, line no: 85,median_89b1a701_010,SIMPLE_NAME, line no: 48, 0.0017463276442664496, insert, 0.19391634980988592, 0.0, 0.10526315789473684
"%d is the median\n",STRING_LITERAL, line no: 85,length,SIMPLE_NAME, line no: 50, 0.001744902672356384, insert, 0.20532319391634982, 0.0, 0.1
"%d is the median\n",STRING_LITERAL, line no: 85,exec,SIMPLE_NAME, line no: 55, 0.001726230626638285, insert, 0.20152091254752852, 0.0, 0.1
format,SIMPLE_NAME, line no: 63,m.value,QUALIFIED_NAME, line no: 68, 0.0016809954440415774, insert, 0.04182509505703422, 0.0, 0.2857142857142857
scanner,SIMPLE_NAME, line no: 64,m.value,QUALIFIED_NAME, line no: 68, 0.0016809954440415774, insert, 0.04198473282442748, 0.0, 0.2857142857142857
scanner,SIMPLE_NAME, line no: 65,m.value,QUALIFIED_NAME, line no: 68, 0.0016809954440415774, insert, 0.04198473282442748, 0.0, 0.2857142857142857
scanner,SIMPLE_NAME, line no: 66,m.value,QUALIFIED_NAME, line no: 68, 0.0016809954440415774, insert, 0.04198473282442748, 0.0, 0.2857142857142857
format,SIMPLE_NAME, line no: 85,m.value,QUALIFIED_NAME, line no: 68, 0.0016809954440415774, insert, 0.04182509505703422, 0.0, 0.2857142857142857
scanner,SIMPLE_NAME, line no: 64,a.value,QUALIFIED_NAME, line no: 64, 0.0016765042348399397, insert, 0.9961832061068703, 0.0, 0.2857142857142857
scanner,SIMPLE_NAME, line no: 64,b.value,QUALIFIED_NAME, line no: 65, 0.0016765042348399397, insert, 0.9961832061068703, 0.0, 0.2857142857142857
scanner,SIMPLE_NAME, line no: 65,a.value,QUALIFIED_NAME, line no: 64, 0.0016765042348399397, insert, 0.9961832061068703, 0.0, 0.2857142857142857
scanner,SIMPLE_NAME, line no: 65,b.value,QUALIFIED_NAME, line no: 65, 0.0016765042348399397, insert, 0.9961832061068703, 0.0, 0.2857142857142857
scanner,SIMPLE_NAME, line no: 66,a.value,QUALIFIED_NAME, line no: 64, 0.0016765042348399397, insert, 0.9961832061068703, 0.0, 0.2857142857142857
scanner,SIMPLE_NAME, line no: 66,b.value,QUALIFIED_NAME, line no: 65, 0.0016765042348399397, insert, 0.9961832061068703, 0.0, 0.2857142857142857
"Please enter 3 numbers separated by spaces > ",STRING_LITERAL, line no: 63,length,SIMPLE_NAME, line no: 50, 0.0016351944718233386, insert, 0.20532319391634982, 0.0, 0.0851063829787234
"Please enter 3 numbers separated by spaces > ",STRING_LITERAL, line no: 63,System,SIMPLE_NAME, line no: 53, 0.0016351944718233386, insert, 0.07224334600760456, 0.0, 0.0851063829787234
format,SIMPLE_NAME, line no: 63,java,SIMPLE_NAME, line no: 44, 0.001601127920327019, insert, 0.0076045627376425855, 0.0, 0.16666666666666666
format,SIMPLE_NAME, line no: 63,util,SIMPLE_NAME, line no: 44, 0.001601127920327019, insert, 0.0076045627376425855, 0.0, 0.16666666666666666
format,SIMPLE_NAME, line no: 85,java,SIMPLE_NAME, line no: 44, 0.001601127920327019, insert, 0.0076045627376425855, 0.0, 0.16666666666666666
format,SIMPLE_NAME, line no: 85,util,SIMPLE_NAME, line no: 44, 0.001601127920327019, insert, 0.0076045627376425855, 0.0, 0.16666666666666666
"Please enter 3 numbers separated by spaces > ",STRING_LITERAL, line no: 63,args,SIMPLE_NAME, line no: 50, 0.0014784684710618453, insert, 0.20532319391634982, 0.0, 0.06382978723404255
"Please enter 3 numbers separated by spaces > ",STRING_LITERAL, line no: 63,exec,SIMPLE_NAME, line no: 55, 0.001459796425343746, insert, 0.20152091254752852, 0.0, 0.06382978723404255
"Please enter 3 numbers separated by spaces > ",STRING_LITERAL, line no: 63,println,SIMPLE_NAME, line no: 56, 0.001459796425343746, insert, 0.20152091254752852, 0.0, 0.06382978723404255
"%d is the median\n",STRING_LITERAL, line no: 85,Scanner,SIMPLE_NAME, line no: 44, 0.0014596871740124163, insert, 0.0038022813688212928, 0.0, 0.15
nextInt,SIMPLE_NAME, line no: 64,m.value,QUALIFIED_NAME, line no: 68, 0.0014288461274353408, insert, 0.04198473282442748, 0.0, 0.14285714285714285
nextInt,SIMPLE_NAME, line no: 65,m.value,QUALIFIED_NAME, line no: 68, 0.0014288461274353408, insert, 0.04198473282442748, 0.0, 0.14285714285714285
nextInt,SIMPLE_NAME, line no: 66,m.value,QUALIFIED_NAME, line no: 68, 0.0014288461274353408, insert, 0.04198473282442748, 0.0, 0.14285714285714285
a.value=scanner.nextInt(); ,EXPRESSION_STATEMENT, line no: 64,if (true) return; ,IF_STATEMENT, line no: 86, 0.0014277254638059796, insert, 1.0, 0.0, 0.2962962962962963
b.value=scanner.nextInt(); ,EXPRESSION_STATEMENT, line no: 65,if (true) return; ,IF_STATEMENT, line no: 86, 0.0014277254638059796, insert, 1.0, 0.0, 0.2962962962962963
c.value=scanner.nextInt(); ,EXPRESSION_STATEMENT, line no: 66,if (true) return; ,IF_STATEMENT, line no: 86, 0.0014277254638059796, insert, 1.0, 0.0, 0.2962962962962963
scanner,SIMPLE_NAME, line no: 64,java,SIMPLE_NAME, line no: 44, 0.0014271694093333962, insert, 0.007633587786259542, 0.0, 0.14285714285714285
nextInt,SIMPLE_NAME, line no: 64,util,SIMPLE_NAME, line no: 44, 0.0014271694093333962, insert, 0.007633587786259542, 0.0, 0.14285714285714285
scanner,SIMPLE_NAME, line no: 65,java,SIMPLE_NAME, line no: 44, 0.0014271694093333962, insert, 0.007633587786259542, 0.0, 0.14285714285714285
nextInt,SIMPLE_NAME, line no: 65,util,SIMPLE_NAME, line no: 44, 0.0014271694093333962, insert, 0.007633587786259542, 0.0, 0.14285714285714285
scanner,SIMPLE_NAME, line no: 66,java,SIMPLE_NAME, line no: 44, 0.0014271694093333962, insert, 0.007633587786259542, 0.0, 0.14285714285714285
nextInt,SIMPLE_NAME, line no: 66,util,SIMPLE_NAME, line no: 44, 0.0014271694093333962, insert, 0.007633587786259542, 0.0, 0.14285714285714285
m.value,QUALIFIED_NAME, line no: 85,util,SIMPLE_NAME, line no: 44, 0.0014257440623320144, insert, 0.0076045627376425855, 0.0, 0.14285714285714285
m,SIMPLE_NAME, line no: 85,m.value,QUALIFIED_NAME, line no: 68, 0.0014243889425458367, insert, 0.041666666666666664, 1.0, 0.14285714285714285
nextInt,SIMPLE_NAME, line no: 64,a.value,QUALIFIED_NAME, line no: 64, 0.0014243549182337031, insert, 0.9961832061068703, 0.0, 0.14285714285714285
nextInt,SIMPLE_NAME, line no: 64,b.value,QUALIFIED_NAME, line no: 65, 0.0014243549182337031, insert, 0.9961832061068703, 0.0, 0.14285714285714285
nextInt,SIMPLE_NAME, line no: 64,c.value,QUALIFIED_NAME, line no: 66, 0.0014243549182337031, insert, 0.9961832061068703, 0.0, 0.14285714285714285
nextInt,SIMPLE_NAME, line no: 65,a.value,QUALIFIED_NAME, line no: 64, 0.0014243549182337031, insert, 0.9961832061068703, 0.0, 0.14285714285714285
nextInt,SIMPLE_NAME, line no: 65,b.value,QUALIFIED_NAME, line no: 65, 0.0014243549182337031, insert, 0.9961832061068703, 0.0, 0.14285714285714285
nextInt,SIMPLE_NAME, line no: 65,c.value,QUALIFIED_NAME, line no: 66, 0.0014243549182337031, insert, 0.9961832061068703, 0.0, 0.14285714285714285
nextInt,SIMPLE_NAME, line no: 66,a.value,QUALIFIED_NAME, line no: 64, 0.0014243549182337031, insert, 0.9961832061068703, 0.0, 0.14285714285714285
nextInt,SIMPLE_NAME, line no: 66,b.value,QUALIFIED_NAME, line no: 65, 0.0014243549182337031, insert, 0.9961832061068703, 0.0, 0.14285714285714285
nextInt,SIMPLE_NAME, line no: 66,c.value,QUALIFIED_NAME, line no: 66, 0.0014243549182337031, insert, 0.9961832061068703, 0.0, 0.14285714285714285
format,SIMPLE_NAME, line no: 63,a.value,QUALIFIED_NAME, line no: 64, 0.001419897862714207, insert, 0.9923954372623575, 0.0, 0.14285714285714285
format,SIMPLE_NAME, line no: 63,b.value,QUALIFIED_NAME, line no: 65, 0.001419897862714207, insert, 0.9923954372623575, 0.0, 0.14285714285714285
format,SIMPLE_NAME, line no: 63,c.value,QUALIFIED_NAME, line no: 66, 0.001419897862714207, insert, 0.9923954372623575, 0.0, 0.14285714285714285
format,SIMPLE_NAME, line no: 85,a.value,QUALIFIED_NAME, line no: 64, 0.001419897862714207, insert, 0.9923954372623575, 0.0, 0.14285714285714285
format,SIMPLE_NAME, line no: 85,b.value,QUALIFIED_NAME, line no: 65, 0.001419897862714207, insert, 0.9923954372623575, 0.0, 0.14285714285714285
format,SIMPLE_NAME, line no: 85,c.value,QUALIFIED_NAME, line no: 66, 0.001419897862714207, insert, 0.9923954372623575, 0.0, 0.14285714285714285
scanner,SIMPLE_NAME, line no: 64,in,SIMPLE_NAME, line no: 53, 0.0014084260962652275, insert, 0.07251908396946564, 0.0, 0.14285714285714285
nextInt,SIMPLE_NAME, line no: 64,in,SIMPLE_NAME, line no: 53, 0.0014084260962652275, insert, 0.07251908396946564, 0.0, 0.14285714285714285
scanner,SIMPLE_NAME, line no: 65,in,SIMPLE_NAME, line no: 53, 0.0014084260962652275, insert, 0.07251908396946564, 0.0, 0.14285714285714285
nextInt,SIMPLE_NAME, line no: 65,in,SIMPLE_NAME, line no: 53, 0.0014084260962652275, insert, 0.07251908396946564, 0.0, 0.14285714285714285
scanner,SIMPLE_NAME, line no: 66,in,SIMPLE_NAME, line no: 53, 0.0014084260962652275, insert, 0.07251908396946564, 0.0, 0.14285714285714285
nextInt,SIMPLE_NAME, line no: 66,in,SIMPLE_NAME, line no: 53, 0.0014084260962652275, insert, 0.07251908396946564, 0.0, 0.14285714285714285
format,SIMPLE_NAME, line no: 63,Scanner,SIMPLE_NAME, line no: 44, 0.0014070720166139152, insert, 0.0038022813688212928, 0.0, 0.14285714285714285
format,SIMPLE_NAME, line no: 85,Scanner,SIMPLE_NAME, line no: 44, 0.0014070720166139152, insert, 0.0038022813688212928, 0.0, 0.14285714285714285
"%d is the median\n",STRING_LITERAL, line no: 85,args,SIMPLE_NAME, line no: 50, 0.0013765965705668745, insert, 0.20532319391634982, 0.0, 0.05
"%d is the median\n",STRING_LITERAL, line no: 85,out,SIMPLE_NAME, line no: 56, 0.0013765965705668745, insert, 0.20532319391634982, 0.0, 0.05
m,SIMPLE_NAME, line no: 85,median_89b1a701_010,SIMPLE_NAME, line no: 48, 0.0013549591836169094, insert, 0.19318181818181818, 0.0, 0.05263157894736842
value,SIMPLE_NAME, line no: 85,median_89b1a701_010,SIMPLE_NAME, line no: 48, 0.0013549591836169094, insert, 0.19318181818181818, 0.0, 0.05263157894736842
"%d is the median\n",STRING_LITERAL, line no: 85,m.value,QUALIFIED_NAME, line no: 68, 0.00135320133245347, insert, 0.04182509505703422, 0.0, 0.1
String,SIMPLE_NAME, line no: 63,i,SIMPLE_NAME, line no: 7, 0.0013397192802736282, insert, 0.022813688212927757, 0.0, 0.16666666666666666
String,SIMPLE_NAME, line no: 85,i,SIMPLE_NAME, line no: 7, 0.0013397192802736282, insert, 0.022813688212927757, 0.0, 0.16666666666666666
"Please enter 3 numbers separated by spaces > ",STRING_LITERAL, line no: 63,out,SIMPLE_NAME, line no: 56, 0.0013217424703003517, insert, 0.20532319391634982, 0.0, 0.0425531914893617
"Please enter 3 numbers separated by spaces > ",STRING_LITERAL, line no: 63,m.value,QUALIFIED_NAME, line no: 68, 0.0012893592714404015, insert, 0.04182509505703422, 0.0, 0.06382978723404255
"Please enter 3 numbers separated by spaces > ",STRING_LITERAL, line no: 63,a.value,QUALIFIED_NAME, line no: 64, 0.0012804110067192677, insert, 0.9923954372623575, 0.0, 0.06382978723404255
"Please enter 3 numbers separated by spaces > ",STRING_LITERAL, line no: 63,b.value,QUALIFIED_NAME, line no: 65, 0.0012804110067192677, insert, 0.9923954372623575, 0.0, 0.06382978723404255
"Please enter 3 numbers separated by spaces > ",STRING_LITERAL, line no: 63,c.value,QUALIFIED_NAME, line no: 66, 0.0012804110067192677, insert, 0.9923954372623575, 0.0, 0.06382978723404255
output+=(String.format("%d is the median\n" m.value)); ,EXPRESSION_STATEMENT, line no: 85,if (true) return; ,IF_STATEMENT, line no: 86, 0.0012579958632136607, insert, 1.0, 0.0, 0.18181818181818182
"%d is the median\n",STRING_LITERAL, line no: 85,a.value,QUALIFIED_NAME, line no: 64, 0.0012560008069201533, insert, 0.9923954372623575, 0.0, 0.05
"%d is the median\n",STRING_LITERAL, line no: 85,b.value,QUALIFIED_NAME, line no: 65, 0.0012560008069201533, insert, 0.9923954372623575, 0.0, 0.05
"%d is the median\n",STRING_LITERAL, line no: 85,c.value,QUALIFIED_NAME, line no: 66, 0.0012560008069201533, insert, 0.9923954372623575, 0.0, 0.05
output+=(String.format("Please enter 3 numbers separated by spaces > ")); ,EXPRESSION_STATEMENT, line no: 62,if (true) return; ,IF_STATEMENT, line no: 86, 0.0012288531019036917, insert, 1.0, 0.0, 0.16216216216216217
value,SIMPLE_NAME, line no: 85,true,BOOLEAN_LITERAL, line no: 86, 0.0011658688230042021, insert, 0.9810606060606061, 0.0, 0.4
"Please enter 3 numbers separated by spaces > ",STRING_LITERAL, line no: 63,Scanner,SIMPLE_NAME, line no: 44, 0.001138398872451355, insert, 0.0038022813688212928, 0.0, 0.10638297872340426
output+=(String.format("Please enter 3 numbers separated by spaces > ")); ,EXPRESSION_STATEMENT, line no: 62,if (c.value == a.value || c.value == b.value) {   m.value=c.value; }  else {   if ((a.value >= b.value && a.value <= c.value) || (a.value >= c.value && a.value <= b.value)) {     m.value=b.value;   }  else   if ((b.value >= a.value && b.value <= c.value) || (b.value >= c.value && b.value <= a.value)) {     m.value=b.value;   }  else   if ((c.value >= a.value && c.value <= b.value) || (c.value >= b.value && c.value <= a.value)) {     m.value=c.value;   } } ,IF_STATEMENT, line no: 71, 0.001117350362978593, insert, 1.0, 0.0, 0.08695652173913043
"%d is the median\n",STRING_LITERAL, line no: 85,util,SIMPLE_NAME, line no: 44, 0.001110053117941006, insert, 0.0076045627376425855, 0.0, 0.1
output+=(String.format("Please enter 3 numbers separated by spaces > ")); ,EXPRESSION_STATEMENT, line no: 62,if (b.value == c.value || b.value == a.value) {   m.value=b.value; }  else if (c.value == a.value || c.value == b.value) {   m.value=c.value; }  else {   if ((a.value >= b.value && a.value <= c.value) || (a.value >= c.value && a.value <= b.value)) {     m.value=b.value;   }  else   if ((b.value >= a.value && b.value <= c.value) || (b.value >= c.value && b.value <= a.value)) {     m.value=b.value;   }  else   if ((c.value >= a.value && c.value <= b.value) || (c.value >= b.value && c.value <= a.value)) {     m.value=c.value;   } } ,IF_STATEMENT, line no: 69, 0.0011020480449234224, insert, 1.0, 0.0, 0.07663551401869159
String,SIMPLE_NAME, line no: 63,true,BOOLEAN_LITERAL, line no: 86, 0.0010948798437288704, insert, 0.9847908745247148, 0.0, 0.3333333333333333
String,SIMPLE_NAME, line no: 85,true,BOOLEAN_LITERAL, line no: 86, 0.0010948798437288704, insert, 0.9847908745247148, 0.0, 0.3333333333333333
"%d is the median\n",STRING_LITERAL, line no: 85,in,SIMPLE_NAME, line no: 53, 0.0010913810722229067, insert, 0.07224334600760456, 0.0, 0.1
output+=(String.format("Please enter 3 numbers separated by spaces > ")); ,EXPRESSION_STATEMENT, line no: 62,if (a.value == b.value || a.value == c.value) {   m.value=a.value; }  else if (b.value == c.value || b.value == a.value) {   m.value=b.value; }  else if (c.value == a.value || c.value == b.value) {   m.value=c.value; }  else {   if ((a.value >= b.value && a.value <= c.value) || (a.value >= c.value && a.value <= b.value)) {     m.value=b.value;   }  else   if ((b.value >= a.value && b.value <= c.value) || (b.value >= c.value && b.value <= a.value)) {     m.value=b.value;   }  else   if ((c.value >= a.value && c.value <= b.value) || (c.value >= b.value && c.value <= a.value)) {     m.value=c.value;   } } ,IF_STATEMENT, line no: 67, 0.0010905085919637855, insert, 1.0, 0.0, 0.06885245901639345
output+=(String.format("%d is the median\n" m.value)); ,EXPRESSION_STATEMENT, line no: 85,if (c.value == a.value || c.value == b.value) {   m.value=c.value; }  else {   if ((a.value >= b.value && a.value <= c.value) || (a.value >= c.value && a.value <= b.value)) {     m.value=b.value;   }  else   if ((b.value >= a.value && b.value <= c.value) || (b.value >= c.value && b.value <= a.value)) {     m.value=b.value;   }  else   if ((c.value >= a.value && c.value <= b.value) || (c.value >= b.value && c.value <= a.value)) {     m.value=c.value;   } } ,IF_STATEMENT, line no: 71, 0.0010722265983198421, insert, 1.0, 1.6666666666666665, 0.05652173913043478
output+=(String.format("%d is the median\n" m.value)); ,EXPRESSION_STATEMENT, line no: 85,if (b.value == c.value || b.value == a.value) {   m.value=b.value; }  else if (c.value == a.value || c.value == b.value) {   m.value=c.value; }  else {   if ((a.value >= b.value && a.value <= c.value) || (a.value >= c.value && a.value <= b.value)) {     m.value=b.value;   }  else   if ((b.value >= a.value && b.value <= c.value) || (b.value >= c.value && b.value <= a.value)) {     m.value=b.value;   }  else   if ((c.value >= a.value && c.value <= b.value) || (c.value >= b.value && c.value <= a.value)) {     m.value=c.value;   } } ,IF_STATEMENT, line no: 69, 0.001063250041665431, insert, 1.0, 1.6666666666666665, 0.05046728971962617
output+=(String.format("%d is the median\n" m.value)); ,EXPRESSION_STATEMENT, line no: 85,if (a.value == b.value || a.value == c.value) {   m.value=a.value; }  else if (b.value == c.value || b.value == a.value) {   m.value=b.value; }  else if (c.value == a.value || c.value == b.value) {   m.value=c.value; }  else {   if ((a.value >= b.value && a.value <= c.value) || (a.value >= c.value && a.value <= b.value)) {     m.value=b.value;   }  else   if ((b.value >= a.value && b.value <= c.value) || (b.value >= c.value && b.value <= a.value)) {     m.value=b.value;   }  else   if ((c.value >= a.value && c.value <= b.value) || (c.value >= b.value && c.value <= a.value)) {     m.value=c.value;   } } ,IF_STATEMENT, line no: 67, 0.0010564808350080064, insert, 1.0, 1.6666666666666665, 0.04590163934426229
a.value=scanner.nextInt(); ,EXPRESSION_STATEMENT, line no: 64,if (c.value == a.value || c.value == b.value) {   m.value=c.value; }  else {   if ((a.value >= b.value && a.value <= c.value) || (a.value >= c.value && a.value <= b.value)) {     m.value=b.value;   }  else   if ((b.value >= a.value && b.value <= c.value) || (b.value >= c.value && b.value <= a.value)) {     m.value=b.value;   }  else   if ((c.value >= a.value && c.value <= b.value) || (c.value >= b.value && c.value <= a.value)) {     m.value=c.value;   } } ,IF_STATEMENT, line no: 71, 0.001046441589943413, insert, 1.0, 1.6666666666666665, 0.0391304347826087
b.value=scanner.nextInt(); ,EXPRESSION_STATEMENT, line no: 65,if (c.value == a.value || c.value == b.value) {   m.value=c.value; }  else {   if ((a.value >= b.value && a.value <= c.value) || (a.value >= c.value && a.value <= b.value)) {     m.value=b.value;   }  else   if ((b.value >= a.value && b.value <= c.value) || (b.value >= c.value && b.value <= a.value)) {     m.value=b.value;   }  else   if ((c.value >= a.value && c.value <= b.value) || (c.value >= b.value && c.value <= a.value)) {     m.value=c.value;   } } ,IF_STATEMENT, line no: 71, 0.001046441589943413, insert, 1.0, 1.6666666666666665, 0.0391304347826087
c.value=scanner.nextInt(); ,EXPRESSION_STATEMENT, line no: 66,if (c.value == a.value || c.value == b.value) {   m.value=c.value; }  else {   if ((a.value >= b.value && a.value <= c.value) || (a.value >= c.value && a.value <= b.value)) {     m.value=b.value;   }  else   if ((b.value >= a.value && b.value <= c.value) || (b.value >= c.value && b.value <= a.value)) {     m.value=b.value;   }  else   if ((c.value >= a.value && c.value <= b.value) || (c.value >= b.value && c.value <= a.value)) {     m.value=c.value;   } } ,IF_STATEMENT, line no: 71, 0.001046441589943413, insert, 1.0, 1.6666666666666665, 0.0391304347826087
m.value,QUALIFIED_NAME, line no: 85,true,BOOLEAN_LITERAL, line no: 86, 0.0010422086531489008, insert, 0.9847908745247148, 0.0, 0.2857142857142857
a.value=scanner.nextInt(); ,EXPRESSION_STATEMENT, line no: 64,if (b.value == c.value || b.value == a.value) {   m.value=b.value; }  else if (c.value == a.value || c.value == b.value) {   m.value=c.value; }  else {   if ((a.value >= b.value && a.value <= c.value) || (a.value >= c.value && a.value <= b.value)) {     m.value=b.value;   }  else   if ((b.value >= a.value && b.value <= c.value) || (b.value >= c.value && b.value <= a.value)) {     m.value=b.value;   }  else   if ((c.value >= a.value && c.value <= b.value) || (c.value >= b.value && c.value <= a.value)) {     m.value=c.value;   } } ,IF_STATEMENT, line no: 69, 0.0010383084681424366, insert, 1.0, 1.6666666666666665, 0.03364485981308411
b.value=scanner.nextInt(); ,EXPRESSION_STATEMENT, line no: 65,if (b.value == c.value || b.value == a.value) {   m.value=b.value; }  else if (c.value == a.value || c.value == b.value) {   m.value=c.value; }  else {   if ((a.value >= b.value && a.value <= c.value) || (a.value >= c.value && a.value <= b.value)) {     m.value=b.value;   }  else   if ((b.value >= a.value && b.value <= c.value) || (b.value >= c.value && b.value <= a.value)) {     m.value=b.value;   }  else   if ((c.value >= a.value && c.value <= b.value) || (c.value >= b.value && c.value <= a.value)) {     m.value=c.value;   } } ,IF_STATEMENT, line no: 69, 0.0010383084681424366, insert, 1.0, 1.6666666666666665, 0.03364485981308411
c.value=scanner.nextInt(); ,EXPRESSION_STATEMENT, line no: 66,if (b.value == c.value || b.value == a.value) {   m.value=b.value; }  else if (c.value == a.value || c.value == b.value) {   m.value=c.value; }  else {   if ((a.value >= b.value && a.value <= c.value) || (a.value >= c.value && a.value <= b.value)) {     m.value=b.value;   }  else   if ((b.value >= a.value && b.value <= c.value) || (b.value >= c.value && b.value <= a.value)) {     m.value=b.value;   }  else   if ((c.value >= a.value && c.value <= b.value) || (c.value >= b.value && c.value <= a.value)) {     m.value=c.value;   } } ,IF_STATEMENT, line no: 69, 0.0010383084681424366, insert, 1.0, 1.6666666666666665, 0.03364485981308411
a.value=scanner.nextInt(); ,EXPRESSION_STATEMENT, line no: 64,if (a.value == b.value || a.value == c.value) {   m.value=a.value; }  else if (b.value == c.value || b.value == a.value) {   m.value=b.value; }  else if (c.value == a.value || c.value == b.value) {   m.value=c.value; }  else {   if ((a.value >= b.value && a.value <= c.value) || (a.value >= c.value && a.value <= b.value)) {     m.value=b.value;   }  else   if ((b.value >= a.value && b.value <= c.value) || (b.value >= c.value && b.value <= a.value)) {     m.value=b.value;   }  else   if ((c.value >= a.value && c.value <= b.value) || (c.value >= b.value && c.value <= a.value)) {     m.value=c.value;   } } ,IF_STATEMENT, line no: 67, 0.0010321752943253067, insert, 1.0, 1.6666666666666665, 0.029508196721311476
b.value=scanner.nextInt(); ,EXPRESSION_STATEMENT, line no: 65,if (a.value == b.value || a.value == c.value) {   m.value=a.value; }  else if (b.value == c.value || b.value == a.value) {   m.value=b.value; }  else if (c.value == a.value || c.value == b.value) {   m.value=c.value; }  else {   if ((a.value >= b.value && a.value <= c.value) || (a.value >= c.value && a.value <= b.value)) {     m.value=b.value;   }  else   if ((b.value >= a.value && b.value <= c.value) || (b.value >= c.value && b.value <= a.value)) {     m.value=b.value;   }  else   if ((c.value >= a.value && c.value <= b.value) || (c.value >= b.value && c.value <= a.value)) {     m.value=c.value;   } } ,IF_STATEMENT, line no: 67, 0.0010321752943253067, insert, 1.0, 1.6666666666666665, 0.029508196721311476
c.value=scanner.nextInt(); ,EXPRESSION_STATEMENT, line no: 66,if (a.value == b.value || a.value == c.value) {   m.value=a.value; }  else if (b.value == c.value || b.value == a.value) {   m.value=b.value; }  else if (c.value == a.value || c.value == b.value) {   m.value=c.value; }  else {   if ((a.value >= b.value && a.value <= c.value) || (a.value >= c.value && a.value <= b.value)) {     m.value=b.value;   }  else   if ((b.value >= a.value && b.value <= c.value) || (b.value >= c.value && b.value <= a.value)) {     m.value=b.value;   }  else   if ((c.value >= a.value && c.value <= b.value) || (c.value >= b.value && c.value <= a.value)) {     m.value=c.value;   } } ,IF_STATEMENT, line no: 67, 0.0010321752943253067, insert, 1.0, 1.6666666666666665, 0.029508196721311476
format,SIMPLE_NAME, line no: 63,true,BOOLEAN_LITERAL, line no: 86, 9.105306766989772E-4, insert, 0.9847908745247148, 0.0, 0.16666666666666666
format,SIMPLE_NAME, line no: 85,true,BOOLEAN_LITERAL, line no: 86, 9.105306766989772E-4, insert, 0.9847908745247148, 0.0, 0.16666666666666666
scanner,SIMPLE_NAME, line no: 64,true,BOOLEAN_LITERAL, line no: 86, 8.869667665604013E-4, insert, 0.9885496183206107, 0.0, 0.14285714285714285
nextInt,SIMPLE_NAME, line no: 64,true,BOOLEAN_LITERAL, line no: 86, 8.869667665604013E-4, insert, 0.9885496183206107, 0.0, 0.14285714285714285
scanner,SIMPLE_NAME, line no: 65,true,BOOLEAN_LITERAL, line no: 86, 8.869667665604013E-4, insert, 0.9885496183206107, 0.0, 0.14285714285714285
nextInt,SIMPLE_NAME, line no: 65,true,BOOLEAN_LITERAL, line no: 86, 8.869667665604013E-4, insert, 0.9885496183206107, 0.0, 0.14285714285714285
scanner,SIMPLE_NAME, line no: 66,true,BOOLEAN_LITERAL, line no: 86, 8.869667665604013E-4, insert, 0.9885496183206107, 0.0, 0.14285714285714285
nextInt,SIMPLE_NAME, line no: 66,true,BOOLEAN_LITERAL, line no: 86, 8.869667665604013E-4, insert, 0.9885496183206107, 0.0, 0.14285714285714285
String,SIMPLE_NAME, line no: 63,System.in,QUALIFIED_NAME, line no: 53, 8.64998923042941E-4, insert, 0.06844106463878327, 0.0, 0.4444444444444444
String,SIMPLE_NAME, line no: 85,System.in,QUALIFIED_NAME, line no: 53, 8.64998923042941E-4, insert, 0.06844106463878327, 0.0, 0.4444444444444444
output+=(String.format("Please enter 3 numbers separated by spaces > ")); ,EXPRESSION_STATEMENT, line no: 62,if ((c.value >= a.value && c.value <= b.value) || (c.value >= b.value && c.value <= a.value)) {   m.value=c.value; } ,IF_STATEMENT, line no: 80, 8.382680440721432E-4, insert, 0.5019305019305019, 0.0, 0.23076923076923078
"%d is the median\n",STRING_LITERAL, line no: 85,true,BOOLEAN_LITERAL, line no: 86, 8.367910098870201E-4, insert, 0.9847908745247148, 0.0, 0.1
"Please enter 3 numbers separated by spaces > ",STRING_LITERAL, line no: 63,true,BOOLEAN_LITERAL, line no: 86, 8.203172545354127E-4, insert, 0.9847908745247148, 0.0, 0.0851063829787234
scanner,SIMPLE_NAME, line no: 64,mainClass.scanner,QUALIFIED_NAME, line no: 51, 8.031338807634657E-4, insert, 0.05725190839694656, 1.0, 0.4117647058823529
scanner,SIMPLE_NAME, line no: 65,mainClass.scanner,QUALIFIED_NAME, line no: 51, 8.031338807634657E-4, insert, 0.05725190839694656, 1.0, 0.4117647058823529
scanner,SIMPLE_NAME, line no: 66,mainClass.scanner,QUALIFIED_NAME, line no: 51, 8.031338807634657E-4, insert, 0.05725190839694656, 1.0, 0.4117647058823529
output+=(String.format("%d is the median\n" m.value)); ,EXPRESSION_STATEMENT, line no: 85,if ((c.value >= a.value && c.value <= b.value) || (c.value >= b.value && c.value <= a.value)) {   m.value=c.value; } ,IF_STATEMENT, line no: 80, 7.749074465659606E-4, insert, 0.5019305019305019, 1.6666666666666665, 0.18803418803418803
m.value,QUALIFIED_NAME, line no: 85,System.out,QUALIFIED_NAME, line no: 56, 7.666425799831445E-4, insert, 0.20152091254752852, 0.0, 0.3
"%d is the median\n",STRING_LITERAL, line no: 85,java,SIMPLE_NAME, line no: 44, 7.417470161514965E-4, insert, 0.0076045627376425855, 0.0, 0.05
nextInt,SIMPLE_NAME, line no: 64,args.length,QUALIFIED_NAME, line no: 50, 7.194100557532552E-4, insert, 0.20229007633587787, 0.0, 0.2727272727272727
nextInt,SIMPLE_NAME, line no: 65,args.length,QUALIFIED_NAME, line no: 50, 7.194100557532552E-4, insert, 0.20229007633587787, 0.0, 0.2727272727272727
nextInt,SIMPLE_NAME, line no: 66,args.length,QUALIFIED_NAME, line no: 50, 7.194100557532552E-4, insert, 0.20229007633587787, 0.0, 0.2727272727272727
output+=(String.format("Please enter 3 numbers separated by spaces > ")); ,EXPRESSION_STATEMENT, line no: 62,if ((b.value >= a.value && b.value <= c.value) || (b.value >= c.value && b.value <= a.value)) {   m.value=b.value; }  else if ((c.value >= a.value && c.value <= b.value) || (c.value >= b.value && c.value <= a.value)) {   m.value=c.value; } ,IF_STATEMENT, line no: 77, 7.185165147854582E-4, insert, 0.5019305019305019, 0.0, 0.15
String,SIMPLE_NAME, line no: 63,args.length,QUALIFIED_NAME, line no: 50, 7.185049831764993E-4, insert, 0.20152091254752852, 0.0, 0.2727272727272727
String,SIMPLE_NAME, line no: 85,args.length,QUALIFIED_NAME, line no: 50, 7.185049831764993E-4, insert, 0.20152091254752852, 0.0, 0.2727272727272727
m.value,QUALIFIED_NAME, line no: 85,args.length,QUALIFIED_NAME, line no: 50, 7.185049831764993E-4, insert, 0.20152091254752852, 0.0, 0.2727272727272727
value,SIMPLE_NAME, line no: 85,args.length,QUALIFIED_NAME, line no: 50, 7.176067672101733E-4, insert, 0.20075757575757575, 0.0, 0.2727272727272727
c.value=scanner.nextInt(); ,EXPRESSION_STATEMENT, line no: 66,if ((c.value >= a.value && c.value <= b.value) || (c.value >= b.value && c.value <= a.value)) {   m.value=c.value; } ,IF_STATEMENT, line no: 80, 7.115468490597782E-4, insert, 0.5019305019305019, 1.6666666666666665, 0.1452991452991453
scanner,SIMPLE_NAME, line no: 64,java.util.Scanner,QUALIFIED_NAME, line no: 51, 7.037989007743003E-4, insert, 0.061068702290076333, 0.0, 0.35294117647058826
scanner,SIMPLE_NAME, line no: 65,java.util.Scanner,QUALIFIED_NAME, line no: 51, 7.037989007743003E-4, insert, 0.061068702290076333, 0.0, 0.35294117647058826
scanner,SIMPLE_NAME, line no: 66,java.util.Scanner,QUALIFIED_NAME, line no: 51, 7.037989007743003E-4, insert, 0.061068702290076333, 0.0, 0.35294117647058826
a.value=scanner.nextInt(); ,EXPRESSION_STATEMENT, line no: 64,if ((c.value >= a.value && c.value <= b.value) || (c.value >= b.value && c.value <= a.value)) {   m.value=c.value; } ,IF_STATEMENT, line no: 80, 6.988747295585417E-4, insert, 0.5019305019305019, 1.6666666666666665, 0.13675213675213677
b.value=scanner.nextInt(); ,EXPRESSION_STATEMENT, line no: 65,if ((c.value >= a.value && c.value <= b.value) || (c.value >= b.value && c.value <= a.value)) {   m.value=c.value; } ,IF_STATEMENT, line no: 80, 6.988747295585417E-4, insert, 0.5019305019305019, 1.6666666666666665, 0.13675213675213677
"Please enter 3 numbers separated by spaces > ",STRING_LITERAL, line no: 63,java,SIMPLE_NAME, line no: 44, 6.868929158849739E-4, insert, 0.0076045627376425855, 0.0, 0.0425531914893617
"Please enter 3 numbers separated by spaces > ",STRING_LITERAL, line no: 63,util,SIMPLE_NAME, line no: 44, 6.868929158849739E-4, insert, 0.0076045627376425855, 0.0, 0.0425531914893617
m.value,QUALIFIED_NAME, line no: 85,mainClass.output,QUALIFIED_NAME, line no: 56, 6.783903191709618E-4, insert, 0.20152091254752852, 0.0, 0.25
m.value,QUALIFIED_NAME, line no: 85,java.util,QUALIFIED_NAME, line no: 44, 6.733569202653239E-4, insert, 0.0038022813688212928, 0.0, 0.3333333333333333
value,SIMPLE_NAME, line no: 85,java.util,QUALIFIED_NAME, line no: 44, 6.730349183151315E-4, insert, 0.003787878787878788, 0.0, 0.3333333333333333
output+=(String.format("Please enter 3 numbers separated by spaces > ")); ,EXPRESSION_STATEMENT, line no: 62,if ((a.value >= b.value && a.value <= c.value) || (a.value >= c.value && a.value <= b.value)) {   m.value=b.value; }  else if ((b.value >= a.value && b.value <= c.value) || (b.value >= c.value && b.value <= a.value)) {   m.value=b.value; }  else if ((c.value >= a.value && c.value <= b.value) || (c.value >= b.value && c.value <= a.value)) {   m.value=c.value; } ,IF_STATEMENT, line no: 74, 6.515961875360433E-4, insert, 0.4980694980694981, 0.0, 0.10743801652892562
output+=(String.format("%d is the median\n" m.value)); ,EXPRESSION_STATEMENT, line no: 85,if ((b.value >= a.value && b.value <= c.value) || (b.value >= c.value && b.value <= a.value)) {   m.value=b.value; }  else if ((c.value >= a.value && c.value <= b.value) || (c.value >= b.value && c.value <= a.value)) {   m.value=c.value; } ,IF_STATEMENT, line no: 77, 6.443846157032245E-4, insert, 0.5019305019305019, 1.6666666666666665, 0.1
"%d is the median\n",STRING_LITERAL, line no: 85,System.in,QUALIFIED_NAME, line no: 53, 6.100479473633017E-4, insert, 0.06844106463878327, 0.0, 0.3
a.value=scanner.nextInt(); ,EXPRESSION_STATEMENT, line no: 64,if ((b.value >= a.value && b.value <= c.value) || (b.value >= c.value && b.value <= a.value)) {   m.value=b.value; }  else if ((c.value >= a.value && c.value <= b.value) || (c.value >= b.value && c.value <= a.value)) {   m.value=c.value; } ,IF_STATEMENT, line no: 77, 6.073186661621079E-4, insert, 0.5019305019305019, 1.6666666666666665, 0.075
b.value=scanner.nextInt(); ,EXPRESSION_STATEMENT, line no: 65,if ((b.value >= a.value && b.value <= c.value) || (b.value >= c.value && b.value <= a.value)) {   m.value=b.value; }  else if ((c.value >= a.value && c.value <= b.value) || (c.value >= b.value && c.value <= a.value)) {   m.value=c.value; } ,IF_STATEMENT, line no: 77, 6.073186661621079E-4, insert, 0.5019305019305019, 1.6666666666666665, 0.075
c.value=scanner.nextInt(); ,EXPRESSION_STATEMENT, line no: 66,if ((b.value >= a.value && b.value <= c.value) || (b.value >= c.value && b.value <= a.value)) {   m.value=b.value; }  else if ((c.value >= a.value && c.value <= b.value) || (c.value >= b.value && c.value <= a.value)) {   m.value=c.value; } ,IF_STATEMENT, line no: 77, 6.073186661621079E-4, insert, 0.5019305019305019, 1.6666666666666665, 0.075
output+=(String.format("%d is the median\n" m.value)); ,EXPRESSION_STATEMENT, line no: 85,if ((a.value >= b.value && a.value <= c.value) || (a.value >= c.value && a.value <= b.value)) {   m.value=b.value; }  else if ((b.value >= a.value && b.value <= c.value) || (b.value >= c.value && b.value <= a.value)) {   m.value=b.value; }  else if ((c.value >= a.value && c.value <= b.value) || (c.value >= b.value && c.value <= a.value)) {   m.value=c.value; } ,IF_STATEMENT, line no: 74, 5.984989595432589E-4, insert, 0.4980694980694981, 1.6666666666666665, 0.07162534435261708
scanner,SIMPLE_NAME, line no: 64,System.out,QUALIFIED_NAME, line no: 56, 5.910431309355347E-4, insert, 0.20229007633587787, 0.0, 0.2
nextInt,SIMPLE_NAME, line no: 64,System.out,QUALIFIED_NAME, line no: 56, 5.910431309355347E-4, insert, 0.20229007633587787, 0.0, 0.2
scanner,SIMPLE_NAME, line no: 65,System.out,QUALIFIED_NAME, line no: 56, 5.910431309355347E-4, insert, 0.20229007633587787, 0.0, 0.2
nextInt,SIMPLE_NAME, line no: 65,System.out,QUALIFIED_NAME, line no: 56, 5.910431309355347E-4, insert, 0.20229007633587787, 0.0, 0.2
scanner,SIMPLE_NAME, line no: 66,System.out,QUALIFIED_NAME, line no: 56, 5.910431309355347E-4, insert, 0.20229007633587787, 0.0, 0.2
nextInt,SIMPLE_NAME, line no: 66,System.out,QUALIFIED_NAME, line no: 56, 5.910431309355347E-4, insert, 0.20229007633587787, 0.0, 0.2
String,SIMPLE_NAME, line no: 63,System.out,QUALIFIED_NAME, line no: 56, 5.901380583587789E-4, insert, 0.20152091254752852, 0.0, 0.2
format,SIMPLE_NAME, line no: 63,System.out,QUALIFIED_NAME, line no: 56, 5.901380583587789E-4, insert, 0.20152091254752852, 0.0, 0.2
String,SIMPLE_NAME, line no: 85,System.out,QUALIFIED_NAME, line no: 56, 5.901380583587789E-4, insert, 0.20152091254752852, 0.0, 0.2
format,SIMPLE_NAME, line no: 85,System.out,QUALIFIED_NAME, line no: 56, 5.901380583587789E-4, insert, 0.20152091254752852, 0.0, 0.2
"%d is the median\n",STRING_LITERAL, line no: 85,System.out,QUALIFIED_NAME, line no: 56, 5.901380583587789E-4, insert, 0.20152091254752852, 0.0, 0.2
nextInt,SIMPLE_NAME, line no: 64,mainClass.output,QUALIFIED_NAME, line no: 56, 5.689800657324891E-4, insert, 0.20229007633587787, 0.0, 0.1875
nextInt,SIMPLE_NAME, line no: 65,mainClass.output,QUALIFIED_NAME, line no: 56, 5.689800657324891E-4, insert, 0.20229007633587787, 0.0, 0.1875
nextInt,SIMPLE_NAME, line no: 66,mainClass.output,QUALIFIED_NAME, line no: 56, 5.689800657324891E-4, insert, 0.20229007633587787, 0.0, 0.1875
format,SIMPLE_NAME, line no: 63,mainClass.output,QUALIFIED_NAME, line no: 56, 5.680749931557331E-4, insert, 0.20152091254752852, 0.0, 0.1875
format,SIMPLE_NAME, line no: 85,mainClass.output,QUALIFIED_NAME, line no: 56, 5.680749931557331E-4, insert, 0.20152091254752852, 0.0, 0.1875
value,SIMPLE_NAME, line no: 85,mainClass.output,QUALIFIED_NAME, line no: 56, 5.671767771894072E-4, insert, 0.20075757575757575, 0.0, 0.1875
a.value=scanner.nextInt(); ,EXPRESSION_STATEMENT, line no: 64,if ((a.value >= b.value && a.value <= c.value) || (a.value >= c.value && a.value <= b.value)) {   m.value=b.value; }  else if ((b.value >= a.value && b.value <= c.value) || (b.value >= c.value && b.value <= a.value)) {   m.value=b.value; }  else if ((c.value >= a.value && c.value <= b.value) || (c.value >= b.value && c.value <= a.value)) {   m.value=c.value; } ,IF_STATEMENT, line no: 74, 5.658237423169301E-4, insert, 0.4980694980694981, 1.6666666666666665, 0.049586776859504134
b.value=scanner.nextInt(); ,EXPRESSION_STATEMENT, line no: 65,if ((a.value >= b.value && a.value <= c.value) || (a.value >= c.value && a.value <= b.value)) {   m.value=b.value; }  else if ((b.value >= a.value && b.value <= c.value) || (b.value >= c.value && b.value <= a.value)) {   m.value=b.value; }  else if ((c.value >= a.value && c.value <= b.value) || (c.value >= b.value && c.value <= a.value)) {   m.value=c.value; } ,IF_STATEMENT, line no: 74, 5.658237423169301E-4, insert, 0.4980694980694981, 1.6666666666666665, 0.049586776859504134
c.value=scanner.nextInt(); ,EXPRESSION_STATEMENT, line no: 66,if ((a.value >= b.value && a.value <= c.value) || (a.value >= c.value && a.value <= b.value)) {   m.value=b.value; }  else if ((b.value >= a.value && b.value <= c.value) || (b.value >= c.value && b.value <= a.value)) {   m.value=b.value; }  else if ((c.value >= a.value && c.value <= b.value) || (c.value >= b.value && c.value <= a.value)) {   m.value=c.value; } ,IF_STATEMENT, line no: 74, 5.658237423169301E-4, insert, 0.4980694980694981, 1.6666666666666665, 0.049586776859504134
scanner,SIMPLE_NAME, line no: 64,args.length,QUALIFIED_NAME, line no: 50, 5.589513997311046E-4, insert, 0.20229007633587787, 0.0, 0.18181818181818182
scanner,SIMPLE_NAME, line no: 65,args.length,QUALIFIED_NAME, line no: 50, 5.589513997311046E-4, insert, 0.20229007633587787, 0.0, 0.18181818181818182
scanner,SIMPLE_NAME, line no: 66,args.length,QUALIFIED_NAME, line no: 50, 5.589513997311046E-4, insert, 0.20229007633587787, 0.0, 0.18181818181818182
format,SIMPLE_NAME, line no: 63,args.length,QUALIFIED_NAME, line no: 50, 5.580463271543487E-4, insert, 0.20152091254752852, 0.0, 0.18181818181818182
format,SIMPLE_NAME, line no: 85,args.length,QUALIFIED_NAME, line no: 50, 5.580463271543487E-4, insert, 0.20152091254752852, 0.0, 0.18181818181818182
"%d is the median\n",STRING_LITERAL, line no: 85,java.util.Scanner,QUALIFIED_NAME, line no: 51, 5.217956865511189E-4, insert, 0.060836501901140684, 0.0, 0.25
output+=(String.format("Please enter 3 numbers separated by spaces > ")); ,EXPRESSION_STATEMENT, line no: 62,if (args.length > 0) {   mainClass.scanner=new java.util.Scanner(args[0]); }  else {   mainClass.scanner=new java.util.Scanner(System.in); } ,IF_STATEMENT, line no: 50, 5.206020657364556E-4, insert, 0.1969111969111969, 0.0, 0.2198581560283688
"%d is the median\n",STRING_LITERAL, line no: 85,mainClass.scanner,QUALIFIED_NAME, line no: 51, 5.17321554190552E-4, insert, 0.057034220532319393, 0.0, 0.25
"Please enter 3 numbers separated by spaces > ",STRING_LITERAL, line no: 63,in,SIMPLE_NAME, line no: 53, 5.11494869405381E-4, insert, 0.07224334600760456, 0.0, 0.02127659574468085
"%d is the median\n",STRING_LITERAL, line no: 85,args.length,QUALIFIED_NAME, line no: 50, 5.018857975465961E-4, insert, 0.20152091254752852, 0.0, 0.15
"%d is the median\n",STRING_LITERAL, line no: 85,mainClass.output,QUALIFIED_NAME, line no: 56, 5.018857975465961E-4, insert, 0.20152091254752852, 0.0, 0.15
m.value,QUALIFIED_NAME, line no: 85,java.util.Scanner,QUALIFIED_NAME, line no: 51, 4.958391392534181E-4, insert, 0.060836501901140684, 0.0, 0.23529411764705882
value,SIMPLE_NAME, line no: 85,java.util.Scanner,QUALIFIED_NAME, line no: 51, 4.955340847742886E-4, insert, 0.06060606060606061, 0.0, 0.23529411764705882
m.value,QUALIFIED_NAME, line no: 85,mainClass.scanner,QUALIFIED_NAME, line no: 51, 4.913650068928512E-4, insert, 0.057034220532319393, 0.0, 0.23529411764705882
"%d is the median\n",STRING_LITERAL, line no: 85,i,SIMPLE_NAME, line no: 7, 4.8033837609810575E-4, insert, 0.022813688212927757, 0.0, 0.05
String,SIMPLE_NAME, line no: 63,java.util,QUALIFIED_NAME, line no: 44, 4.772407851271398E-4, insert, 0.0038022813688212928, 0.0, 0.2222222222222222
format,SIMPLE_NAME, line no: 63,java.util,QUALIFIED_NAME, line no: 44, 4.772407851271398E-4, insert, 0.0038022813688212928, 0.0, 0.2222222222222222
String,SIMPLE_NAME, line no: 85,java.util,QUALIFIED_NAME, line no: 44, 4.772407851271398E-4, insert, 0.0038022813688212928, 0.0, 0.2222222222222222
format,SIMPLE_NAME, line no: 85,java.util,QUALIFIED_NAME, line no: 44, 4.772407851271398E-4, insert, 0.0038022813688212928, 0.0, 0.2222222222222222
scanner,SIMPLE_NAME, line no: 64,System.in,QUALIFIED_NAME, line no: 53, 4.730740359058485E-4, insert, 0.06870229007633588, 0.0, 0.2222222222222222
nextInt,SIMPLE_NAME, line no: 64,System.in,QUALIFIED_NAME, line no: 53, 4.730740359058485E-4, insert, 0.06870229007633588, 0.0, 0.2222222222222222
scanner,SIMPLE_NAME, line no: 65,System.in,QUALIFIED_NAME, line no: 53, 4.730740359058485E-4, insert, 0.06870229007633588, 0.0, 0.2222222222222222
nextInt,SIMPLE_NAME, line no: 65,System.in,QUALIFIED_NAME, line no: 53, 4.730740359058485E-4, insert, 0.06870229007633588, 0.0, 0.2222222222222222
scanner,SIMPLE_NAME, line no: 66,System.in,QUALIFIED_NAME, line no: 53, 4.730740359058485E-4, insert, 0.06870229007633588, 0.0, 0.2222222222222222
nextInt,SIMPLE_NAME, line no: 66,System.in,QUALIFIED_NAME, line no: 53, 4.730740359058485E-4, insert, 0.06870229007633588, 0.0, 0.2222222222222222
m.value,QUALIFIED_NAME, line no: 85,System.in,QUALIFIED_NAME, line no: 53, 4.727666527665729E-4, insert, 0.06844106463878327, 0.0, 0.2222222222222222
"Please enter 3 numbers separated by spaces > ",STRING_LITERAL, line no: 63,mainClass.output,QUALIFIED_NAME, line no: 56, 4.6245393633264205E-4, insert, 0.20152091254752852, 0.0, 0.1276595744680851
scanner,SIMPLE_NAME, line no: 64,mainClass.output,QUALIFIED_NAME, line no: 56, 4.586647397172606E-4, insert, 0.20229007633587787, 0.0, 0.125
scanner,SIMPLE_NAME, line no: 65,mainClass.output,QUALIFIED_NAME, line no: 56, 4.586647397172606E-4, insert, 0.20229007633587787, 0.0, 0.125
scanner,SIMPLE_NAME, line no: 66,mainClass.output,QUALIFIED_NAME, line no: 56, 4.586647397172606E-4, insert, 0.20229007633587787, 0.0, 0.125
String,SIMPLE_NAME, line no: 63,mainClass.output,QUALIFIED_NAME, line no: 56, 4.577596671405047E-4, insert, 0.20152091254752852, 0.0, 0.125
String,SIMPLE_NAME, line no: 85,mainClass.output,QUALIFIED_NAME, line no: 56, 4.577596671405047E-4, insert, 0.20152091254752852, 0.0, 0.125
output+=(String.format("%d is the median\n" m.value)); ,EXPRESSION_STATEMENT, line no: 85,if (args.length > 0) {   mainClass.scanner=new java.util.Scanner(args[0]); }  else {   mainClass.scanner=new java.util.Scanner(System.in); } ,IF_STATEMENT, line no: 50, 4.5751108779412914E-4, insert, 0.1969111969111969, 0.0, 0.1773049645390071
"Please enter 3 numbers separated by spaces > ",STRING_LITERAL, line no: 63,args.length,QUALIFIED_NAME, line no: 50, 4.2489978279554297E-4, insert, 0.20152091254752852, 0.0, 0.10638297872340426
"Please enter 3 numbers separated by spaces > ",STRING_LITERAL, line no: 63,System.out,QUALIFIED_NAME, line no: 56, 4.2489978279554297E-4, insert, 0.20152091254752852, 0.0, 0.10638297872340426
a.value=scanner.nextInt(); ,EXPRESSION_STATEMENT, line no: 64,if (args.length > 0) {   mainClass.scanner=new java.util.Scanner(args[0]); }  else {   mainClass.scanner=new java.util.Scanner(System.in); } ,IF_STATEMENT, line no: 50, 4.1545043583257813E-4, insert, 0.1969111969111969, 0.5, 0.14893617021276595
m,SIMPLE_NAME, line no: 85,System.out,QUALIFIED_NAME, line no: 56, 4.1273532076808734E-4, insert, 0.20075757575757575, 0.0, 0.1
value,SIMPLE_NAME, line no: 85,System.out,QUALIFIED_NAME, line no: 56, 4.1273532076808734E-4, insert, 0.20075757575757575, 0.0, 0.1
b.value=scanner.nextInt(); ,EXPRESSION_STATEMENT, line no: 65,if (args.length > 0) {   mainClass.scanner=new java.util.Scanner(args[0]); }  else {   mainClass.scanner=new java.util.Scanner(System.in); } ,IF_STATEMENT, line no: 50, 4.0493527284219045E-4, insert, 0.1969111969111969, 0.5, 0.14184397163120568
c.value=scanner.nextInt(); ,EXPRESSION_STATEMENT, line no: 66,if (args.length > 0) {   mainClass.scanner=new java.util.Scanner(args[0]); }  else {   mainClass.scanner=new java.util.Scanner(System.in); } ,IF_STATEMENT, line no: 50, 4.0493527284219045E-4, insert, 0.1969111969111969, 0.5, 0.14184397163120568
String,SIMPLE_NAME, line no: 63,java.util.Scanner,QUALIFIED_NAME, line no: 51, 3.920129500626148E-4, insert, 0.060836501901140684, 0.0, 0.17647058823529413
String,SIMPLE_NAME, line no: 85,java.util.Scanner,QUALIFIED_NAME, line no: 51, 3.920129500626148E-4, insert, 0.060836501901140684, 0.0, 0.17647058823529413
value,SIMPLE_NAME, line no: 85,mainClass.scanner,QUALIFIED_NAME, line no: 51, 3.8725071069398105E-4, insert, 0.056818181818181816, 0.0, 0.17647058823529413
m,SIMPLE_NAME, line no: 85,mainClass.output,QUALIFIED_NAME, line no: 56, 3.465461251589502E-4, insert, 0.20075757575757575, 0.0, 0.0625
"Please enter 3 numbers separated by spaces > ",STRING_LITERAL, line no: 63,mainClass.scanner,QUALIFIED_NAME, line no: 51, 3.389393248893314E-4, insert, 0.057034220532319393, 0.0, 0.14893617021276595
"Please enter 3 numbers separated by spaces > ",STRING_LITERAL, line no: 63,java.util.Scanner,QUALIFIED_NAME, line no: 51, 3.058593037127992E-4, insert, 0.060836501901140684, 0.0, 0.1276595744680851
nextInt,SIMPLE_NAME, line no: 64,java.util.Scanner,QUALIFIED_NAME, line no: 51, 2.8849414401108705E-4, insert, 0.061068702290076333, 0.0, 0.11764705882352941
nextInt,SIMPLE_NAME, line no: 65,java.util.Scanner,QUALIFIED_NAME, line no: 51, 2.8849414401108705E-4, insert, 0.061068702290076333, 0.0, 0.11764705882352941
nextInt,SIMPLE_NAME, line no: 66,java.util.Scanner,QUALIFIED_NAME, line no: 51, 2.8849414401108705E-4, insert, 0.061068702290076333, 0.0, 0.11764705882352941
format,SIMPLE_NAME, line no: 63,java.util.Scanner,QUALIFIED_NAME, line no: 51, 2.881867608718115E-4, insert, 0.060836501901140684, 0.0, 0.11764705882352941
format,SIMPLE_NAME, line no: 85,java.util.Scanner,QUALIFIED_NAME, line no: 51, 2.881867608718115E-4, insert, 0.060836501901140684, 0.0, 0.11764705882352941
nextInt,SIMPLE_NAME, line no: 64,mainClass.scanner,QUALIFIED_NAME, line no: 51, 2.8400293480944925E-4, insert, 0.05725190839694656, 0.0, 0.11764705882352941
nextInt,SIMPLE_NAME, line no: 65,mainClass.scanner,QUALIFIED_NAME, line no: 51, 2.8400293480944925E-4, insert, 0.05725190839694656, 0.0, 0.11764705882352941
nextInt,SIMPLE_NAME, line no: 66,mainClass.scanner,QUALIFIED_NAME, line no: 51, 2.8400293480944925E-4, insert, 0.05725190839694656, 0.0, 0.11764705882352941
String,SIMPLE_NAME, line no: 63,mainClass.scanner,QUALIFIED_NAME, line no: 51, 2.837126285112445E-4, insert, 0.057034220532319393, 0.0, 0.11764705882352941
format,SIMPLE_NAME, line no: 63,mainClass.scanner,QUALIFIED_NAME, line no: 51, 2.837126285112445E-4, insert, 0.057034220532319393, 0.0, 0.11764705882352941
String,SIMPLE_NAME, line no: 85,mainClass.scanner,QUALIFIED_NAME, line no: 51, 2.837126285112445E-4, insert, 0.057034220532319393, 0.0, 0.11764705882352941
format,SIMPLE_NAME, line no: 85,mainClass.scanner,QUALIFIED_NAME, line no: 51, 2.837126285112445E-4, insert, 0.057034220532319393, 0.0, 0.11764705882352941
scanner,SIMPLE_NAME, line no: 64,java.util,QUALIFIED_NAME, line no: 44, 2.8144910996930224E-4, insert, 0.003816793893129771, 0.0, 0.1111111111111111
nextInt,SIMPLE_NAME, line no: 64,java.util,QUALIFIED_NAME, line no: 44, 2.8144910996930224E-4, insert, 0.003816793893129771, 0.0, 0.1111111111111111
scanner,SIMPLE_NAME, line no: 65,java.util,QUALIFIED_NAME, line no: 44, 2.8144910996930224E-4, insert, 0.003816793893129771, 0.0, 0.1111111111111111
nextInt,SIMPLE_NAME, line no: 65,java.util,QUALIFIED_NAME, line no: 44, 2.8144910996930224E-4, insert, 0.003816793893129771, 0.0, 0.1111111111111111
scanner,SIMPLE_NAME, line no: 66,java.util,QUALIFIED_NAME, line no: 44, 2.8144910996930224E-4, insert, 0.003816793893129771, 0.0, 0.1111111111111111
nextInt,SIMPLE_NAME, line no: 66,java.util,QUALIFIED_NAME, line no: 44, 2.8144910996930224E-4, insert, 0.003816793893129771, 0.0, 0.1111111111111111
format,SIMPLE_NAME, line no: 63,System.in,QUALIFIED_NAME, line no: 53, 2.7665051762838886E-4, insert, 0.06844106463878327, 0.0, 0.1111111111111111
format,SIMPLE_NAME, line no: 85,System.in,QUALIFIED_NAME, line no: 53, 2.7665051762838886E-4, insert, 0.06844106463878327, 0.0, 0.1111111111111111
m,SIMPLE_NAME, line no: 85,System.in,QUALIFIED_NAME, line no: 53, 2.763454631492593E-4, insert, 0.06818181818181818, 0.0, 0.1111111111111111
value,SIMPLE_NAME, line no: 85,System.in,QUALIFIED_NAME, line no: 53, 2.763454631492593E-4, insert, 0.06818181818181818, 0.0, 0.1111111111111111
"%d is the median\n",STRING_LITERAL, line no: 85,java.util,QUALIFIED_NAME, line no: 44, 2.6151303647513737E-4, insert, 0.0038022813688212928, 0.0, 0.1
"Please enter 3 numbers separated by spaces > ",STRING_LITERAL, line no: 63,System.in,QUALIFIED_NAME, line no: 53, 2.307509966386011E-4, insert, 0.06844106463878327, 0.0, 0.0851063829787234
"Please enter 3 numbers separated by spaces > ",STRING_LITERAL, line no: 63,java.util,QUALIFIED_NAME, line no: 44, 1.9767097546206897E-4, insert, 0.0038022813688212928, 0.0, 0.06382978723404255
m,SIMPLE_NAME, line no: 85,mainClass.scanner,QUALIFIED_NAME, line no: 51, 1.7959833231237442E-4, insert, 0.056818181818181816, 0.0, 0.058823529411764705
