output+=(String.format("\nEnter an integer > ")); ,EXPRESSION_STATEMENT, line no: 61,output+=(String.format("\nEnter an integer > ")); ,EXPRESSION_STATEMENT, line no: 61, 0.029759592291114023, insert, 1.0, 1.0, 1.0
digit.value=scanner.nextInt(); ,EXPRESSION_STATEMENT, line no: 62,digit.value=scanner.nextInt(); ,EXPRESSION_STATEMENT, line no: 62, 0.029759592291114023, insert, 1.0, 3.0, 1.0
output+=(String.format("\nThat's all  have a nice day!\n")); ,EXPRESSION_STATEMENT, line no: 71,output+=(String.format("\nThat's all  have a nice day!\n")); ,EXPRESSION_STATEMENT, line no: 71, 0.029759592291114023, insert, 1.0, 1.0, 1.0
output+=(String.format("\nEnter an integer > ")); ,EXPRESSION_STATEMENT, line no: 61,output+=(String.format("\nThat's all  have a nice day!\n")); ,EXPRESSION_STATEMENT, line no: 71, 0.023319811664184432, insert, 1.0, 1.0, 0.639344262295082
output+=(String.format("\nThat's all  have a nice day!\n")); ,EXPRESSION_STATEMENT, line no: 71,output+=(String.format("\nEnter an integer > ")); ,EXPRESSION_STATEMENT, line no: 61, 0.023319811664184432, insert, 1.0, 1.0, 0.639344262295082
output+=(String.format("\nEnter an integer > ")); ,EXPRESSION_STATEMENT, line no: 61,output+=(String.format("\n%d" n.value)); ,EXPRESSION_STATEMENT, line no: 69, 0.01860470511399478, insert, 0.5729166666666666, 1.0, 0.66
output+=(String.format("\nEnter an integer > ")); ,EXPRESSION_STATEMENT, line no: 61,digit.value=scanner.nextInt(); ,EXPRESSION_STATEMENT, line no: 62, 0.016903448421352767, insert, 1.0, 0.0, 0.28
digit.value=scanner.nextInt(); ,EXPRESSION_STATEMENT, line no: 62,output+=(String.format("\nEnter an integer > ")); ,EXPRESSION_STATEMENT, line no: 61, 0.016903448421352767, insert, 1.0, 0.0, 0.28
output+=(String.format("\nThat's all  have a nice day!\n")); ,EXPRESSION_STATEMENT, line no: 71,output+=(String.format("\n%d" n.value)); ,EXPRESSION_STATEMENT, line no: 69, 0.01677229480833209, insert, 0.5729166666666666, 1.0, 0.5573770491803278
digit.value=scanner.nextInt(); ,EXPRESSION_STATEMENT, line no: 62,output+=(String.format("\nThat's all  have a nice day!\n")); ,EXPRESSION_STATEMENT, line no: 71, 0.01570916183235855, insert, 1.0, 0.0, 0.21311475409836064
output+=(String.format("\nThat's all  have a nice day!\n")); ,EXPRESSION_STATEMENT, line no: 71,digit.value=scanner.nextInt(); ,EXPRESSION_STATEMENT, line no: 62, 0.01570916183235855, insert, 1.0, 0.0, 0.21311475409836064
digit.value=scanner.nextInt(); ,EXPRESSION_STATEMENT, line no: 62,digit.value=(digit.value - n.value) / 10; ,EXPRESSION_STATEMENT, line no: 68, 0.014897510188587437, insert, 0.5729166666666666, 1.5, 0.4523809523809524
digit.value=scanner.nextInt(); ,EXPRESSION_STATEMENT, line no: 62,n.value=digit.value % 10; ,EXPRESSION_STATEMENT, line no: 64, 0.014307803981897156, insert, 0.5729166666666666, 1.5, 0.41935483870967744
output+=(String.format("\nEnter an integer > ")); ,EXPRESSION_STATEMENT, line no: 61,digit.value=(digit.value - n.value) / 10; ,EXPRESSION_STATEMENT, line no: 68, 0.012890863394100891, insert, 0.5729166666666666, 0.0, 0.34
digit.value=scanner.nextInt(); ,EXPRESSION_STATEMENT, line no: 62,mainClass.exec(); ,EXPRESSION_STATEMENT, line no: 55, 0.01220783275167742, insert, 0.5416666666666666, 0.0, 0.3225806451612903
output+=(String.format("\nEnter an integer > ")); ,EXPRESSION_STATEMENT, line no: 61,System.out.println(mainClass.output); ,EXPRESSION_STATEMENT, line no: 56, 0.012161753382968599, insert, 0.5416666666666666, 1.0, 0.32
digit.value=scanner.nextInt(); ,EXPRESSION_STATEMENT, line no: 62,output+=(String.format("\n%d" n.value)); ,EXPRESSION_STATEMENT, line no: 69, 0.01204598131051902, insert, 0.5729166666666666, 0.6000000000000001, 0.2926829268292683
output+=(String.format("\nThat's all  have a nice day!\n")); ,EXPRESSION_STATEMENT, line no: 71,digit.value=(digit.value - n.value) / 10; ,EXPRESSION_STATEMENT, line no: 68, 0.01179610068752286, insert, 0.5729166666666666, 0.0, 0.2786885245901639
digit.value=scanner.nextInt(); ,EXPRESSION_STATEMENT, line no: 62,System.out.println(mainClass.output); ,EXPRESSION_STATEMENT, line no: 56, 0.011616682955741878, insert, 0.5416666666666666, 0.0, 0.2894736842105263
String,SIMPLE_NAME, line no: 61,String,SIMPLE_NAME, line no: 49, 0.011429144033274465, insert, 0.52, 0.0, 1.0
format,SIMPLE_NAME, line no: 61,format,SIMPLE_NAME, line no: 61, 0.011429144033274465, insert, 1.0, 0.0, 1.0
scanner,SIMPLE_NAME, line no: 62,scanner,SIMPLE_NAME, line no: 51, 0.011429144033274465, insert, 0.1717171717171717, 1.0, 1.0
nextInt,SIMPLE_NAME, line no: 62,nextInt,SIMPLE_NAME, line no: 62, 0.011429144033274465, insert, 1.0, 0.0, 1.0
String,SIMPLE_NAME, line no: 71,String,SIMPLE_NAME, line no: 49, 0.011429144033274465, insert, 0.52, 0.0, 1.0
format,SIMPLE_NAME, line no: 71,format,SIMPLE_NAME, line no: 61, 0.011429144033274465, insert, 1.0, 0.0, 1.0
output+=(String.format("\nThat's all  have a nice day!\n")); ,EXPRESSION_STATEMENT, line no: 71,System.out.println(mainClass.output); ,EXPRESSION_STATEMENT, line no: 56, 0.010838671181435791, insert, 0.5416666666666666, 1.0, 0.2459016393442623
output+=(String.format("\nEnter an integer > ")); ,EXPRESSION_STATEMENT, line no: 61,n.value=digit.value % 10; ,EXPRESSION_STATEMENT, line no: 64, 0.01074817274914068, insert, 0.5729166666666666, 0.0, 0.22
output+=(String.format("\nThat's all  have a nice day!\n")); ,EXPRESSION_STATEMENT, line no: 71,n.value=digit.value % 10; ,EXPRESSION_STATEMENT, line no: 64, 0.010332514181402498, insert, 0.5729166666666666, 0.0, 0.19672131147540983
output+=(String.format("\nEnter an integer > ")); ,EXPRESSION_STATEMENT, line no: 61,mainClass.exec(); ,EXPRESSION_STATEMENT, line no: 55, 0.00966194763051502, insert, 0.5416666666666666, 0.0, 0.18
output+=(String.format("\nThat's all  have a nice day!\n")); ,EXPRESSION_STATEMENT, line no: 71,mainClass.exec(); ,EXPRESSION_STATEMENT, line no: 55, 0.009375084675315429, insert, 0.5416666666666666, 0.0, 0.16393442622950818
digit.value=scanner.nextInt(); ,EXPRESSION_STATEMENT, line no: 62,n.value=n.value * -1; ,EXPRESSION_STATEMENT, line no: 66, 0.008523883222091931, insert, 0.13541666666666666, 0.5, 0.3870967741935484
output+=(String.format("\nEnter an integer > ")); ,EXPRESSION_STATEMENT, line no: 61,mainClass.scanner=new java.util.Scanner(args[0]); ,EXPRESSION_STATEMENT, line no: 51, 0.007806933044368913, insert, 0.14583333333333334, 0.0, 0.34
digit.value=scanner.nextInt(); ,EXPRESSION_STATEMENT, line no: 62,mainClass.scanner=new java.util.Scanner(args[0]); ,EXPRESSION_STATEMENT, line no: 51, 0.007806933044368913, insert, 0.14583333333333334, 0.5, 0.34
output+=(String.format("\nEnter an integer > ")); ,EXPRESSION_STATEMENT, line no: 61,mainClass.scanner=new java.util.Scanner(System.in); ,EXPRESSION_STATEMENT, line no: 53, 0.007697433006066992, insert, 0.15625, 0.0, 0.3269230769230769
digit.value=scanner.nextInt(); ,EXPRESSION_STATEMENT, line no: 62,mainClass.scanner=new java.util.Scanner(System.in); ,EXPRESSION_STATEMENT, line no: 53, 0.007697433006066992, insert, 0.15625, 0.5, 0.3269230769230769
nextInt,SIMPLE_NAME, line no: 62,IntObj,SIMPLE_NAME, line no: 60, 0.0073720452855320145, insert, 0.9696969696969697, 0.0, 0.42857142857142855
output+=(String.format("\nThat's all  have a nice day!\n")); ,EXPRESSION_STATEMENT, line no: 71,mainClass.scanner=new java.util.Scanner(System.in); ,EXPRESSION_STATEMENT, line no: 53, 0.007128885940227928, insert, 0.15625, 0.0, 0.29508196721311475
String,SIMPLE_NAME, line no: 61,digit,SIMPLE_NAME, line no: 60, 0.006766053267698483, insert, 0.96, 0.0, 0.3333333333333333
format,SIMPLE_NAME, line no: 61,output,SIMPLE_NAME, line no: 49, 0.006766053267698483, insert, 0.52, 0.0, 0.3333333333333333
String,SIMPLE_NAME, line no: 71,digit,SIMPLE_NAME, line no: 60, 0.006766053267698483, insert, 0.96, 0.0, 0.3333333333333333
format,SIMPLE_NAME, line no: 71,output,SIMPLE_NAME, line no: 49, 0.006766053267698483, insert, 0.52, 0.0, 0.3333333333333333
scanner,SIMPLE_NAME, line no: 62,Scanner,SIMPLE_NAME, line no: 44, 0.006755234337704504, insert, 0.010101010101010102, 0.0, 0.8571428571428571
output+=(String.format("\nThat's all  have a nice day!\n")); ,EXPRESSION_STATEMENT, line no: 71,mainClass.scanner=new java.util.Scanner(args[0]); ,EXPRESSION_STATEMENT, line no: 51, 0.006712170337790881, insert, 0.14583333333333334, 0.0, 0.2786885245901639
scanner,SIMPLE_NAME, line no: 62,nextInt,SIMPLE_NAME, line no: 62, 0.006530939447585408, insert, 1.0, 0.0, 0.2857142857142857
nextInt,SIMPLE_NAME, line no: 62,String,SIMPLE_NAME, line no: 49, 0.006530939447585408, insert, 0.5252525252525253, 0.0, 0.2857142857142857
nextInt,SIMPLE_NAME, line no: 62,scanner,SIMPLE_NAME, line no: 51, 0.006530939447585408, insert, 0.1717171717171717, 0.0, 0.2857142857142857
String,SIMPLE_NAME, line no: 61,nextInt,SIMPLE_NAME, line no: 62, 0.00648522287145231, insert, 0.99, 0.0, 0.2857142857142857
String,SIMPLE_NAME, line no: 71,nextInt,SIMPLE_NAME, line no: 62, 0.00648522287145231, insert, 0.99, 0.0, 0.2857142857142857
scanner,SIMPLE_NAME, line no: 62,value,SIMPLE_NAME, line no: 7, 0.0064847610878550075, insert, 0.06060606060606061, 0.0, 0.2857142857142857
nextInt,SIMPLE_NAME, line no: 62,output,SIMPLE_NAME, line no: 49, 0.0064847610878550075, insert, 0.5252525252525253, 0.0, 0.2857142857142857
"\nEnter an integer > ",STRING_LITERAL, line no: 61,String,SIMPLE_NAME, line no: 49, 0.006062415530693413, insert, 0.52, 0.0, 0.21739130434782608
"\nEnter an integer > ",STRING_LITERAL, line no: 61,scanner,SIMPLE_NAME, line no: 51, 0.0060166989545603145, insert, 0.17, 0.0, 0.21739130434782608
String,SIMPLE_NAME, line no: 69,String,SIMPLE_NAME, line no: 49, 0.005915144002594406, insert, 0.711864406779661, 0.0, 1.0
format,SIMPLE_NAME, line no: 69,format,SIMPLE_NAME, line no: 61, 0.005915144002594406, insert, 1.0, 0.0, 1.0
n,SIMPLE_NAME, line no: 69,n,SIMPLE_NAME, line no: 60, 0.005915144002594406, insert, 1.0, 1.0, 1.0
value,SIMPLE_NAME, line no: 69,value,SIMPLE_NAME, line no: 7, 0.005915144002594406, insert, 0.1, 1.0, 1.0
"\nEnter an integer > ",STRING_LITERAL, line no: 61,nextInt,SIMPLE_NAME, line no: 62, 0.005718547371083588, insert, 0.99, 0.0, 0.17391304347826086
String,SIMPLE_NAME, line no: 61,format,SIMPLE_NAME, line no: 61, 0.005714572016637233, insert, 1.0, 0.0, 0.16666666666666666
format,SIMPLE_NAME, line no: 61,String,SIMPLE_NAME, line no: 49, 0.005714572016637233, insert, 0.52, 0.0, 0.16666666666666666
String,SIMPLE_NAME, line no: 71,format,SIMPLE_NAME, line no: 61, 0.005714572016637233, insert, 1.0, 0.0, 0.16666666666666666
format,SIMPLE_NAME, line no: 71,String,SIMPLE_NAME, line no: 49, 0.005714572016637233, insert, 0.52, 0.0, 0.16666666666666666
String,SIMPLE_NAME, line no: 61,output,SIMPLE_NAME, line no: 49, 0.005623138864371037, insert, 0.52, 0.0, 0.16666666666666666
format,SIMPLE_NAME, line no: 61,value,SIMPLE_NAME, line no: 7, 0.005623138864371037, insert, 0.06, 0.0, 0.16666666666666666
format,SIMPLE_NAME, line no: 61,digit,SIMPLE_NAME, line no: 60, 0.005623138864371037, insert, 0.96, 0.0, 0.16666666666666666
String,SIMPLE_NAME, line no: 71,output,SIMPLE_NAME, line no: 49, 0.005623138864371037, insert, 0.52, 0.0, 0.16666666666666666
format,SIMPLE_NAME, line no: 71,value,SIMPLE_NAME, line no: 7, 0.005623138864371037, insert, 0.06, 0.0, 0.16666666666666666
format,SIMPLE_NAME, line no: 71,digit,SIMPLE_NAME, line no: 60, 0.005623138864371037, insert, 0.96, 0.0, 0.16666666666666666
scanner,SIMPLE_NAME, line no: 62,String,SIMPLE_NAME, line no: 49, 0.005551298530447597, insert, 0.5252525252525253, 0.0, 0.14285714285714285
scanner,SIMPLE_NAME, line no: 62,format,SIMPLE_NAME, line no: 61, 0.005551298530447597, insert, 1.0, 0.0, 0.14285714285714285
nextInt,SIMPLE_NAME, line no: 62,format,SIMPLE_NAME, line no: 61, 0.005551298530447597, insert, 1.0, 0.0, 0.14285714285714285
String,SIMPLE_NAME, line no: 61,IntObj,SIMPLE_NAME, line no: 60, 0.005531705712104841, insert, 0.96, 0.0, 0.16666666666666666
String,SIMPLE_NAME, line no: 61,n,SIMPLE_NAME, line no: 60, 0.005531705712104841, insert, 0.96, 0.0, 0.16666666666666666
format,SIMPLE_NAME, line no: 61,IntObj,SIMPLE_NAME, line no: 60, 0.005531705712104841, insert, 0.96, 0.0, 0.16666666666666666
String,SIMPLE_NAME, line no: 71,IntObj,SIMPLE_NAME, line no: 60, 0.005531705712104841, insert, 0.96, 0.0, 0.16666666666666666
String,SIMPLE_NAME, line no: 71,n,SIMPLE_NAME, line no: 60, 0.005531705712104841, insert, 0.96, 0.0, 0.16666666666666666
format,SIMPLE_NAME, line no: 71,IntObj,SIMPLE_NAME, line no: 60, 0.005531705712104841, insert, 0.96, 0.0, 0.16666666666666666
String,SIMPLE_NAME, line no: 61,scanner,SIMPLE_NAME, line no: 51, 0.0055055819543145, insert, 0.17, 0.0, 0.14285714285714285
format,SIMPLE_NAME, line no: 61,scanner,SIMPLE_NAME, line no: 51, 0.0055055819543145, insert, 0.17, 0.0, 0.14285714285714285
format,SIMPLE_NAME, line no: 61,nextInt,SIMPLE_NAME, line no: 62, 0.0055055819543145, insert, 0.99, 0.0, 0.14285714285714285
String,SIMPLE_NAME, line no: 71,scanner,SIMPLE_NAME, line no: 51, 0.0055055819543145, insert, 0.17, 0.0, 0.14285714285714285
format,SIMPLE_NAME, line no: 71,scanner,SIMPLE_NAME, line no: 51, 0.0055055819543145, insert, 0.17, 0.0, 0.14285714285714285
format,SIMPLE_NAME, line no: 71,nextInt,SIMPLE_NAME, line no: 62, 0.0055055819543145, insert, 0.99, 0.0, 0.14285714285714285
nextInt,SIMPLE_NAME, line no: 62,value,SIMPLE_NAME, line no: 7, 0.005505120170717196, insert, 0.06060606060606061, 0.0, 0.14285714285714285
nextInt,SIMPLE_NAME, line no: 62,digit,SIMPLE_NAME, line no: 60, 0.005505120170717196, insert, 0.9696969696969697, 0.0, 0.14285714285714285
nextInt,SIMPLE_NAME, line no: 62,length,SIMPLE_NAME, line no: 50, 0.0054787325365855365, insert, 0.5555555555555556, 0.0, 0.42857142857142855
"\nEnter an integer > ",STRING_LITERAL, line no: 61,format,SIMPLE_NAME, line no: 61, 0.005466112363739962, insert, 1.0, 0.0, 0.13043478260869565
nextInt,SIMPLE_NAME, line no: 62,println,SIMPLE_NAME, line no: 56, 0.005432554176855135, insert, 0.5454545454545454, 0.0, 0.42857142857142855
scanner,SIMPLE_NAME, line no: 62,IntObj,SIMPLE_NAME, line no: 60, 0.005412763451256392, insert, 0.9696969696969697, 0.0, 0.14285714285714285
scanner,SIMPLE_NAME, line no: 62,n,SIMPLE_NAME, line no: 60, 0.005412763451256392, insert, 0.9696969696969697, 0.0, 0.14285714285714285
nextInt,SIMPLE_NAME, line no: 62,n,SIMPLE_NAME, line no: 60, 0.005412763451256392, insert, 0.9696969696969697, 0.0, 0.14285714285714285
String,SIMPLE_NAME, line no: 61,println,SIMPLE_NAME, line no: 56, 0.005407617862600718, insert, 0.54, 0.0, 0.42857142857142855
String,SIMPLE_NAME, line no: 71,println,SIMPLE_NAME, line no: 56, 0.005407617862600718, insert, 0.54, 0.0, 0.42857142857142855
"\nThat's all  have a nice day!\n",STRING_LITERAL, line no: 71,scanner,SIMPLE_NAME, line no: 51, 0.005332704145407827, insert, 0.17, 0.0, 0.11764705882352941
n.value=n.value * -1; ,EXPRESSION_STATEMENT, line no: 66,n.value=n.value * -1; ,EXPRESSION_STATEMENT, line no: 66, 0.005303300858899106, insert, 1.0, 2.0, 1.0
output+=(String.format("\nEnter an integer > ")); ,EXPRESSION_STATEMENT, line no: 61,n.value=n.value * -1; ,EXPRESSION_STATEMENT, line no: 66, 0.005183128990702359, insert, 0.13541666666666666, 0.0, 0.2
"\nThat's all  have a nice day!\n",STRING_LITERAL, line no: 71,String,SIMPLE_NAME, line no: 49, 0.00517672994448314, insert, 0.52, 0.0, 0.08823529411764706
"\nThat's all  have a nice day!\n",STRING_LITERAL, line no: 71,nextInt,SIMPLE_NAME, line no: 62, 0.0051310133683500425, insert, 0.99, 0.0, 0.08823529411764706
digit.value=scanner.nextInt(); ,EXPRESSION_STATEMENT, line no: 62,value=i; ,EXPRESSION_STATEMENT, line no: 7, 0.005103930075734071, insert, 0.041666666666666664, 0.3333333333333333, 0.25806451612903225
"\nThat's all  have a nice day!\n",STRING_LITERAL, line no: 71,value,SIMPLE_NAME, line no: 7, 0.005085296792216944, insert, 0.06, 0.0, 0.08823529411764706
"\nEnter an integer > ",STRING_LITERAL, line no: 61,value,SIMPLE_NAME, line no: 7, 0.005076527627997041, insert, 0.06, 0.0, 0.08695652173913043
"\nEnter an integer > ",STRING_LITERAL, line no: 61,output,SIMPLE_NAME, line no: 49, 0.005076527627997041, insert, 0.52, 0.0, 0.08695652173913043
"\nEnter an integer > ",STRING_LITERAL, line no: 61,digit,SIMPLE_NAME, line no: 60, 0.005076527627997041, insert, 0.96, 0.0, 0.08695652173913043
"\nEnter an integer > ",STRING_LITERAL, line no: 61,IntObj,SIMPLE_NAME, line no: 60, 0.004985094475730845, insert, 0.96, 0.0, 0.08695652173913043
"\nThat's all  have a nice day!\n",STRING_LITERAL, line no: 71,format,SIMPLE_NAME, line no: 61, 0.004975039167425355, insert, 1.0, 0.0, 0.058823529411764705
n.value,QUALIFIED_NAME, line no: 69,value,SIMPLE_NAME, line no: 7, 0.004901119316435365, insert, 0.1016949152542373, 0.5, 0.7142857142857143
output+=(String.format("\nThat's all  have a nice day!\n")); ,EXPRESSION_STATEMENT, line no: 71,n.value=n.value * -1; ,EXPRESSION_STATEMENT, line no: 66, 0.004831868229233473, insert, 0.13541666666666666, 0.0, 0.18032786885245902
String,SIMPLE_NAME, line no: 61,args,SIMPLE_NAME, line no: 50, 0.0048002404939752755, insert, 0.55, 0.0, 0.3333333333333333
String,SIMPLE_NAME, line no: 61,length,SIMPLE_NAME, line no: 50, 0.0048002404939752755, insert, 0.55, 0.0, 0.3333333333333333
String,SIMPLE_NAME, line no: 61,System,SIMPLE_NAME, line no: 53, 0.0048002404939752755, insert, 0.19, 0.0, 0.3333333333333333
format,SIMPLE_NAME, line no: 61,out,SIMPLE_NAME, line no: 56, 0.0048002404939752755, insert, 0.55, 0.0, 0.3333333333333333
String,SIMPLE_NAME, line no: 71,args,SIMPLE_NAME, line no: 50, 0.0048002404939752755, insert, 0.55, 0.0, 0.3333333333333333
String,SIMPLE_NAME, line no: 71,length,SIMPLE_NAME, line no: 50, 0.0048002404939752755, insert, 0.55, 0.0, 0.3333333333333333
String,SIMPLE_NAME, line no: 71,System,SIMPLE_NAME, line no: 53, 0.0048002404939752755, insert, 0.19, 0.0, 0.3333333333333333
format,SIMPLE_NAME, line no: 71,out,SIMPLE_NAME, line no: 56, 0.0048002404939752755, insert, 0.55, 0.0, 0.3333333333333333
"\nThat's all  have a nice day!\n",STRING_LITERAL, line no: 71,IntObj,SIMPLE_NAME, line no: 60, 0.004792172862892964, insert, 0.96, 0.0, 0.058823529411764705
"\nEnter an integer > ",STRING_LITERAL, line no: 61,n,SIMPLE_NAME, line no: 60, 0.00468694289225412, insert, 0.96, 0.0, 0.043478260869565216
"\nThat's all  have a nice day!\n",STRING_LITERAL, line no: 71,output,SIMPLE_NAME, line no: 49, 0.0046819152381013755, insert, 0.52, 0.0, 0.029411764705882353
"\nThat's all  have a nice day!\n",STRING_LITERAL, line no: 71,digit,SIMPLE_NAME, line no: 60, 0.0046819152381013755, insert, 0.96, 0.0, 0.029411764705882353
"\nThat's all  have a nice day!\n",STRING_LITERAL, line no: 71,n,SIMPLE_NAME, line no: 60, 0.004590482085835179, insert, 0.96, 0.0, 0.029411764705882353
scanner,SIMPLE_NAME, line no: 62,args,SIMPLE_NAME, line no: 50, 0.004499091619447726, insert, 0.5555555555555556, 0.0, 0.2857142857142857
scanner,SIMPLE_NAME, line no: 62,System,SIMPLE_NAME, line no: 53, 0.004499091619447726, insert, 0.1919191919191919, 0.0, 0.2857142857142857
scanner,SIMPLE_NAME, line no: 62,println,SIMPLE_NAME, line no: 56, 0.004452913259717323, insert, 0.5454545454545454, 0.0, 0.2857142857142857
nextInt,SIMPLE_NAME, line no: 62,exec,SIMPLE_NAME, line no: 55, 0.004452913259717323, insert, 0.5454545454545454, 0.0, 0.2857142857142857
n.value=n.value * -1; ,EXPRESSION_STATEMENT, line no: 66,n.value=digit.value % 10; ,EXPRESSION_STATEMENT, line no: 64, 0.004446613797076942, insert, 1.0, 2.0, 0.7307692307692307
format,SIMPLE_NAME, line no: 61,println,SIMPLE_NAME, line no: 56, 0.004427976945462908, insert, 0.54, 0.0, 0.2857142857142857
format,SIMPLE_NAME, line no: 71,println,SIMPLE_NAME, line no: 56, 0.004427976945462908, insert, 0.54, 0.0, 0.2857142857142857
scanner,SIMPLE_NAME, line no: 62,mainClass,SIMPLE_NAME, line no: 48, 0.004063695656275366, insert, 0.5252525252525253, 0.0, 0.2222222222222222
String,SIMPLE_NAME, line no: 61,mainClass,SIMPLE_NAME, line no: 48, 0.004038297558423645, insert, 0.52, 0.0, 0.2222222222222222
format,SIMPLE_NAME, line no: 61,mainClass,SIMPLE_NAME, line no: 48, 0.004038297558423645, insert, 0.52, 0.0, 0.2222222222222222
String,SIMPLE_NAME, line no: 71,mainClass,SIMPLE_NAME, line no: 48, 0.004038297558423645, insert, 0.52, 0.0, 0.2222222222222222
format,SIMPLE_NAME, line no: 71,mainClass,SIMPLE_NAME, line no: 48, 0.004038297558423645, insert, 0.52, 0.0, 0.2222222222222222
"\nEnter an integer > ",STRING_LITERAL, line no: 61,println,SIMPLE_NAME, line no: 56, 0.0036613014450941855, insert, 0.54, 0.0, 0.17391304347826086
String,SIMPLE_NAME, line no: 61,out,SIMPLE_NAME, line no: 56, 0.003657326090647829, insert, 0.55, 0.0, 0.16666666666666666
format,SIMPLE_NAME, line no: 61,args,SIMPLE_NAME, line no: 50, 0.003657326090647829, insert, 0.55, 0.0, 0.16666666666666666
format,SIMPLE_NAME, line no: 61,length,SIMPLE_NAME, line no: 50, 0.003657326090647829, insert, 0.55, 0.0, 0.16666666666666666
format,SIMPLE_NAME, line no: 61,System,SIMPLE_NAME, line no: 53, 0.003657326090647829, insert, 0.19, 0.0, 0.16666666666666666
String,SIMPLE_NAME, line no: 71,out,SIMPLE_NAME, line no: 56, 0.003657326090647829, insert, 0.55, 0.0, 0.16666666666666666
format,SIMPLE_NAME, line no: 71,args,SIMPLE_NAME, line no: 50, 0.003657326090647829, insert, 0.55, 0.0, 0.16666666666666666
format,SIMPLE_NAME, line no: 71,length,SIMPLE_NAME, line no: 50, 0.003657326090647829, insert, 0.55, 0.0, 0.16666666666666666
format,SIMPLE_NAME, line no: 71,System,SIMPLE_NAME, line no: 53, 0.003657326090647829, insert, 0.19, 0.0, 0.16666666666666666
n.value=n.value * -1; ,EXPRESSION_STATEMENT, line no: 66,digit.value=(digit.value - n.value) / 10; ,EXPRESSION_STATEMENT, line no: 68, 0.0035607877195465427, insert, 1.0, 2.0, 0.4523809523809524
String,SIMPLE_NAME, line no: 69,digit,SIMPLE_NAME, line no: 60, 0.0035490864015566437, insert, 1.0, 0.0, 0.3333333333333333
format,SIMPLE_NAME, line no: 69,output,SIMPLE_NAME, line no: 49, 0.0035490864015566437, insert, 0.711864406779661, 0.0, 0.3333333333333333
scanner,SIMPLE_NAME, line no: 62,length,SIMPLE_NAME, line no: 50, 0.003519450702309915, insert, 0.5555555555555556, 0.0, 0.14285714285714285
nextInt,SIMPLE_NAME, line no: 62,System,SIMPLE_NAME, line no: 53, 0.003519450702309915, insert, 0.1919191919191919, 0.0, 0.14285714285714285
nextInt,SIMPLE_NAME, line no: 62,out,SIMPLE_NAME, line no: 56, 0.003519450702309915, insert, 0.5555555555555556, 0.0, 0.14285714285714285
scanner,SIMPLE_NAME, line no: 62,exec,SIMPLE_NAME, line no: 55, 0.003473272342579513, insert, 0.5454545454545454, 0.0, 0.14285714285714285
"\nEnter an integer > ",STRING_LITERAL, line no: 61,mainClass,SIMPLE_NAME, line no: 48, 0.003408866437750558, insert, 0.52, 0.0, 0.13043478260869565
"\nEnter an integer > ",STRING_LITERAL, line no: 61,length,SIMPLE_NAME, line no: 50, 0.003408866437750558, insert, 0.55, 0.0, 0.13043478260869565
String,SIMPLE_NAME, line no: 69,nextInt,SIMPLE_NAME, line no: 62, 0.003380082287196803, insert, 1.0, 0.0, 0.2857142857142857
n.value,QUALIFIED_NAME, line no: 69,scanner,SIMPLE_NAME, line no: 51, 0.003380082287196803, insert, 0.2711864406779661, 0.0, 0.2857142857142857
n.value,QUALIFIED_NAME, line no: 69,nextInt,SIMPLE_NAME, line no: 62, 0.003380082287196803, insert, 1.0, 0.0, 0.2857142857142857
value,SIMPLE_NAME, line no: 69,scanner,SIMPLE_NAME, line no: 51, 0.003380082287196803, insert, 0.26666666666666666, 0.0, 0.2857142857142857
n.value=n.value * -1; ,EXPRESSION_STATEMENT, line no: 66,digit.value=scanner.nextInt(); ,EXPRESSION_STATEMENT, line no: 62, 0.0033530547365942737, insert, 1.0, 0.75, 0.3870967741935484
nextInt,SIMPLE_NAME, line no: 62,mainClass,SIMPLE_NAME, line no: 48, 0.003301752720723735, insert, 0.5252525252525253, 0.0, 0.1111111111111111
"\nThat's all  have a nice day!\n",STRING_LITERAL, line no: 71,println,SIMPLE_NAME, line no: 56, 0.0032754582194184237, insert, 0.54, 0.0, 0.11764705882352941
String,SIMPLE_NAME, line no: 69,println,SIMPLE_NAME, line no: 56, 0.0032454518910118462, insert, 0.7288135593220338, 0.0, 0.42857142857142855
String,SIMPLE_NAME, line no: 61,util,SIMPLE_NAME, line no: 44, 0.0032001603293168508, insert, 0.02, 0.0, 0.3333333333333333
String,SIMPLE_NAME, line no: 71,util,SIMPLE_NAME, line no: 44, 0.0032001603293168508, insert, 0.02, 0.0, 0.3333333333333333
"\nThat's all  have a nice day!\n",STRING_LITERAL, line no: 71,digits_98d873cd_003,SIMPLE_NAME, line no: 48, 0.003184025067152228, insert, 0.52, 0.0, 0.11764705882352941
String,SIMPLE_NAME, line no: 61,in,SIMPLE_NAME, line no: 53, 0.0031544437531837526, insert, 0.19, 0.0, 0.3333333333333333
String,SIMPLE_NAME, line no: 71,in,SIMPLE_NAME, line no: 53, 0.0031544437531837526, insert, 0.19, 0.0, 0.3333333333333333
scanner,SIMPLE_NAME, line no: 62,digits_98d873cd_003,SIMPLE_NAME, line no: 48, 0.0031231153817666535, insert, 0.5252525252525253, 0.0, 0.10526315789473684
"\nThat's all  have a nice day!\n",STRING_LITERAL, line no: 71,mainClass,SIMPLE_NAME, line no: 48, 0.0031194840184937365, insert, 0.52, 0.0, 0.08823529411764706
"\nThat's all  have a nice day!\n",STRING_LITERAL, line no: 71,length,SIMPLE_NAME, line no: 50, 0.0031194840184937365, insert, 0.55, 0.0, 0.08823529411764706
"\nEnter an integer > ",STRING_LITERAL, line no: 61,args,SIMPLE_NAME, line no: 50, 0.0031107148542738328, insert, 0.55, 0.0, 0.08695652173913043
"\nEnter an integer > ",STRING_LITERAL, line no: 61,System,SIMPLE_NAME, line no: 53, 0.0031107148542738328, insert, 0.19, 0.0, 0.08695652173913043
String,SIMPLE_NAME, line no: 61,digits_98d873cd_003,SIMPLE_NAME, line no: 48, 0.0030991026347068442, insert, 0.52, 0.0, 0.10526315789473684
String,SIMPLE_NAME, line no: 71,digits_98d873cd_003,SIMPLE_NAME, line no: 48, 0.0030991026347068442, insert, 0.52, 0.0, 0.10526315789473684
"\nEnter an integer > ",STRING_LITERAL, line no: 61,exec,SIMPLE_NAME, line no: 55, 0.003064998278140735, insert, 0.54, 0.0, 0.08695652173913043
n.value=n.value * -1; ,EXPRESSION_STATEMENT, line no: 66,output+=(String.format("\n%d" n.value)); ,EXPRESSION_STATEMENT, line no: 69, 0.0030526317139029004, insert, 1.0, 2.0, 0.2926829268292683
"\nEnter an integer > ",STRING_LITERAL, line no: 61,digits_98d873cd_003,SIMPLE_NAME, line no: 48, 0.002973565125874539, insert, 0.52, 0.0, 0.08695652173913043
String,SIMPLE_NAME, line no: 69,output,SIMPLE_NAME, line no: 49, 0.002957572001297203, insert, 0.711864406779661, 0.0, 0.16666666666666666
String,SIMPLE_NAME, line no: 69,IntObj,SIMPLE_NAME, line no: 60, 0.002957572001297203, insert, 1.0, 0.0, 0.16666666666666666
String,SIMPLE_NAME, line no: 69,n,SIMPLE_NAME, line no: 60, 0.002957572001297203, insert, 1.0, 0.0, 0.16666666666666666
String,SIMPLE_NAME, line no: 69,format,SIMPLE_NAME, line no: 61, 0.002957572001297203, insert, 1.0, 0.0, 0.16666666666666666
format,SIMPLE_NAME, line no: 69,value,SIMPLE_NAME, line no: 7, 0.002957572001297203, insert, 0.1016949152542373, 0.0, 0.16666666666666666
format,SIMPLE_NAME, line no: 69,String,SIMPLE_NAME, line no: 49, 0.002957572001297203, insert, 0.711864406779661, 0.0, 0.16666666666666666
format,SIMPLE_NAME, line no: 69,IntObj,SIMPLE_NAME, line no: 60, 0.002957572001297203, insert, 1.0, 0.0, 0.16666666666666666
format,SIMPLE_NAME, line no: 69,digit,SIMPLE_NAME, line no: 60, 0.002957572001297203, insert, 1.0, 0.0, 0.16666666666666666
"\n%d",STRING_LITERAL, line no: 69,String,SIMPLE_NAME, line no: 49, 0.002957572001297203, insert, 0.711864406779661, 0.0, 0.16666666666666666
"\n%d",STRING_LITERAL, line no: 69,IntObj,SIMPLE_NAME, line no: 60, 0.002957572001297203, insert, 1.0, 0.0, 0.16666666666666666
"\n%d",STRING_LITERAL, line no: 69,digit,SIMPLE_NAME, line no: 60, 0.002957572001297203, insert, 1.0, 0.0, 0.16666666666666666
"\n%d",STRING_LITERAL, line no: 69,n,SIMPLE_NAME, line no: 60, 0.002957572001297203, insert, 1.0, 0.0, 0.16666666666666666
n,SIMPLE_NAME, line no: 69,String,SIMPLE_NAME, line no: 49, 0.002957572001297203, insert, 0.7166666666666667, 0.0, 0.16666666666666666
n,SIMPLE_NAME, line no: 69,IntObj,SIMPLE_NAME, line no: 60, 0.002957572001297203, insert, 1.0, 0.0, 0.16666666666666666
value,SIMPLE_NAME, line no: 69,output,SIMPLE_NAME, line no: 49, 0.002957572001297203, insert, 0.7166666666666667, 0.0, 0.16666666666666666
value,SIMPLE_NAME, line no: 69,format,SIMPLE_NAME, line no: 61, 0.002957572001297203, insert, 1.0, 0.0, 0.16666666666666666
value,SIMPLE_NAME, line no: 69,length,SIMPLE_NAME, line no: 50, 0.0029181377079465737, insert, 0.7333333333333333, 0.0, 0.3333333333333333
"\nThat's all  have a nice day!\n",STRING_LITERAL, line no: 71,args,SIMPLE_NAME, line no: 50, 0.002917793241435952, insert, 0.55, 0.0, 0.058823529411764705
"\nThat's all  have a nice day!\n",STRING_LITERAL, line no: 71,System,SIMPLE_NAME, line no: 53, 0.002917793241435952, insert, 0.19, 0.0, 0.058823529411764705
String,SIMPLE_NAME, line no: 69,args,SIMPLE_NAME, line no: 50, 0.002907443662292166, insert, 0.7288135593220338, 0.0, 0.3333333333333333
String,SIMPLE_NAME, line no: 69,length,SIMPLE_NAME, line no: 50, 0.002907443662292166, insert, 0.7288135593220338, 0.0, 0.3333333333333333
String,SIMPLE_NAME, line no: 69,System,SIMPLE_NAME, line no: 53, 0.002907443662292166, insert, 0.288135593220339, 0.0, 0.3333333333333333
format,SIMPLE_NAME, line no: 69,out,SIMPLE_NAME, line no: 56, 0.002907443662292166, insert, 0.7288135593220338, 0.0, 0.3333333333333333
String,SIMPLE_NAME, line no: 69,scanner,SIMPLE_NAME, line no: 51, 0.002873069944117283, insert, 0.2711864406779661, 0.0, 0.14285714285714285
format,SIMPLE_NAME, line no: 69,scanner,SIMPLE_NAME, line no: 51, 0.002873069944117283, insert, 0.2711864406779661, 0.0, 0.14285714285714285
format,SIMPLE_NAME, line no: 69,nextInt,SIMPLE_NAME, line no: 62, 0.002873069944117283, insert, 1.0, 0.0, 0.14285714285714285
"\n%d",STRING_LITERAL, line no: 69,scanner,SIMPLE_NAME, line no: 51, 0.002873069944117283, insert, 0.2711864406779661, 0.0, 0.14285714285714285
"\n%d",STRING_LITERAL, line no: 69,nextInt,SIMPLE_NAME, line no: 62, 0.002873069944117283, insert, 1.0, 0.0, 0.14285714285714285
n.value,QUALIFIED_NAME, line no: 69,String,SIMPLE_NAME, line no: 49, 0.002873069944117283, insert, 0.711864406779661, 0.0, 0.14285714285714285
n.value,QUALIFIED_NAME, line no: 69,output,SIMPLE_NAME, line no: 49, 0.002873069944117283, insert, 0.711864406779661, 0.0, 0.14285714285714285
n.value,QUALIFIED_NAME, line no: 69,IntObj,SIMPLE_NAME, line no: 60, 0.002873069944117283, insert, 1.0, 0.0, 0.14285714285714285
n.value,QUALIFIED_NAME, line no: 69,n,SIMPLE_NAME, line no: 60, 0.002873069944117283, insert, 1.0, 0.5, 0.14285714285714285
n.value,QUALIFIED_NAME, line no: 69,format,SIMPLE_NAME, line no: 61, 0.002873069944117283, insert, 1.0, 0.0, 0.14285714285714285
n,SIMPLE_NAME, line no: 69,scanner,SIMPLE_NAME, line no: 51, 0.002873069944117283, insert, 0.26666666666666666, 0.0, 0.14285714285714285
n,SIMPLE_NAME, line no: 69,nextInt,SIMPLE_NAME, line no: 62, 0.002873069944117283, insert, 1.0, 0.0, 0.14285714285714285
value,SIMPLE_NAME, line no: 69,nextInt,SIMPLE_NAME, line no: 62, 0.002873069944117283, insert, 1.0, 0.0, 0.14285714285714285
"\nThat's all  have a nice day!\n",STRING_LITERAL, line no: 71,exec,SIMPLE_NAME, line no: 55, 0.002872076665302854, insert, 0.54, 0.0, 0.058823529411764705
nextInt,SIMPLE_NAME, line no: 62,Scanner,SIMPLE_NAME, line no: 44, 0.002836670669153258, insert, 0.010101010101010102, 0.0, 0.2857142857142857
String,SIMPLE_NAME, line no: 61,Scanner,SIMPLE_NAME, line no: 44, 0.0028278967808044817, insert, 0.01, 0.0, 0.2857142857142857
String,SIMPLE_NAME, line no: 71,Scanner,SIMPLE_NAME, line no: 44, 0.0028278967808044817, insert, 0.01, 0.0, 0.2857142857142857
"\nEnter an integer > ",STRING_LITERAL, line no: 61,out,SIMPLE_NAME, line no: 56, 0.0028125632707971075, insert, 0.55, 0.0, 0.043478260869565216
nextInt,SIMPLE_NAME, line no: 62,digits_98d873cd_003,SIMPLE_NAME, line no: 48, 0.0027621950438737755, insert, 0.5252525252525253, 0.0, 0.05263157894736842
n.value=n.value * -1; ,EXPRESSION_STATEMENT, line no: 66,output+=(String.format("\nEnter an integer > ")); ,EXPRESSION_STATEMENT, line no: 61, 0.002757716446627535, insert, 1.0, 0.0, 0.2
format,SIMPLE_NAME, line no: 69,println,SIMPLE_NAME, line no: 56, 0.002738439547932326, insert, 0.7288135593220338, 0.0, 0.2857142857142857
n.value,QUALIFIED_NAME, line no: 69,length,SIMPLE_NAME, line no: 50, 0.002738439547932326, insert, 0.7288135593220338, 0.0, 0.2857142857142857
n.value,QUALIFIED_NAME, line no: 69,println,SIMPLE_NAME, line no: 56, 0.002738439547932326, insert, 0.7288135593220338, 0.0, 0.2857142857142857
format,SIMPLE_NAME, line no: 61,digits_98d873cd_003,SIMPLE_NAME, line no: 48, 0.0027381822968139667, insert, 0.52, 0.0, 0.05263157894736842
format,SIMPLE_NAME, line no: 71,digits_98d873cd_003,SIMPLE_NAME, line no: 48, 0.0027381822968139667, insert, 0.52, 0.0, 0.05263157894736842
"\nThat's all  have a nice day!\n",STRING_LITERAL, line no: 71,out,SIMPLE_NAME, line no: 56, 0.002716102464378167, insert, 0.55, 0.0, 0.029411764705882353
n.value=n.value * -1; ,EXPRESSION_STATEMENT, line no: 66,output+=(String.format("\nThat's all  have a nice day!\n")); ,EXPRESSION_STATEMENT, line no: 71, 0.002695120108620857, insert, 1.0, 0.0, 0.18032786885245902
n.value=n.value * -1; ,EXPRESSION_STATEMENT, line no: 66,mainClass.exec(); ,EXPRESSION_STATEMENT, line no: 55, 0.0026627762354472432, insert, 0.8461538461538461, 0.0, 0.2727272727272727
value,SIMPLE_NAME, line no: 69,mainClass,SIMPLE_NAME, line no: 48, 0.00252379477444028, insert, 0.7166666666666667, 0.0, 0.2222222222222222
String,SIMPLE_NAME, line no: 69,mainClass,SIMPLE_NAME, line no: 48, 0.0025131007287858722, insert, 0.711864406779661, 0.0, 0.2222222222222222
format,SIMPLE_NAME, line no: 69,mainClass,SIMPLE_NAME, line no: 48, 0.0025131007287858722, insert, 0.711864406779661, 0.0, 0.2222222222222222
n.value,QUALIFIED_NAME, line no: 69,mainClass,SIMPLE_NAME, line no: 48, 0.0025131007287858722, insert, 0.711864406779661, 0.0, 0.2222222222222222
n.value=n.value * -1; ,EXPRESSION_STATEMENT, line no: 66,System.out.println(mainClass.output); ,EXPRESSION_STATEMENT, line no: 56, 0.0024648540024356977, insert, 0.8461538461538461, 0.0, 0.21052631578947367
n,SIMPLE_NAME, line no: 69,in,SIMPLE_NAME, line no: 53, 0.0024449261877390214, insert, 0.2833333333333333, 0.0, 0.5
value,SIMPLE_NAME, line no: 69,args,SIMPLE_NAME, line no: 50, 0.0024449261877390214, insert, 0.7333333333333333, 0.0, 0.2
value,SIMPLE_NAME, line no: 69,exec,SIMPLE_NAME, line no: 55, 0.0024449261877390214, insert, 0.7333333333333333, 0.0, 0.2
value,SIMPLE_NAME, line no: 69,out,SIMPLE_NAME, line no: 56, 0.0024449261877390214, insert, 0.7333333333333333, 0.0, 0.2
n.value=n.value * -1; ,EXPRESSION_STATEMENT, line no: 66,mainClass.scanner=new java.util.Scanner(args[0]); ,EXPRESSION_STATEMENT, line no: 51, 0.002395460203342735, insert, 0.7692307692307693, 0.0, 0.24
"\nEnter an integer > ",STRING_LITERAL, line no: 61,Scanner,SIMPLE_NAME, line no: 44, 0.002359372863912485, insert, 0.01, 0.0, 0.21739130434782608
n,SIMPLE_NAME, line no: 69,length,SIMPLE_NAME, line no: 50, 0.002326623307687133, insert, 0.7333333333333333, 0.0, 0.16666666666666666
value,SIMPLE_NAME, line no: 69,System,SIMPLE_NAME, line no: 53, 0.002326623307687133, insert, 0.2833333333333333, 0.0, 0.16666666666666666
String,SIMPLE_NAME, line no: 69,out,SIMPLE_NAME, line no: 56, 0.002315929262032725, insert, 0.7288135593220338, 0.0, 0.16666666666666666
format,SIMPLE_NAME, line no: 69,args,SIMPLE_NAME, line no: 50, 0.002315929262032725, insert, 0.7288135593220338, 0.0, 0.16666666666666666
format,SIMPLE_NAME, line no: 69,length,SIMPLE_NAME, line no: 50, 0.002315929262032725, insert, 0.7288135593220338, 0.0, 0.16666666666666666
format,SIMPLE_NAME, line no: 69,System,SIMPLE_NAME, line no: 53, 0.002315929262032725, insert, 0.288135593220339, 0.0, 0.16666666666666666
"\n%d",STRING_LITERAL, line no: 69,length,SIMPLE_NAME, line no: 50, 0.002315929262032725, insert, 0.7288135593220338, 0.0, 0.16666666666666666
output+=(String.format("\nEnter an integer > ")); ,EXPRESSION_STATEMENT, line no: 61,value=i; ,EXPRESSION_STATEMENT, line no: 7, 0.0022815687423187415, insert, 0.041666666666666664, 0.0, 0.1
output+=(String.format("\nThat's all  have a nice day!\n")); ,EXPRESSION_STATEMENT, line no: 71,value=i; ,EXPRESSION_STATEMENT, line no: 7, 0.0022522970121963345, insert, 0.041666666666666664, 0.0, 0.09836065573770492
n,SIMPLE_NAME, line no: 69,println,SIMPLE_NAME, line no: 56, 0.0022421212505072128, insert, 0.7333333333333333, 0.0, 0.14285714285714285
value,SIMPLE_NAME, line no: 69,println,SIMPLE_NAME, line no: 56, 0.0022421212505072128, insert, 0.7333333333333333, 0.0, 0.14285714285714285
"\n%d",STRING_LITERAL, line no: 69,println,SIMPLE_NAME, line no: 56, 0.002231427204852805, insert, 0.7288135593220338, 0.0, 0.14285714285714285
n.value,QUALIFIED_NAME, line no: 69,args,SIMPLE_NAME, line no: 50, 0.002231427204852805, insert, 0.7288135593220338, 0.0, 0.14285714285714285
n.value,QUALIFIED_NAME, line no: 69,System,SIMPLE_NAME, line no: 53, 0.002231427204852805, insert, 0.288135593220339, 0.0, 0.14285714285714285
n.value,QUALIFIED_NAME, line no: 69,exec,SIMPLE_NAME, line no: 55, 0.002231427204852805, insert, 0.7288135593220338, 0.0, 0.14285714285714285
n.value,QUALIFIED_NAME, line no: 69,out,SIMPLE_NAME, line no: 56, 0.002231427204852805, insert, 0.7288135593220338, 0.0, 0.14285714285714285
n.value=n.value * -1; ,EXPRESSION_STATEMENT, line no: 66,mainClass.scanner=new java.util.Scanner(System.in); ,EXPRESSION_STATEMENT, line no: 53, 0.0022029095875427058, insert, 0.6923076923076923, 0.0, 0.23076923076923078
n,SIMPLE_NAME, line no: 69,mainClass,SIMPLE_NAME, line no: 48, 0.002129451840933986, insert, 0.7166666666666667, 0.0, 0.1111111111111111
value,SIMPLE_NAME, line no: 69,java,SIMPLE_NAME, line no: 44, 0.002129451840933986, insert, 0.03333333333333333, 0.0, 0.4
"\n%d",STRING_LITERAL, line no: 69,mainClass,SIMPLE_NAME, line no: 48, 0.002118757795279578, insert, 0.711864406779661, 0.0, 0.1111111111111111
String,SIMPLE_NAME, line no: 69,digits_98d873cd_003,SIMPLE_NAME, line no: 48, 0.002057900232838375, insert, 0.711864406779661, 0.0, 0.10526315789473684
format,SIMPLE_NAME, line no: 61,java,SIMPLE_NAME, line no: 44, 0.0020572459259894037, insert, 0.02, 0.0, 0.16666666666666666
format,SIMPLE_NAME, line no: 61,util,SIMPLE_NAME, line no: 44, 0.0020572459259894037, insert, 0.02, 0.0, 0.16666666666666666
format,SIMPLE_NAME, line no: 71,java,SIMPLE_NAME, line no: 44, 0.0020572459259894037, insert, 0.02, 0.0, 0.16666666666666666
format,SIMPLE_NAME, line no: 71,util,SIMPLE_NAME, line no: 44, 0.0020572459259894037, insert, 0.02, 0.0, 0.16666666666666666
String,SIMPLE_NAME, line no: 69,util,SIMPLE_NAME, line no: 44, 0.001904876882191419, insert, 0.03389830508474576, 0.0, 0.3333333333333333
scanner,SIMPLE_NAME, line no: 62,java,SIMPLE_NAME, line no: 44, 0.0019032081117458489, insert, 0.020202020202020204, 0.0, 0.14285714285714285
nextInt,SIMPLE_NAME, line no: 62,util,SIMPLE_NAME, line no: 44, 0.0019032081117458489, insert, 0.020202020202020204, 0.0, 0.14285714285714285
format,SIMPLE_NAME, line no: 69,digits_98d873cd_003,SIMPLE_NAME, line no: 48, 0.0018711062117038148, insert, 0.711864406779661, 0.0, 0.05263157894736842
"\n%d",STRING_LITERAL, line no: 69,digits_98d873cd_003,SIMPLE_NAME, line no: 48, 0.0018711062117038148, insert, 0.711864406779661, 0.0, 0.05263157894736842
String,SIMPLE_NAME, line no: 69,in,SIMPLE_NAME, line no: 53, 0.0018647742109873893, insert, 0.288135593220339, 0.0, 0.3333333333333333
scanner,SIMPLE_NAME, line no: 62,in,SIMPLE_NAME, line no: 53, 0.0018570297520154467, insert, 0.1919191919191919, 0.0, 0.14285714285714285
nextInt,SIMPLE_NAME, line no: 62,in,SIMPLE_NAME, line no: 53, 0.0018570297520154467, insert, 0.1919191919191919, 0.0, 0.14285714285714285
format,SIMPLE_NAME, line no: 61,Scanner,SIMPLE_NAME, line no: 44, 0.0018482558636666706, insert, 0.01, 0.0, 0.14285714285714285
format,SIMPLE_NAME, line no: 71,Scanner,SIMPLE_NAME, line no: 44, 0.0018482558636666706, insert, 0.01, 0.0, 0.14285714285714285
n.value=n.value * -1; ,EXPRESSION_STATEMENT, line no: 66,value=i; ,EXPRESSION_STATEMENT, line no: 7, 0.0018097977756243101, insert, 0.3076923076923077, 0.5, 0.36363636363636365
n.value,QUALIFIED_NAME, line no: 69,java,SIMPLE_NAME, line no: 44, 0.001735872767831579, insert, 0.03389830508474576, 0.0, 0.2857142857142857
String,SIMPLE_NAME, line no: 69,Scanner,SIMPLE_NAME, line no: 44, 0.001695770096627549, insert, 0.01694915254237288, 0.0, 0.2857142857142857
n.value,QUALIFIED_NAME, line no: 69,Scanner,SIMPLE_NAME, line no: 44, 0.001695770096627549, insert, 0.01694915254237288, 0.0, 0.2857142857142857
value,SIMPLE_NAME, line no: 69,Scanner,SIMPLE_NAME, line no: 44, 0.0016844076731197405, insert, 0.016666666666666666, 0.0, 0.2857142857142857
"\nThat's all  have a nice day!\n",STRING_LITERAL, line no: 71,java,SIMPLE_NAME, line no: 44, 0.0015194038538353116, insert, 0.02, 0.0, 0.08823529411764706
"\nEnter an integer > ",STRING_LITERAL, line no: 61,util,SIMPLE_NAME, line no: 44, 0.0015106346896154078, insert, 0.02, 0.0, 0.08695652173913043
"\nThat's all  have a nice day!\n",STRING_LITERAL, line no: 71,Scanner,SIMPLE_NAME, line no: 44, 0.0014736872777022137, insert, 0.01, 0.0, 0.08823529411764706
"\nEnter an integer > ",STRING_LITERAL, line no: 61,in,SIMPLE_NAME, line no: 53, 0.0014649181134823099, insert, 0.19, 0.0, 0.08695652173913043
value,SIMPLE_NAME, line no: 69,util,SIMPLE_NAME, line no: 44, 0.0014196345606226574, insert, 0.03333333333333333, 0.0, 0.2
n.value,QUALIFIED_NAME, line no: 69,n.value,QUALIFIED_NAME, line no: 64, 0.001417366773784602, insert, 0.9661016949152542, 2.0, 1.0
String,SIMPLE_NAME, line no: 61,i,SIMPLE_NAME, line no: 7, 0.0014172138601260336, insert, 0.06, 0.0, 0.16666666666666666
String,SIMPLE_NAME, line no: 71,i,SIMPLE_NAME, line no: 7, 0.0014172138601260336, insert, 0.06, 0.0, 0.16666666666666666
scanner,SIMPLE_NAME, line no: 62,digit.value,QUALIFIED_NAME, line no: 62, 0.001383137771477692, insert, 0.98989898989899, 0.0, 0.18181818181818182
String,SIMPLE_NAME, line no: 61,digit.value,QUALIFIED_NAME, line no: 62, 0.001372293971349307, insert, 0.98, 0.0, 0.18181818181818182
String,SIMPLE_NAME, line no: 71,digit.value,QUALIFIED_NAME, line no: 62, 0.001372293971349307, insert, 0.98, 0.0, 0.18181818181818182
digit.value=scanner.nextInt(); ,EXPRESSION_STATEMENT, line no: 62,if (true) return; ,IF_STATEMENT, line no: 72, 0.001365419330451588, insert, 1.0, 0.0, 0.3225806451612903
"\nThat's all  have a nice day!\n",STRING_LITERAL, line no: 71,util,SIMPLE_NAME, line no: 44, 0.0013177130767775267, insert, 0.02, 0.0, 0.058823529411764705
format,SIMPLE_NAME, line no: 69,java,SIMPLE_NAME, line no: 44, 0.0013133624819319783, insert, 0.03389830508474576, 0.0, 0.16666666666666666
format,SIMPLE_NAME, line no: 69,util,SIMPLE_NAME, line no: 44, 0.0013133624819319783, insert, 0.03389830508474576, 0.0, 0.16666666666666666
"\nEnter an integer > ",STRING_LITERAL, line no: 61,digit.value,QUALIFIED_NAME, line no: 62, 0.0012878624308643209, insert, 0.98, 0.0, 0.13043478260869565
"\n%d",STRING_LITERAL, line no: 69,in,SIMPLE_NAME, line no: 53, 0.0012732598107279484, insert, 0.288135593220339, 0.0, 0.16666666666666666
"\nThat's all  have a nice day!\n",STRING_LITERAL, line no: 71,in,SIMPLE_NAME, line no: 53, 0.0012719965006444288, insert, 0.19, 0.0, 0.058823529411764705
"\nThat's all  have a nice day!\n",STRING_LITERAL, line no: 71,digit.value,QUALIFIED_NAME, line no: 62, 0.001266850056535478, insert, 0.98, 0.0, 0.11764705882352941
nextInt,SIMPLE_NAME, line no: 62,digit.value,QUALIFIED_NAME, line no: 62, 0.0012337588921581015, insert, 0.98989898989899, 0.0, 0.09090909090909091
n.value,QUALIFIED_NAME, line no: 69,util,SIMPLE_NAME, line no: 44, 0.0012288604247520582, insert, 0.03389830508474576, 0.0, 0.14285714285714285
format,SIMPLE_NAME, line no: 61,digit.value,QUALIFIED_NAME, line no: 62, 0.0012229150920297163, insert, 0.98, 0.0, 0.09090909090909091
format,SIMPLE_NAME, line no: 71,digit.value,QUALIFIED_NAME, line no: 62, 0.0012229150920297163, insert, 0.98, 0.0, 0.09090909090909091
"\nEnter an integer > ",STRING_LITERAL, line no: 61,java,SIMPLE_NAME, line no: 44, 0.0012124831061386826, insert, 0.02, 0.0, 0.043478260869565216
output+=(String.format("\nEnter an integer > ")); ,EXPRESSION_STATEMENT, line no: 61,if (true) return; ,IF_STATEMENT, line no: 72, 0.0011962260655912827, insert, 1.0, 0.0, 0.2
format,SIMPLE_NAME, line no: 69,Scanner,SIMPLE_NAME, line no: 44, 0.0011887577535480284, insert, 0.01694915254237288, 0.0, 0.14285714285714285
"\n%d",STRING_LITERAL, line no: 69,Scanner,SIMPLE_NAME, line no: 44, 0.0011887577535480284, insert, 0.01694915254237288, 0.0, 0.14285714285714285
n.value,QUALIFIED_NAME, line no: 69,in,SIMPLE_NAME, line no: 53, 0.0011887577535480284, insert, 0.288135593220339, 0.0, 0.14285714285714285
n,SIMPLE_NAME, line no: 69,Scanner,SIMPLE_NAME, line no: 44, 0.00117739533004022, insert, 0.016666666666666666, 0.0, 0.14285714285714285
value,SIMPLE_NAME, line no: 69,n.value,QUALIFIED_NAME, line no: 64, 0.0011649405007391539, insert, 0.95, 1.0, 0.7142857142857143
output+=(String.format("\nThat's all  have a nice day!\n")); ,EXPRESSION_STATEMENT, line no: 71,if (true) return; ,IF_STATEMENT, line no: 72, 0.0011464461662665508, insert, 1.0, 0.0, 0.16393442622950818
scanner,SIMPLE_NAME, line no: 62,n.value,QUALIFIED_NAME, line no: 64, 0.0011223175059990413, insert, 0.5757575757575758, 0.0, 0.2857142857142857
nextInt,SIMPLE_NAME, line no: 62,n.value,QUALIFIED_NAME, line no: 64, 0.0011223175059990413, insert, 0.5757575757575758, 0.0, 0.2857142857142857
nextInt,SIMPLE_NAME, line no: 62,args.length,QUALIFIED_NAME, line no: 50, 0.001045652155237135, insert, 0.5454545454545454, 0.0, 0.2727272727272727
String,SIMPLE_NAME, line no: 61,args.length,QUALIFIED_NAME, line no: 50, 0.0010396770000643517, insert, 0.54, 0.0, 0.2727272727272727
String,SIMPLE_NAME, line no: 71,args.length,QUALIFIED_NAME, line no: 50, 0.0010396770000643517, insert, 0.54, 0.0, 0.2727272727272727
n.value,QUALIFIED_NAME, line no: 69,digit.value,QUALIFIED_NAME, line no: 62, 0.0010308121991160742, insert, 1.0, 0.6666666666666666, 0.5454545454545454
String,SIMPLE_NAME, line no: 61,true,BOOLEAN_LITERAL, line no: 72, 0.0010022592505601199, insert, 0.96, 0.0, 0.3333333333333333
String,SIMPLE_NAME, line no: 71,true,BOOLEAN_LITERAL, line no: 72, 0.0010022592505601199, insert, 0.96, 0.0, 0.3333333333333333
digit.value=scanner.nextInt(); ,EXPRESSION_STATEMENT, line no: 62,if (digit.value < -10) {   n.value=n.value * -1; } ,IF_STATEMENT, line no: 65, 9.872699099030618E-4, insert, 0.5729166666666666, 1.5, 0.3333333333333333
value,SIMPLE_NAME, line no: 69,digit.value,QUALIFIED_NAME, line no: 62, 9.535012841823685E-4, insert, 1.0, 1.0, 0.45454545454545453
output+=(String.format("\nEnter an integer > ")); ,EXPRESSION_STATEMENT, line no: 61,if (digit.value < -10) {   n.value=n.value * -1; } ,IF_STATEMENT, line no: 65, 9.331420336319631E-4, insert, 0.5729166666666666, 0.0, 0.29411764705882354
String,SIMPLE_NAME, line no: 61,System.in,QUALIFIED_NAME, line no: 53, 9.274768640420812E-4, insert, 0.18, 0.0, 0.4444444444444444
String,SIMPLE_NAME, line no: 71,System.in,QUALIFIED_NAME, line no: 53, 9.274768640420812E-4, insert, 0.18, 0.0, 0.4444444444444444
scanner,SIMPLE_NAME, line no: 62,System.out,QUALIFIED_NAME, line no: 56, 9.261490517814625E-4, insert, 0.5454545454545454, 0.0, 0.2
nextInt,SIMPLE_NAME, line no: 62,System.out,QUALIFIED_NAME, line no: 56, 9.261490517814625E-4, insert, 0.5454545454545454, 0.0, 0.2
String,SIMPLE_NAME, line no: 61,System.out,QUALIFIED_NAME, line no: 56, 9.20173896608679E-4, insert, 0.54, 0.0, 0.2
format,SIMPLE_NAME, line no: 61,System.out,QUALIFIED_NAME, line no: 56, 9.20173896608679E-4, insert, 0.54, 0.0, 0.2
String,SIMPLE_NAME, line no: 71,System.out,QUALIFIED_NAME, line no: 56, 9.20173896608679E-4, insert, 0.54, 0.0, 0.2
format,SIMPLE_NAME, line no: 71,System.out,QUALIFIED_NAME, line no: 56, 9.20173896608679E-4, insert, 0.54, 0.0, 0.2
nextInt,SIMPLE_NAME, line no: 62,mainClass.output,QUALIFIED_NAME, line no: 56, 9.056094558750189E-4, insert, 0.5454545454545454, 0.0, 0.1875
format,SIMPLE_NAME, line no: 61,mainClass.output,QUALIFIED_NAME, line no: 56, 8.996343007022353E-4, insert, 0.54, 0.0, 0.1875
format,SIMPLE_NAME, line no: 71,mainClass.output,QUALIFIED_NAME, line no: 56, 8.996343007022353E-4, insert, 0.54, 0.0, 0.1875
scanner,SIMPLE_NAME, line no: 62,args.length,QUALIFIED_NAME, line no: 50, 8.962732759175444E-4, insert, 0.5454545454545454, 0.0, 0.18181818181818182
format,SIMPLE_NAME, line no: 61,args.length,QUALIFIED_NAME, line no: 50, 8.902981207447608E-4, insert, 0.54, 0.0, 0.18181818181818182
format,SIMPLE_NAME, line no: 71,args.length,QUALIFIED_NAME, line no: 50, 8.902981207447608E-4, insert, 0.54, 0.0, 0.18181818181818182
String,SIMPLE_NAME, line no: 61,n.value,QUALIFIED_NAME, line no: 64, 8.810508567868812E-4, insert, 0.57, 0.0, 0.14285714285714285
format,SIMPLE_NAME, line no: 61,n.value,QUALIFIED_NAME, line no: 64, 8.810508567868812E-4, insert, 0.57, 0.0, 0.14285714285714285
String,SIMPLE_NAME, line no: 71,n.value,QUALIFIED_NAME, line no: 64, 8.810508567868812E-4, insert, 0.57, 0.0, 0.14285714285714285
format,SIMPLE_NAME, line no: 71,n.value,QUALIFIED_NAME, line no: 64, 8.810508567868812E-4, insert, 0.57, 0.0, 0.14285714285714285
"\nEnter an integer > ",STRING_LITERAL, line no: 61,mainClass.output,QUALIFIED_NAME, line no: 56, 8.773086529778399E-4, insert, 0.54, 0.0, 0.17391304347826086
scanner,SIMPLE_NAME, line no: 62,mainClass.scanner,QUALIFIED_NAME, line no: 51, 8.647051903097006E-4, insert, 0.16161616161616163, 1.0, 0.4117647058823529
"\nEnter an integer > ",STRING_LITERAL, line no: 61,n.value,QUALIFIED_NAME, line no: 64, 8.606388360102913E-4, insert, 0.57, 0.0, 0.13043478260869565
output+=(String.format("\nThat's all  have a nice day!\n")); ,EXPRESSION_STATEMENT, line no: 71,if (digit.value < -10) {   n.value=n.value * -1; } ,IF_STATEMENT, line no: 65, 8.439641391197431E-4, insert, 0.5729166666666666, 0.0, 0.22950819672131148
"\nThat's all  have a nice day!\n",STRING_LITERAL, line no: 71,n.value,QUALIFIED_NAME, line no: 64, 8.396264616814485E-4, insert, 0.57, 0.0, 0.11764705882352941
"\nThat's all  have a nice day!\n",STRING_LITERAL, line no: 71,args.length,QUALIFIED_NAME, line no: 50, 8.331826668872704E-4, insert, 0.54, 0.0, 0.14705882352941177
String,SIMPLE_NAME, line no: 69,i,SIMPLE_NAME, line no: 7, 8.321304274836198E-4, insert, 0.1016949152542373, 0.0, 0.16666666666666666
format,SIMPLE_NAME, line no: 61,true,BOOLEAN_LITERAL, line no: 72, 8.306395158751679E-4, insert, 0.96, 0.0, 0.16666666666666666
format,SIMPLE_NAME, line no: 71,true,BOOLEAN_LITERAL, line no: 72, 8.306395158751679E-4, insert, 0.96, 0.0, 0.16666666666666666
scanner,SIMPLE_NAME, line no: 62,true,BOOLEAN_LITERAL, line no: 72, 8.127791763867427E-4, insert, 0.9696969696969697, 0.0, 0.14285714285714285
nextInt,SIMPLE_NAME, line no: 62,true,BOOLEAN_LITERAL, line no: 72, 8.127791763867427E-4, insert, 0.9696969696969697, 0.0, 0.14285714285714285
"\nEnter an integer > ",STRING_LITERAL, line no: 61,args.length,QUALIFIED_NAME, line no: 50, 8.058665802597748E-4, insert, 0.54, 0.0, 0.13043478260869565
"\nEnter an integer > ",STRING_LITERAL, line no: 61,System.out,QUALIFIED_NAME, line no: 56, 8.058665802597748E-4, insert, 0.54, 0.0, 0.13043478260869565
scanner,SIMPLE_NAME, line no: 62,mainClass.output,QUALIFIED_NAME, line no: 56, 8.029114763428002E-4, insert, 0.5454545454545454, 0.0, 0.125
String,SIMPLE_NAME, line no: 61,mainClass.output,QUALIFIED_NAME, line no: 56, 7.969363211700167E-4, insert, 0.54, 0.0, 0.125
String,SIMPLE_NAME, line no: 71,mainClass.output,QUALIFIED_NAME, line no: 56, 7.969363211700167E-4, insert, 0.54, 0.0, 0.125
"\nEnter an integer > ",STRING_LITERAL, line no: 61,true,BOOLEAN_LITERAL, line no: 72, 7.933308779001783E-4, insert, 0.96, 0.0, 0.13043478260869565
scanner,SIMPLE_NAME, line no: 62,java.util.Scanner,QUALIFIED_NAME, line no: 51, 7.791133705688458E-4, insert, 0.1717171717171717, 0.0, 0.35294117647058826
output+=(String.format("\nThat's all  have a nice day!\n")); ,EXPRESSION_STATEMENT, line no: 71,if (args.length > 0) {   mainClass.scanner=new java.util.Scanner(args[0]); }  else {   mainClass.scanner=new java.util.Scanner(System.in); } ,IF_STATEMENT, line no: 50, 7.529437114980591E-4, insert, 0.5416666666666666, 0.0, 0.18439716312056736
"\nThat's all  have a nice day!\n",STRING_LITERAL, line no: 71,mainClass.output,QUALIFIED_NAME, line no: 56, 7.365257449745939E-4, insert, 0.54, 0.0, 0.08823529411764706
output+=(String.format("\nEnter an integer > ")); ,EXPRESSION_STATEMENT, line no: 61,if (args.length > 0) {   mainClass.scanner=new java.util.Scanner(args[0]); }  else {   mainClass.scanner=new java.util.Scanner(System.in); } ,IF_STATEMENT, line no: 50, 7.235764594786333E-4, insert, 0.5416666666666666, 0.0, 0.16312056737588654
digit.value=scanner.nextInt(); ,EXPRESSION_STATEMENT, line no: 62,if (args.length > 0) {   mainClass.scanner=new java.util.Scanner(args[0]); }  else {   mainClass.scanner=new java.util.Scanner(System.in); } ,IF_STATEMENT, line no: 50, 7.235764594786333E-4, insert, 0.5416666666666666, 0.5, 0.16312056737588654
String,SIMPLE_NAME, line no: 69,digit.value,QUALIFIED_NAME, line no: 62, 7.215685393812519E-4, insert, 1.0, 0.0, 0.18181818181818182
"\nThat's all  have a nice day!\n",STRING_LITERAL, line no: 71,true,BOOLEAN_LITERAL, line no: 72, 7.19591452255493E-4, insert, 0.96, 0.0, 0.058823529411764705
String,SIMPLE_NAME, line no: 69,n.value,QUALIFIED_NAME, line no: 64, 6.884352901239495E-4, insert, 0.9661016949152542, 0.0, 0.14285714285714285
format,SIMPLE_NAME, line no: 69,n.value,QUALIFIED_NAME, line no: 64, 6.884352901239495E-4, insert, 0.9661016949152542, 0.0, 0.14285714285714285
"\n%d",STRING_LITERAL, line no: 69,n.value,QUALIFIED_NAME, line no: 64, 6.884352901239495E-4, insert, 0.9661016949152542, 0.0, 0.14285714285714285
"\nThat's all  have a nice day!\n",STRING_LITERAL, line no: 71,System.out,QUALIFIED_NAME, line no: 56, 6.881972840182557E-4, insert, 0.54, 0.0, 0.058823529411764705
n,SIMPLE_NAME, line no: 69,n.value,QUALIFIED_NAME, line no: 64, 6.789861782987188E-4, insert, 0.95, 1.0, 0.14285714285714285
value,SIMPLE_NAME, line no: 69,args.length,QUALIFIED_NAME, line no: 50, 6.476936651112665E-4, insert, 0.7333333333333333, 0.0, 0.2727272727272727
String,SIMPLE_NAME, line no: 69,args.length,QUALIFIED_NAME, line no: 50, 6.451311941078142E-4, insert, 0.7288135593220338, 0.0, 0.2727272727272727
n.value,QUALIFIED_NAME, line no: 69,args.length,QUALIFIED_NAME, line no: 50, 6.451311941078142E-4, insert, 0.7288135593220338, 0.0, 0.2727272727272727
format,SIMPLE_NAME, line no: 69,digit.value,QUALIFIED_NAME, line no: 62, 6.442576244475464E-4, insert, 1.0, 0.0, 0.09090909090909091
"\n%d",STRING_LITERAL, line no: 69,digit.value,QUALIFIED_NAME, line no: 62, 6.442576244475464E-4, insert, 1.0, 0.0, 0.09090909090909091
"\nEnter an integer > ",STRING_LITERAL, line no: 61,java.util.Scanner,QUALIFIED_NAME, line no: 51, 6.258325570102505E-4, insert, 0.17, 0.0, 0.2608695652173913
"\nEnter an integer > ",STRING_LITERAL, line no: 61,mainClass.scanner,QUALIFIED_NAME, line no: 51, 6.148781058601473E-4, insert, 0.16, 0.0, 0.2608695652173913
String,SIMPLE_NAME, line no: 69,System.out,QUALIFIED_NAME, line no: 56, 5.832824621608497E-4, insert, 0.7288135593220338, 0.0, 0.2
format,SIMPLE_NAME, line no: 69,System.out,QUALIFIED_NAME, line no: 56, 5.832824621608497E-4, insert, 0.7288135593220338, 0.0, 0.2
n.value,QUALIFIED_NAME, line no: 69,System.out,QUALIFIED_NAME, line no: 56, 5.832824621608497E-4, insert, 0.7288135593220338, 0.0, 0.2
value,SIMPLE_NAME, line no: 69,mainClass.output,QUALIFIED_NAME, line no: 56, 5.752146823609176E-4, insert, 0.7333333333333333, 0.0, 0.1875
String,SIMPLE_NAME, line no: 61,java.util,QUALIFIED_NAME, line no: 44, 5.732829435220738E-4, insert, 0.01, 0.0, 0.2222222222222222
format,SIMPLE_NAME, line no: 61,java.util,QUALIFIED_NAME, line no: 44, 5.732829435220738E-4, insert, 0.01, 0.0, 0.2222222222222222
String,SIMPLE_NAME, line no: 71,java.util,QUALIFIED_NAME, line no: 44, 5.732829435220738E-4, insert, 0.01, 0.0, 0.2222222222222222
format,SIMPLE_NAME, line no: 71,java.util,QUALIFIED_NAME, line no: 44, 5.732829435220738E-4, insert, 0.01, 0.0, 0.2222222222222222
format,SIMPLE_NAME, line no: 69,mainClass.output,QUALIFIED_NAME, line no: 56, 5.726522113574653E-4, insert, 0.7288135593220338, 0.0, 0.1875
n.value,QUALIFIED_NAME, line no: 69,mainClass.output,QUALIFIED_NAME, line no: 56, 5.726522113574653E-4, insert, 0.7288135593220338, 0.0, 0.1875
"\nEnter an integer > ",STRING_LITERAL, line no: 61,i,SIMPLE_NAME, line no: 7, 5.724510402753122E-4, insert, 0.06, 0.0, 0.043478260869565216
value,SIMPLE_NAME, line no: 69,true,BOOLEAN_LITERAL, line no: 72, 5.684585674058777E-4, insert, 1.0, 0.0, 0.4
format,SIMPLE_NAME, line no: 69,args.length,QUALIFIED_NAME, line no: 50, 5.678202791741087E-4, insert, 0.7288135593220338, 0.0, 0.18181818181818182
scanner,SIMPLE_NAME, line no: 62,System.in,QUALIFIED_NAME, line no: 53, 5.643202107628983E-4, insert, 0.18181818181818182, 0.0, 0.2222222222222222
nextInt,SIMPLE_NAME, line no: 62,System.in,QUALIFIED_NAME, line no: 53, 5.643202107628983E-4, insert, 0.18181818181818182, 0.0, 0.2222222222222222
"\nThat's all  have a nice day!\n",STRING_LITERAL, line no: 71,java.util.Scanner,QUALIFIED_NAME, line no: 51, 5.35479347396227E-4, insert, 0.17, 0.0, 0.20588235294117646
String,SIMPLE_NAME, line no: 69,true,BOOLEAN_LITERAL, line no: 72, 5.329299069430103E-4, insert, 1.0, 0.0, 0.3333333333333333
String,SIMPLE_NAME, line no: 69,System.in,QUALIFIED_NAME, line no: 53, 5.317127332163705E-4, insert, 0.2711864406779661, 0.0, 0.4444444444444444
String,SIMPLE_NAME, line no: 69,mainClass.output,QUALIFIED_NAME, line no: 56, 5.195009573405427E-4, insert, 0.7288135593220338, 0.0, 0.125
n.value,QUALIFIED_NAME, line no: 69,true,BOOLEAN_LITERAL, line no: 72, 5.075522923266765E-4, insert, 1.0, 0.0, 0.2857142857142857
value,SIMPLE_NAME, line no: 69,System.out,QUALIFIED_NAME, line no: 56, 5.00802926737226E-4, insert, 0.7333333333333333, 0.0, 0.1
n,SIMPLE_NAME, line no: 69,args.length,QUALIFIED_NAME, line no: 50, 4.930718352438555E-4, insert, 0.7333333333333333, 0.0, 0.09090909090909091
"\n%d",STRING_LITERAL, line no: 69,args.length,QUALIFIED_NAME, line no: 50, 4.905093642404031E-4, insert, 0.7288135593220338, 0.0, 0.09090909090909091
String,SIMPLE_NAME, line no: 61,java.util.Scanner,QUALIFIED_NAME, line no: 51, 4.8715088643988883E-4, insert, 0.17, 0.0, 0.17647058823529413
String,SIMPLE_NAME, line no: 71,java.util.Scanner,QUALIFIED_NAME, line no: 51, 4.8715088643988883E-4, insert, 0.17, 0.0, 0.17647058823529413
"\nEnter an integer > ",STRING_LITERAL, line no: 61,System.in,QUALIFIED_NAME, line no: 53, 4.829484115741203E-4, insert, 0.18, 0.0, 0.17391304347826086
"\nThat's all  have a nice day!\n",STRING_LITERAL, line no: 71,mainClass.scanner,QUALIFIED_NAME, line no: 51, 4.7619643528978557E-4, insert, 0.16, 0.0, 0.17647058823529413
"\nThat's all  have a nice day!\n",STRING_LITERAL, line no: 71,i,SIMPLE_NAME, line no: 7, 4.7599023385637185E-4, insert, 0.06, 0.0, 0.029411764705882353
n,SIMPLE_NAME, line no: 69,mainClass.output,QUALIFIED_NAME, line no: 56, 4.6891217432707246E-4, insert, 0.7333333333333333, 0.0, 0.0625
"\n%d",STRING_LITERAL, line no: 69,mainClass.output,QUALIFIED_NAME, line no: 56, 4.6634970332362006E-4, insert, 0.7288135593220338, 0.0, 0.0625
n.value,QUALIFIED_NAME, line no: 69,java.util,QUALIFIED_NAME, line no: 44, 4.4683088122701015E-4, insert, 0.01694915254237288, 0.0, 0.3333333333333333
format,SIMPLE_NAME, line no: 69,true,BOOLEAN_LITERAL, line no: 72, 4.4410825578584197E-4, insert, 1.0, 0.0, 0.16666666666666666
value,SIMPLE_NAME, line no: 69,java.util,QUALIFIED_NAME, line no: 44, 4.4410825578584197E-4, insert, 0.016666666666666666, 0.0, 0.3333333333333333
"\nThat's all  have a nice day!\n",STRING_LITERAL, line no: 71,java.util,QUALIFIED_NAME, line no: 44, 4.0144841567731586E-4, insert, 0.01, 0.0, 0.11764705882352941
scanner,SIMPLE_NAME, line no: 62,java.util,QUALIFIED_NAME, line no: 44, 3.9281112709966447E-4, insert, 0.010101010101010102, 0.0, 0.1111111111111111
nextInt,SIMPLE_NAME, line no: 62,java.util,QUALIFIED_NAME, line no: 44, 3.9281112709966447E-4, insert, 0.010101010101010102, 0.0, 0.1111111111111111
nextInt,SIMPLE_NAME, line no: 62,java.util.Scanner,QUALIFIED_NAME, line no: 51, 3.9248568291814037E-4, insert, 0.1717171717171717, 0.0, 0.11764705882352941
format,SIMPLE_NAME, line no: 61,java.util.Scanner,QUALIFIED_NAME, line no: 51, 3.9049396452721244E-4, insert, 0.17, 0.0, 0.11764705882352941
format,SIMPLE_NAME, line no: 71,java.util.Scanner,QUALIFIED_NAME, line no: 51, 3.9049396452721244E-4, insert, 0.17, 0.0, 0.11764705882352941
"\nThat's all  have a nice day!\n",STRING_LITERAL, line no: 71,System.in,QUALIFIED_NAME, line no: 53, 3.9049396452721244E-4, insert, 0.18, 0.0, 0.11764705882352941
nextInt,SIMPLE_NAME, line no: 62,mainClass.scanner,QUALIFIED_NAME, line no: 51, 3.814205807463188E-4, insert, 0.16161616161616163, 0.0, 0.11764705882352941
format,SIMPLE_NAME, line no: 61,System.in,QUALIFIED_NAME, line no: 53, 3.797543065369151E-4, insert, 0.18, 0.0, 0.1111111111111111
format,SIMPLE_NAME, line no: 71,System.in,QUALIFIED_NAME, line no: 53, 3.797543065369151E-4, insert, 0.18, 0.0, 0.1111111111111111
String,SIMPLE_NAME, line no: 61,mainClass.scanner,QUALIFIED_NAME, line no: 51, 3.795395133771092E-4, insert, 0.16, 0.0, 0.11764705882352941
format,SIMPLE_NAME, line no: 61,mainClass.scanner,QUALIFIED_NAME, line no: 51, 3.795395133771092E-4, insert, 0.16, 0.0, 0.11764705882352941
String,SIMPLE_NAME, line no: 71,mainClass.scanner,QUALIFIED_NAME, line no: 51, 3.795395133771092E-4, insert, 0.16, 0.0, 0.11764705882352941
format,SIMPLE_NAME, line no: 71,mainClass.scanner,QUALIFIED_NAME, line no: 51, 3.795395133771092E-4, insert, 0.16, 0.0, 0.11764705882352941
n.value,QUALIFIED_NAME, line no: 69,mainClass.scanner,QUALIFIED_NAME, line no: 51, 3.5384709885908706E-4, insert, 0.2542372881355932, 0.0, 0.23529411764705882
n.value,QUALIFIED_NAME, line no: 69,java.util.Scanner,QUALIFIED_NAME, line no: 51, 3.5384709885908706E-4, insert, 0.2542372881355932, 0.0, 0.23529411764705882
String,SIMPLE_NAME, line no: 69,java.util,QUALIFIED_NAME, line no: 44, 3.5233976297470334E-4, insert, 0.01694915254237288, 0.0, 0.2222222222222222
format,SIMPLE_NAME, line no: 69,java.util,QUALIFIED_NAME, line no: 44, 3.5233976297470334E-4, insert, 0.01694915254237288, 0.0, 0.2222222222222222
value,SIMPLE_NAME, line no: 69,java.util.Scanner,QUALIFIED_NAME, line no: 51, 3.512846278556347E-4, insert, 0.25, 0.0, 0.23529411764705882
"\nEnter an integer > ",STRING_LITERAL, line no: 61,java.util,QUALIFIED_NAME, line no: 44, 3.5101871728809343E-4, insert, 0.01, 0.0, 0.08695652173913043
String,SIMPLE_NAME, line no: 69,java.util.Scanner,QUALIFIED_NAME, line no: 51, 3.0382238919610116E-4, insert, 0.2542372881355932, 0.0, 0.17647058823529413
value,SIMPLE_NAME, line no: 69,mainClass.scanner,QUALIFIED_NAME, line no: 51, 3.012599181926487E-4, insert, 0.25, 0.0, 0.17647058823529413
String,SIMPLE_NAME, line no: 69,mainClass.scanner,QUALIFIED_NAME, line no: 51, 2.5379767953311516E-4, insert, 0.2542372881355932, 0.0, 0.11764705882352941
format,SIMPLE_NAME, line no: 69,mainClass.scanner,QUALIFIED_NAME, line no: 51, 2.5379767953311516E-4, insert, 0.2542372881355932, 0.0, 0.11764705882352941
format,SIMPLE_NAME, line no: 69,java.util.Scanner,QUALIFIED_NAME, line no: 51, 2.5379767953311516E-4, insert, 0.2542372881355932, 0.0, 0.11764705882352941
format,SIMPLE_NAME, line no: 69,System.in,QUALIFIED_NAME, line no: 53, 2.4823937845945006E-4, insert, 0.2711864406779661, 0.0, 0.1111111111111111
"\n%d",STRING_LITERAL, line no: 69,System.in,QUALIFIED_NAME, line no: 53, 2.4823937845945006E-4, insert, 0.2711864406779661, 0.0, 0.1111111111111111
n.value,QUALIFIED_NAME, line no: 69,System.in,QUALIFIED_NAME, line no: 53, 2.4823937845945006E-4, insert, 0.2711864406779661, 0.0, 0.1111111111111111
n,SIMPLE_NAME, line no: 69,System.in,QUALIFIED_NAME, line no: 53, 2.4567690745599767E-4, insert, 0.26666666666666666, 0.0, 0.1111111111111111
value,SIMPLE_NAME, line no: 69,System.in,QUALIFIED_NAME, line no: 53, 2.4567690745599767E-4, insert, 0.26666666666666666, 0.0, 0.1111111111111111
"\n%d",STRING_LITERAL, line no: 69,mainClass.scanner,QUALIFIED_NAME, line no: 51, 2.037729698701292E-4, insert, 0.2542372881355932, 0.0, 0.058823529411764705
"\n%d",STRING_LITERAL, line no: 69,java.util.Scanner,QUALIFIED_NAME, line no: 51, 2.037729698701292E-4, insert, 0.2542372881355932, 0.0, 0.058823529411764705
n,SIMPLE_NAME, line no: 69,mainClass.scanner,QUALIFIED_NAME, line no: 51, 2.0121049886667684E-4, insert, 0.25, 0.0, 0.058823529411764705
n,SIMPLE_NAME, line no: 69,java.util.Scanner,QUALIFIED_NAME, line no: 51, 2.0121049886667684E-4, insert, 0.25, 0.0, 0.058823529411764705
