output+=(String.format("Enter an integer >  ")); ,EXPRESSION_STATEMENT, line no: 61,output+=(String.format("Enter an integer >  ")); ,EXPRESSION_STATEMENT, line no: 61, 0.02881460133335181, insert, 1.0, 1.0, 1.0
n.value=scanner.nextLong(); ,EXPRESSION_STATEMENT, line no: 62,n.value=scanner.nextLong(); ,EXPRESSION_STATEMENT, line no: 62, 0.02881460133335181, insert, 1.0, 3.0, 1.0
output+=(String.format("That's all  have a nice day!\n")); ,EXPRESSION_STATEMENT, line no: 67,output+=(String.format("That's all  have a nice day!\n")); ,EXPRESSION_STATEMENT, line no: 67, 0.02881460133335181, insert, 1.0, 1.0, 1.0
output+=(String.format("Enter an integer >  ")); ,EXPRESSION_STATEMENT, line no: 61,output+=(String.format("That's all  have a nice day!\n")); ,EXPRESSION_STATEMENT, line no: 67, 0.02236794476385615, insert, 1.0, 1.0, 0.6271186440677966
output+=(String.format("That's all  have a nice day!\n")); ,EXPRESSION_STATEMENT, line no: 67,output+=(String.format("Enter an integer >  ")); ,EXPRESSION_STATEMENT, line no: 61, 0.02236794476385615, insert, 1.0, 1.0, 0.6271186440677966
output+=(String.format("Enter an integer >  ")); ,EXPRESSION_STATEMENT, line no: 61,n.value=scanner.nextLong(); ,EXPRESSION_STATEMENT, line no: 62, 0.015759822770078133, insert, 1.0, 0.0, 0.24489795918367346
n.value=scanner.nextLong(); ,EXPRESSION_STATEMENT, line no: 62,output+=(String.format("Enter an integer >  ")); ,EXPRESSION_STATEMENT, line no: 61, 0.015759822770078133, insert, 1.0, 0.0, 0.24489795918367346
output+=(String.format("Enter an integer >  ")); ,EXPRESSION_STATEMENT, line no: 61,output+=(String.format("%d\n" n.value % 10)); ,EXPRESSION_STATEMENT, line no: 64, 0.015617878921145367, insert, 0.3448275862068966, 1.0, 0.673469387755102
n.value=scanner.nextLong(); ,EXPRESSION_STATEMENT, line no: 62,output+=(String.format("That's all  have a nice day!\n")); ,EXPRESSION_STATEMENT, line no: 67, 0.015042198662156538, insert, 1.0, 0.0, 0.2033898305084746
output+=(String.format("That's all  have a nice day!\n")); ,EXPRESSION_STATEMENT, line no: 67,n.value=scanner.nextLong(); ,EXPRESSION_STATEMENT, line no: 62, 0.015042198662156538, insert, 1.0, 0.0, 0.2033898305084746
n.value=scanner.nextLong(); ,EXPRESSION_STATEMENT, line no: 62,mainClass.exec(); ,EXPRESSION_STATEMENT, line no: 55, 0.01412341296881037, insert, 0.6896551724137931, 0.0, 0.35714285714285715
output+=(String.format("That's all  have a nice day!\n")); ,EXPRESSION_STATEMENT, line no: 67,output+=(String.format("%d\n" n.value % 10)); ,EXPRESSION_STATEMENT, line no: 64, 0.01364441262436098, insert, 0.3448275862068966, 1.0, 0.559322033898305
output+=(String.format("Enter an integer >  ")); ,EXPRESSION_STATEMENT, line no: 61,System.out.println(mainClass.output); ,EXPRESSION_STATEMENT, line no: 56, 0.013594165189218195, insert, 0.6896551724137931, 1.0, 0.32653061224489793
n.value=scanner.nextLong(); ,EXPRESSION_STATEMENT, line no: 62,System.out.println(mainClass.output); ,EXPRESSION_STATEMENT, line no: 56, 0.012498529434974743, insert, 0.6896551724137931, 0.0, 0.2631578947368421
output+=(String.format("That's all  have a nice day!\n")); ,EXPRESSION_STATEMENT, line no: 67,System.out.println(mainClass.output); ,EXPRESSION_STATEMENT, line no: 56, 0.01234430320125475, insert, 0.6896551724137931, 1.0, 0.2542372881355932
output+=(String.format("Enter an integer >  ")); ,EXPRESSION_STATEMENT, line no: 61,mainClass.exec(); ,EXPRESSION_STATEMENT, line no: 55, 0.01112434221778804, insert, 0.6896551724137931, 0.0, 0.1836734693877551
String,SIMPLE_NAME, line no: 61,String,SIMPLE_NAME, line no: 49, 0.011066221125569469, insert, 0.6451612903225806, 0.0, 1.0
format,SIMPLE_NAME, line no: 61,format,SIMPLE_NAME, line no: 61, 0.011066221125569469, insert, 1.0, 0.0, 1.0
scanner,SIMPLE_NAME, line no: 62,scanner,SIMPLE_NAME, line no: 51, 0.011066221125569469, insert, 0.2786885245901639, 1.0, 1.0
nextLong,SIMPLE_NAME, line no: 62,nextLong,SIMPLE_NAME, line no: 62, 0.011066221125569469, insert, 1.0, 0.0, 1.0
String,SIMPLE_NAME, line no: 67,String,SIMPLE_NAME, line no: 49, 0.011066221125569469, insert, 0.6451612903225806, 0.0, 1.0
format,SIMPLE_NAME, line no: 67,format,SIMPLE_NAME, line no: 61, 0.011066221125569469, insert, 1.0, 0.0, 1.0
output+=(String.format("That's all  have a nice day!\n")); ,EXPRESSION_STATEMENT, line no: 67,mainClass.exec(); ,EXPRESSION_STATEMENT, line no: 55, 0.010586124136846843, insert, 0.6896551724137931, 0.0, 0.15254237288135594
n.value=scanner.nextLong(); ,EXPRESSION_STATEMENT, line no: 62,n.value/=10; ,EXPRESSION_STATEMENT, line no: 65, 0.010148985198692879, insert, 0.3448275862068966, 1.3333333333333333, 0.35714285714285715
n.value=scanner.nextLong(); ,EXPRESSION_STATEMENT, line no: 62,mainClass.scanner=new java.util.Scanner(args[0]); ,EXPRESSION_STATEMENT, line no: 51, 0.008660278111086014, insert, 0.2413793103448276, 0.5, 0.34
n.value=scanner.nextLong(); ,EXPRESSION_STATEMENT, line no: 62,mainClass.scanner=new java.util.Scanner(System.in); ,EXPRESSION_STATEMENT, line no: 53, 0.00863291570451482, insert, 0.25862068965517243, 0.5, 0.3269230769230769
output+=(String.format("Enter an integer >  ")); ,EXPRESSION_STATEMENT, line no: 61,mainClass.scanner=new java.util.Scanner(args[0]); ,EXPRESSION_STATEMENT, line no: 51, 0.008314502895085792, insert, 0.2413793103448276, 0.0, 0.32
output+=(String.format("Enter an integer >  ")); ,EXPRESSION_STATEMENT, line no: 61,mainClass.scanner=new java.util.Scanner(System.in); ,EXPRESSION_STATEMENT, line no: 53, 0.008300439535283836, insert, 0.25862068965517243, 0.0, 0.3076923076923077
output+=(String.format("That's all  have a nice day!\n")); ,EXPRESSION_STATEMENT, line no: 67,mainClass.scanner=new java.util.Scanner(System.in); ,EXPRESSION_STATEMENT, line no: 53, 0.007962328176743857, insert, 0.25862068965517243, 0.0, 0.288135593220339
n.value=scanner.nextLong(); ,EXPRESSION_STATEMENT, line no: 62,output+=(String.format("%d\n" n.value % 10)); ,EXPRESSION_STATEMENT, line no: 64, 0.007732854030989467, insert, 0.3448275862068966, 1.5, 0.21739130434782608
nextLong,SIMPLE_NAME, line no: 62,LongObj,SIMPLE_NAME, line no: 60, 0.007528658634608737, insert, 0.9508196721311475, 0.0, 0.5
output+=(String.format("That's all  have a nice day!\n")); ,EXPRESSION_STATEMENT, line no: 67,mainClass.scanner=new java.util.Scanner(args[0]); ,EXPRESSION_STATEMENT, line no: 51, 0.007470576944169996, insert, 0.2413793103448276, 0.0, 0.2711864406779661
scanner,SIMPLE_NAME, line no: 62,Scanner,SIMPLE_NAME, line no: 44, 0.006924810971316538, insert, 0.01639344262295082, 0.0, 0.8571428571428571
nextLong,SIMPLE_NAME, line no: 62,String,SIMPLE_NAME, line no: 49, 0.006916388203480919, insert, 0.6557377049180327, 0.0, 0.375
String,SIMPLE_NAME, line no: 61,nextLong,SIMPLE_NAME, line no: 62, 0.006844993228477244, insert, 0.9838709677419355, 0.0, 0.375
String,SIMPLE_NAME, line no: 67,nextLong,SIMPLE_NAME, line no: 62, 0.006844993228477244, insert, 0.9838709677419355, 0.0, 0.375
format,SIMPLE_NAME, line no: 61,output,SIMPLE_NAME, line no: 49, 0.006496942725334334, insert, 0.6451612903225806, 0.0, 0.3333333333333333
format,SIMPLE_NAME, line no: 67,output,SIMPLE_NAME, line no: 49, 0.006496942725334334, insert, 0.6451612903225806, 0.0, 0.3333333333333333
scanner,SIMPLE_NAME, line no: 62,value,SIMPLE_NAME, line no: 7, 0.006250989544466875, insert, 0.09836065573770492, 0.0, 0.2857142857142857
output+=(String.format("Enter an integer >  ")); ,EXPRESSION_STATEMENT, line no: 61,n.value/=10; ,EXPRESSION_STATEMENT, line no: 65, 0.006091418888486196, insert, 0.3448275862068966, 0.0, 0.12244897959183673
scanner,SIMPLE_NAME, line no: 62,nextLong,SIMPLE_NAME, line no: 62, 0.0060864216190632085, insert, 1.0, 0.0, 0.25
nextLong,SIMPLE_NAME, line no: 62,scanner,SIMPLE_NAME, line no: 51, 0.0060864216190632085, insert, 0.2786885245901639, 0.0, 0.25
String,SIMPLE_NAME, line no: 61,LongObj,SIMPLE_NAME, line no: 60, 0.006037975028882143, insert, 0.9354838709677419, 0.0, 0.2857142857142857
String,SIMPLE_NAME, line no: 67,LongObj,SIMPLE_NAME, line no: 60, 0.006037975028882143, insert, 0.9354838709677419, 0.0, 0.2857142857142857
output+=(String.format("That's all  have a nice day!\n")); ,EXPRESSION_STATEMENT, line no: 67,n.value/=10; ,EXPRESSION_STATEMENT, line no: 65, 0.006025636678593384, insert, 0.3448275862068966, 0.0, 0.11864406779661017
"Enter an integer >  ",STRING_LITERAL, line no: 61,String,SIMPLE_NAME, line no: 49, 0.005935518603714534, insert, 0.6451612903225806, 0.0, 0.22727272727272727
"Enter an integer >  ",STRING_LITERAL, line no: 61,scanner,SIMPLE_NAME, line no: 51, 0.005864123628710859, insert, 0.27419354838709675, 0.0, 0.22727272727272727
String,SIMPLE_NAME, line no: 61,println,SIMPLE_NAME, line no: 56, 0.005844188668157886, insert, 0.6774193548387096, 0.0, 0.42857142857142855
String,SIMPLE_NAME, line no: 67,println,SIMPLE_NAME, line no: 56, 0.005844188668157886, insert, 0.6774193548387096, 0.0, 0.42857142857142855
n.value=scanner.nextLong(); ,EXPRESSION_STATEMENT, line no: 62,value=i; ,EXPRESSION_STATEMENT, line no: 7, 0.005734531496883808, insert, 0.06896551724137931, 0.0, 0.2857142857142857
String,SIMPLE_NAME, line no: 64,String,SIMPLE_NAME, line no: 49, 0.005714572016637233, insert, 0.7916666666666666, 0.0, 1.0
format,SIMPLE_NAME, line no: 64,format,SIMPLE_NAME, line no: 61, 0.005714572016637233, insert, 1.0, 0.0, 1.0
n,SIMPLE_NAME, line no: 64,n,SIMPLE_NAME, line no: 60, 0.005714572016637233, insert, 1.0, 1.0, 1.0
value,SIMPLE_NAME, line no: 64,value,SIMPLE_NAME, line no: 7, 0.005714572016637233, insert, 0.23076923076923078, 0.0, 1.0
"Enter an integer >  ",STRING_LITERAL, line no: 61,nextLong,SIMPLE_NAME, line no: 62, 0.005562317598013511, insert, 0.9838709677419355, 0.0, 0.18181818181818182
nextLong,SIMPLE_NAME, line no: 62,println,SIMPLE_NAME, line no: 56, 0.005537645899311607, insert, 0.6885245901639344, 0.0, 0.375
String,SIMPLE_NAME, line no: 61,format,SIMPLE_NAME, line no: 61, 0.0055331105627847346, insert, 1.0, 0.0, 0.16666666666666666
format,SIMPLE_NAME, line no: 61,String,SIMPLE_NAME, line no: 49, 0.0055331105627847346, insert, 0.6451612903225806, 0.0, 0.16666666666666666
String,SIMPLE_NAME, line no: 67,format,SIMPLE_NAME, line no: 61, 0.0055331105627847346, insert, 1.0, 0.0, 0.16666666666666666
format,SIMPLE_NAME, line no: 67,String,SIMPLE_NAME, line no: 49, 0.0055331105627847346, insert, 0.6451612903225806, 0.0, 0.16666666666666666
nextLong,SIMPLE_NAME, line no: 62,length,SIMPLE_NAME, line no: 50, 0.005465080514881643, insert, 0.6721311475409836, 0.0, 0.375
String,SIMPLE_NAME, line no: 61,output,SIMPLE_NAME, line no: 49, 0.005390320612777387, insert, 0.6451612903225806, 0.0, 0.16666666666666666
String,SIMPLE_NAME, line no: 61,n,SIMPLE_NAME, line no: 60, 0.005390320612777387, insert, 0.9354838709677419, 0.0, 0.16666666666666666
format,SIMPLE_NAME, line no: 61,value,SIMPLE_NAME, line no: 7, 0.005390320612777387, insert, 0.0967741935483871, 0.0, 0.16666666666666666
String,SIMPLE_NAME, line no: 67,output,SIMPLE_NAME, line no: 49, 0.005390320612777387, insert, 0.6451612903225806, 0.0, 0.16666666666666666
String,SIMPLE_NAME, line no: 67,n,SIMPLE_NAME, line no: 60, 0.005390320612777387, insert, 0.9354838709677419, 0.0, 0.16666666666666666
format,SIMPLE_NAME, line no: 67,value,SIMPLE_NAME, line no: 7, 0.005390320612777387, insert, 0.0967741935483871, 0.0, 0.16666666666666666
scanner,SIMPLE_NAME, line no: 62,String,SIMPLE_NAME, line no: 49, 0.005375021689562313, insert, 0.6557377049180327, 0.0, 0.14285714285714285
scanner,SIMPLE_NAME, line no: 62,format,SIMPLE_NAME, line no: 61, 0.005375021689562313, insert, 1.0, 0.0, 0.14285714285714285
"Enter an integer >  ",STRING_LITERAL, line no: 61,format,SIMPLE_NAME, line no: 61, 0.005331906542319835, insert, 1.0, 0.0, 0.13636363636363635
String,SIMPLE_NAME, line no: 61,scanner,SIMPLE_NAME, line no: 51, 0.005303626714558639, insert, 0.27419354838709675, 0.0, 0.14285714285714285
format,SIMPLE_NAME, line no: 61,scanner,SIMPLE_NAME, line no: 51, 0.005303626714558639, insert, 0.27419354838709675, 0.0, 0.14285714285714285
String,SIMPLE_NAME, line no: 67,scanner,SIMPLE_NAME, line no: 51, 0.005303626714558639, insert, 0.27419354838709675, 0.0, 0.14285714285714285
format,SIMPLE_NAME, line no: 67,scanner,SIMPLE_NAME, line no: 51, 0.005303626714558639, insert, 0.27419354838709675, 0.0, 0.14285714285714285
scanner,SIMPLE_NAME, line no: 62,n,SIMPLE_NAME, line no: 60, 0.00530245630513235, insert, 0.9508196721311475, 0.0, 0.14285714285714285
nextLong,SIMPLE_NAME, line no: 62,format,SIMPLE_NAME, line no: 61, 0.005256455034645498, insert, 1.0, 0.0, 0.125
String,SIMPLE_NAME, line no: 61,System,SIMPLE_NAME, line no: 53, 0.005211833175268202, insert, 0.27419354838709675, 0.0, 0.3333333333333333
format,SIMPLE_NAME, line no: 61,out,SIMPLE_NAME, line no: 56, 0.005211833175268202, insert, 0.6774193548387096, 0.0, 0.3333333333333333
String,SIMPLE_NAME, line no: 67,System,SIMPLE_NAME, line no: 53, 0.005211833175268202, insert, 0.27419354838709675, 0.0, 0.3333333333333333
format,SIMPLE_NAME, line no: 67,out,SIMPLE_NAME, line no: 56, 0.005211833175268202, insert, 0.6774193548387096, 0.0, 0.3333333333333333
format,SIMPLE_NAME, line no: 61,nextLong,SIMPLE_NAME, line no: 62, 0.005185060059641824, insert, 0.9838709677419355, 0.0, 0.125
format,SIMPLE_NAME, line no: 67,nextLong,SIMPLE_NAME, line no: 62, 0.005185060059641824, insert, 0.9838709677419355, 0.0, 0.125
"That's all  have a nice day!\n",STRING_LITERAL, line no: 67,scanner,SIMPLE_NAME, line no: 51, 0.005185060059641824, insert, 0.27419354838709675, 0.0, 0.125
nextLong,SIMPLE_NAME, line no: 62,value,SIMPLE_NAME, line no: 7, 0.005183889650215534, insert, 0.09836065573770492, 0.0, 0.125
nextLong,SIMPLE_NAME, line no: 62,output,SIMPLE_NAME, line no: 49, 0.005183889650215534, insert, 0.6557377049180327, 0.0, 0.125
nextLong,SIMPLE_NAME, line no: 62,n,SIMPLE_NAME, line no: 60, 0.005183889650215534, insert, 0.9508196721311475, 0.0, 0.125
scanner,SIMPLE_NAME, line no: 62,LongObj,SIMPLE_NAME, line no: 60, 0.005157325536272422, insert, 0.9508196721311475, 0.0, 0.14285714285714285
String,SIMPLE_NAME, line no: 61,args,SIMPLE_NAME, line no: 50, 0.005140438200264527, insert, 0.6612903225806451, 0.0, 0.3333333333333333
String,SIMPLE_NAME, line no: 61,length,SIMPLE_NAME, line no: 50, 0.005140438200264527, insert, 0.6612903225806451, 0.0, 0.3333333333333333
String,SIMPLE_NAME, line no: 67,args,SIMPLE_NAME, line no: 50, 0.005140438200264527, insert, 0.6612903225806451, 0.0, 0.3333333333333333
String,SIMPLE_NAME, line no: 67,length,SIMPLE_NAME, line no: 50, 0.005140438200264527, insert, 0.6612903225806451, 0.0, 0.3333333333333333
format,SIMPLE_NAME, line no: 61,LongObj,SIMPLE_NAME, line no: 60, 0.0050894417895476175, insert, 0.9354838709677419, 0.0, 0.14285714285714285
format,SIMPLE_NAME, line no: 67,LongObj,SIMPLE_NAME, line no: 60, 0.0050894417895476175, insert, 0.9354838709677419, 0.0, 0.14285714285714285
"That's all  have a nice day!\n",STRING_LITERAL, line no: 67,String,SIMPLE_NAME, line no: 49, 0.005048963388541071, insert, 0.6451612903225806, 0.0, 0.09375
"That's all  have a nice day!\n",STRING_LITERAL, line no: 67,nextLong,SIMPLE_NAME, line no: 62, 0.004977568413537397, insert, 0.9838709677419355, 0.0, 0.09375
scanner,SIMPLE_NAME, line no: 62,System,SIMPLE_NAME, line no: 53, 0.004944812624727528, insert, 0.2786885245901639, 0.0, 0.2857142857142857
scanner,SIMPLE_NAME, line no: 62,println,SIMPLE_NAME, line no: 56, 0.004944812624727528, insert, 0.6885245901639344, 0.0, 0.2857142857142857
"That's all  have a nice day!\n",STRING_LITERAL, line no: 67,value,SIMPLE_NAME, line no: 7, 0.004906173438533722, insert, 0.0967741935483871, 0.0, 0.09375
format,SIMPLE_NAME, line no: 61,println,SIMPLE_NAME, line no: 56, 0.004895655428823359, insert, 0.6774193548387096, 0.0, 0.2857142857142857
format,SIMPLE_NAME, line no: 67,println,SIMPLE_NAME, line no: 56, 0.004895655428823359, insert, 0.6774193548387096, 0.0, 0.2857142857142857
"Enter an integer >  ",STRING_LITERAL, line no: 61,value,SIMPLE_NAME, line no: 7, 0.004887310561615139, insert, 0.0967741935483871, 0.0, 0.09090909090909091
"Enter an integer >  ",STRING_LITERAL, line no: 61,output,SIMPLE_NAME, line no: 49, 0.004887310561615139, insert, 0.6451612903225806, 0.0, 0.09090909090909091
scanner,SIMPLE_NAME, line no: 62,args,SIMPLE_NAME, line no: 50, 0.0048722472402975645, insert, 0.6721311475409836, 0.0, 0.2857142857142857
"That's all  have a nice day!\n",STRING_LITERAL, line no: 67,format,SIMPLE_NAME, line no: 61, 0.0048414717424366425, insert, 1.0, 0.0, 0.0625
"Enter an integer >  ",STRING_LITERAL, line no: 61,LongObj,SIMPLE_NAME, line no: 60, 0.00474452061160779, insert, 0.9354838709677419, 0.0, 0.09090909090909091
n.value,QUALIFIED_NAME, line no: 64,value,SIMPLE_NAME, line no: 7, 0.004734931099499421, insert, 0.24, 0.0, 0.7142857142857143
nextLong,SIMPLE_NAME, line no: 62,exec,SIMPLE_NAME, line no: 55, 0.004707679314893898, insert, 0.6885245901639344, 0.0, 0.25
"Enter an integer >  ",STRING_LITERAL, line no: 61,n,SIMPLE_NAME, line no: 60, 0.0045855045309177896, insert, 0.9354838709677419, 0.0, 0.045454545454545456
scanner,SIMPLE_NAME, line no: 62,mainClass,SIMPLE_NAME, line no: 48, 0.004523242296134405, insert, 0.6557377049180327, 0.0, 0.2222222222222222
"That's all  have a nice day!\n",STRING_LITERAL, line no: 67,output,SIMPLE_NAME, line no: 49, 0.004491190146324868, insert, 0.6451612903225806, 0.0, 0.03125
"That's all  have a nice day!\n",STRING_LITERAL, line no: 67,n,SIMPLE_NAME, line no: 60, 0.004491190146324868, insert, 0.9354838709677419, 0.0, 0.03125
String,SIMPLE_NAME, line no: 61,mainClass,SIMPLE_NAME, line no: 48, 0.004474085100230237, insert, 0.6451612903225806, 0.0, 0.2222222222222222
format,SIMPLE_NAME, line no: 61,mainClass,SIMPLE_NAME, line no: 48, 0.004474085100230237, insert, 0.6451612903225806, 0.0, 0.2222222222222222
String,SIMPLE_NAME, line no: 67,mainClass,SIMPLE_NAME, line no: 48, 0.004474085100230237, insert, 0.6451612903225806, 0.0, 0.2222222222222222
format,SIMPLE_NAME, line no: 67,mainClass,SIMPLE_NAME, line no: 48, 0.004474085100230237, insert, 0.6451612903225806, 0.0, 0.2222222222222222
"That's all  have a nice day!\n",STRING_LITERAL, line no: 67,LongObj,SIMPLE_NAME, line no: 60, 0.004348400196317519, insert, 0.9354838709677419, 0.0, 0.03125
"Enter an integer >  ",STRING_LITERAL, line no: 61,println,SIMPLE_NAME, line no: 56, 0.004205813072943704, insert, 0.6774193548387096, 0.0, 0.18181818181818182
String,SIMPLE_NAME, line no: 61,out,SIMPLE_NAME, line no: 56, 0.004105211062711254, insert, 0.6774193548387096, 0.0, 0.16666666666666666
format,SIMPLE_NAME, line no: 61,System,SIMPLE_NAME, line no: 53, 0.004105211062711254, insert, 0.27419354838709675, 0.0, 0.16666666666666666
String,SIMPLE_NAME, line no: 67,out,SIMPLE_NAME, line no: 56, 0.004105211062711254, insert, 0.6774193548387096, 0.0, 0.16666666666666666
format,SIMPLE_NAME, line no: 67,System,SIMPLE_NAME, line no: 53, 0.004105211062711254, insert, 0.27419354838709675, 0.0, 0.16666666666666666
format,SIMPLE_NAME, line no: 61,args,SIMPLE_NAME, line no: 50, 0.004033816087707581, insert, 0.6612903225806451, 0.0, 0.16666666666666666
format,SIMPLE_NAME, line no: 61,length,SIMPLE_NAME, line no: 50, 0.004033816087707581, insert, 0.6612903225806451, 0.0, 0.16666666666666666
format,SIMPLE_NAME, line no: 67,args,SIMPLE_NAME, line no: 50, 0.004033816087707581, insert, 0.6612903225806451, 0.0, 0.16666666666666666
format,SIMPLE_NAME, line no: 67,length,SIMPLE_NAME, line no: 50, 0.004033816087707581, insert, 0.6612903225806451, 0.0, 0.16666666666666666
scanner,SIMPLE_NAME, line no: 62,exec,SIMPLE_NAME, line no: 55, 0.003996279385393002, insert, 0.6885245901639344, 0.0, 0.14285714285714285
scanner,SIMPLE_NAME, line no: 62,digits_0cea42f9_000,SIMPLE_NAME, line no: 48, 0.003950994220673552, insert, 0.6557377049180327, 0.0, 0.15789473684210525
scanner,SIMPLE_NAME, line no: 62,length,SIMPLE_NAME, line no: 50, 0.003923714000963039, insert, 0.6721311475409836, 0.0, 0.14285714285714285
"Enter an integer >  ",STRING_LITERAL, line no: 61,mainClass,SIMPLE_NAME, line no: 48, 0.0039040070422463546, insert, 0.6451612903225806, 0.0, 0.13636363636363635
"That's all  have a nice day!\n",STRING_LITERAL, line no: 67,digits_0cea42f9_000,SIMPLE_NAME, line no: 48, 0.0038932572306690973, insert, 0.6451612903225806, 0.0, 0.15625
nextLong,SIMPLE_NAME, line no: 62,System,SIMPLE_NAME, line no: 53, 0.003877712730476187, insert, 0.2786885245901639, 0.0, 0.125
nextLong,SIMPLE_NAME, line no: 62,out,SIMPLE_NAME, line no: 56, 0.003877712730476187, insert, 0.6885245901639344, 0.0, 0.125
"Enter an integer >  ",STRING_LITERAL, line no: 61,length,SIMPLE_NAME, line no: 50, 0.003832612067242681, insert, 0.6612903225806451, 0.0, 0.13636363636363635
nextLong,SIMPLE_NAME, line no: 62,args,SIMPLE_NAME, line no: 50, 0.003805147346046223, insert, 0.6721311475409836, 0.0, 0.125
nextLong,SIMPLE_NAME, line no: 62,mainClass,SIMPLE_NAME, line no: 48, 0.0037854942210964414, insert, 0.6557377049180327, 0.0, 0.1111111111111111
"Enter an integer >  ",STRING_LITERAL, line no: 61,digits_0cea42f9_000,SIMPLE_NAME, line no: 48, 0.0037612170922390067, insert, 0.6451612903225806, 0.0, 0.13636363636363635
n.value % 10,INFIX_EXPRESSION, line no: 64,value,SIMPLE_NAME, line no: 7, 0.0037144718108142014, insert, 0.25, 0.0, 0.4166666666666667
"That's all  have a nice day!\n",STRING_LITERAL, line no: 67,mainClass,SIMPLE_NAME, line no: 48, 0.0036210638884675897, insert, 0.6451612903225806, 0.0, 0.09375
"That's all  have a nice day!\n",STRING_LITERAL, line no: 67,println,SIMPLE_NAME, line no: 56, 0.0036210638884675897, insert, 0.6774193548387096, 0.0, 0.09375
"Enter an integer >  ",STRING_LITERAL, line no: 61,System,SIMPLE_NAME, line no: 53, 0.003602201011549006, insert, 0.27419354838709675, 0.0, 0.09090909090909091
"Enter an integer >  ",STRING_LITERAL, line no: 61,exec,SIMPLE_NAME, line no: 55, 0.003602201011549006, insert, 0.6774193548387096, 0.0, 0.09090909090909091
String,SIMPLE_NAME, line no: 64,nextLong,SIMPLE_NAME, line no: 62, 0.0035716075103982706, insert, 1.0, 0.0, 0.375
String,SIMPLE_NAME, line no: 61,digits_0cea42f9_000,SIMPLE_NAME, line no: 48, 0.0035547182291302943, insert, 0.6451612903225806, 0.0, 0.10526315789473684
String,SIMPLE_NAME, line no: 67,digits_0cea42f9_000,SIMPLE_NAME, line no: 48, 0.0035547182291302943, insert, 0.6451612903225806, 0.0, 0.10526315789473684
"That's all  have a nice day!\n",STRING_LITERAL, line no: 67,length,SIMPLE_NAME, line no: 50, 0.0035496689134639167, insert, 0.6612903225806451, 0.0, 0.09375
"Enter an integer >  ",STRING_LITERAL, line no: 61,args,SIMPLE_NAME, line no: 50, 0.0035308060365453323, insert, 0.6612903225806451, 0.0, 0.09090909090909091
format,SIMPLE_NAME, line no: 64,output,SIMPLE_NAME, line no: 49, 0.0034287432099823394, insert, 0.7916666666666666, 0.0, 0.3333333333333333
String,SIMPLE_NAME, line no: 61,util,SIMPLE_NAME, line no: 44, 0.0034269588001763517, insert, 0.03225806451612903, 0.0, 0.3333333333333333
String,SIMPLE_NAME, line no: 61,in,SIMPLE_NAME, line no: 53, 0.0034269588001763517, insert, 0.27419354838709675, 0.0, 0.3333333333333333
String,SIMPLE_NAME, line no: 67,util,SIMPLE_NAME, line no: 44, 0.0034269588001763517, insert, 0.03225806451612903, 0.0, 0.3333333333333333
String,SIMPLE_NAME, line no: 67,in,SIMPLE_NAME, line no: 53, 0.0034269588001763517, insert, 0.27419354838709675, 0.0, 0.3333333333333333
"That's all  have a nice day!\n",STRING_LITERAL, line no: 67,System,SIMPLE_NAME, line no: 53, 0.0034135722423631622, insert, 0.27419354838709675, 0.0, 0.0625
"That's all  have a nice day!\n",STRING_LITERAL, line no: 67,exec,SIMPLE_NAME, line no: 55, 0.0034135722423631622, insert, 0.6774193548387096, 0.0, 0.0625
"That's all  have a nice day!\n",STRING_LITERAL, line no: 67,args,SIMPLE_NAME, line no: 50, 0.0033421772673594887, insert, 0.6612903225806451, 0.0, 0.0625
"Enter an integer >  ",STRING_LITERAL, line no: 61,out,SIMPLE_NAME, line no: 56, 0.0033003949808516567, insert, 0.6774193548387096, 0.0, 0.045454545454545456
String,SIMPLE_NAME, line no: 64,println,SIMPLE_NAME, line no: 56, 0.00327907584764184, insert, 0.7916666666666666, 0.0, 0.42857142857142855
String,SIMPLE_NAME, line no: 64,LongObj,SIMPLE_NAME, line no: 60, 0.003265469723792704, insert, 1.0, 0.0, 0.2857142857142857
n.value,QUALIFIED_NAME, line no: 64,scanner,SIMPLE_NAME, line no: 51, 0.003265469723792704, insert, 0.52, 0.0, 0.2857142857142857
value,SIMPLE_NAME, line no: 64,scanner,SIMPLE_NAME, line no: 51, 0.003265469723792704, insert, 0.5384615384615384, 0.0, 0.2857142857142857
nextLong,SIMPLE_NAME, line no: 62,digits_0cea42f9_000,SIMPLE_NAME, line no: 48, 0.0032520749916902167, insert, 0.6557377049180327, 0.0, 0.05263157894736842
"That's all  have a nice day!\n",STRING_LITERAL, line no: 67,out,SIMPLE_NAME, line no: 56, 0.0032060805962587347, insert, 0.6774193548387096, 0.0, 0.03125
format,SIMPLE_NAME, line no: 61,digits_0cea42f9_000,SIMPLE_NAME, line no: 48, 0.0032052586146386268, insert, 0.6451612903225806, 0.0, 0.05263157894736842
format,SIMPLE_NAME, line no: 67,digits_0cea42f9_000,SIMPLE_NAME, line no: 48, 0.0032052586146386268, insert, 0.6451612903225806, 0.0, 0.05263157894736842
n.value,QUALIFIED_NAME, line no: 64,nextLong,SIMPLE_NAME, line no: 62, 0.0031430146091504783, insert, 1.0, 0.0, 0.25
String,SIMPLE_NAME, line no: 61,Scanner,SIMPLE_NAME, line no: 44, 0.0031107810537315097, insert, 0.016129032258064516, 0.0, 0.2857142857142857
String,SIMPLE_NAME, line no: 67,Scanner,SIMPLE_NAME, line no: 44, 0.0031107810537315097, insert, 0.016129032258064516, 0.0, 0.2857142857142857
value,SIMPLE_NAME, line no: 64,length,SIMPLE_NAME, line no: 50, 0.0029891607471640913, insert, 0.8076923076923077, 0.0, 0.3333333333333333
String,SIMPLE_NAME, line no: 64,args,SIMPLE_NAME, line no: 50, 0.0029525288752625697, insert, 0.7916666666666666, 0.0, 0.3333333333333333
String,SIMPLE_NAME, line no: 64,length,SIMPLE_NAME, line no: 50, 0.0029525288752625697, insert, 0.7916666666666666, 0.0, 0.3333333333333333
String,SIMPLE_NAME, line no: 64,System,SIMPLE_NAME, line no: 53, 0.0029525288752625697, insert, 0.5416666666666666, 0.0, 0.3333333333333333
format,SIMPLE_NAME, line no: 64,out,SIMPLE_NAME, line no: 56, 0.0029525288752625697, insert, 0.7916666666666666, 0.0, 0.3333333333333333
n,SIMPLE_NAME, line no: 64,in,SIMPLE_NAME, line no: 53, 0.002945202500882266, insert, 0.5384615384615384, 0.0, 0.5
nextLong,SIMPLE_NAME, line no: 62,Scanner,SIMPLE_NAME, line no: 44, 0.0028935447041448033, insert, 0.01639344262295082, 0.0, 0.25
String,SIMPLE_NAME, line no: 64,output,SIMPLE_NAME, line no: 49, 0.0028572860083186163, insert, 0.7916666666666666, 0.0, 0.16666666666666666
String,SIMPLE_NAME, line no: 64,n,SIMPLE_NAME, line no: 60, 0.0028572860083186163, insert, 1.0, 0.0, 0.16666666666666666
String,SIMPLE_NAME, line no: 64,format,SIMPLE_NAME, line no: 61, 0.0028572860083186163, insert, 1.0, 0.0, 0.16666666666666666
format,SIMPLE_NAME, line no: 64,value,SIMPLE_NAME, line no: 7, 0.0028572860083186163, insert, 0.25, 0.0, 0.16666666666666666
format,SIMPLE_NAME, line no: 64,String,SIMPLE_NAME, line no: 49, 0.0028572860083186163, insert, 0.7916666666666666, 0.0, 0.16666666666666666
"%d\n",STRING_LITERAL, line no: 64,String,SIMPLE_NAME, line no: 49, 0.0028572860083186163, insert, 0.7916666666666666, 0.0, 0.16666666666666666
"%d\n",STRING_LITERAL, line no: 64,n,SIMPLE_NAME, line no: 60, 0.0028572860083186163, insert, 1.0, 0.0, 0.16666666666666666
n.value % 10,INFIX_EXPRESSION, line no: 64,scanner,SIMPLE_NAME, line no: 51, 0.0028572860083186163, insert, 0.5416666666666666, 0.0, 0.16666666666666666
n.value % 10,INFIX_EXPRESSION, line no: 64,nextLong,SIMPLE_NAME, line no: 62, 0.0028572860083186163, insert, 1.0, 0.0, 0.16666666666666666
n,SIMPLE_NAME, line no: 64,String,SIMPLE_NAME, line no: 49, 0.0028572860083186163, insert, 0.7692307692307693, 0.0, 0.16666666666666666
value,SIMPLE_NAME, line no: 64,output,SIMPLE_NAME, line no: 49, 0.0028572860083186163, insert, 0.7692307692307693, 0.0, 0.16666666666666666
value,SIMPLE_NAME, line no: 64,format,SIMPLE_NAME, line no: 61, 0.0028572860083186163, insert, 1.0, 0.0, 0.16666666666666666
n.value,QUALIFIED_NAME, line no: 64,length,SIMPLE_NAME, line no: 50, 0.0028083039624617256, insert, 0.8, 0.0, 0.2857142857142857
format,SIMPLE_NAME, line no: 64,println,SIMPLE_NAME, line no: 56, 0.0027892553890729345, insert, 0.7916666666666666, 0.0, 0.2857142857142857
String,SIMPLE_NAME, line no: 64,scanner,SIMPLE_NAME, line no: 51, 0.0027756492652237985, insert, 0.5416666666666666, 0.0, 0.14285714285714285
format,SIMPLE_NAME, line no: 64,scanner,SIMPLE_NAME, line no: 51, 0.0027756492652237985, insert, 0.5416666666666666, 0.0, 0.14285714285714285
format,SIMPLE_NAME, line no: 64,LongObj,SIMPLE_NAME, line no: 60, 0.0027756492652237985, insert, 1.0, 0.0, 0.14285714285714285
"%d\n",STRING_LITERAL, line no: 64,scanner,SIMPLE_NAME, line no: 51, 0.0027756492652237985, insert, 0.5416666666666666, 0.0, 0.14285714285714285
"%d\n",STRING_LITERAL, line no: 64,LongObj,SIMPLE_NAME, line no: 60, 0.0027756492652237985, insert, 1.0, 0.0, 0.14285714285714285
n.value,QUALIFIED_NAME, line no: 64,String,SIMPLE_NAME, line no: 49, 0.0027756492652237985, insert, 0.76, 0.0, 0.14285714285714285
n.value,QUALIFIED_NAME, line no: 64,output,SIMPLE_NAME, line no: 49, 0.0027756492652237985, insert, 0.76, 0.0, 0.14285714285714285
n.value,QUALIFIED_NAME, line no: 64,LongObj,SIMPLE_NAME, line no: 60, 0.0027756492652237985, insert, 1.0, 0.0, 0.14285714285714285
n.value,QUALIFIED_NAME, line no: 64,n,SIMPLE_NAME, line no: 60, 0.0027756492652237985, insert, 1.0, 0.5, 0.14285714285714285
n.value,QUALIFIED_NAME, line no: 64,format,SIMPLE_NAME, line no: 61, 0.0027756492652237985, insert, 1.0, 0.0, 0.14285714285714285
n,SIMPLE_NAME, line no: 64,scanner,SIMPLE_NAME, line no: 51, 0.0027756492652237985, insert, 0.5384615384615384, 0.0, 0.14285714285714285
n,SIMPLE_NAME, line no: 64,LongObj,SIMPLE_NAME, line no: 60, 0.0027756492652237985, insert, 1.0, 0.0, 0.14285714285714285
"Enter an integer >  ",STRING_LITERAL, line no: 61,Scanner,SIMPLE_NAME, line no: 44, 0.0027227447285492036, insert, 0.016129032258064516, 0.0, 0.22727272727272727
n.value,QUALIFIED_NAME, line no: 64,println,SIMPLE_NAME, line no: 56, 0.00271687081019553, insert, 0.76, 0.0, 0.2857142857142857
format,SIMPLE_NAME, line no: 64,nextLong,SIMPLE_NAME, line no: 62, 0.0027144217079026855, insert, 1.0, 0.0, 0.125
"%d\n",STRING_LITERAL, line no: 64,nextLong,SIMPLE_NAME, line no: 62, 0.0027144217079026855, insert, 1.0, 0.0, 0.125
n,SIMPLE_NAME, line no: 64,nextLong,SIMPLE_NAME, line no: 62, 0.0027144217079026855, insert, 1.0, 0.0, 0.125
value,SIMPLE_NAME, line no: 64,nextLong,SIMPLE_NAME, line no: 62, 0.0027144217079026855, insert, 1.0, 0.0, 0.125
value,SIMPLE_NAME, line no: 64,java,SIMPLE_NAME, line no: 44, 0.0026023281798840323, insert, 0.07692307692307693, 0.0, 0.4
n.value % 10,INFIX_EXPRESSION, line no: 64,String,SIMPLE_NAME, line no: 49, 0.0025715574074867548, insert, 0.7916666666666666, 0.0, 0.08333333333333333
n.value % 10,INFIX_EXPRESSION, line no: 64,output,SIMPLE_NAME, line no: 49, 0.0025715574074867548, insert, 0.7916666666666666, 0.0, 0.08333333333333333
n.value % 10,INFIX_EXPRESSION, line no: 64,LongObj,SIMPLE_NAME, line no: 60, 0.0025715574074867548, insert, 1.0, 0.0, 0.08333333333333333
n.value % 10,INFIX_EXPRESSION, line no: 64,n,SIMPLE_NAME, line no: 60, 0.0025715574074867548, insert, 1.0, 0.5, 0.08333333333333333
n.value % 10,INFIX_EXPRESSION, line no: 64,format,SIMPLE_NAME, line no: 61, 0.0025715574074867548, insert, 1.0, 0.0, 0.08333333333333333
String,SIMPLE_NAME, line no: 64,mainClass,SIMPLE_NAME, line no: 48, 0.0025715574074867543, insert, 0.7916666666666666, 0.0, 0.2222222222222222
format,SIMPLE_NAME, line no: 64,mainClass,SIMPLE_NAME, line no: 48, 0.0025715574074867543, insert, 0.7916666666666666, 0.0, 0.2222222222222222
output+=(String.format("Enter an integer >  ")); ,EXPRESSION_STATEMENT, line no: 61,value=i; ,EXPRESSION_STATEMENT, line no: 7, 0.002559044819330752, insert, 0.06896551724137931, 0.0, 0.10204081632653061
output+=(String.format("That's all  have a nice day!\n")); ,EXPRESSION_STATEMENT, line no: 67,value=i; ,EXPRESSION_STATEMENT, line no: 7, 0.0025530646184314053, insert, 0.06896551724137931, 0.0, 0.1016949152542373
value,SIMPLE_NAME, line no: 64,args,SIMPLE_NAME, line no: 50, 0.0025319949858331123, insert, 0.8076923076923077, 0.0, 0.2
value,SIMPLE_NAME, line no: 64,mainClass,SIMPLE_NAME, line no: 48, 0.0025202727868246255, insert, 0.7692307692307693, 0.0, 0.2222222222222222
n.value,QUALIFIED_NAME, line no: 64,mainClass,SIMPLE_NAME, line no: 48, 0.00249917282860935, insert, 0.76, 0.0, 0.2222222222222222
value,SIMPLE_NAME, line no: 64,exec,SIMPLE_NAME, line no: 55, 0.0024440784932694627, insert, 0.7692307692307693, 0.0, 0.2
value,SIMPLE_NAME, line no: 64,out,SIMPLE_NAME, line no: 56, 0.0024440784932694627, insert, 0.7692307692307693, 0.0, 0.2
n,SIMPLE_NAME, line no: 64,length,SIMPLE_NAME, line no: 50, 0.0024177035455003677, insert, 0.8076923076923077, 0.0, 0.16666666666666666
String,SIMPLE_NAME, line no: 64,util,SIMPLE_NAME, line no: 44, 0.0023810716735988466, insert, 0.08333333333333333, 0.0, 0.3333333333333333
String,SIMPLE_NAME, line no: 64,in,SIMPLE_NAME, line no: 53, 0.0023810716735988466, insert, 0.5416666666666666, 0.0, 0.3333333333333333
String,SIMPLE_NAME, line no: 64,out,SIMPLE_NAME, line no: 56, 0.0023810716735988466, insert, 0.7916666666666666, 0.0, 0.16666666666666666
format,SIMPLE_NAME, line no: 64,args,SIMPLE_NAME, line no: 50, 0.0023810716735988466, insert, 0.7916666666666666, 0.0, 0.16666666666666666
format,SIMPLE_NAME, line no: 64,length,SIMPLE_NAME, line no: 50, 0.0023810716735988466, insert, 0.7916666666666666, 0.0, 0.16666666666666666
format,SIMPLE_NAME, line no: 64,System,SIMPLE_NAME, line no: 53, 0.0023810716735988466, insert, 0.5416666666666666, 0.0, 0.16666666666666666
"%d\n",STRING_LITERAL, line no: 64,length,SIMPLE_NAME, line no: 50, 0.0023810716735988466, insert, 0.7916666666666666, 0.0, 0.16666666666666666
n.value % 10,INFIX_EXPRESSION, line no: 64,mainClass,SIMPLE_NAME, line no: 48, 0.0023810716735988466, insert, 0.7916666666666666, 0.0, 0.16666666666666666
n.value % 10,INFIX_EXPRESSION, line no: 64,length,SIMPLE_NAME, line no: 50, 0.0023810716735988466, insert, 0.7916666666666666, 0.0, 0.16666666666666666
n.value % 10,INFIX_EXPRESSION, line no: 64,println,SIMPLE_NAME, line no: 56, 0.0023810716735988466, insert, 0.7916666666666666, 0.0, 0.16666666666666666
value,SIMPLE_NAME, line no: 64,System,SIMPLE_NAME, line no: 53, 0.0023297870529367178, insert, 0.5384615384615384, 0.0, 0.16666666666666666
format,SIMPLE_NAME, line no: 61,java,SIMPLE_NAME, line no: 44, 0.0023203366876194047, insert, 0.03225806451612903, 0.0, 0.16666666666666666
format,SIMPLE_NAME, line no: 61,util,SIMPLE_NAME, line no: 44, 0.0023203366876194047, insert, 0.03225806451612903, 0.0, 0.16666666666666666
format,SIMPLE_NAME, line no: 67,java,SIMPLE_NAME, line no: 44, 0.0023203366876194047, insert, 0.03225806451612903, 0.0, 0.16666666666666666
format,SIMPLE_NAME, line no: 67,util,SIMPLE_NAME, line no: 44, 0.0023203366876194047, insert, 0.03225806451612903, 0.0, 0.16666666666666666
n.value,QUALIFIED_NAME, line no: 64,args,SIMPLE_NAME, line no: 50, 0.0023184835038928204, insert, 0.8, 0.0, 0.14285714285714285
"%d\n",STRING_LITERAL, line no: 64,println,SIMPLE_NAME, line no: 56, 0.0022994349305040292, insert, 0.7916666666666666, 0.0, 0.14285714285714285
n,SIMPLE_NAME, line no: 64,println,SIMPLE_NAME, line no: 56, 0.0022481503098419004, insert, 0.7692307692307693, 0.0, 0.14285714285714285
value,SIMPLE_NAME, line no: 64,println,SIMPLE_NAME, line no: 56, 0.0022481503098419004, insert, 0.7692307692307693, 0.0, 0.14285714285714285
n.value,QUALIFIED_NAME, line no: 64,System,SIMPLE_NAME, line no: 53, 0.0022270503516266245, insert, 0.52, 0.0, 0.14285714285714285
n.value,QUALIFIED_NAME, line no: 64,exec,SIMPLE_NAME, line no: 55, 0.0022270503516266245, insert, 0.76, 0.0, 0.14285714285714285
n.value,QUALIFIED_NAME, line no: 64,out,SIMPLE_NAME, line no: 56, 0.0022270503516266245, insert, 0.76, 0.0, 0.14285714285714285
String,SIMPLE_NAME, line no: 64,Scanner,SIMPLE_NAME, line no: 44, 0.0022177981874092114, insert, 0.041666666666666664, 0.0, 0.2857142857142857
value,SIMPLE_NAME, line no: 64,Scanner,SIMPLE_NAME, line no: 44, 0.0022104718130289075, insert, 0.038461538461538464, 0.0, 0.2857142857142857
"%d\n",STRING_LITERAL, line no: 64,mainClass,SIMPLE_NAME, line no: 48, 0.002190585939710939, insert, 0.7916666666666666, 0.0, 0.1111111111111111
scanner,SIMPLE_NAME, line no: 62,java,SIMPLE_NAME, line no: 44, 0.002182144774643909, insert, 0.03278688524590164, 0.0, 0.14285714285714285
scanner,SIMPLE_NAME, line no: 62,in,SIMPLE_NAME, line no: 53, 0.002182144774643909, insert, 0.2786885245901639, 0.0, 0.14285714285714285
String,SIMPLE_NAME, line no: 64,digits_0cea42f9_000,SIMPLE_NAME, line no: 48, 0.002170534809828001, insert, 0.7916666666666666, 0.0, 0.10526315789473684
n.value % 10,INFIX_EXPRESSION, line no: 64,digits_0cea42f9_000,SIMPLE_NAME, line no: 48, 0.002170534809828001, insert, 0.7916666666666666, 0.0, 0.10526315789473684
n.value,QUALIFIED_NAME, line no: 64,java,SIMPLE_NAME, line no: 44, 0.0021682718965983557, insert, 0.08, 0.0, 0.2857142857142857
n.value,QUALIFIED_NAME, line no: 64,Scanner,SIMPLE_NAME, line no: 44, 0.0021682718965983557, insert, 0.04, 0.0, 0.2857142857142857
format,SIMPLE_NAME, line no: 61,Scanner,SIMPLE_NAME, line no: 44, 0.0021622478143969834, insert, 0.016129032258064516, 0.0, 0.14285714285714285
format,SIMPLE_NAME, line no: 67,Scanner,SIMPLE_NAME, line no: 44, 0.0021622478143969834, insert, 0.016129032258064516, 0.0, 0.14285714285714285
n,SIMPLE_NAME, line no: 64,mainClass,SIMPLE_NAME, line no: 48, 0.00213930131904881, insert, 0.7692307692307693, 0.0, 0.1111111111111111
n.value % 10,INFIX_EXPRESSION, line no: 64,args,SIMPLE_NAME, line no: 50, 0.002095343072766985, insert, 0.7916666666666666, 0.0, 0.08333333333333333
n.value % 10,INFIX_EXPRESSION, line no: 64,System,SIMPLE_NAME, line no: 53, 0.002095343072766985, insert, 0.5416666666666666, 0.0, 0.08333333333333333
n.value % 10,INFIX_EXPRESSION, line no: 64,exec,SIMPLE_NAME, line no: 55, 0.002095343072766985, insert, 0.7916666666666666, 0.0, 0.08333333333333333
n.value % 10,INFIX_EXPRESSION, line no: 64,out,SIMPLE_NAME, line no: 56, 0.002095343072766985, insert, 0.7916666666666666, 0.0, 0.08333333333333333
nextLong,SIMPLE_NAME, line no: 62,util,SIMPLE_NAME, line no: 44, 0.0020635781197270936, insert, 0.03278688524590164, 0.0, 0.125
nextLong,SIMPLE_NAME, line no: 62,in,SIMPLE_NAME, line no: 53, 0.0020635781197270936, insert, 0.2786885245901639, 0.0, 0.125
format,SIMPLE_NAME, line no: 64,digits_0cea42f9_000,SIMPLE_NAME, line no: 48, 0.0019900746408815623, insert, 0.7916666666666666, 0.0, 0.05263157894736842
"%d\n",STRING_LITERAL, line no: 64,digits_0cea42f9_000,SIMPLE_NAME, line no: 48, 0.0019900746408815623, insert, 0.7916666666666666, 0.0, 0.05263157894736842
value,SIMPLE_NAME, line no: 64,digits_0cea42f9_000,SIMPLE_NAME, line no: 48, 0.0019387900202194337, insert, 0.7692307692307693, 0.0, 0.05263157894736842
n.value,QUALIFIED_NAME, line no: 64,digits_0cea42f9_000,SIMPLE_NAME, line no: 48, 0.0019176900620041578, insert, 0.76, 0.0, 0.05263157894736842
10,NUMBER_LITERAL, line no: 64,digits_0cea42f9_000,SIMPLE_NAME, line no: 48, 0.0019176900620041578, insert, 0.76, 0.0, 0.05263157894736842
value,SIMPLE_NAME, line no: 64,util,SIMPLE_NAME, line no: 44, 0.0019165795378875642, insert, 0.07692307692307693, 0.0, 0.2
"That's all  have a nice day!\n",STRING_LITERAL, line no: 67,java,SIMPLE_NAME, line no: 44, 0.0018361895133757406, insert, 0.03225806451612903, 0.0, 0.09375
"That's all  have a nice day!\n",STRING_LITERAL, line no: 67,Scanner,SIMPLE_NAME, line no: 44, 0.0018361895133757406, insert, 0.016129032258064516, 0.0, 0.09375
"Enter an integer >  ",STRING_LITERAL, line no: 61,util,SIMPLE_NAME, line no: 44, 0.001817326636457156, insert, 0.03225806451612903, 0.0, 0.09090909090909091
"Enter an integer >  ",STRING_LITERAL, line no: 61,in,SIMPLE_NAME, line no: 53, 0.001817326636457156, insert, 0.27419354838709675, 0.0, 0.09090909090909091
format,SIMPLE_NAME, line no: 64,java,SIMPLE_NAME, line no: 44, 0.0018096144719351235, insert, 0.08333333333333333, 0.0, 0.16666666666666666
format,SIMPLE_NAME, line no: 64,util,SIMPLE_NAME, line no: 44, 0.0018096144719351235, insert, 0.08333333333333333, 0.0, 0.16666666666666666
"%d\n",STRING_LITERAL, line no: 64,in,SIMPLE_NAME, line no: 53, 0.0018096144719351235, insert, 0.5416666666666666, 0.0, 0.16666666666666666
n.value % 10,INFIX_EXPRESSION, line no: 64,java,SIMPLE_NAME, line no: 44, 0.0018096144719351235, insert, 0.08333333333333333, 0.0, 0.16666666666666666
n.value % 10,INFIX_EXPRESSION, line no: 64,Scanner,SIMPLE_NAME, line no: 44, 0.0018096144719351235, insert, 0.041666666666666664, 0.0, 0.16666666666666666
format,SIMPLE_NAME, line no: 64,Scanner,SIMPLE_NAME, line no: 44, 0.001727977728840306, insert, 0.041666666666666664, 0.0, 0.14285714285714285
"%d\n",STRING_LITERAL, line no: 64,Scanner,SIMPLE_NAME, line no: 44, 0.001727977728840306, insert, 0.041666666666666664, 0.0, 0.14285714285714285
n,SIMPLE_NAME, line no: 64,Scanner,SIMPLE_NAME, line no: 44, 0.0017206513544600018, insert, 0.038461538461538464, 0.0, 0.14285714285714285
n.value,QUALIFIED_NAME, line no: 64,util,SIMPLE_NAME, line no: 44, 0.00167845143802945, insert, 0.08, 0.0, 0.14285714285714285
n.value,QUALIFIED_NAME, line no: 64,in,SIMPLE_NAME, line no: 53, 0.00167845143802945, insert, 0.52, 0.0, 0.14285714285714285
"That's all  have a nice day!\n",STRING_LITERAL, line no: 67,util,SIMPLE_NAME, line no: 44, 0.001628697867271313, insert, 0.03225806451612903, 0.0, 0.0625
"That's all  have a nice day!\n",STRING_LITERAL, line no: 67,in,SIMPLE_NAME, line no: 53, 0.001628697867271313, insert, 0.27419354838709675, 0.0, 0.0625
String,SIMPLE_NAME, line no: 61,i,SIMPLE_NAME, line no: 7, 0.0015349919625789908, insert, 0.0967741935483871, 0.0, 0.16666666666666666
String,SIMPLE_NAME, line no: 67,i,SIMPLE_NAME, line no: 7, 0.0015349919625789908, insert, 0.0967741935483871, 0.0, 0.16666666666666666
n.value % 10,INFIX_EXPRESSION, line no: 64,util,SIMPLE_NAME, line no: 44, 0.001523885871103262, insert, 0.08333333333333333, 0.0, 0.08333333333333333
n.value % 10,INFIX_EXPRESSION, line no: 64,in,SIMPLE_NAME, line no: 53, 0.001523885871103262, insert, 0.5416666666666666, 0.0, 0.08333333333333333
"Enter an integer >  ",STRING_LITERAL, line no: 61,java,SIMPLE_NAME, line no: 44, 0.0015155206057598071, insert, 0.03225806451612903, 0.0, 0.045454545454545456
scanner,SIMPLE_NAME, line no: 62,n.value,QUALIFIED_NAME, line no: 62, 0.0014978409451597942, insert, 0.9836065573770492, 0.0, 0.2857142857142857
nextLong,SIMPLE_NAME, line no: 62,n.value,QUALIFIED_NAME, line no: 62, 0.0014410198645287324, insert, 0.9836065573770492, 0.0, 0.25
n.value,QUALIFIED_NAME, line no: 64,n.value,QUALIFIED_NAME, line no: 62, 0.001369306393762915, insert, 1.0, 2.0, 1.0
n.value=scanner.nextLong(); ,EXPRESSION_STATEMENT, line no: 62,if (true) return; ,IF_STATEMENT, line no: 68, 0.0012727922061357855, insert, 1.0, 0.0, 0.2857142857142857
String,SIMPLE_NAME, line no: 61,n.value,QUALIFIED_NAME, line no: 62, 0.0012537296500531067, insert, 0.967741935483871, 0.0, 0.14285714285714285
format,SIMPLE_NAME, line no: 61,n.value,QUALIFIED_NAME, line no: 62, 0.0012537296500531067, insert, 0.967741935483871, 0.0, 0.14285714285714285
String,SIMPLE_NAME, line no: 67,n.value,QUALIFIED_NAME, line no: 62, 0.0012537296500531067, insert, 0.967741935483871, 0.0, 0.14285714285714285
format,SIMPLE_NAME, line no: 67,n.value,QUALIFIED_NAME, line no: 62, 0.0012537296500531067, insert, 0.967741935483871, 0.0, 0.14285714285714285
"Enter an integer >  ",STRING_LITERAL, line no: 61,n.value,QUALIFIED_NAME, line no: 62, 0.0012433985444838228, insert, 0.967741935483871, 0.0, 0.13636363636363635
"That's all  have a nice day!\n",STRING_LITERAL, line no: 67,n.value,QUALIFIED_NAME, line no: 62, 0.0011756006641853965, insert, 0.967741935483871, 0.0, 0.09375
output+=(String.format("Enter an integer >  ")); ,EXPRESSION_STATEMENT, line no: 61,if (true) return; ,IF_STATEMENT, line no: 68, 0.0011636957313241468, insert, 1.0, 0.0, 0.20408163265306123
nextLong,SIMPLE_NAME, line no: 62,args.length,QUALIFIED_NAME, line no: 50, 0.0011468091723193146, insert, 0.6721311475409836, 0.0, 0.2727272727272727
String,SIMPLE_NAME, line no: 64,i,SIMPLE_NAME, line no: 7, 0.0011429144033274466, insert, 0.25, 0.0, 0.16666666666666666
String,SIMPLE_NAME, line no: 61,args.length,QUALIFIED_NAME, line no: 50, 0.0011353107410546472, insert, 0.6612903225806451, 0.0, 0.2727272727272727
String,SIMPLE_NAME, line no: 67,args.length,QUALIFIED_NAME, line no: 50, 0.0011353107410546472, insert, 0.6612903225806451, 0.0, 0.2727272727272727
value,SIMPLE_NAME, line no: 64,n.value,QUALIFIED_NAME, line no: 62, 0.0011345681548321296, insert, 1.0, 1.0, 0.7142857142857143
output+=(String.format("That's all  have a nice day!\n")); ,EXPRESSION_STATEMENT, line no: 67,if (true) return; ,IF_STATEMENT, line no: 68, 0.0011174684114887065, insert, 1.0, 0.0, 0.1694915254237288
scanner,SIMPLE_NAME, line no: 62,System.out,QUALIFIED_NAME, line no: 56, 0.001048488661611856, insert, 0.6885245901639344, 0.0, 0.2
nextLong,SIMPLE_NAME, line no: 62,System.out,QUALIFIED_NAME, line no: 56, 0.001048488661611856, insert, 0.6885245901639344, 0.0, 0.2
String,SIMPLE_NAME, line no: 61,System.out,QUALIFIED_NAME, line no: 56, 0.0010367097808041477, insert, 0.6774193548387096, 0.0, 0.2
format,SIMPLE_NAME, line no: 61,System.out,QUALIFIED_NAME, line no: 56, 0.0010367097808041477, insert, 0.6774193548387096, 0.0, 0.2
String,SIMPLE_NAME, line no: 67,System.out,QUALIFIED_NAME, line no: 56, 0.0010367097808041477, insert, 0.6774193548387096, 0.0, 0.2
format,SIMPLE_NAME, line no: 67,System.out,QUALIFIED_NAME, line no: 56, 0.0010367097808041477, insert, 0.6774193548387096, 0.0, 0.2
n.value % 10,INFIX_EXPRESSION, line no: 64,n.value,QUALIFIED_NAME, line no: 62, 0.0010269797953221863, insert, 1.0, 2.0, 0.5833333333333334
format,SIMPLE_NAME, line no: 61,mainClass.output,QUALIFIED_NAME, line no: 56, 0.001016822402583276, insert, 0.6774193548387096, 0.0, 0.1875
format,SIMPLE_NAME, line no: 67,mainClass.output,QUALIFIED_NAME, line no: 56, 0.001016822402583276, insert, 0.6774193548387096, 0.0, 0.1875
"Enter an integer >  ",STRING_LITERAL, line no: 61,mainClass.output,QUALIFIED_NAME, line no: 56, 0.0010077826852101525, insert, 0.6774193548387096, 0.0, 0.18181818181818182
scanner,SIMPLE_NAME, line no: 62,args.length,QUALIFIED_NAME, line no: 50, 0.0010021736943493392, insert, 0.6721311475409836, 0.0, 0.18181818181818182
String,SIMPLE_NAME, line no: 61,System.in,QUALIFIED_NAME, line no: 53, 9.979329573197241E-4, insert, 0.27419354838709675, 0.0, 0.4444444444444444
String,SIMPLE_NAME, line no: 67,System.in,QUALIFIED_NAME, line no: 53, 9.979329573197241E-4, insert, 0.27419354838709675, 0.0, 0.4444444444444444
format,SIMPLE_NAME, line no: 61,args.length,QUALIFIED_NAME, line no: 50, 9.906752630846716E-4, insert, 0.6612903225806451, 0.0, 0.18181818181818182
format,SIMPLE_NAME, line no: 67,args.length,QUALIFIED_NAME, line no: 50, 9.906752630846716E-4, insert, 0.6612903225806451, 0.0, 0.18181818181818182
String,SIMPLE_NAME, line no: 61,true,BOOLEAN_LITERAL, line no: 68, 9.54137956678493E-4, insert, 0.9354838709677419, 0.0, 0.3333333333333333
String,SIMPLE_NAME, line no: 67,true,BOOLEAN_LITERAL, line no: 68, 9.54137956678493E-4, insert, 0.9354838709677419, 0.0, 0.3333333333333333
scanner,SIMPLE_NAME, line no: 62,mainClass.scanner,QUALIFIED_NAME, line no: 51, 9.507074538759341E-4, insert, 0.26229508196721313, 1.0, 0.4117647058823529
"That's all  have a nice day!\n",STRING_LITERAL, line no: 67,args.length,QUALIFIED_NAME, line no: 50, 9.49996534905616E-4, insert, 0.6612903225806451, 0.0, 0.15625
"Enter an integer >  ",STRING_LITERAL, line no: 61,System.out,QUALIFIED_NAME, line no: 56, 9.354649462251647E-4, insert, 0.6774193548387096, 0.0, 0.13636363636363635
scanner,SIMPLE_NAME, line no: 62,mainClass.output,QUALIFIED_NAME, line no: 56, 9.291643922866262E-4, insert, 0.6885245901639344, 0.0, 0.125
nextLong,SIMPLE_NAME, line no: 62,mainClass.output,QUALIFIED_NAME, line no: 56, 9.291643922866262E-4, insert, 0.6885245901639344, 0.0, 0.125
"Enter an integer >  ",STRING_LITERAL, line no: 61,args.length,QUALIFIED_NAME, line no: 50, 9.183575240996839E-4, insert, 0.6612903225806451, 0.0, 0.13636363636363635
String,SIMPLE_NAME, line no: 61,mainClass.output,QUALIFIED_NAME, line no: 56, 9.173855114789179E-4, insert, 0.6774193548387096, 0.0, 0.125
String,SIMPLE_NAME, line no: 67,mainClass.output,QUALIFIED_NAME, line no: 56, 9.173855114789179E-4, insert, 0.6774193548387096, 0.0, 0.125
"That's all  have a nice day!\n",STRING_LITERAL, line no: 67,mainClass.output,QUALIFIED_NAME, line no: 56, 8.676670659267386E-4, insert, 0.6774193548387096, 0.0, 0.09375
output+=(String.format("That's all  have a nice day!\n")); ,EXPRESSION_STATEMENT, line no: 67,if (args.length > 0) {   mainClass.scanner=new java.util.Scanner(args[0]); }  else {   mainClass.scanner=new java.util.Scanner(System.in); } ,IF_STATEMENT, line no: 50, 8.608856455147328E-4, insert, 0.6896551724137931, 0.0, 0.18439716312056736
scanner,SIMPLE_NAME, line no: 62,java.util.Scanner,QUALIFIED_NAME, line no: 51, 8.571197916600675E-4, insert, 0.26229508196721313, 0.0, 0.35294117647058826
output+=(String.format("Enter an integer >  ")); ,EXPRESSION_STATEMENT, line no: 61,if (args.length > 0) {   mainClass.scanner=new java.util.Scanner(args[0]); }  else {   mainClass.scanner=new java.util.Scanner(System.in); } ,IF_STATEMENT, line no: 50, 8.229726861830285E-4, insert, 0.6896551724137931, 0.0, 0.15602836879432624
"That's all  have a nice day!\n",STRING_LITERAL, line no: 67,System.out,QUALIFIED_NAME, line no: 56, 8.179486203745595E-4, insert, 0.6774193548387096, 0.0, 0.0625
n.value=scanner.nextLong(); ,EXPRESSION_STATEMENT, line no: 62,if (args.length > 0) {   mainClass.scanner=new java.util.Scanner(args[0]); }  else {   mainClass.scanner=new java.util.Scanner(System.in); } ,IF_STATEMENT, line no: 50, 8.134944463501024E-4, insert, 0.6896551724137931, 0.5, 0.14893617021276595
format,SIMPLE_NAME, line no: 61,true,BOOLEAN_LITERAL, line no: 68, 7.879678630996542E-4, insert, 0.9354838709677419, 0.0, 0.16666666666666666
format,SIMPLE_NAME, line no: 67,true,BOOLEAN_LITERAL, line no: 68, 7.879678630996542E-4, insert, 0.9354838709677419, 0.0, 0.16666666666666666
scanner,SIMPLE_NAME, line no: 62,true,BOOLEAN_LITERAL, line no: 68, 7.744226843603956E-4, insert, 0.9508196721311475, 0.0, 0.14285714285714285
"Enter an integer >  ",STRING_LITERAL, line no: 61,true,BOOLEAN_LITERAL, line no: 68, 7.577551188125927E-4, insert, 0.9354838709677419, 0.0, 0.13636363636363635
nextLong,SIMPLE_NAME, line no: 62,true,BOOLEAN_LITERAL, line no: 68, 7.566187457626629E-4, insert, 0.9508196721311475, 0.0, 0.125
"Enter an integer >  ",STRING_LITERAL, line no: 61,i,SIMPLE_NAME, line no: 7, 7.30175880719393E-4, insert, 0.0967741935483871, 0.0, 0.045454545454545456
"Enter an integer >  ",STRING_LITERAL, line no: 61,mainClass.scanner,QUALIFIED_NAME, line no: 51, 7.247326100431037E-4, insert, 0.25806451612903225, 0.0, 0.2727272727272727
"Enter an integer >  ",STRING_LITERAL, line no: 61,java.util.Scanner,QUALIFIED_NAME, line no: 51, 7.247326100431037E-4, insert, 0.25806451612903225, 0.0, 0.2727272727272727
"That's all  have a nice day!\n",STRING_LITERAL, line no: 67,true,BOOLEAN_LITERAL, line no: 68, 6.841115546128801E-4, insert, 0.9354838709677419, 0.0, 0.0625
value,SIMPLE_NAME, line no: 64,args.length,QUALIFIED_NAME, line no: 50, 6.664596154258664E-4, insert, 0.8076923076923077, 0.0, 0.2727272727272727
String,SIMPLE_NAME, line no: 64,n.value,QUALIFIED_NAME, line no: 62, 6.650916769705587E-4, insert, 1.0, 0.0, 0.14285714285714285
format,SIMPLE_NAME, line no: 64,n.value,QUALIFIED_NAME, line no: 62, 6.650916769705587E-4, insert, 1.0, 0.0, 0.14285714285714285
"%d\n",STRING_LITERAL, line no: 64,n.value,QUALIFIED_NAME, line no: 62, 6.650916769705587E-4, insert, 1.0, 0.0, 0.14285714285714285
n,SIMPLE_NAME, line no: 64,n.value,QUALIFIED_NAME, line no: 62, 6.650916769705587E-4, insert, 1.0, 1.0, 0.14285714285714285
n.value,QUALIFIED_NAME, line no: 64,args.length,QUALIFIED_NAME, line no: 50, 6.622463649835189E-4, insert, 0.8, 0.0, 0.2727272727272727
String,SIMPLE_NAME, line no: 64,System.in,QUALIFIED_NAME, line no: 53, 6.618314236520756E-4, insert, 0.5416666666666666, 0.0, 0.4444444444444444
String,SIMPLE_NAME, line no: 64,args.length,QUALIFIED_NAME, line no: 50, 6.576820103376425E-4, insert, 0.7916666666666666, 0.0, 0.2727272727272727
scanner,SIMPLE_NAME, line no: 62,System.in,QUALIFIED_NAME, line no: 53, 6.491472089581419E-4, insert, 0.2786885245901639, 0.0, 0.2222222222222222
nextLong,SIMPLE_NAME, line no: 62,System.in,QUALIFIED_NAME, line no: 53, 6.491472089581419E-4, insert, 0.2786885245901639, 0.0, 0.2222222222222222
String,SIMPLE_NAME, line no: 61,java.util,QUALIFIED_NAME, line no: 44, 6.443795667264505E-4, insert, 0.016129032258064516, 0.0, 0.2222222222222222
format,SIMPLE_NAME, line no: 61,java.util,QUALIFIED_NAME, line no: 44, 6.443795667264505E-4, insert, 0.016129032258064516, 0.0, 0.2222222222222222
String,SIMPLE_NAME, line no: 67,java.util,QUALIFIED_NAME, line no: 44, 6.443795667264505E-4, insert, 0.016129032258064516, 0.0, 0.2222222222222222
format,SIMPLE_NAME, line no: 67,java.util,QUALIFIED_NAME, line no: 44, 6.443795667264505E-4, insert, 0.016129032258064516, 0.0, 0.2222222222222222
n.value % 10,INFIX_EXPRESSION, line no: 64,args.length,QUALIFIED_NAME, line no: 50, 6.390096504226937E-4, insert, 0.7916666666666666, 0.0, 0.25
"That's all  have a nice day!\n",STRING_LITERAL, line no: 67,java.util.Scanner,QUALIFIED_NAME, line no: 51, 6.388552949984307E-4, insert, 0.25806451612903225, 0.0, 0.21875
"That's all  have a nice day!\n",STRING_LITERAL, line no: 67,i,SIMPLE_NAME, line no: 7, 6.358614961264715E-4, insert, 0.0967741935483871, 0.0, 0.03125
String,SIMPLE_NAME, line no: 64,System.out,QUALIFIED_NAME, line no: 56, 5.979304586098063E-4, insert, 0.7916666666666666, 0.0, 0.2
format,SIMPLE_NAME, line no: 64,System.out,QUALIFIED_NAME, line no: 56, 5.979304586098063E-4, insert, 0.7916666666666666, 0.0, 0.2
"That's all  have a nice day!\n",STRING_LITERAL, line no: 67,mainClass.scanner,QUALIFIED_NAME, line no: 51, 5.891368494462515E-4, insert, 0.25806451612903225, 0.0, 0.1875
format,SIMPLE_NAME, line no: 64,mainClass.output,QUALIFIED_NAME, line no: 56, 5.876606606565844E-4, insert, 0.7916666666666666, 0.0, 0.1875
n.value % 10,INFIX_EXPRESSION, line no: 64,mainClass.output,QUALIFIED_NAME, line no: 56, 5.876606606565844E-4, insert, 0.7916666666666666, 0.0, 0.1875
format,SIMPLE_NAME, line no: 64,args.length,QUALIFIED_NAME, line no: 50, 5.829925706778472E-4, insert, 0.7916666666666666, 0.0, 0.18181818181818182
n.value,QUALIFIED_NAME, line no: 64,System.out,QUALIFIED_NAME, line no: 56, 5.805859109554761E-4, insert, 0.76, 0.0, 0.2
"Enter an integer >  ",STRING_LITERAL, line no: 61,System.in,QUALIFIED_NAME, line no: 53, 5.80097132073128E-4, insert, 0.27419354838709675, 0.0, 0.18181818181818182
value,SIMPLE_NAME, line no: 64,mainClass.output,QUALIFIED_NAME, line no: 56, 5.75372013533071E-4, insert, 0.7692307692307693, 0.0, 0.1875
String,SIMPLE_NAME, line no: 61,java.util.Scanner,QUALIFIED_NAME, line no: 51, 5.715891627807765E-4, insert, 0.25806451612903225, 0.0, 0.17647058823529413
String,SIMPLE_NAME, line no: 67,java.util.Scanner,QUALIFIED_NAME, line no: 51, 5.715891627807765E-4, insert, 0.25806451612903225, 0.0, 0.17647058823529413
n.value % 10,INFIX_EXPRESSION, line no: 64,System.out,QUALIFIED_NAME, line no: 56, 5.705443307345479E-4, insert, 0.7916666666666666, 0.0, 0.16666666666666666
n.value,QUALIFIED_NAME, line no: 64,mainClass.output,QUALIFIED_NAME, line no: 56, 5.703161130022542E-4, insert, 0.76, 0.0, 0.1875
value,SIMPLE_NAME, line no: 64,java.util,QUALIFIED_NAME, line no: 44, 5.687888097169032E-4, insert, 0.038461538461538464, 0.0, 0.3333333333333333
n.value,QUALIFIED_NAME, line no: 64,java.util,QUALIFIED_NAME, line no: 44, 5.586770086552694E-4, insert, 0.04, 0.0, 0.3333333333333333
value,SIMPLE_NAME, line no: 64,true,BOOLEAN_LITERAL, line no: 68, 5.491831509918466E-4, insert, 1.0, 0.0, 0.4
String,SIMPLE_NAME, line no: 64,mainClass.output,QUALIFIED_NAME, line no: 56, 5.36311670890475E-4, insert, 0.7916666666666666, 0.0, 0.125
n,SIMPLE_NAME, line no: 64,args.length,QUALIFIED_NAME, line no: 50, 5.170807361062757E-4, insert, 0.8076923076923077, 0.0, 0.09090909090909091
String,SIMPLE_NAME, line no: 64,true,BOOLEAN_LITERAL, line no: 68, 5.148592040548561E-4, insert, 1.0, 0.0, 0.3333333333333333
"%d\n",STRING_LITERAL, line no: 64,args.length,QUALIFIED_NAME, line no: 50, 5.083031310180519E-4, insert, 0.7916666666666666, 0.0, 0.09090909090909091
value,SIMPLE_NAME, line no: 64,System.out,QUALIFIED_NAME, line no: 56, 5.034834278605181E-4, insert, 0.7692307692307693, 0.0, 0.1
n.value % 10,INFIX_EXPRESSION, line no: 64,java.util,QUALIFIED_NAME, line no: 44, 5.020790110464023E-4, insert, 0.041666666666666664, 0.0, 0.25
n.value,QUALIFIED_NAME, line no: 64,true,BOOLEAN_LITERAL, line no: 68, 4.903420990998629E-4, insert, 1.0, 0.0, 0.2857142857142857
n.value % 10,INFIX_EXPRESSION, line no: 64,mainClass.scanner,QUALIFIED_NAME, line no: 51, 4.899968958073177E-4, insert, 0.5416666666666666, 0.0, 0.23529411764705882
n.value % 10,INFIX_EXPRESSION, line no: 64,java.util.Scanner,QUALIFIED_NAME, line no: 51, 4.899968958073177E-4, insert, 0.5416666666666666, 0.0, 0.23529411764705882
"That's all  have a nice day!\n",STRING_LITERAL, line no: 67,java.util,QUALIFIED_NAME, line no: 44, 4.896999583418933E-4, insert, 0.016129032258064516, 0.0, 0.125
"That's all  have a nice day!\n",STRING_LITERAL, line no: 67,System.in,QUALIFIED_NAME, line no: 53, 4.896999583418933E-4, insert, 0.27419354838709675, 0.0, 0.125
value,SIMPLE_NAME, line no: 64,java.util.Scanner,QUALIFIED_NAME, line no: 51, 4.882413747896729E-4, insert, 0.5384615384615384, 0.0, 0.23529411764705882
"%d\n",STRING_LITERAL, line no: 64,mainClass.output,QUALIFIED_NAME, line no: 56, 4.849626811243657E-4, insert, 0.7916666666666666, 0.0, 0.0625
nextLong,SIMPLE_NAME, line no: 62,mainClass.scanner,QUALIFIED_NAME, line no: 51, 4.8276914279660134E-4, insert, 0.26229508196721313, 0.0, 0.11764705882352941
nextLong,SIMPLE_NAME, line no: 62,java.util.Scanner,QUALIFIED_NAME, line no: 51, 4.8276914279660134E-4, insert, 0.26229508196721313, 0.0, 0.11764705882352941
String,SIMPLE_NAME, line no: 64,java.util,QUALIFIED_NAME, line no: 44, 4.792572378170203E-4, insert, 0.041666666666666664, 0.0, 0.2222222222222222
format,SIMPLE_NAME, line no: 64,java.util,QUALIFIED_NAME, line no: 44, 4.792572378170203E-4, insert, 0.041666666666666664, 0.0, 0.2222222222222222
n.value,QUALIFIED_NAME, line no: 64,mainClass.scanner,QUALIFIED_NAME, line no: 51, 4.781295737280391E-4, insert, 0.52, 0.0, 0.23529411764705882
n.value,QUALIFIED_NAME, line no: 64,java.util.Scanner,QUALIFIED_NAME, line no: 51, 4.781295737280391E-4, insert, 0.52, 0.0, 0.23529411764705882
String,SIMPLE_NAME, line no: 61,mainClass.scanner,QUALIFIED_NAME, line no: 51, 4.780015005649099E-4, insert, 0.25806451612903225, 0.0, 0.11764705882352941
format,SIMPLE_NAME, line no: 61,mainClass.scanner,QUALIFIED_NAME, line no: 51, 4.780015005649099E-4, insert, 0.25806451612903225, 0.0, 0.11764705882352941
format,SIMPLE_NAME, line no: 61,java.util.Scanner,QUALIFIED_NAME, line no: 51, 4.780015005649099E-4, insert, 0.25806451612903225, 0.0, 0.11764705882352941
String,SIMPLE_NAME, line no: 67,mainClass.scanner,QUALIFIED_NAME, line no: 51, 4.780015005649099E-4, insert, 0.25806451612903225, 0.0, 0.11764705882352941
format,SIMPLE_NAME, line no: 67,mainClass.scanner,QUALIFIED_NAME, line no: 51, 4.780015005649099E-4, insert, 0.25806451612903225, 0.0, 0.11764705882352941
format,SIMPLE_NAME, line no: 67,java.util.Scanner,QUALIFIED_NAME, line no: 51, 4.780015005649099E-4, insert, 0.25806451612903225, 0.0, 0.11764705882352941
n,SIMPLE_NAME, line no: 64,mainClass.output,QUALIFIED_NAME, line no: 56, 4.726740340008524E-4, insert, 0.7692307692307693, 0.0, 0.0625
scanner,SIMPLE_NAME, line no: 62,java.util,QUALIFIED_NAME, line no: 44, 4.7237051366150505E-4, insert, 0.01639344262295082, 0.0, 0.1111111111111111
nextLong,SIMPLE_NAME, line no: 62,java.util,QUALIFIED_NAME, line no: 44, 4.7237051366150505E-4, insert, 0.01639344262295082, 0.0, 0.1111111111111111
format,SIMPLE_NAME, line no: 61,System.in,QUALIFIED_NAME, line no: 53, 4.676028714298136E-4, insert, 0.27419354838709675, 0.0, 0.1111111111111111
format,SIMPLE_NAME, line no: 67,System.in,QUALIFIED_NAME, line no: 53, 4.676028714298136E-4, insert, 0.27419354838709675, 0.0, 0.1111111111111111
String,SIMPLE_NAME, line no: 64,java.util.Scanner,QUALIFIED_NAME, line no: 51, 4.416684348509795E-4, insert, 0.5416666666666666, 0.0, 0.17647058823529413
value,SIMPLE_NAME, line no: 64,mainClass.scanner,QUALIFIED_NAME, line no: 51, 4.399129138333347E-4, insert, 0.5384615384615384, 0.0, 0.17647058823529413
"Enter an integer >  ",STRING_LITERAL, line no: 61,java.util,QUALIFIED_NAME, line no: 44, 4.354616541031524E-4, insert, 0.016129032258064516, 0.0, 0.09090909090909091
format,SIMPLE_NAME, line no: 64,true,BOOLEAN_LITERAL, line no: 68, 4.290493367123801E-4, insert, 1.0, 0.0, 0.16666666666666666
n.value % 10,INFIX_EXPRESSION, line no: 64,true,BOOLEAN_LITERAL, line no: 68, 4.290493367123801E-4, insert, 1.0, 0.0, 0.16666666666666666
String,SIMPLE_NAME, line no: 64,mainClass.scanner,QUALIFIED_NAME, line no: 51, 3.933399738946413E-4, insert, 0.5416666666666666, 0.0, 0.11764705882352941
format,SIMPLE_NAME, line no: 64,mainClass.scanner,QUALIFIED_NAME, line no: 51, 3.933399738946413E-4, insert, 0.5416666666666666, 0.0, 0.11764705882352941
format,SIMPLE_NAME, line no: 64,java.util.Scanner,QUALIFIED_NAME, line no: 51, 3.933399738946413E-4, insert, 0.5416666666666666, 0.0, 0.11764705882352941
format,SIMPLE_NAME, line no: 64,System.in,QUALIFIED_NAME, line no: 53, 3.879701448994926E-4, insert, 0.5416666666666666, 0.0, 0.1111111111111111
"%d\n",STRING_LITERAL, line no: 64,System.in,QUALIFIED_NAME, line no: 53, 3.879701448994926E-4, insert, 0.5416666666666666, 0.0, 0.1111111111111111
n,SIMPLE_NAME, line no: 64,System.in,QUALIFIED_NAME, line no: 53, 3.8621462388184783E-4, insert, 0.5384615384615384, 0.0, 0.1111111111111111
value,SIMPLE_NAME, line no: 64,System.in,QUALIFIED_NAME, line no: 53, 3.8621462388184783E-4, insert, 0.5384615384615384, 0.0, 0.1111111111111111
n.value,QUALIFIED_NAME, line no: 64,System.in,QUALIFIED_NAME, line no: 53, 3.7610282282021405E-4, insert, 0.52, 0.0, 0.1111111111111111
n.value % 10,INFIX_EXPRESSION, line no: 64,System.in,QUALIFIED_NAME, line no: 53, 3.651483716701107E-4, insert, 0.5416666666666666, 0.0, 0.08333333333333333
"%d\n",STRING_LITERAL, line no: 64,mainClass.scanner,QUALIFIED_NAME, line no: 51, 3.450115129383031E-4, insert, 0.5416666666666666, 0.0, 0.058823529411764705
"%d\n",STRING_LITERAL, line no: 64,java.util.Scanner,QUALIFIED_NAME, line no: 51, 3.450115129383031E-4, insert, 0.5416666666666666, 0.0, 0.058823529411764705
n,SIMPLE_NAME, line no: 64,mainClass.scanner,QUALIFIED_NAME, line no: 51, 3.4325599192065834E-4, insert, 0.5384615384615384, 0.0, 0.058823529411764705
n,SIMPLE_NAME, line no: 64,java.util.Scanner,QUALIFIED_NAME, line no: 51, 3.4325599192065834E-4, insert, 0.5384615384615384, 0.0, 0.058823529411764705
