output+=(String.format("Enter an integer > ")); ,EXPRESSION_STATEMENT, line no: 62,output+=(String.format("Enter an integer > ")); ,EXPRESSION_STATEMENT, line no: 62, 0.020375, insert, 1.0, 1.0, 1.0
input.value=scanner.nextInt(); ,EXPRESSION_STATEMENT, line no: 63,input.value=scanner.nextInt(); ,EXPRESSION_STATEMENT, line no: 63, 0.020375, insert, 1.0, 3.0, 1.0
lastdigit.value=0; ,EXPRESSION_STATEMENT, line no: 64,lastdigit.value=0; ,EXPRESSION_STATEMENT, line no: 64, 0.020375, insert, 1.0, 2.0, 1.0
output+=(String.format("That's all  have a nice day!\n")); ,EXPRESSION_STATEMENT, line no: 83,output+=(String.format("That's all  have a nice day!\n")); ,EXPRESSION_STATEMENT, line no: 83, 0.020375, insert, 1.0, 1.0, 1.0
output+=(String.format("Enter an integer > ")); ,EXPRESSION_STATEMENT, line no: 62,output+=(String.format("That's all  have a nice day!\n")); ,EXPRESSION_STATEMENT, line no: 83, 0.015816525423728814, insert, 1.0, 1.0, 0.6271186440677966
output+=(String.format("That's all  have a nice day!\n")); ,EXPRESSION_STATEMENT, line no: 83,output+=(String.format("Enter an integer > ")); ,EXPRESSION_STATEMENT, line no: 62, 0.015816525423728814, insert, 1.0, 1.0, 0.6271186440677966
lastdigit.value=0; ,EXPRESSION_STATEMENT, line no: 64,lastdigit.value=digit.value; ,EXPRESSION_STATEMENT, line no: 81, 0.012995142572944297, insert, 0.6634615384615384, 2.0, 0.6206896551724138
input.value=scanner.nextInt(); ,EXPRESSION_STATEMENT, line no: 63,lastdigit.value=0; ,EXPRESSION_STATEMENT, line no: 64, 0.012487903225806452, insert, 1.0, 0.5, 0.3548387096774194
lastdigit.value=0; ,EXPRESSION_STATEMENT, line no: 64,input.value=scanner.nextInt(); ,EXPRESSION_STATEMENT, line no: 63, 0.012487903225806452, insert, 1.0, 0.75, 0.3548387096774194
lastdigit.value=0; ,EXPRESSION_STATEMENT, line no: 64,inter.value=digit.value; ,EXPRESSION_STATEMENT, line no: 67, 0.01225321153846154, insert, 0.6634615384615384, 0.75, 0.56
output+=(String.format("Enter an integer > ")); ,EXPRESSION_STATEMENT, line no: 62,input.value=scanner.nextInt(); ,EXPRESSION_STATEMENT, line no: 63, 0.011715625000000002, insert, 1.0, 0.0, 0.2916666666666667
input.value=scanner.nextInt(); ,EXPRESSION_STATEMENT, line no: 63,output+=(String.format("Enter an integer > ")); ,EXPRESSION_STATEMENT, line no: 62, 0.011715625000000002, insert, 1.0, 0.0, 0.2916666666666667
input.value=scanner.nextInt(); ,EXPRESSION_STATEMENT, line no: 63,output+=(String.format("That's all  have a nice day!\n")); ,EXPRESSION_STATEMENT, line no: 83, 0.01105084745762712, insert, 1.0, 0.0, 0.23728813559322035
output+=(String.format("That's all  have a nice day!\n")); ,EXPRESSION_STATEMENT, line no: 83,input.value=scanner.nextInt(); ,EXPRESSION_STATEMENT, line no: 63, 0.01105084745762712, insert, 1.0, 0.0, 0.23728813559322035
input.value=scanner.nextInt(); ,EXPRESSION_STATEMENT, line no: 63,digit.value=input.value % n.value; ,EXPRESSION_STATEMENT, line no: 66, 0.010995782967032965, insert, 0.6634615384615384, 1.6, 0.45714285714285713
input.value=scanner.nextInt(); ,EXPRESSION_STATEMENT, line no: 63,inter.value=digit.value; ,EXPRESSION_STATEMENT, line no: 67, 0.010928179280397023, insert, 0.6634615384615384, 0.6000000000000001, 0.45161290322580644
input.value=scanner.nextInt(); ,EXPRESSION_STATEMENT, line no: 63,inter.value=inter.value - lastdigit.value; ,EXPRESSION_STATEMENT, line no: 68, 0.01080895572450805, insert, 0.6634615384615384, 0.6000000000000001, 0.4418604651162791
input.value=scanner.nextInt(); ,EXPRESSION_STATEMENT, line no: 63,lastdigit.value=digit.value; ,EXPRESSION_STATEMENT, line no: 81, 0.010533824441687345, insert, 0.6634615384615384, 0.6000000000000001, 0.41935483870967744
lastdigit.value=0; ,EXPRESSION_STATEMENT, line no: 64,digit.value=input.value % n.value; ,EXPRESSION_STATEMENT, line no: 66, 0.010297211538461538, insert, 0.6634615384615384, 0.8, 0.4
lastdigit.value=0; ,EXPRESSION_STATEMENT, line no: 64,inter.value=inter.value - lastdigit.value; ,EXPRESSION_STATEMENT, line no: 68, 0.01024035107334526, insert, 0.6634615384615384, 2.0, 0.3953488372093023
output+=(String.format("Enter an integer > ")); ,EXPRESSION_STATEMENT, line no: 62,lastdigit.value=0; ,EXPRESSION_STATEMENT, line no: 64, 0.0101875, insert, 1.0, 0.0, 0.16666666666666666
lastdigit.value=0; ,EXPRESSION_STATEMENT, line no: 64,output+=(String.format("Enter an integer > ")); ,EXPRESSION_STATEMENT, line no: 62, 0.0101875, insert, 1.0, 0.0, 0.16666666666666666
lastdigit.value=0; ,EXPRESSION_STATEMENT, line no: 64,output+=(String.format("That's all  have a nice day!\n")); ,EXPRESSION_STATEMENT, line no: 83, 0.010014830508474577, insert, 1.0, 0.0, 0.15254237288135594
output+=(String.format("That's all  have a nice day!\n")); ,EXPRESSION_STATEMENT, line no: 83,lastdigit.value=0; ,EXPRESSION_STATEMENT, line no: 64, 0.010014830508474577, insert, 1.0, 0.0, 0.15254237288135594
output+=(String.format("Enter an integer > ")); ,EXPRESSION_STATEMENT, line no: 62,inter.value=inter.value - lastdigit.value; ,EXPRESSION_STATEMENT, line no: 68, 0.009227524038461539, insert, 0.6634615384615384, 0.0, 0.3125
output+=(String.format("Enter an integer > ")); ,EXPRESSION_STATEMENT, line no: 62,digit.value=input.value % n.value; ,EXPRESSION_STATEMENT, line no: 66, 0.008972836538461539, insert, 0.6634615384615384, 0.0, 0.2916666666666667
output+=(String.format("That's all  have a nice day!\n")); ,EXPRESSION_STATEMENT, line no: 83,digit.value=input.value % n.value; ,EXPRESSION_STATEMENT, line no: 66, 0.008515262385919166, insert, 0.6634615384615384, 0.0, 0.2542372881355932
output+=(String.format("That's all  have a nice day!\n")); ,EXPRESSION_STATEMENT, line no: 83,inter.value=inter.value - lastdigit.value; ,EXPRESSION_STATEMENT, line no: 68, 0.008515262385919166, insert, 0.6634615384615384, 0.0, 0.2542372881355932
output+=(String.format("Enter an integer > ")); ,EXPRESSION_STATEMENT, line no: 62,inter.value=digit.value; ,EXPRESSION_STATEMENT, line no: 67, 0.00820877403846154, insert, 0.6634615384615384, 0.0, 0.22916666666666666
output+=(String.format("Enter an integer > ")); ,EXPRESSION_STATEMENT, line no: 62,lastdigit.value=digit.value; ,EXPRESSION_STATEMENT, line no: 81, 0.00820877403846154, insert, 0.6634615384615384, 0.0, 0.22916666666666666
output+=(String.format("Enter an integer > ")); ,EXPRESSION_STATEMENT, line no: 62,output+=(String.format("%d\n" inter.value * 10 / n.value)); ,EXPRESSION_STATEMENT, line no: 73, 0.008079471153846154, insert, 0.09134615384615384, 1.0, 0.6
output+=(String.format("That's all  have a nice day!\n")); ,EXPRESSION_STATEMENT, line no: 83,output+=(String.format("%d\n" inter.value * 10 / n.value)); ,EXPRESSION_STATEMENT, line no: 73, 0.008079471153846154, insert, 0.09134615384615384, 1.0, 0.6
output+=(String.format("Enter an integer > ")); ,EXPRESSION_STATEMENT, line no: 62,output+=(String.format("%d\n" -inter.value * 10 / n.value)); ,EXPRESSION_STATEMENT, line no: 70, 0.007998407944514502, insert, 0.09615384615384616, 1.0, 0.5901639344262295
output+=(String.format("That's all  have a nice day!\n")); ,EXPRESSION_STATEMENT, line no: 83,output+=(String.format("%d\n" -inter.value * 10 / n.value)); ,EXPRESSION_STATEMENT, line no: 70, 0.007998407944514502, insert, 0.09615384615384616, 1.0, 0.5901639344262295
String,SIMPLE_NAME, line no: 62,String,SIMPLE_NAME, line no: 49, 0.007825, insert, 0.25, 0.0, 1.0
format,SIMPLE_NAME, line no: 62,format,SIMPLE_NAME, line no: 62, 0.007825, insert, 1.0, 0.0, 1.0
scanner,SIMPLE_NAME, line no: 63,scanner,SIMPLE_NAME, line no: 51, 0.007825, insert, 0.08056872037914692, 1.0, 1.0
nextInt,SIMPLE_NAME, line no: 63,nextInt,SIMPLE_NAME, line no: 63, 0.007825, insert, 1.0, 0.0, 1.0
String,SIMPLE_NAME, line no: 83,String,SIMPLE_NAME, line no: 49, 0.007825, insert, 0.25, 0.0, 1.0
format,SIMPLE_NAME, line no: 83,format,SIMPLE_NAME, line no: 62, 0.007825, insert, 1.0, 0.0, 1.0
output+=(String.format("That's all  have a nice day!\n")); ,EXPRESSION_STATEMENT, line no: 83,inter.value=digit.value; ,EXPRESSION_STATEMENT, line no: 67, 0.007686448826597132, insert, 0.6634615384615384, 0.0, 0.1864406779661017
output+=(String.format("That's all  have a nice day!\n")); ,EXPRESSION_STATEMENT, line no: 83,lastdigit.value=digit.value; ,EXPRESSION_STATEMENT, line no: 81, 0.007686448826597132, insert, 0.6634615384615384, 0.0, 0.1864406779661017
lastdigit.value=0; ,EXPRESSION_STATEMENT, line no: 64,mainClass.exec(); ,EXPRESSION_STATEMENT, line no: 55, 0.006580630060728745, insert, 0.2548076923076923, 0.0, 0.3684210526315789
input.value=scanner.nextInt(); ,EXPRESSION_STATEMENT, line no: 63,mainClass.exec(); ,EXPRESSION_STATEMENT, line no: 55, 0.006414585918114144, insert, 0.2548076923076923, 0.0, 0.3548387096774194
output+=(String.format("Enter an integer > ")); ,EXPRESSION_STATEMENT, line no: 62,System.out.println(mainClass.output); ,EXPRESSION_STATEMENT, line no: 56, 0.006151682692307692, insert, 0.2548076923076923, 1.0, 0.3333333333333333
input.value=scanner.nextInt(); ,EXPRESSION_STATEMENT, line no: 63,System.out.println(mainClass.output); ,EXPRESSION_STATEMENT, line no: 56, 0.005937209008097166, insert, 0.2548076923076923, 0.0, 0.3157894736842105
lastdigit.value=0; ,EXPRESSION_STATEMENT, line no: 64,value=i; ,EXPRESSION_STATEMENT, line no: 7, 0.005304099190283401, insert, 0.019230769230769232, 0.5, 0.42105263157894735
output+=(String.format("That's all  have a nice day!\n")); ,EXPRESSION_STATEMENT, line no: 83,System.out.println(mainClass.output); ,EXPRESSION_STATEMENT, line no: 56, 0.00518473353976532, insert, 0.2548076923076923, 1.0, 0.2542372881355932
scanner,SIMPLE_NAME, line no: 63,inter,SIMPLE_NAME, line no: 61, 0.0050976404874746115, insert, 0.985781990521327, 0.0, 0.42857142857142855
nextInt,SIMPLE_NAME, line no: 63,IntObj,SIMPLE_NAME, line no: 60, 0.0050976404874746115, insert, 0.985781990521327, 0.0, 0.42857142857142855
lastdigit.value=0; ,EXPRESSION_STATEMENT, line no: 64,System.out.println(mainClass.output); ,EXPRESSION_STATEMENT, line no: 56, 0.004972077429149797, insert, 0.2548076923076923, 0.0, 0.23684210526315788
input.value=scanner.nextInt(); ,EXPRESSION_STATEMENT, line no: 63,mainClass.scanner=new java.util.Scanner(args[0]); ,EXPRESSION_STATEMENT, line no: 51, 0.004949557692307692, insert, 0.0673076923076923, 0.5, 0.36
input.value=scanner.nextInt(); ,EXPRESSION_STATEMENT, line no: 63,mainClass.scanner=new java.util.Scanner(System.in); ,EXPRESSION_STATEMENT, line no: 53, 0.004819471153846154, insert, 0.07211538461538461, 0.5, 0.34615384615384615
String,SIMPLE_NAME, line no: 62,input,SIMPLE_NAME, line no: 60, 0.004665471698113208, insert, 0.9811320754716981, 0.0, 0.3333333333333333
String,SIMPLE_NAME, line no: 62,lastdigit,SIMPLE_NAME, line no: 61, 0.004665471698113208, insert, 0.9811320754716981, 0.0, 0.3333333333333333
format,SIMPLE_NAME, line no: 62,output,SIMPLE_NAME, line no: 49, 0.004665471698113208, insert, 0.25, 0.0, 0.3333333333333333
String,SIMPLE_NAME, line no: 83,input,SIMPLE_NAME, line no: 60, 0.004665471698113208, insert, 0.9811320754716981, 0.0, 0.3333333333333333
String,SIMPLE_NAME, line no: 83,lastdigit,SIMPLE_NAME, line no: 61, 0.004665471698113208, insert, 0.9811320754716981, 0.0, 0.3333333333333333
format,SIMPLE_NAME, line no: 83,output,SIMPLE_NAME, line no: 49, 0.004665471698113208, insert, 0.25, 0.0, 0.3333333333333333
String,SIMPLE_NAME, line no: 62,digit,SIMPLE_NAME, line no: 60, 0.004635943396226415, insert, 0.9811320754716981, 0.0, 0.3333333333333333
String,SIMPLE_NAME, line no: 62,inter,SIMPLE_NAME, line no: 61, 0.004635943396226415, insert, 0.9811320754716981, 0.0, 0.3333333333333333
String,SIMPLE_NAME, line no: 83,digit,SIMPLE_NAME, line no: 60, 0.004635943396226415, insert, 0.9811320754716981, 0.0, 0.3333333333333333
String,SIMPLE_NAME, line no: 83,inter,SIMPLE_NAME, line no: 61, 0.004635943396226415, insert, 0.9811320754716981, 0.0, 0.3333333333333333
scanner,SIMPLE_NAME, line no: 63,nextInt,SIMPLE_NAME, line no: 63, 0.0044714285714285715, insert, 1.0, 0.0, 0.2857142857142857
nextInt,SIMPLE_NAME, line no: 63,String,SIMPLE_NAME, line no: 49, 0.0044714285714285715, insert, 0.25118483412322273, 0.0, 0.2857142857142857
nextInt,SIMPLE_NAME, line no: 63,scanner,SIMPLE_NAME, line no: 51, 0.0044714285714285715, insert, 0.08056872037914692, 0.0, 0.2857142857142857
output+=(String.format("Enter an integer > ")); ,EXPRESSION_STATEMENT, line no: 62,mainClass.scanner=new java.util.Scanner(args[0]); ,EXPRESSION_STATEMENT, line no: 51, 0.0044605576923076925, insert, 0.0673076923076923, 0.0, 0.32
String,SIMPLE_NAME, line no: 62,nextInt,SIMPLE_NAME, line no: 63, 0.004456664420485175, insert, 0.9952830188679245, 0.0, 0.2857142857142857
String,SIMPLE_NAME, line no: 83,nextInt,SIMPLE_NAME, line no: 63, 0.004456664420485175, insert, 0.9952830188679245, 0.0, 0.2857142857142857
scanner,SIMPLE_NAME, line no: 63,value,SIMPLE_NAME, line no: 7, 0.004456594448205823, insert, 0.02843601895734597, 0.0, 0.2857142857142857
nextInt,SIMPLE_NAME, line no: 63,output,SIMPLE_NAME, line no: 49, 0.004456594448205823, insert, 0.25118483412322273, 0.0, 0.2857142857142857
nextInt,SIMPLE_NAME, line no: 63,input,SIMPLE_NAME, line no: 60, 0.004456594448205823, insert, 0.985781990521327, 0.0, 0.2857142857142857
nextInt,SIMPLE_NAME, line no: 63,inter,SIMPLE_NAME, line no: 61, 0.004426926201760326, insert, 0.985781990521327, 0.0, 0.2857142857142857
output+=(String.format("Enter an integer > ")); ,EXPRESSION_STATEMENT, line no: 62,mainClass.exec(); ,EXPRESSION_STATEMENT, line no: 55, 0.004368870192307692, insert, 0.2548076923076923, 0.0, 0.1875
output+=(String.format("Enter an integer > ")); ,EXPRESSION_STATEMENT, line no: 62,mainClass.scanner=new java.util.Scanner(System.in); ,EXPRESSION_STATEMENT, line no: 53, 0.0043492788461538465, insert, 0.07211538461538461, 0.0, 0.3076923076923077
scanner,SIMPLE_NAME, line no: 63,Scanner,SIMPLE_NAME, line no: 44, 0.0043061340555179415, insert, 0.004739336492890996, 0.0, 0.8571428571428571
"Enter an integer > ",STRING_LITERAL, line no: 62,String,SIMPLE_NAME, line no: 49, 0.0042478571428571435, insert, 0.25, 0.0, 0.23809523809523808
"Enter an integer > ",STRING_LITERAL, line no: 62,scanner,SIMPLE_NAME, line no: 51, 0.004233092991913746, insert, 0.08018867924528301, 0.0, 0.23809523809523808
"Enter an integer > ",STRING_LITERAL, line no: 62,inter,SIMPLE_NAME, line no: 61, 0.0041888005390835585, insert, 0.9811320754716981, 0.0, 0.23809523809523808
nextInt,SIMPLE_NAME, line no: 63,lastdigit,SIMPLE_NAME, line no: 61, 0.004158499210110585, insert, 0.985781990521327, 0.0, 0.2222222222222222
format,SIMPLE_NAME, line no: 62,lastdigit,SIMPLE_NAME, line no: 61, 0.004143805031446541, insert, 0.9811320754716981, 0.0, 0.2222222222222222
format,SIMPLE_NAME, line no: 83,lastdigit,SIMPLE_NAME, line no: 61, 0.004143805031446541, insert, 0.9811320754716981, 0.0, 0.2222222222222222
output+=(String.format("That's all  have a nice day!\n")); ,EXPRESSION_STATEMENT, line no: 83,mainClass.scanner=new java.util.Scanner(System.in); ,EXPRESSION_STATEMENT, line no: 53, 0.0041101980117340285, insert, 0.07211538461538461, 0.0, 0.288135593220339
"Enter an integer > ",STRING_LITERAL, line no: 62,nextInt,SIMPLE_NAME, line no: 63, 0.004009521563342318, insert, 0.9952830188679245, 0.0, 0.19047619047619047
output+=(String.format("That's all  have a nice day!\n")); ,EXPRESSION_STATEMENT, line no: 83,mainClass.exec(); ,EXPRESSION_STATEMENT, line no: 55, 0.003941513200782269, insert, 0.2548076923076923, 0.0, 0.15254237288135594
String,SIMPLE_NAME, line no: 62,format,SIMPLE_NAME, line no: 62, 0.0039125, insert, 1.0, 0.0, 0.16666666666666666
format,SIMPLE_NAME, line no: 62,String,SIMPLE_NAME, line no: 49, 0.0039125, insert, 0.25, 0.0, 0.16666666666666666
String,SIMPLE_NAME, line no: 83,format,SIMPLE_NAME, line no: 62, 0.0039125, insert, 1.0, 0.0, 0.16666666666666666
format,SIMPLE_NAME, line no: 83,String,SIMPLE_NAME, line no: 49, 0.0039125, insert, 0.25, 0.0, 0.16666666666666666
String,SIMPLE_NAME, line no: 62,output,SIMPLE_NAME, line no: 49, 0.0038829716981132077, insert, 0.25, 0.0, 0.16666666666666666
format,SIMPLE_NAME, line no: 62,value,SIMPLE_NAME, line no: 7, 0.0038829716981132077, insert, 0.02830188679245283, 0.0, 0.16666666666666666
format,SIMPLE_NAME, line no: 62,input,SIMPLE_NAME, line no: 60, 0.0038829716981132077, insert, 0.9811320754716981, 0.0, 0.16666666666666666
String,SIMPLE_NAME, line no: 83,output,SIMPLE_NAME, line no: 49, 0.0038829716981132077, insert, 0.25, 0.0, 0.16666666666666666
format,SIMPLE_NAME, line no: 83,value,SIMPLE_NAME, line no: 7, 0.0038829716981132077, insert, 0.02830188679245283, 0.0, 0.16666666666666666
format,SIMPLE_NAME, line no: 83,input,SIMPLE_NAME, line no: 60, 0.0038829716981132077, insert, 0.9811320754716981, 0.0, 0.16666666666666666
String,SIMPLE_NAME, line no: 62,n,SIMPLE_NAME, line no: 60, 0.0038682075471698114, insert, 0.9811320754716981, 0.0, 0.16666666666666666
String,SIMPLE_NAME, line no: 83,n,SIMPLE_NAME, line no: 60, 0.0038682075471698114, insert, 0.9811320754716981, 0.0, 0.16666666666666666
output+=(String.format("That's all  have a nice day!\n")); ,EXPRESSION_STATEMENT, line no: 83,mainClass.scanner=new java.util.Scanner(args[0]); ,EXPRESSION_STATEMENT, line no: 51, 0.0038638119295958282, insert, 0.0673076923076923, 0.0, 0.2711864406779661
String,SIMPLE_NAME, line no: 62,IntObj,SIMPLE_NAME, line no: 60, 0.003853443396226415, insert, 0.9811320754716981, 0.0, 0.16666666666666666
format,SIMPLE_NAME, line no: 62,IntObj,SIMPLE_NAME, line no: 60, 0.003853443396226415, insert, 0.9811320754716981, 0.0, 0.16666666666666666
format,SIMPLE_NAME, line no: 62,digit,SIMPLE_NAME, line no: 60, 0.003853443396226415, insert, 0.9811320754716981, 0.0, 0.16666666666666666
format,SIMPLE_NAME, line no: 62,inter,SIMPLE_NAME, line no: 61, 0.003853443396226415, insert, 0.9811320754716981, 0.0, 0.16666666666666666
String,SIMPLE_NAME, line no: 83,IntObj,SIMPLE_NAME, line no: 60, 0.003853443396226415, insert, 0.9811320754716981, 0.0, 0.16666666666666666
format,SIMPLE_NAME, line no: 83,IntObj,SIMPLE_NAME, line no: 60, 0.003853443396226415, insert, 0.9811320754716981, 0.0, 0.16666666666666666
format,SIMPLE_NAME, line no: 83,digit,SIMPLE_NAME, line no: 60, 0.003853443396226415, insert, 0.9811320754716981, 0.0, 0.16666666666666666
format,SIMPLE_NAME, line no: 83,inter,SIMPLE_NAME, line no: 61, 0.003853443396226415, insert, 0.9811320754716981, 0.0, 0.16666666666666666
input.value=scanner.nextInt(); ,EXPRESSION_STATEMENT, line no: 63,output+=(String.format("%d\n" inter.value * 10 / n.value)); ,EXPRESSION_STATEMENT, line no: 73, 0.003800721153846154, insert, 0.09134615384615384, 0.6666666666666666, 0.25
"Enter an integer > ",STRING_LITERAL, line no: 62,format,SIMPLE_NAME, line no: 62, 0.0038007142857142857, insert, 1.0, 0.0, 0.14285714285714285
scanner,SIMPLE_NAME, line no: 63,String,SIMPLE_NAME, line no: 49, 0.0038007142857142857, insert, 0.25118483412322273, 0.0, 0.14285714285714285
scanner,SIMPLE_NAME, line no: 63,format,SIMPLE_NAME, line no: 62, 0.0038007142857142857, insert, 1.0, 0.0, 0.14285714285714285
nextInt,SIMPLE_NAME, line no: 63,format,SIMPLE_NAME, line no: 62, 0.0038007142857142857, insert, 1.0, 0.0, 0.14285714285714285
input.value=scanner.nextInt(); ,EXPRESSION_STATEMENT, line no: 63,output+=(String.format("%d\n" -inter.value * 10 / n.value)); ,EXPRESSION_STATEMENT, line no: 70, 0.003789801387137453, insert, 0.09615384615384616, 0.6666666666666666, 0.2459016393442623
String,SIMPLE_NAME, line no: 62,scanner,SIMPLE_NAME, line no: 51, 0.0037859501347708895, insert, 0.08018867924528301, 0.0, 0.14285714285714285
format,SIMPLE_NAME, line no: 62,scanner,SIMPLE_NAME, line no: 51, 0.0037859501347708895, insert, 0.08018867924528301, 0.0, 0.14285714285714285
format,SIMPLE_NAME, line no: 62,nextInt,SIMPLE_NAME, line no: 63, 0.0037859501347708895, insert, 0.9952830188679245, 0.0, 0.14285714285714285
String,SIMPLE_NAME, line no: 83,scanner,SIMPLE_NAME, line no: 51, 0.0037859501347708895, insert, 0.08018867924528301, 0.0, 0.14285714285714285
format,SIMPLE_NAME, line no: 83,scanner,SIMPLE_NAME, line no: 51, 0.0037859501347708895, insert, 0.08018867924528301, 0.0, 0.14285714285714285
format,SIMPLE_NAME, line no: 83,nextInt,SIMPLE_NAME, line no: 63, 0.0037859501347708895, insert, 0.9952830188679245, 0.0, 0.14285714285714285
scanner,SIMPLE_NAME, line no: 63,input,SIMPLE_NAME, line no: 60, 0.003785880162491537, insert, 0.985781990521327, 0.0, 0.14285714285714285
nextInt,SIMPLE_NAME, line no: 63,value,SIMPLE_NAME, line no: 7, 0.003785880162491537, insert, 0.02843601895734597, 0.0, 0.14285714285714285
"Enter an integer > ",STRING_LITERAL, line no: 62,input,SIMPLE_NAME, line no: 60, 0.0037711859838274932, insert, 0.9811320754716981, 0.0, 0.14285714285714285
"Enter an integer > ",STRING_LITERAL, line no: 62,lastdigit,SIMPLE_NAME, line no: 61, 0.0037711859838274932, insert, 0.9811320754716981, 0.0, 0.14285714285714285
scanner,SIMPLE_NAME, line no: 63,n,SIMPLE_NAME, line no: 60, 0.0037710460392687884, insert, 0.985781990521327, 0.0, 0.14285714285714285
nextInt,SIMPLE_NAME, line no: 63,n,SIMPLE_NAME, line no: 60, 0.0037710460392687884, insert, 0.985781990521327, 0.0, 0.14285714285714285
scanner,SIMPLE_NAME, line no: 63,IntObj,SIMPLE_NAME, line no: 60, 0.0037562119160460396, insert, 0.985781990521327, 0.0, 0.14285714285714285
nextInt,SIMPLE_NAME, line no: 63,digit,SIMPLE_NAME, line no: 60, 0.0037562119160460396, insert, 0.985781990521327, 0.0, 0.14285714285714285
"That's all  have a nice day!\n",STRING_LITERAL, line no: 83,scanner,SIMPLE_NAME, line no: 51, 0.0037021108490566043, insert, 0.08018867924528301, 0.0, 0.125
scanner,SIMPLE_NAME, line no: 63,lastdigit,SIMPLE_NAME, line no: 61, 0.003636832543443918, insert, 0.985781990521327, 0.0, 0.1111111111111111
lastdigit.value=0; ,EXPRESSION_STATEMENT, line no: 64,output+=(String.format("%d\n" inter.value * 10 / n.value)); ,EXPRESSION_STATEMENT, line no: 73, 0.0035969711538461537, insert, 0.09134615384615384, 0.8, 0.23333333333333334
lastdigit.value=0; ,EXPRESSION_STATEMENT, line no: 64,output+=(String.format("%d\n" -inter.value * 10 / n.value)); ,EXPRESSION_STATEMENT, line no: 70, 0.0035893915510718795, insert, 0.09615384615384616, 0.8, 0.22950819672131148
"That's all  have a nice day!\n",STRING_LITERAL, line no: 83,String,SIMPLE_NAME, line no: 49, 0.0035701562500000004, insert, 0.25, 0.0, 0.09375
"That's all  have a nice day!\n",STRING_LITERAL, line no: 83,nextInt,SIMPLE_NAME, line no: 63, 0.003555392099056604, insert, 0.9952830188679245, 0.0, 0.09375
"Enter an integer > ",STRING_LITERAL, line no: 62,value,SIMPLE_NAME, line no: 7, 0.0035476145552560652, insert, 0.02830188679245283, 0.0, 0.09523809523809523
"Enter an integer > ",STRING_LITERAL, line no: 62,output,SIMPLE_NAME, line no: 49, 0.0035476145552560652, insert, 0.25, 0.0, 0.09523809523809523
"That's all  have a nice day!\n",STRING_LITERAL, line no: 83,value,SIMPLE_NAME, line no: 7, 0.003540627948113208, insert, 0.02830188679245283, 0.0, 0.09375
"That's all  have a nice day!\n",STRING_LITERAL, line no: 83,lastdigit,SIMPLE_NAME, line no: 61, 0.003540627948113208, insert, 0.9811320754716981, 0.0, 0.09375
"Enter an integer > ",STRING_LITERAL, line no: 62,IntObj,SIMPLE_NAME, line no: 60, 0.0035180862533692727, insert, 0.9811320754716981, 0.0, 0.09523809523809523
"Enter an integer > ",STRING_LITERAL, line no: 62,digit,SIMPLE_NAME, line no: 60, 0.0035180862533692727, insert, 0.9811320754716981, 0.0, 0.09523809523809523
"That's all  have a nice day!\n",STRING_LITERAL, line no: 83,format,SIMPLE_NAME, line no: 62, 0.0034234375000000003, insert, 1.0, 0.0, 0.0625
"That's all  have a nice day!\n",STRING_LITERAL, line no: 83,input,SIMPLE_NAME, line no: 60, 0.0033939091981132078, insert, 0.9811320754716981, 0.0, 0.0625
"That's all  have a nice day!\n",STRING_LITERAL, line no: 83,inter,SIMPLE_NAME, line no: 61, 0.0033643808962264153, insert, 0.9811320754716981, 0.0, 0.0625
input.value=scanner.nextInt(); ,EXPRESSION_STATEMENT, line no: 63,value=i; ,EXPRESSION_STATEMENT, line no: 7, 0.003311569478908188, insert, 0.019230769230769232, 0.3333333333333333, 0.25806451612903225
"Enter an integer > ",STRING_LITERAL, line no: 62,n,SIMPLE_NAME, line no: 60, 0.00330927897574124, insert, 0.9811320754716981, 0.0, 0.047619047619047616
"That's all  have a nice day!\n",STRING_LITERAL, line no: 83,output,SIMPLE_NAME, line no: 49, 0.0032471904481132076, insert, 0.25, 0.0, 0.03125
lastdigit.value=0; ,EXPRESSION_STATEMENT, line no: 64,mainClass.scanner=new java.util.Scanner(args[0]); ,EXPRESSION_STATEMENT, line no: 51, 0.003238057692307693, insert, 0.0673076923076923, 0.0, 0.22
"That's all  have a nice day!\n",STRING_LITERAL, line no: 83,n,SIMPLE_NAME, line no: 60, 0.0032324262971698114, insert, 0.9811320754716981, 0.0, 0.03125
"That's all  have a nice day!\n",STRING_LITERAL, line no: 83,IntObj,SIMPLE_NAME, line no: 60, 0.003217662146226415, insert, 0.9811320754716981, 0.0, 0.03125
"That's all  have a nice day!\n",STRING_LITERAL, line no: 83,digit,SIMPLE_NAME, line no: 60, 0.003217662146226415, insert, 0.9811320754716981, 0.0, 0.03125
lastdigit.value=0; ,EXPRESSION_STATEMENT, line no: 64,mainClass.scanner=new java.util.Scanner(System.in); ,EXPRESSION_STATEMENT, line no: 53, 0.0029387019230769237, insert, 0.07211538461538461, 0.0, 0.19230769230769232
nextInt,SIMPLE_NAME, line no: 63,length,SIMPLE_NAME, line no: 50, 0.0028428537576167907, insert, 0.26540284360189575, 0.0, 0.42857142857142855
nextInt,SIMPLE_NAME, line no: 63,println,SIMPLE_NAME, line no: 56, 0.0028280196343940423, insert, 0.26066350710900477, 0.0, 0.42857142857142855
String,SIMPLE_NAME, line no: 62,println,SIMPLE_NAME, line no: 56, 0.002824171159029649, insert, 0.25943396226415094, 0.0, 0.42857142857142855
String,SIMPLE_NAME, line no: 83,println,SIMPLE_NAME, line no: 56, 0.002824171159029649, insert, 0.25943396226415094, 0.0, 0.42857142857142855
String,SIMPLE_NAME, line no: 62,args,SIMPLE_NAME, line no: 50, 0.0023917924528301885, insert, 0.2641509433962264, 0.0, 0.3333333333333333
String,SIMPLE_NAME, line no: 62,length,SIMPLE_NAME, line no: 50, 0.0023917924528301885, insert, 0.2641509433962264, 0.0, 0.3333333333333333
String,SIMPLE_NAME, line no: 62,System,SIMPLE_NAME, line no: 53, 0.0023917924528301885, insert, 0.08962264150943396, 0.0, 0.3333333333333333
format,SIMPLE_NAME, line no: 62,out,SIMPLE_NAME, line no: 56, 0.0023917924528301885, insert, 0.2641509433962264, 0.0, 0.3333333333333333
String,SIMPLE_NAME, line no: 83,args,SIMPLE_NAME, line no: 50, 0.0023917924528301885, insert, 0.2641509433962264, 0.0, 0.3333333333333333
String,SIMPLE_NAME, line no: 83,length,SIMPLE_NAME, line no: 50, 0.0023917924528301885, insert, 0.2641509433962264, 0.0, 0.3333333333333333
String,SIMPLE_NAME, line no: 83,System,SIMPLE_NAME, line no: 53, 0.0023917924528301885, insert, 0.08962264150943396, 0.0, 0.3333333333333333
format,SIMPLE_NAME, line no: 83,out,SIMPLE_NAME, line no: 56, 0.0023917924528301885, insert, 0.2641509433962264, 0.0, 0.3333333333333333
scanner,SIMPLE_NAME, line no: 63,args,SIMPLE_NAME, line no: 50, 0.002172139471902505, insert, 0.26540284360189575, 0.0, 0.2857142857142857
scanner,SIMPLE_NAME, line no: 63,System,SIMPLE_NAME, line no: 53, 0.002172139471902505, insert, 0.09004739336492891, 0.0, 0.2857142857142857
scanner,SIMPLE_NAME, line no: 63,println,SIMPLE_NAME, line no: 56, 0.0021573053486797565, insert, 0.26066350710900477, 0.0, 0.2857142857142857
nextInt,SIMPLE_NAME, line no: 63,exec,SIMPLE_NAME, line no: 55, 0.0021573053486797565, insert, 0.26066350710900477, 0.0, 0.2857142857142857
format,SIMPLE_NAME, line no: 62,println,SIMPLE_NAME, line no: 56, 0.002153456873315364, insert, 0.25943396226415094, 0.0, 0.2857142857142857
format,SIMPLE_NAME, line no: 83,println,SIMPLE_NAME, line no: 56, 0.002153456873315364, insert, 0.25943396226415094, 0.0, 0.2857142857142857
scanner,SIMPLE_NAME, line no: 63,mainClass,SIMPLE_NAME, line no: 48, 0.0018740442338072672, insert, 0.25118483412322273, 0.0, 0.2222222222222222
String,SIMPLE_NAME, line no: 62,mainClass,SIMPLE_NAME, line no: 48, 0.0018701257861635221, insert, 0.25, 0.0, 0.2222222222222222
format,SIMPLE_NAME, line no: 62,mainClass,SIMPLE_NAME, line no: 48, 0.0018701257861635221, insert, 0.25, 0.0, 0.2222222222222222
String,SIMPLE_NAME, line no: 83,mainClass,SIMPLE_NAME, line no: 48, 0.0018701257861635221, insert, 0.25, 0.0, 0.2222222222222222
format,SIMPLE_NAME, line no: 83,mainClass,SIMPLE_NAME, line no: 48, 0.0018701257861635221, insert, 0.25, 0.0, 0.2222222222222222
String,SIMPLE_NAME, line no: 62,util,SIMPLE_NAME, line no: 44, 0.0018602830188679247, insert, 0.009433962264150943, 0.0, 0.3333333333333333
String,SIMPLE_NAME, line no: 83,util,SIMPLE_NAME, line no: 44, 0.0018602830188679247, insert, 0.009433962264150943, 0.0, 0.3333333333333333
String,SIMPLE_NAME, line no: 62,in,SIMPLE_NAME, line no: 53, 0.0018455188679245282, insert, 0.08962264150943396, 0.0, 0.3333333333333333
String,SIMPLE_NAME, line no: 83,in,SIMPLE_NAME, line no: 53, 0.0018455188679245282, insert, 0.08962264150943396, 0.0, 0.3333333333333333
"Enter an integer > ",STRING_LITERAL, line no: 62,println,SIMPLE_NAME, line no: 56, 0.0017063140161725067, insert, 0.25943396226415094, 0.0, 0.19047619047619047
nextInt,SIMPLE_NAME, line no: 63,Scanner,SIMPLE_NAME, line no: 44, 0.0016232769126607988, insert, 0.004739336492890996, 0.0, 0.2857142857142857
String,SIMPLE_NAME, line no: 62,Scanner,SIMPLE_NAME, line no: 44, 0.0016219474393530996, insert, 0.0047169811320754715, 0.0, 0.2857142857142857
String,SIMPLE_NAME, line no: 83,Scanner,SIMPLE_NAME, line no: 44, 0.0016219474393530996, insert, 0.0047169811320754715, 0.0, 0.2857142857142857
String,SIMPLE_NAME, line no: 62,out,SIMPLE_NAME, line no: 56, 0.0016092924528301887, insert, 0.2641509433962264, 0.0, 0.16666666666666666
format,SIMPLE_NAME, line no: 62,args,SIMPLE_NAME, line no: 50, 0.0016092924528301887, insert, 0.2641509433962264, 0.0, 0.16666666666666666
format,SIMPLE_NAME, line no: 62,length,SIMPLE_NAME, line no: 50, 0.0016092924528301887, insert, 0.2641509433962264, 0.0, 0.16666666666666666
format,SIMPLE_NAME, line no: 62,System,SIMPLE_NAME, line no: 53, 0.0016092924528301887, insert, 0.08962264150943396, 0.0, 0.16666666666666666
String,SIMPLE_NAME, line no: 83,out,SIMPLE_NAME, line no: 56, 0.0016092924528301887, insert, 0.2641509433962264, 0.0, 0.16666666666666666
format,SIMPLE_NAME, line no: 83,args,SIMPLE_NAME, line no: 50, 0.0016092924528301887, insert, 0.2641509433962264, 0.0, 0.16666666666666666
format,SIMPLE_NAME, line no: 83,length,SIMPLE_NAME, line no: 50, 0.0016092924528301887, insert, 0.2641509433962264, 0.0, 0.16666666666666666
format,SIMPLE_NAME, line no: 83,System,SIMPLE_NAME, line no: 53, 0.0016092924528301887, insert, 0.08962264150943396, 0.0, 0.16666666666666666
scanner,SIMPLE_NAME, line no: 63,length,SIMPLE_NAME, line no: 50, 0.0015014251861882196, insert, 0.26540284360189575, 0.0, 0.14285714285714285
nextInt,SIMPLE_NAME, line no: 63,System,SIMPLE_NAME, line no: 53, 0.0015014251861882196, insert, 0.09004739336492891, 0.0, 0.14285714285714285
nextInt,SIMPLE_NAME, line no: 63,out,SIMPLE_NAME, line no: 56, 0.0015014251861882196, insert, 0.26540284360189575, 0.0, 0.14285714285714285
"Enter an integer > ",STRING_LITERAL, line no: 62,mainClass,SIMPLE_NAME, line no: 48, 0.0014975067385444745, insert, 0.25, 0.0, 0.14285714285714285
"Enter an integer > ",STRING_LITERAL, line no: 62,length,SIMPLE_NAME, line no: 50, 0.0014975067385444745, insert, 0.2641509433962264, 0.0, 0.14285714285714285
scanner,SIMPLE_NAME, line no: 63,exec,SIMPLE_NAME, line no: 55, 0.0014865910629654705, insert, 0.26066350710900477, 0.0, 0.14285714285714285
output+=(String.format("Enter an integer > ")); ,EXPRESSION_STATEMENT, line no: 62,value=i; ,EXPRESSION_STATEMENT, line no: 7, 0.0014301682692307693, insert, 0.019230769230769232, 0.0, 0.10416666666666667
output+=(String.format("That's all  have a nice day!\n")); ,EXPRESSION_STATEMENT, line no: 83,value=i; ,EXPRESSION_STATEMENT, line no: 7, 0.0013999511082138203, insert, 0.019230769230769232, 0.0, 0.1016949152542373
"Enter an integer > ",STRING_LITERAL, line no: 62,Scanner,SIMPLE_NAME, line no: 44, 0.0013983760107816711, insert, 0.0047169811320754715, 0.0, 0.23809523809523808
nextInt,SIMPLE_NAME, line no: 63,mainClass,SIMPLE_NAME, line no: 48, 0.0013523775671406006, insert, 0.25118483412322273, 0.0, 0.1111111111111111
String,SIMPLE_NAME, line no: 62,digits_5b504b35_000,SIMPLE_NAME, line no: 48, 0.0012914746772591857, insert, 0.25, 0.0, 0.10526315789473684
String,SIMPLE_NAME, line no: 83,digits_5b504b35_000,SIMPLE_NAME, line no: 48, 0.0012914746772591857, insert, 0.25, 0.0, 0.10526315789473684
"Enter an integer > ",STRING_LITERAL, line no: 62,args,SIMPLE_NAME, line no: 50, 0.0012739353099730458, insert, 0.2641509433962264, 0.0, 0.09523809523809523
"Enter an integer > ",STRING_LITERAL, line no: 62,System,SIMPLE_NAME, line no: 53, 0.0012739353099730458, insert, 0.08962264150943396, 0.0, 0.09523809523809523
"That's all  have a nice day!\n",STRING_LITERAL, line no: 83,mainClass,SIMPLE_NAME, line no: 48, 0.0012669487028301887, insert, 0.25, 0.0, 0.09375
"That's all  have a nice day!\n",STRING_LITERAL, line no: 83,length,SIMPLE_NAME, line no: 50, 0.0012669487028301887, insert, 0.2641509433962264, 0.0, 0.09375
"Enter an integer > ",STRING_LITERAL, line no: 62,exec,SIMPLE_NAME, line no: 55, 0.0012591711590296496, insert, 0.25943396226415094, 0.0, 0.09523809523809523
"That's all  have a nice day!\n",STRING_LITERAL, line no: 83,println,SIMPLE_NAME, line no: 56, 0.0012521845518867925, insert, 0.25943396226415094, 0.0, 0.09375
"Enter an integer > ",STRING_LITERAL, line no: 62,digits_5b504b35_000,SIMPLE_NAME, line no: 48, 0.0012444070080862533, insert, 0.25, 0.0, 0.09523809523809523
"That's all  have a nice day!\n",STRING_LITERAL, line no: 83,args,SIMPLE_NAME, line no: 50, 0.0011202299528301888, insert, 0.2641509433962264, 0.0, 0.0625
"That's all  have a nice day!\n",STRING_LITERAL, line no: 83,System,SIMPLE_NAME, line no: 53, 0.0011202299528301888, insert, 0.08962264150943396, 0.0, 0.0625
"That's all  have a nice day!\n",STRING_LITERAL, line no: 83,exec,SIMPLE_NAME, line no: 55, 0.0011054658018867926, insert, 0.25943396226415094, 0.0, 0.0625
"That's all  have a nice day!\n",STRING_LITERAL, line no: 83,digits_5b504b35_000,SIMPLE_NAME, line no: 48, 0.0010907016509433963, insert, 0.25, 0.0, 0.0625
format,SIMPLE_NAME, line no: 62,java,SIMPLE_NAME, line no: 44, 0.0010777830188679245, insert, 0.009433962264150943, 0.0, 0.16666666666666666
format,SIMPLE_NAME, line no: 62,util,SIMPLE_NAME, line no: 44, 0.0010777830188679245, insert, 0.009433962264150943, 0.0, 0.16666666666666666
format,SIMPLE_NAME, line no: 83,java,SIMPLE_NAME, line no: 44, 0.0010777830188679245, insert, 0.009433962264150943, 0.0, 0.16666666666666666
format,SIMPLE_NAME, line no: 83,util,SIMPLE_NAME, line no: 44, 0.0010777830188679245, insert, 0.009433962264150943, 0.0, 0.16666666666666666
scanner,SIMPLE_NAME, line no: 63,n.value,QUALIFIED_NAME, line no: 65, 0.001064319566689235, insert, 0.990521327014218, 0.0, 0.2857142857142857
nextInt,SIMPLE_NAME, line no: 63,n.value,QUALIFIED_NAME, line no: 65, 0.001064319566689235, insert, 0.990521327014218, 0.0, 0.2857142857142857
"Enter an integer > ",STRING_LITERAL, line no: 62,out,SIMPLE_NAME, line no: 56, 0.0010503638814016172, insert, 0.2641509433962264, 0.0, 0.047619047619047616
scanner,SIMPLE_NAME, line no: 63,digits_5b504b35_000,SIMPLE_NAME, line no: 48, 0.0010481479171863307, insert, 0.25118483412322273, 0.0, 0.05263157894736842
nextInt,SIMPLE_NAME, line no: 63,digits_5b504b35_000,SIMPLE_NAME, line no: 48, 0.0010481479171863307, insert, 0.25118483412322273, 0.0, 0.05263157894736842
format,SIMPLE_NAME, line no: 62,digits_5b504b35_000,SIMPLE_NAME, line no: 48, 0.0010443694141012909, insert, 0.25, 0.0, 0.05263157894736842
format,SIMPLE_NAME, line no: 83,digits_5b504b35_000,SIMPLE_NAME, line no: 48, 0.0010443694141012909, insert, 0.25, 0.0, 0.05263157894736842
"That's all  have a nice day!\n",STRING_LITERAL, line no: 83,out,SIMPLE_NAME, line no: 56, 9.735112028301888E-4, insert, 0.2641509433962264, 0.0, 0.03125
scanner,SIMPLE_NAME, line no: 63,lastdigit.value,QUALIFIED_NAME, line no: 64, 9.714454976303317E-4, insert, 0.995260663507109, 0.0, 0.2
String,SIMPLE_NAME, line no: 62,lastdigit.value,QUALIFIED_NAME, line no: 64, 9.679245283018868E-4, insert, 0.9905660377358491, 0.0, 0.2
String,SIMPLE_NAME, line no: 83,lastdigit.value,QUALIFIED_NAME, line no: 64, 9.679245283018868E-4, insert, 0.9905660377358491, 0.0, 0.2
scanner,SIMPLE_NAME, line no: 63,java,SIMPLE_NAME, line no: 44, 9.67396750169262E-4, insert, 0.009478672985781991, 0.0, 0.14285714285714285
nextInt,SIMPLE_NAME, line no: 63,util,SIMPLE_NAME, line no: 44, 9.67396750169262E-4, insert, 0.009478672985781991, 0.0, 0.14285714285714285
"Enter an integer > ",STRING_LITERAL, line no: 62,input.value,QUALIFIED_NAME, line no: 63, 9.572102425876009E-4, insert, 0.9905660377358491, 0.0, 0.19047619047619047
"Enter an integer > ",STRING_LITERAL, line no: 62,lastdigit.value,QUALIFIED_NAME, line no: 64, 9.572102425876009E-4, insert, 0.9905660377358491, 0.0, 0.19047619047619047
scanner,SIMPLE_NAME, line no: 63,in,SIMPLE_NAME, line no: 53, 9.525626269465132E-4, insert, 0.09004739336492891, 0.0, 0.14285714285714285
nextInt,SIMPLE_NAME, line no: 63,in,SIMPLE_NAME, line no: 53, 9.525626269465132E-4, insert, 0.09004739336492891, 0.0, 0.14285714285714285
format,SIMPLE_NAME, line no: 62,Scanner,SIMPLE_NAME, line no: 44, 9.51233153638814E-4, insert, 0.0047169811320754715, 0.0, 0.14285714285714285
format,SIMPLE_NAME, line no: 83,Scanner,SIMPLE_NAME, line no: 44, 9.51233153638814E-4, insert, 0.0047169811320754715, 0.0, 0.14285714285714285
scanner,SIMPLE_NAME, line no: 63,input.value,QUALIFIED_NAME, line no: 63, 9.509909521757863E-4, insert, 0.995260663507109, 0.0, 0.18181818181818182
nextInt,SIMPLE_NAME, line no: 63,input.value,QUALIFIED_NAME, line no: 63, 9.509909521757863E-4, insert, 0.995260663507109, 0.0, 0.18181818181818182
String,SIMPLE_NAME, line no: 62,input.value,QUALIFIED_NAME, line no: 63, 9.474699828473414E-4, insert, 0.9905660377358491, 0.0, 0.18181818181818182
String,SIMPLE_NAME, line no: 83,input.value,QUALIFIED_NAME, line no: 63, 9.474699828473414E-4, insert, 0.9905660377358491, 0.0, 0.18181818181818182
input.value=scanner.nextInt(); ,EXPRESSION_STATEMENT, line no: 63,if (true) return; ,IF_STATEMENT, line no: 84, 9.348387096774193E-4, insert, 1.0, 0.0, 0.3225806451612903
lastdigit.value=0; ,EXPRESSION_STATEMENT, line no: 64,if (true) return; ,IF_STATEMENT, line no: 84, 9.28421052631579E-4, insert, 1.0, 0.0, 0.3157894736842105
"That's all  have a nice day!\n",STRING_LITERAL, line no: 83,lastdigit.value,QUALIFIED_NAME, line no: 64, 9.187057783018868E-4, insert, 0.9905660377358491, 0.0, 0.15625
String,SIMPLE_NAME, line no: 62,n.value,QUALIFIED_NAME, line no: 65, 9.001010781671158E-4, insert, 0.9858490566037735, 0.0, 0.14285714285714285
format,SIMPLE_NAME, line no: 62,n.value,QUALIFIED_NAME, line no: 65, 9.001010781671158E-4, insert, 0.9858490566037735, 0.0, 0.14285714285714285
"Enter an integer > ",STRING_LITERAL, line no: 62,n.value,QUALIFIED_NAME, line no: 65, 9.001010781671158E-4, insert, 0.9858490566037735, 0.0, 0.14285714285714285
String,SIMPLE_NAME, line no: 83,n.value,QUALIFIED_NAME, line no: 65, 9.001010781671158E-4, insert, 0.9858490566037735, 0.0, 0.14285714285714285
format,SIMPLE_NAME, line no: 83,n.value,QUALIFIED_NAME, line no: 65, 9.001010781671158E-4, insert, 0.9858490566037735, 0.0, 0.14285714285714285
nextInt,SIMPLE_NAME, line no: 63,lastdigit.value,QUALIFIED_NAME, line no: 64, 8.964454976303317E-4, insert, 0.995260663507109, 0.0, 0.13333333333333333
format,SIMPLE_NAME, line no: 62,lastdigit.value,QUALIFIED_NAME, line no: 64, 8.929245283018868E-4, insert, 0.9905660377358491, 0.0, 0.13333333333333333
format,SIMPLE_NAME, line no: 83,lastdigit.value,QUALIFIED_NAME, line no: 64, 8.929245283018868E-4, insert, 0.9905660377358491, 0.0, 0.13333333333333333
"That's all  have a nice day!\n",STRING_LITERAL, line no: 83,input.value,QUALIFIED_NAME, line no: 63, 8.835495283018868E-4, insert, 0.9905660377358491, 0.0, 0.125
String,SIMPLE_NAME, line no: 62,i,SIMPLE_NAME, line no: 7, 8.710849056603774E-4, insert, 0.02830188679245283, 0.0, 0.16666666666666666
String,SIMPLE_NAME, line no: 83,i,SIMPLE_NAME, line no: 7, 8.710849056603774E-4, insert, 0.02830188679245283, 0.0, 0.16666666666666666
format,SIMPLE_NAME, line no: 62,input.value,QUALIFIED_NAME, line no: 63, 8.451972555746141E-4, insert, 0.9905660377358491, 0.0, 0.09090909090909091
format,SIMPLE_NAME, line no: 83,input.value,QUALIFIED_NAME, line no: 63, 8.451972555746141E-4, insert, 0.9905660377358491, 0.0, 0.09090909090909091
"That's all  have a nice day!\n",STRING_LITERAL, line no: 83,n.value,QUALIFIED_NAME, line no: 65, 8.448555424528302E-4, insert, 0.9858490566037735, 0.0, 0.09375
output+=(String.format("Enter an integer > ")); ,EXPRESSION_STATEMENT, line no: 62,if (true) return; ,IF_STATEMENT, line no: 84, 8.26875E-4, insert, 1.0, 0.0, 0.20833333333333334
"Enter an integer > ",STRING_LITERAL, line no: 62,inter.value,QUALIFIED_NAME, line no: 67, 8.202493261455525E-4, insert, 0.660377358490566, 0.0, 0.2857142857142857
output+=(String.format("Enter an integer > ")); ,EXPRESSION_STATEMENT, line no: 62,if (input.value > 0) {   output+=(String.format("%d\n" inter.value * 10 / n.value)); } ,IF_STATEMENT, line no: 75, 8.090152519893899E-4, insert, 0.6634615384615384, 1.0, 0.41379310344827586
output+=(String.format("That's all  have a nice day!\n")); ,EXPRESSION_STATEMENT, line no: 83,if (input.value > 0) {   output+=(String.format("%d\n" inter.value * 10 / n.value)); } ,IF_STATEMENT, line no: 75, 8.090152519893899E-4, insert, 0.6634615384615384, 1.0, 0.41379310344827586
scanner,SIMPLE_NAME, line no: 63,inter.value,QUALIFIED_NAME, line no: 67, 8.080030159414046E-4, insert, 0.6635071090047393, 0.0, 0.2727272727272727
input.value=scanner.nextInt(); ,EXPRESSION_STATEMENT, line no: 63,if (input.value == digit.value) {   break; } ,IF_STATEMENT, line no: 78, 7.959807692307691E-4, insert, 0.6634615384615384, 1.5, 0.4
output+=(String.format("That's all  have a nice day!\n")); ,EXPRESSION_STATEMENT, line no: 83,if (true) return; ,IF_STATEMENT, line no: 84, 7.901694915254237E-4, insert, 1.0, 0.0, 0.1694915254237288
"Enter an integer > ",STRING_LITERAL, line no: 62,util,SIMPLE_NAME, line no: 44, 7.424258760107817E-4, insert, 0.009433962264150943, 0.0, 0.09523809523809523
"That's all  have a nice day!\n",STRING_LITERAL, line no: 83,java,SIMPLE_NAME, line no: 44, 7.354392688679245E-4, insert, 0.009433962264150943, 0.0, 0.09375
"Enter an integer > ",STRING_LITERAL, line no: 62,in,SIMPLE_NAME, line no: 53, 7.276617250673854E-4, insert, 0.08962264150943396, 0.0, 0.09523809523809523
"That's all  have a nice day!\n",STRING_LITERAL, line no: 83,Scanner,SIMPLE_NAME, line no: 44, 7.206751179245283E-4, insert, 0.0047169811320754715, 0.0, 0.09375
output+=(String.format("Enter an integer > ")); ,EXPRESSION_STATEMENT, line no: 62,if (input.value == digit.value) {   break; } ,IF_STATEMENT, line no: 78, 7.132932692307692E-4, insert, 0.6634615384615384, 0.0, 0.3125
lastdigit.value=0; ,EXPRESSION_STATEMENT, line no: 64,if (input.value == digit.value) {   break; } ,IF_STATEMENT, line no: 78, 7.119807692307693E-4, insert, 0.6634615384615384, 0.75, 0.3111111111111111
scanner,SIMPLE_NAME, line no: 63,digit.value,QUALIFIED_NAME, line no: 66, 7.092847910383455E-4, insert, 0.6635071090047393, 0.0, 0.18181818181818182
output+=(String.format("Enter an integer > ")); ,EXPRESSION_STATEMENT, line no: 62,if (input.value < 0 && input.value == digit.value) {   output+=(String.format("%d\n" inter.value * 10 / n.value)); } ,IF_STATEMENT, line no: 72, 7.087500000000001E-4, insert, 0.6634615384615384, 1.0, 0.3076923076923077
output+=(String.format("That's all  have a nice day!\n")); ,EXPRESSION_STATEMENT, line no: 83,if (input.value < 0 && input.value == digit.value) {   output+=(String.format("%d\n" inter.value * 10 / n.value)); } ,IF_STATEMENT, line no: 72, 7.087500000000001E-4, insert, 0.6634615384615384, 1.0, 0.3076923076923077
String,SIMPLE_NAME, line no: 62,digit.value,QUALIFIED_NAME, line no: 66, 7.069039451114923E-4, insert, 0.660377358490566, 0.0, 0.18181818181818182
String,SIMPLE_NAME, line no: 83,digit.value,QUALIFIED_NAME, line no: 66, 7.069039451114923E-4, insert, 0.660377358490566, 0.0, 0.18181818181818182
nextInt,SIMPLE_NAME, line no: 63,inter.value,QUALIFIED_NAME, line no: 67, 7.057302886686773E-4, insert, 0.6635071090047393, 0.0, 0.18181818181818182
String,SIMPLE_NAME, line no: 62,inter.value,QUALIFIED_NAME, line no: 67, 7.033662092624356E-4, insert, 0.660377358490566, 0.0, 0.18181818181818182
format,SIMPLE_NAME, line no: 62,inter.value,QUALIFIED_NAME, line no: 67, 7.033662092624356E-4, insert, 0.660377358490566, 0.0, 0.18181818181818182
String,SIMPLE_NAME, line no: 83,inter.value,QUALIFIED_NAME, line no: 67, 7.033662092624356E-4, insert, 0.660377358490566, 0.0, 0.18181818181818182
format,SIMPLE_NAME, line no: 83,inter.value,QUALIFIED_NAME, line no: 67, 7.033662092624356E-4, insert, 0.660377358490566, 0.0, 0.18181818181818182
output+=(String.format("Enter an integer > ")); ,EXPRESSION_STATEMENT, line no: 62,if (input.value < 0 && !(input.value == digit.value)) {   output+=(String.format("%d\n" -inter.value * 10 / n.value)); } ,IF_STATEMENT, line no: 69, 6.991377940241577E-4, insert, 0.6634615384615384, 1.0, 0.2975206611570248
output+=(String.format("That's all  have a nice day!\n")); ,EXPRESSION_STATEMENT, line no: 83,if (input.value < 0 && !(input.value == digit.value)) {   output+=(String.format("%d\n" -inter.value * 10 / n.value)); } ,IF_STATEMENT, line no: 69, 6.991377940241577E-4, insert, 0.6634615384615384, 1.0, 0.2975206611570248
String,SIMPLE_NAME, line no: 62,true,BOOLEAN_LITERAL, line no: 84, 6.961320754716981E-4, insert, 0.9811320754716981, 0.0, 0.3333333333333333
String,SIMPLE_NAME, line no: 83,true,BOOLEAN_LITERAL, line no: 84, 6.961320754716981E-4, insert, 0.9811320754716981, 0.0, 0.3333333333333333
output+=(String.format("That's all  have a nice day!\n")); ,EXPRESSION_STATEMENT, line no: 83,if (input.value == digit.value) {   break; } ,IF_STATEMENT, line no: 78, 6.742519556714472E-4, insert, 0.6634615384615384, 0.0, 0.2711864406779661
input.value=scanner.nextInt(); ,EXPRESSION_STATEMENT, line no: 63,if (input.value > 0) {   output+=(String.format("%d\n" inter.value * 10 / n.value)); } ,IF_STATEMENT, line no: 75, 6.678083554376658E-4, insert, 0.6634615384615384, 1.6666666666666665, 0.26436781609195403
"Enter an integer > ",STRING_LITERAL, line no: 62,digit.value,QUALIFIED_NAME, line no: 66, 6.630727762803233E-4, insert, 0.660377358490566, 0.0, 0.14285714285714285
"That's all  have a nice day!\n",STRING_LITERAL, line no: 83,digit.value,QUALIFIED_NAME, line no: 66, 6.429834905660377E-4, insert, 0.660377358490566, 0.0, 0.125
"That's all  have a nice day!\n",STRING_LITERAL, line no: 83,inter.value,QUALIFIED_NAME, line no: 67, 6.394457547169812E-4, insert, 0.660377358490566, 0.0, 0.125
nextInt,SIMPLE_NAME, line no: 63,digit.value,QUALIFIED_NAME, line no: 66, 6.070120637656183E-4, insert, 0.6635071090047393, 0.0, 0.09090909090909091
format,SIMPLE_NAME, line no: 62,digit.value,QUALIFIED_NAME, line no: 66, 6.04631217838765E-4, insert, 0.660377358490566, 0.0, 0.09090909090909091
format,SIMPLE_NAME, line no: 83,digit.value,QUALIFIED_NAME, line no: 66, 6.04631217838765E-4, insert, 0.660377358490566, 0.0, 0.09090909090909091
input.value=scanner.nextInt(); ,EXPRESSION_STATEMENT, line no: 63,if (input.value < 0 && input.value == digit.value) {   output+=(String.format("%d\n" inter.value * 10 / n.value)); } ,IF_STATEMENT, line no: 72, 6.0375E-4, insert, 0.6634615384615384, 1.7142857142857142, 0.19658119658119658
input.value=scanner.nextInt(); ,EXPRESSION_STATEMENT, line no: 63,if (input.value < 0 && !(input.value == digit.value)) {   output+=(String.format("%d\n" -inter.value * 10 / n.value)); } ,IF_STATEMENT, line no: 69, 5.97608868404323E-4, insert, 0.6634615384615384, 1.7142857142857142, 0.19008264462809918
"That's all  have a nice day!\n",STRING_LITERAL, line no: 83,util,SIMPLE_NAME, line no: 44, 5.887205188679246E-4, insert, 0.009433962264150943, 0.0, 0.0625
lastdigit.value=0; ,EXPRESSION_STATEMENT, line no: 64,if (input.value > 0) {   output+=(String.format("%d\n" inter.value * 10 / n.value)); } ,IF_STATEMENT, line no: 75, 5.809118037135278E-4, insert, 0.6634615384615384, 0.8333333333333333, 0.1724137931034483
format,SIMPLE_NAME, line no: 62,true,BOOLEAN_LITERAL, line no: 84, 5.786320754716982E-4, insert, 0.9811320754716981, 0.0, 0.16666666666666666
format,SIMPLE_NAME, line no: 83,true,BOOLEAN_LITERAL, line no: 84, 5.786320754716982E-4, insert, 0.9811320754716981, 0.0, 0.16666666666666666
"That's all  have a nice day!\n",STRING_LITERAL, line no: 83,in,SIMPLE_NAME, line no: 53, 5.739563679245283E-4, insert, 0.08962264150943396, 0.0, 0.0625
scanner,SIMPLE_NAME, line no: 63,true,BOOLEAN_LITERAL, line no: 84, 5.640318212593095E-4, insert, 0.985781990521327, 0.0, 0.14285714285714285
nextInt,SIMPLE_NAME, line no: 63,true,BOOLEAN_LITERAL, line no: 84, 5.640318212593095E-4, insert, 0.985781990521327, 0.0, 0.14285714285714285
String,SIMPLE_NAME, line no: 62,System.in,QUALIFIED_NAME, line no: 53, 5.636792452830188E-4, insert, 0.08490566037735849, 0.0, 0.4444444444444444
String,SIMPLE_NAME, line no: 83,System.in,QUALIFIED_NAME, line no: 53, 5.636792452830188E-4, insert, 0.08490566037735849, 0.0, 0.4444444444444444
"Enter an integer > ",STRING_LITERAL, line no: 62,true,BOOLEAN_LITERAL, line no: 84, 5.618463611859839E-4, insert, 0.9811320754716981, 0.0, 0.14285714285714285
lastdigit.value=0; ,EXPRESSION_STATEMENT, line no: 64,if (input.value < 0 && input.value == digit.value) {   output+=(String.format("%d\n" inter.value * 10 / n.value)); } ,IF_STATEMENT, line no: 72, 5.552884615384616E-4, insert, 0.6634615384615384, 0.8571428571428571, 0.1452991452991453
lastdigit.value=0; ,EXPRESSION_STATEMENT, line no: 64,if (input.value < 0 && !(input.value == digit.value)) {   output+=(String.format("%d\n" -inter.value * 10 / n.value)); } ,IF_STATEMENT, line no: 69, 5.507493642720916E-4, insert, 0.6634615384615384, 0.8571428571428571, 0.14049586776859505
scanner,SIMPLE_NAME, line no: 63,mainClass.scanner,QUALIFIED_NAME, line no: 51, 5.236618344020073E-4, insert, 0.07582938388625593, 1.0, 0.4117647058823529
"Enter an integer > ",STRING_LITERAL, line no: 62,java,SIMPLE_NAME, line no: 44, 5.188544474393532E-4, insert, 0.009433962264150943, 0.0, 0.047619047619047616
"That's all  have a nice day!\n",STRING_LITERAL, line no: 83,true,BOOLEAN_LITERAL, line no: 84, 5.051945754716981E-4, insert, 0.9811320754716981, 0.0, 0.0625
nextInt,SIMPLE_NAME, line no: 63,args.length,QUALIFIED_NAME, line no: 50, 5.023158121499354E-4, insert, 0.26066350710900477, 0.0, 0.2727272727272727
String,SIMPLE_NAME, line no: 62,args.length,QUALIFIED_NAME, line no: 50, 5.013936535162949E-4, insert, 0.25943396226415094, 0.0, 0.2727272727272727
String,SIMPLE_NAME, line no: 83,args.length,QUALIFIED_NAME, line no: 50, 5.013936535162949E-4, insert, 0.25943396226415094, 0.0, 0.2727272727272727
scanner,SIMPLE_NAME, line no: 63,java.util.Scanner,QUALIFIED_NAME, line no: 51, 4.610398661834402E-4, insert, 0.08056872037914692, 0.0, 0.35294117647058826
scanner,SIMPLE_NAME, line no: 63,System.out,QUALIFIED_NAME, line no: 56, 4.2049763033175357E-4, insert, 0.26066350710900477, 0.0, 0.2
nextInt,SIMPLE_NAME, line no: 63,System.out,QUALIFIED_NAME, line no: 56, 4.2049763033175357E-4, insert, 0.26066350710900477, 0.0, 0.2
String,SIMPLE_NAME, line no: 62,System.out,QUALIFIED_NAME, line no: 56, 4.195754716981132E-4, insert, 0.25943396226415094, 0.0, 0.2
format,SIMPLE_NAME, line no: 62,System.out,QUALIFIED_NAME, line no: 56, 4.195754716981132E-4, insert, 0.25943396226415094, 0.0, 0.2
String,SIMPLE_NAME, line no: 83,System.out,QUALIFIED_NAME, line no: 56, 4.195754716981132E-4, insert, 0.25943396226415094, 0.0, 0.2
format,SIMPLE_NAME, line no: 83,System.out,QUALIFIED_NAME, line no: 56, 4.195754716981132E-4, insert, 0.25943396226415094, 0.0, 0.2
"Enter an integer > ",STRING_LITERAL, line no: 62,mainClass.output,QUALIFIED_NAME, line no: 56, 4.0886118598382746E-4, insert, 0.25943396226415094, 0.0, 0.19047619047619047
nextInt,SIMPLE_NAME, line no: 63,mainClass.output,QUALIFIED_NAME, line no: 56, 4.0643513033175355E-4, insert, 0.26066350710900477, 0.0, 0.1875
format,SIMPLE_NAME, line no: 62,mainClass.output,QUALIFIED_NAME, line no: 56, 4.0551297169811316E-4, insert, 0.25943396226415094, 0.0, 0.1875
format,SIMPLE_NAME, line no: 83,mainClass.output,QUALIFIED_NAME, line no: 56, 4.0551297169811316E-4, insert, 0.25943396226415094, 0.0, 0.1875
scanner,SIMPLE_NAME, line no: 63,args.length,QUALIFIED_NAME, line no: 50, 4.0004308487720806E-4, insert, 0.26066350710900477, 0.0, 0.18181818181818182
format,SIMPLE_NAME, line no: 62,args.length,QUALIFIED_NAME, line no: 50, 3.991209262435678E-4, insert, 0.25943396226415094, 0.0, 0.18181818181818182
format,SIMPLE_NAME, line no: 83,args.length,QUALIFIED_NAME, line no: 50, 3.991209262435678E-4, insert, 0.25943396226415094, 0.0, 0.18181818181818182
"Enter an integer > ",STRING_LITERAL, line no: 62,java.util.Scanner,QUALIFIED_NAME, line no: 51, 3.851078167115902E-4, insert, 0.08018867924528301, 0.0, 0.2857142857142857
"Enter an integer > ",STRING_LITERAL, line no: 62,mainClass.scanner,QUALIFIED_NAME, line no: 51, 3.815700808625336E-4, insert, 0.07547169811320754, 0.0, 0.2857142857142857
"That's all  have a nice day!\n",STRING_LITERAL, line no: 83,args.length,QUALIFIED_NAME, line no: 50, 3.703567216981132E-4, insert, 0.25943396226415094, 0.0, 0.15625
"Enter an integer > ",STRING_LITERAL, line no: 62,args.length,QUALIFIED_NAME, line no: 50, 3.552897574123989E-4, insert, 0.25943396226415094, 0.0, 0.14285714285714285
"Enter an integer > ",STRING_LITERAL, line no: 62,System.out,QUALIFIED_NAME, line no: 56, 3.552897574123989E-4, insert, 0.25943396226415094, 0.0, 0.14285714285714285
scanner,SIMPLE_NAME, line no: 63,mainClass.output,QUALIFIED_NAME, line no: 56, 3.361226303317536E-4, insert, 0.26066350710900477, 0.0, 0.125
String,SIMPLE_NAME, line no: 62,mainClass.output,QUALIFIED_NAME, line no: 56, 3.3520047169811315E-4, insert, 0.25943396226415094, 0.0, 0.125
String,SIMPLE_NAME, line no: 83,mainClass.output,QUALIFIED_NAME, line no: 56, 3.3520047169811315E-4, insert, 0.25943396226415094, 0.0, 0.125
output+=(String.format("That's all  have a nice day!\n")); ,EXPRESSION_STATEMENT, line no: 83,if (args.length > 0) {   mainClass.scanner=new java.util.Scanner(args[0]); }  else {   mainClass.scanner=new java.util.Scanner(System.in); } ,IF_STATEMENT, line no: 50, 3.3478416530278234E-4, insert, 0.2548076923076923, 0.0, 0.18439716312056736
String,SIMPLE_NAME, line no: 62,java.util,QUALIFIED_NAME, line no: 44, 3.172169811320754E-4, insert, 0.0047169811320754715, 0.0, 0.2222222222222222
format,SIMPLE_NAME, line no: 62,java.util,QUALIFIED_NAME, line no: 44, 3.172169811320754E-4, insert, 0.0047169811320754715, 0.0, 0.2222222222222222
String,SIMPLE_NAME, line no: 83,java.util,QUALIFIED_NAME, line no: 44, 3.172169811320754E-4, insert, 0.0047169811320754715, 0.0, 0.2222222222222222
format,SIMPLE_NAME, line no: 83,java.util,QUALIFIED_NAME, line no: 44, 3.172169811320754E-4, insert, 0.0047169811320754715, 0.0, 0.2222222222222222
input.value=scanner.nextInt(); ,EXPRESSION_STATEMENT, line no: 63,if (args.length > 0) {   mainClass.scanner=new java.util.Scanner(args[0]); }  else {   mainClass.scanner=new java.util.Scanner(System.in); } ,IF_STATEMENT, line no: 50, 3.146777823240589E-4, insert, 0.2548076923076923, 0.5, 0.16312056737588654
scanner,SIMPLE_NAME, line no: 63,System.in,QUALIFIED_NAME, line no: 53, 3.139810426540284E-4, insert, 0.08530805687203792, 0.0, 0.2222222222222222
nextInt,SIMPLE_NAME, line no: 63,System.in,QUALIFIED_NAME, line no: 53, 3.139810426540284E-4, insert, 0.08530805687203792, 0.0, 0.2222222222222222
"Enter an integer > ",STRING_LITERAL, line no: 62,i,SIMPLE_NAME, line no: 7, 3.1215633423180587E-4, insert, 0.02830188679245283, 0.0, 0.047619047619047616
"That's all  have a nice day!\n",STRING_LITERAL, line no: 83,java.util.Scanner,QUALIFIED_NAME, line no: 51, 3.0977299528301886E-4, insert, 0.08018867924528301, 0.0, 0.21875
output+=(String.format("Enter an integer > ")); ,EXPRESSION_STATEMENT, line no: 62,if (args.length > 0) {   mainClass.scanner=new java.util.Scanner(args[0]); }  else {   mainClass.scanner=new java.util.Scanner(System.in); } ,IF_STATEMENT, line no: 50, 3.0797565466448445E-4, insert, 0.2548076923076923, 0.0, 0.15602836879432624
"That's all  have a nice day!\n",STRING_LITERAL, line no: 83,mainClass.output,QUALIFIED_NAME, line no: 56, 3.0004422169811317E-4, insert, 0.25943396226415094, 0.0, 0.09375
"Enter an integer > ",STRING_LITERAL, line no: 62,System.in,QUALIFIED_NAME, line no: 53, 2.779649595687331E-4, insert, 0.08490566037735849, 0.0, 0.19047619047619047
"That's all  have a nice day!\n",STRING_LITERAL, line no: 83,mainClass.scanner,QUALIFIED_NAME, line no: 51, 2.710790094339622E-4, insert, 0.07547169811320754, 0.0, 0.1875
"That's all  have a nice day!\n",STRING_LITERAL, line no: 83,System.out,QUALIFIED_NAME, line no: 56, 2.648879716981132E-4, insert, 0.25943396226415094, 0.0, 0.0625
String,SIMPLE_NAME, line no: 62,java.util.Scanner,QUALIFIED_NAME, line no: 51, 2.6220865704772476E-4, insert, 0.08018867924528301, 0.0, 0.17647058823529413
String,SIMPLE_NAME, line no: 83,java.util.Scanner,QUALIFIED_NAME, line no: 51, 2.6220865704772476E-4, insert, 0.08018867924528301, 0.0, 0.17647058823529413
lastdigit.value=0; ,EXPRESSION_STATEMENT, line no: 64,if (args.length > 0) {   mainClass.scanner=new java.util.Scanner(args[0]); }  else {   mainClass.scanner=new java.util.Scanner(System.in); } ,IF_STATEMENT, line no: 50, 2.5435863338788873E-4, insert, 0.2548076923076923, 0.0, 0.09929078014184398
"That's all  have a nice day!\n",STRING_LITERAL, line no: 83,i,SIMPLE_NAME, line no: 7, 2.3530365566037738E-4, insert, 0.02830188679245283, 0.0, 0.03125
"That's all  have a nice day!\n",STRING_LITERAL, line no: 83,java.util,QUALIFIED_NAME, line no: 44, 2.0784198113207546E-4, insert, 0.0047169811320754715, 0.0, 0.125
"That's all  have a nice day!\n",STRING_LITERAL, line no: 83,System.in,QUALIFIED_NAME, line no: 53, 2.0430424528301887E-4, insert, 0.08490566037735849, 0.0, 0.125
nextInt,SIMPLE_NAME, line no: 63,java.util.Scanner,QUALIFIED_NAME, line no: 51, 1.9633398383049903E-4, insert, 0.08056872037914692, 0.0, 0.11764705882352941
format,SIMPLE_NAME, line no: 62,java.util.Scanner,QUALIFIED_NAME, line no: 51, 1.9603218645948943E-4, insert, 0.08018867924528301, 0.0, 0.11764705882352941
format,SIMPLE_NAME, line no: 83,java.util.Scanner,QUALIFIED_NAME, line no: 51, 1.9603218645948943E-4, insert, 0.08018867924528301, 0.0, 0.11764705882352941
nextInt,SIMPLE_NAME, line no: 63,mainClass.scanner,QUALIFIED_NAME, line no: 51, 1.9277948146083078E-4, insert, 0.07582938388625593, 0.0, 0.11764705882352941
scanner,SIMPLE_NAME, line no: 63,java.util,QUALIFIED_NAME, line no: 44, 1.9253554502369666E-4, insert, 0.004739336492890996, 0.0, 0.1111111111111111
nextInt,SIMPLE_NAME, line no: 63,java.util,QUALIFIED_NAME, line no: 44, 1.9253554502369666E-4, insert, 0.004739336492890996, 0.0, 0.1111111111111111
String,SIMPLE_NAME, line no: 62,mainClass.scanner,QUALIFIED_NAME, line no: 51, 1.9249445061043284E-4, insert, 0.07547169811320754, 0.0, 0.11764705882352941
format,SIMPLE_NAME, line no: 62,mainClass.scanner,QUALIFIED_NAME, line no: 51, 1.9249445061043284E-4, insert, 0.07547169811320754, 0.0, 0.11764705882352941
String,SIMPLE_NAME, line no: 83,mainClass.scanner,QUALIFIED_NAME, line no: 51, 1.9249445061043284E-4, insert, 0.07547169811320754, 0.0, 0.11764705882352941
format,SIMPLE_NAME, line no: 83,mainClass.scanner,QUALIFIED_NAME, line no: 51, 1.9249445061043284E-4, insert, 0.07547169811320754, 0.0, 0.11764705882352941
format,SIMPLE_NAME, line no: 62,System.in,QUALIFIED_NAME, line no: 53, 1.8867924528301886E-4, insert, 0.08490566037735849, 0.0, 0.1111111111111111
format,SIMPLE_NAME, line no: 83,System.in,QUALIFIED_NAME, line no: 53, 1.8867924528301886E-4, insert, 0.08490566037735849, 0.0, 0.1111111111111111
"Enter an integer > ",STRING_LITERAL, line no: 62,java.util,QUALIFIED_NAME, line no: 44, 1.7435983827493258E-4, insert, 0.0047169811320754715, 0.0, 0.09523809523809523
