output+=(String.format("Please enter 3 numbers separated by spaces > ")); ,EXPRESSION_STATEMENT, line no: 62,output+=(String.format("Please enter 3 numbers separated by spaces > ")); ,EXPRESSION_STATEMENT, line no: 62, 0.022604032996178088, insert, 1.0, 1.0, 1.0
a.value=scanner.nextInt(); ,EXPRESSION_STATEMENT, line no: 64,a.value=scanner.nextInt(); ,EXPRESSION_STATEMENT, line no: 64, 0.022604032996178088, insert, 1.0, 3.0, 1.0
b.value=scanner.nextInt(); ,EXPRESSION_STATEMENT, line no: 65,b.value=scanner.nextInt(); ,EXPRESSION_STATEMENT, line no: 65, 0.022604032996178088, insert, 1.0, 3.0, 1.0
c.value=scanner.nextInt(); ,EXPRESSION_STATEMENT, line no: 66,c.value=scanner.nextInt(); ,EXPRESSION_STATEMENT, line no: 66, 0.022604032996178088, insert, 1.0, 3.0, 1.0
output+=(String.format("%d is the median\n" d.value)); ,EXPRESSION_STATEMENT, line no: 76,output+=(String.format("%d is the median\n" d.value)); ,EXPRESSION_STATEMENT, line no: 76, 0.022604032996178088, insert, 1.0, 3.0, 1.0
a.value=scanner.nextInt(); ,EXPRESSION_STATEMENT, line no: 64,b.value=scanner.nextInt(); ,EXPRESSION_STATEMENT, line no: 65, 0.022101721151818573, insert, 1.0, 1.5, 0.9629629629629629
a.value=scanner.nextInt(); ,EXPRESSION_STATEMENT, line no: 64,c.value=scanner.nextInt(); ,EXPRESSION_STATEMENT, line no: 66, 0.022101721151818573, insert, 1.0, 1.5, 0.9629629629629629
b.value=scanner.nextInt(); ,EXPRESSION_STATEMENT, line no: 65,a.value=scanner.nextInt(); ,EXPRESSION_STATEMENT, line no: 64, 0.022101721151818573, insert, 1.0, 1.5, 0.9629629629629629
b.value=scanner.nextInt(); ,EXPRESSION_STATEMENT, line no: 65,c.value=scanner.nextInt(); ,EXPRESSION_STATEMENT, line no: 66, 0.022101721151818573, insert, 1.0, 1.5, 0.9629629629629629
c.value=scanner.nextInt(); ,EXPRESSION_STATEMENT, line no: 66,a.value=scanner.nextInt(); ,EXPRESSION_STATEMENT, line no: 64, 0.022101721151818573, insert, 1.0, 1.5, 0.9629629629629629
c.value=scanner.nextInt(); ,EXPRESSION_STATEMENT, line no: 66,b.value=scanner.nextInt(); ,EXPRESSION_STATEMENT, line no: 65, 0.022101721151818573, insert, 1.0, 1.5, 0.9629629629629629
output+=(String.format("Please enter 3 numbers separated by spaces > ")); ,EXPRESSION_STATEMENT, line no: 62,output+=(String.format("%d is the median\n" d.value)); ,EXPRESSION_STATEMENT, line no: 76, 0.016189374983749172, insert, 1.0, 1.0, 0.527027027027027
output+=(String.format("%d is the median\n" d.value)); ,EXPRESSION_STATEMENT, line no: 76,output+=(String.format("Please enter 3 numbers separated by spaces > ")); ,EXPRESSION_STATEMENT, line no: 62, 0.016189374983749172, insert, 1.0, 0.3333333333333333, 0.527027027027027
a.value=scanner.nextInt(); ,EXPRESSION_STATEMENT, line no: 64,output+=(String.format("%d is the median\n" d.value)); ,EXPRESSION_STATEMENT, line no: 76, 0.011754097158012606, insert, 1.0, 0.6000000000000001, 0.2
b.value=scanner.nextInt(); ,EXPRESSION_STATEMENT, line no: 65,output+=(String.format("%d is the median\n" d.value)); ,EXPRESSION_STATEMENT, line no: 76, 0.011754097158012606, insert, 1.0, 0.6000000000000001, 0.2
c.value=scanner.nextInt(); ,EXPRESSION_STATEMENT, line no: 66,output+=(String.format("%d is the median\n" d.value)); ,EXPRESSION_STATEMENT, line no: 76, 0.011754097158012606, insert, 1.0, 0.6000000000000001, 0.2
output+=(String.format("%d is the median\n" d.value)); ,EXPRESSION_STATEMENT, line no: 76,a.value=scanner.nextInt(); ,EXPRESSION_STATEMENT, line no: 64, 0.011754097158012606, insert, 1.0, 0.6000000000000001, 0.2
output+=(String.format("%d is the median\n" d.value)); ,EXPRESSION_STATEMENT, line no: 76,b.value=scanner.nextInt(); ,EXPRESSION_STATEMENT, line no: 65, 0.011754097158012606, insert, 1.0, 0.6000000000000001, 0.2
output+=(String.format("%d is the median\n" d.value)); ,EXPRESSION_STATEMENT, line no: 76,c.value=scanner.nextInt(); ,EXPRESSION_STATEMENT, line no: 66, 0.011754097158012606, insert, 1.0, 0.6000000000000001, 0.2
output+=(String.format("Please enter 3 numbers separated by spaces > ")); ,EXPRESSION_STATEMENT, line no: 62,a.value=scanner.nextInt(); ,EXPRESSION_STATEMENT, line no: 64, 0.011607476403442804, insert, 1.0, 0.0, 0.1891891891891892
output+=(String.format("Please enter 3 numbers separated by spaces > ")); ,EXPRESSION_STATEMENT, line no: 62,b.value=scanner.nextInt(); ,EXPRESSION_STATEMENT, line no: 65, 0.011607476403442804, insert, 1.0, 0.0, 0.1891891891891892
output+=(String.format("Please enter 3 numbers separated by spaces > ")); ,EXPRESSION_STATEMENT, line no: 62,c.value=scanner.nextInt(); ,EXPRESSION_STATEMENT, line no: 66, 0.011607476403442804, insert, 1.0, 0.0, 0.1891891891891892
a.value=scanner.nextInt(); ,EXPRESSION_STATEMENT, line no: 64,output+=(String.format("Please enter 3 numbers separated by spaces > ")); ,EXPRESSION_STATEMENT, line no: 62, 0.011607476403442804, insert, 1.0, 0.0, 0.1891891891891892
b.value=scanner.nextInt(); ,EXPRESSION_STATEMENT, line no: 65,output+=(String.format("Please enter 3 numbers separated by spaces > ")); ,EXPRESSION_STATEMENT, line no: 62, 0.011607476403442804, insert, 1.0, 0.0, 0.1891891891891892
c.value=scanner.nextInt(); ,EXPRESSION_STATEMENT, line no: 66,output+=(String.format("Please enter 3 numbers separated by spaces > ")); ,EXPRESSION_STATEMENT, line no: 62, 0.011607476403442804, insert, 1.0, 0.0, 0.1891891891891892
String,SIMPLE_NAME, line no: 63,String,SIMPLE_NAME, line no: 49, 0.008681058070924837, insert, 0.3333333333333333, 0.0, 1.0
format,SIMPLE_NAME, line no: 63,format,SIMPLE_NAME, line no: 63, 0.008681058070924837, insert, 1.0, 0.0, 1.0
scanner,SIMPLE_NAME, line no: 64,scanner,SIMPLE_NAME, line no: 51, 0.008681058070924837, insert, 0.10526315789473684, 1.0, 1.0
nextInt,SIMPLE_NAME, line no: 64,nextInt,SIMPLE_NAME, line no: 64, 0.008681058070924837, insert, 1.0, 0.0, 1.0
scanner,SIMPLE_NAME, line no: 65,scanner,SIMPLE_NAME, line no: 51, 0.008681058070924837, insert, 0.10526315789473684, 1.0, 1.0
nextInt,SIMPLE_NAME, line no: 65,nextInt,SIMPLE_NAME, line no: 64, 0.008681058070924837, insert, 1.0, 0.0, 1.0
scanner,SIMPLE_NAME, line no: 66,scanner,SIMPLE_NAME, line no: 51, 0.008681058070924837, insert, 0.10526315789473684, 1.0, 1.0
nextInt,SIMPLE_NAME, line no: 66,nextInt,SIMPLE_NAME, line no: 64, 0.008681058070924837, insert, 1.0, 0.0, 1.0
String,SIMPLE_NAME, line no: 76,String,SIMPLE_NAME, line no: 49, 0.008681058070924837, insert, 0.3333333333333333, 0.0, 1.0
format,SIMPLE_NAME, line no: 76,format,SIMPLE_NAME, line no: 63, 0.008681058070924837, insert, 1.0, 0.0, 1.0
d,SIMPLE_NAME, line no: 76,d,SIMPLE_NAME, line no: 60, 0.008681058070924837, insert, 0.9675324675324676, 1.0, 1.0
value,SIMPLE_NAME, line no: 76,value,SIMPLE_NAME, line no: 7, 0.008681058070924837, insert, 0.03896103896103896, 1.0, 1.0
a.value=scanner.nextInt(); ,EXPRESSION_STATEMENT, line no: 64,mainClass.exec(); ,EXPRESSION_STATEMENT, line no: 55, 0.008117898800118841, insert, 0.3422818791946309, 0.0, 0.37037037037037035
b.value=scanner.nextInt(); ,EXPRESSION_STATEMENT, line no: 65,mainClass.exec(); ,EXPRESSION_STATEMENT, line no: 55, 0.008117898800118841, insert, 0.3422818791946309, 0.0, 0.37037037037037035
c.value=scanner.nextInt(); ,EXPRESSION_STATEMENT, line no: 66,mainClass.exec(); ,EXPRESSION_STATEMENT, line no: 55, 0.008117898800118841, insert, 0.3422818791946309, 0.0, 0.37037037037037035
output+=(String.format("%d is the median\n" d.value)); ,EXPRESSION_STATEMENT, line no: 76,System.out.println(mainClass.output); ,EXPRESSION_STATEMENT, line no: 56, 0.007286801021269466, insert, 0.3422818791946309, 0.5, 0.3090909090909091
d.value,QUALIFIED_NAME, line no: 76,value,SIMPLE_NAME, line no: 7, 0.007192876687337722, insert, 0.0392156862745098, 0.5, 0.7142857142857143
a.value=scanner.nextInt(); ,EXPRESSION_STATEMENT, line no: 64,System.out.println(mainClass.output); ,EXPRESSION_STATEMENT, line no: 56, 0.006663838198025515, insert, 0.3422818791946309, 0.0, 0.2631578947368421
b.value=scanner.nextInt(); ,EXPRESSION_STATEMENT, line no: 65,System.out.println(mainClass.output); ,EXPRESSION_STATEMENT, line no: 56, 0.006663838198025515, insert, 0.3422818791946309, 0.0, 0.2631578947368421
c.value=scanner.nextInt(); ,EXPRESSION_STATEMENT, line no: 66,System.out.println(mainClass.output); ,EXPRESSION_STATEMENT, line no: 56, 0.006663838198025515, insert, 0.3422818791946309, 0.0, 0.2631578947368421
a.value=scanner.nextInt(); ,EXPRESSION_STATEMENT, line no: 64,d.value=c.value; ,EXPRESSION_STATEMENT, line no: 74, 0.006634561810063905, insert, 0.06711409395973154, 0.6000000000000001, 0.4444444444444444
b.value=scanner.nextInt(); ,EXPRESSION_STATEMENT, line no: 65,d.value=c.value; ,EXPRESSION_STATEMENT, line no: 74, 0.006634561810063905, insert, 0.06711409395973154, 0.6000000000000001, 0.4444444444444444
c.value=scanner.nextInt(); ,EXPRESSION_STATEMENT, line no: 66,d.value=c.value; ,EXPRESSION_STATEMENT, line no: 74, 0.006634561810063905, insert, 0.06711409395973154, 1.5, 0.4444444444444444
a.value=scanner.nextInt(); ,EXPRESSION_STATEMENT, line no: 64,d.value=a.value; ,EXPRESSION_STATEMENT, line no: 69, 0.006573879842288929, insert, 0.06040268456375839, 1.5, 0.4444444444444444
b.value=scanner.nextInt(); ,EXPRESSION_STATEMENT, line no: 65,d.value=a.value; ,EXPRESSION_STATEMENT, line no: 69, 0.006573879842288929, insert, 0.06040268456375839, 0.6000000000000001, 0.4444444444444444
c.value=scanner.nextInt(); ,EXPRESSION_STATEMENT, line no: 66,d.value=a.value; ,EXPRESSION_STATEMENT, line no: 69, 0.006573879842288929, insert, 0.06040268456375839, 0.6000000000000001, 0.4444444444444444
output+=(String.format("Please enter 3 numbers separated by spaces > ")); ,EXPRESSION_STATEMENT, line no: 62,System.out.println(mainClass.output); ,EXPRESSION_STATEMENT, line no: 56, 0.006393747334344298, insert, 0.3422818791946309, 1.0, 0.24324324324324326
a.value=scanner.nextInt(); ,EXPRESSION_STATEMENT, line no: 64,d.value=b.value; ,EXPRESSION_STATEMENT, line no: 72, 0.006132249965704391, insert, 0.06711409395973154, 0.6000000000000001, 0.4074074074074074
b.value=scanner.nextInt(); ,EXPRESSION_STATEMENT, line no: 65,d.value=b.value; ,EXPRESSION_STATEMENT, line no: 72, 0.006132249965704391, insert, 0.06711409395973154, 1.5, 0.4074074074074074
c.value=scanner.nextInt(); ,EXPRESSION_STATEMENT, line no: 66,d.value=b.value; ,EXPRESSION_STATEMENT, line no: 72, 0.006132249965704391, insert, 0.06711409395973154, 0.6000000000000001, 0.4074074074074074
nextInt,SIMPLE_NAME, line no: 64,IntObj,SIMPLE_NAME, line no: 60, 0.005636160634769622, insert, 0.9802631578947368, 0.0, 0.42857142857142855
nextInt,SIMPLE_NAME, line no: 65,IntObj,SIMPLE_NAME, line no: 60, 0.005636160634769622, insert, 0.9802631578947368, 0.0, 0.42857142857142855
nextInt,SIMPLE_NAME, line no: 66,IntObj,SIMPLE_NAME, line no: 60, 0.005636160634769622, insert, 0.9802631578947368, 0.0, 0.42857142857142855
a.value=scanner.nextInt(); ,EXPRESSION_STATEMENT, line no: 64,mainClass.scanner=new java.util.Scanner(args[0]); ,EXPRESSION_STATEMENT, line no: 51, 0.005400088312295002, insert, 0.087248322147651, 0.5, 0.34
b.value=scanner.nextInt(); ,EXPRESSION_STATEMENT, line no: 65,mainClass.scanner=new java.util.Scanner(args[0]); ,EXPRESSION_STATEMENT, line no: 51, 0.005400088312295002, insert, 0.087248322147651, 0.5, 0.34
c.value=scanner.nextInt(); ,EXPRESSION_STATEMENT, line no: 66,mainClass.scanner=new java.util.Scanner(args[0]); ,EXPRESSION_STATEMENT, line no: 51, 0.005400088312295002, insert, 0.087248322147651, 0.5, 0.34
a.value=scanner.nextInt(); ,EXPRESSION_STATEMENT, line no: 64,mainClass.scanner=new java.util.Scanner(System.in); ,EXPRESSION_STATEMENT, line no: 53, 0.005344097527413399, insert, 0.10067114093959731, 0.5, 0.3269230769230769
b.value=scanner.nextInt(); ,EXPRESSION_STATEMENT, line no: 65,mainClass.scanner=new java.util.Scanner(System.in); ,EXPRESSION_STATEMENT, line no: 53, 0.005344097527413399, insert, 0.10067114093959731, 0.5, 0.3269230769230769
c.value=scanner.nextInt(); ,EXPRESSION_STATEMENT, line no: 66,mainClass.scanner=new java.util.Scanner(System.in); ,EXPRESSION_STATEMENT, line no: 53, 0.005344097527413399, insert, 0.10067114093959731, 0.5, 0.3269230769230769
output+=(String.format("%d is the median\n" d.value)); ,EXPRESSION_STATEMENT, line no: 76,mainClass.exec(); ,EXPRESSION_STATEMENT, line no: 55, 0.005314085414330288, insert, 0.3422818791946309, 0.0, 0.16363636363636364
output+=(String.format("Please enter 3 numbers separated by spaces > ")); ,EXPRESSION_STATEMENT, line no: 62,mainClass.exec(); ,EXPRESSION_STATEMENT, line no: 55, 0.005294091675070769, insert, 0.3422818791946309, 0.0, 0.16216216216216217
format,SIMPLE_NAME, line no: 63,output,SIMPLE_NAME, line no: 49, 0.005163243689242877, insert, 0.3333333333333333, 0.0, 0.3333333333333333
format,SIMPLE_NAME, line no: 76,output,SIMPLE_NAME, line no: 49, 0.005163243689242877, insert, 0.3333333333333333, 0.0, 0.3333333333333333
scanner,SIMPLE_NAME, line no: 64,value,SIMPLE_NAME, line no: 7, 0.00496060461195705, insert, 0.039473684210526314, 0.0, 0.2857142857142857
scanner,SIMPLE_NAME, line no: 64,nextInt,SIMPLE_NAME, line no: 64, 0.00496060461195705, insert, 1.0, 0.0, 0.2857142857142857
nextInt,SIMPLE_NAME, line no: 64,String,SIMPLE_NAME, line no: 49, 0.00496060461195705, insert, 0.3355263157894737, 0.0, 0.2857142857142857
nextInt,SIMPLE_NAME, line no: 64,scanner,SIMPLE_NAME, line no: 51, 0.00496060461195705, insert, 0.10526315789473684, 0.0, 0.2857142857142857
scanner,SIMPLE_NAME, line no: 65,value,SIMPLE_NAME, line no: 7, 0.00496060461195705, insert, 0.039473684210526314, 0.0, 0.2857142857142857
scanner,SIMPLE_NAME, line no: 65,nextInt,SIMPLE_NAME, line no: 64, 0.00496060461195705, insert, 1.0, 0.0, 0.2857142857142857
nextInt,SIMPLE_NAME, line no: 65,String,SIMPLE_NAME, line no: 49, 0.00496060461195705, insert, 0.3355263157894737, 0.0, 0.2857142857142857
nextInt,SIMPLE_NAME, line no: 65,scanner,SIMPLE_NAME, line no: 51, 0.00496060461195705, insert, 0.10526315789473684, 0.0, 0.2857142857142857
scanner,SIMPLE_NAME, line no: 66,value,SIMPLE_NAME, line no: 7, 0.00496060461195705, insert, 0.039473684210526314, 0.0, 0.2857142857142857
scanner,SIMPLE_NAME, line no: 66,nextInt,SIMPLE_NAME, line no: 64, 0.00496060461195705, insert, 1.0, 0.0, 0.2857142857142857
nextInt,SIMPLE_NAME, line no: 66,String,SIMPLE_NAME, line no: 49, 0.00496060461195705, insert, 0.3355263157894737, 0.0, 0.2857142857142857
nextInt,SIMPLE_NAME, line no: 66,scanner,SIMPLE_NAME, line no: 51, 0.00496060461195705, insert, 0.10526315789473684, 0.0, 0.2857142857142857
String,SIMPLE_NAME, line no: 63,nextInt,SIMPLE_NAME, line no: 64, 0.004937909035301037, insert, 0.9934640522875817, 0.0, 0.2857142857142857
String,SIMPLE_NAME, line no: 76,nextInt,SIMPLE_NAME, line no: 64, 0.004937909035301037, insert, 0.9934640522875817, 0.0, 0.2857142857142857
d.value,QUALIFIED_NAME, line no: 76,scanner,SIMPLE_NAME, line no: 51, 0.004937909035301037, insert, 0.10457516339869281, 0.0, 0.2857142857142857
nextInt,SIMPLE_NAME, line no: 64,output,SIMPLE_NAME, line no: 49, 0.0049377597222967215, insert, 0.3355263157894737, 0.0, 0.2857142857142857
nextInt,SIMPLE_NAME, line no: 65,output,SIMPLE_NAME, line no: 49, 0.0049377597222967215, insert, 0.3355263157894737, 0.0, 0.2857142857142857
nextInt,SIMPLE_NAME, line no: 66,output,SIMPLE_NAME, line no: 49, 0.0049377597222967215, insert, 0.3355263157894737, 0.0, 0.2857142857142857
value,SIMPLE_NAME, line no: 76,scanner,SIMPLE_NAME, line no: 51, 0.004915508206393804, insert, 0.1038961038961039, 0.0, 0.2857142857142857
scanner,SIMPLE_NAME, line no: 64,Scanner,SIMPLE_NAME, line no: 44, 0.004898597054307586, insert, 0.006578947368421052, 0.0, 0.8571428571428571
scanner,SIMPLE_NAME, line no: 65,Scanner,SIMPLE_NAME, line no: 44, 0.004898597054307586, insert, 0.006578947368421052, 0.0, 0.8571428571428571
scanner,SIMPLE_NAME, line no: 66,Scanner,SIMPLE_NAME, line no: 44, 0.004898597054307586, insert, 0.006578947368421052, 0.0, 0.8571428571428571
output+=(String.format("%d is the median\n" d.value)); ,EXPRESSION_STATEMENT, line no: 76,mainClass.scanner=new java.util.Scanner(System.in); ,EXPRESSION_STATEMENT, line no: 53, 0.004855660730502978, insert, 0.10067114093959731, 0.0, 0.2909090909090909
output+=(String.format("Please enter 3 numbers separated by spaces > ")); ,EXPRESSION_STATEMENT, line no: 62,mainClass.scanner=new java.util.Scanner(System.in); ,EXPRESSION_STATEMENT, line no: 53, 0.00475902432408197, insert, 0.10067114093959731, 0.0, 0.28378378378378377
"%d is the median\n",STRING_LITERAL, line no: 76,scanner,SIMPLE_NAME, line no: 51, 0.004491454620224903, insert, 0.10457516339869281, 0.0, 0.2
value,SIMPLE_NAME, line no: 76,a,SIMPLE_NAME, line no: 60, 0.00446905379131767, insert, 0.9675324675324676, 0.0, 0.2
output+=(String.format("Please enter 3 numbers separated by spaces > ")); ,EXPRESSION_STATEMENT, line no: 62,mainClass.scanner=new java.util.Scanner(args[0]); ,EXPRESSION_STATEMENT, line no: 51, 0.004454384445319768, insert, 0.087248322147651, 0.0, 0.2702702702702703
String,SIMPLE_NAME, line no: 63,format,SIMPLE_NAME, line no: 63, 0.004340529035462419, insert, 1.0, 0.0, 0.16666666666666666
format,SIMPLE_NAME, line no: 63,value,SIMPLE_NAME, line no: 7, 0.004340529035462419, insert, 0.0392156862745098, 0.0, 0.16666666666666666
format,SIMPLE_NAME, line no: 63,String,SIMPLE_NAME, line no: 49, 0.004340529035462419, insert, 0.3333333333333333, 0.0, 0.16666666666666666
String,SIMPLE_NAME, line no: 76,format,SIMPLE_NAME, line no: 63, 0.004340529035462419, insert, 1.0, 0.0, 0.16666666666666666
format,SIMPLE_NAME, line no: 76,value,SIMPLE_NAME, line no: 7, 0.004340529035462419, insert, 0.0392156862745098, 0.0, 0.16666666666666666
format,SIMPLE_NAME, line no: 76,String,SIMPLE_NAME, line no: 49, 0.004340529035462419, insert, 0.3333333333333333, 0.0, 0.16666666666666666
value,SIMPLE_NAME, line no: 76,format,SIMPLE_NAME, line no: 63, 0.004317980832680796, insert, 0.9935064935064936, 0.0, 0.16666666666666666
String,SIMPLE_NAME, line no: 63,output,SIMPLE_NAME, line no: 49, 0.004295137882150394, insert, 0.3333333333333333, 0.0, 0.16666666666666666
format,SIMPLE_NAME, line no: 63,a,SIMPLE_NAME, line no: 60, 0.004295137882150394, insert, 0.9738562091503268, 0.0, 0.16666666666666666
String,SIMPLE_NAME, line no: 76,output,SIMPLE_NAME, line no: 49, 0.004295137882150394, insert, 0.3333333333333333, 0.0, 0.16666666666666666
format,SIMPLE_NAME, line no: 76,a,SIMPLE_NAME, line no: 60, 0.004295137882150394, insert, 0.9738562091503268, 0.0, 0.16666666666666666
value,SIMPLE_NAME, line no: 76,output,SIMPLE_NAME, line no: 49, 0.00427288442711755, insert, 0.33116883116883117, 0.0, 0.16666666666666666
a.value=scanner.nextInt(); ,EXPRESSION_STATEMENT, line no: 64,value=i; ,EXPRESSION_STATEMENT, line no: 7, 0.004261222625976003, insert, 0.026845637583892617, 0.3333333333333333, 0.2962962962962963
b.value=scanner.nextInt(); ,EXPRESSION_STATEMENT, line no: 65,value=i; ,EXPRESSION_STATEMENT, line no: 7, 0.004261222625976003, insert, 0.026845637583892617, 0.3333333333333333, 0.2962962962962963
c.value=scanner.nextInt(); ,EXPRESSION_STATEMENT, line no: 66,value=i; ,EXPRESSION_STATEMENT, line no: 7, 0.004261222625976003, insert, 0.026845637583892617, 0.3333333333333333, 0.2962962962962963
"%d is the median\n",STRING_LITERAL, line no: 76,String,SIMPLE_NAME, line no: 49, 0.00425371845475317, insert, 0.3333333333333333, 0.0, 0.15
String,SIMPLE_NAME, line no: 63,IntObj,SIMPLE_NAME, line no: 60, 0.004249746728838368, insert, 0.9738562091503268, 0.0, 0.16666666666666666
format,SIMPLE_NAME, line no: 63,IntObj,SIMPLE_NAME, line no: 60, 0.004249746728838368, insert, 0.9738562091503268, 0.0, 0.16666666666666666
String,SIMPLE_NAME, line no: 76,IntObj,SIMPLE_NAME, line no: 60, 0.004249746728838368, insert, 0.9738562091503268, 0.0, 0.16666666666666666
format,SIMPLE_NAME, line no: 76,IntObj,SIMPLE_NAME, line no: 60, 0.004249746728838368, insert, 0.9738562091503268, 0.0, 0.16666666666666666
output+=(String.format("%d is the median\n" d.value)); ,EXPRESSION_STATEMENT, line no: 76,mainClass.scanner=new java.util.Scanner(args[0]); ,EXPRESSION_STATEMENT, line no: 51, 0.004241117893218234, insert, 0.087248322147651, 0.0, 0.2545454545454545
scanner,SIMPLE_NAME, line no: 64,String,SIMPLE_NAME, line no: 49, 0.004216513920163492, insert, 0.3355263157894737, 0.0, 0.14285714285714285
scanner,SIMPLE_NAME, line no: 64,format,SIMPLE_NAME, line no: 63, 0.004216513920163492, insert, 1.0, 0.0, 0.14285714285714285
nextInt,SIMPLE_NAME, line no: 64,value,SIMPLE_NAME, line no: 7, 0.004216513920163492, insert, 0.039473684210526314, 0.0, 0.14285714285714285
nextInt,SIMPLE_NAME, line no: 64,format,SIMPLE_NAME, line no: 63, 0.004216513920163492, insert, 1.0, 0.0, 0.14285714285714285
scanner,SIMPLE_NAME, line no: 65,String,SIMPLE_NAME, line no: 49, 0.004216513920163492, insert, 0.3355263157894737, 0.0, 0.14285714285714285
scanner,SIMPLE_NAME, line no: 65,format,SIMPLE_NAME, line no: 63, 0.004216513920163492, insert, 1.0, 0.0, 0.14285714285714285
nextInt,SIMPLE_NAME, line no: 65,value,SIMPLE_NAME, line no: 7, 0.004216513920163492, insert, 0.039473684210526314, 0.0, 0.14285714285714285
nextInt,SIMPLE_NAME, line no: 65,format,SIMPLE_NAME, line no: 63, 0.004216513920163492, insert, 1.0, 0.0, 0.14285714285714285
scanner,SIMPLE_NAME, line no: 66,String,SIMPLE_NAME, line no: 49, 0.004216513920163492, insert, 0.3355263157894737, 0.0, 0.14285714285714285
scanner,SIMPLE_NAME, line no: 66,format,SIMPLE_NAME, line no: 63, 0.004216513920163492, insert, 1.0, 0.0, 0.14285714285714285
nextInt,SIMPLE_NAME, line no: 66,value,SIMPLE_NAME, line no: 7, 0.004216513920163492, insert, 0.039473684210526314, 0.0, 0.14285714285714285
nextInt,SIMPLE_NAME, line no: 66,format,SIMPLE_NAME, line no: 63, 0.004216513920163492, insert, 1.0, 0.0, 0.14285714285714285
d.value,QUALIFIED_NAME, line no: 76,d,SIMPLE_NAME, line no: 60, 0.004216513920163492, insert, 0.9738562091503268, 0.5, 0.14285714285714285
d.value,QUALIFIED_NAME, line no: 76,format,SIMPLE_NAME, line no: 63, 0.004216513920163492, insert, 1.0, 0.0, 0.14285714285714285
String,SIMPLE_NAME, line no: 63,scanner,SIMPLE_NAME, line no: 51, 0.00419381834350748, insert, 0.10457516339869281, 0.0, 0.14285714285714285
format,SIMPLE_NAME, line no: 63,scanner,SIMPLE_NAME, line no: 51, 0.00419381834350748, insert, 0.10457516339869281, 0.0, 0.14285714285714285
format,SIMPLE_NAME, line no: 63,nextInt,SIMPLE_NAME, line no: 64, 0.00419381834350748, insert, 0.9934640522875817, 0.0, 0.14285714285714285
String,SIMPLE_NAME, line no: 76,scanner,SIMPLE_NAME, line no: 51, 0.00419381834350748, insert, 0.10457516339869281, 0.0, 0.14285714285714285
format,SIMPLE_NAME, line no: 76,scanner,SIMPLE_NAME, line no: 51, 0.00419381834350748, insert, 0.10457516339869281, 0.0, 0.14285714285714285
format,SIMPLE_NAME, line no: 76,nextInt,SIMPLE_NAME, line no: 64, 0.00419381834350748, insert, 0.9934640522875817, 0.0, 0.14285714285714285
d.value,QUALIFIED_NAME, line no: 76,nextInt,SIMPLE_NAME, line no: 64, 0.00419381834350748, insert, 0.9934640522875817, 0.0, 0.14285714285714285
scanner,SIMPLE_NAME, line no: 64,a,SIMPLE_NAME, line no: 60, 0.004193669030503164, insert, 0.9802631578947368, 0.0, 0.14285714285714285
scanner,SIMPLE_NAME, line no: 64,c,SIMPLE_NAME, line no: 60, 0.004193669030503164, insert, 0.9802631578947368, 0.0, 0.14285714285714285
scanner,SIMPLE_NAME, line no: 65,a,SIMPLE_NAME, line no: 60, 0.004193669030503164, insert, 0.9802631578947368, 0.0, 0.14285714285714285
scanner,SIMPLE_NAME, line no: 65,c,SIMPLE_NAME, line no: 60, 0.004193669030503164, insert, 0.9802631578947368, 0.0, 0.14285714285714285
scanner,SIMPLE_NAME, line no: 66,a,SIMPLE_NAME, line no: 60, 0.004193669030503164, insert, 0.9802631578947368, 0.0, 0.14285714285714285
scanner,SIMPLE_NAME, line no: 66,c,SIMPLE_NAME, line no: 60, 0.004193669030503164, insert, 0.9802631578947368, 0.0, 0.14285714285714285
value,SIMPLE_NAME, line no: 76,nextInt,SIMPLE_NAME, line no: 64, 0.004171417514600246, insert, 0.987012987012987, 0.0, 0.14285714285714285
d.value,QUALIFIED_NAME, line no: 76,output,SIMPLE_NAME, line no: 49, 0.004171122766851467, insert, 0.3333333333333333, 0.0, 0.14285714285714285
d.value,QUALIFIED_NAME, line no: 76,a,SIMPLE_NAME, line no: 60, 0.004171122766851467, insert, 0.9738562091503268, 0.0, 0.14285714285714285
scanner,SIMPLE_NAME, line no: 64,IntObj,SIMPLE_NAME, line no: 60, 0.004147979251182507, insert, 0.9802631578947368, 0.0, 0.14285714285714285
scanner,SIMPLE_NAME, line no: 65,IntObj,SIMPLE_NAME, line no: 60, 0.004147979251182507, insert, 0.9802631578947368, 0.0, 0.14285714285714285
scanner,SIMPLE_NAME, line no: 66,IntObj,SIMPLE_NAME, line no: 60, 0.004147979251182507, insert, 0.9802631578947368, 0.0, 0.14285714285714285
"Please enter 3 numbers separated by spaces > ",STRING_LITERAL, line no: 63,scanner,SIMPLE_NAME, line no: 51, 0.004003837741347422, insert, 0.10457516339869281, 0.0, 0.10638297872340426
"%d is the median\n",STRING_LITERAL, line no: 76,format,SIMPLE_NAME, line no: 63, 0.003993286712625425, insert, 1.0, 0.0, 0.1
"%d is the median\n",STRING_LITERAL, line no: 76,nextInt,SIMPLE_NAME, line no: 64, 0.003970591135969413, insert, 0.9934640522875817, 0.0, 0.1
"Please enter 3 numbers separated by spaces > ",STRING_LITERAL, line no: 63,format,SIMPLE_NAME, line no: 63, 0.003915711300076736, insert, 1.0, 0.0, 0.0851063829787234
"Please enter 3 numbers separated by spaces > ",STRING_LITERAL, line no: 63,nextInt,SIMPLE_NAME, line no: 64, 0.0038930157234207227, insert, 0.9934640522875817, 0.0, 0.0851063829787234
"Please enter 3 numbers separated by spaces > ",STRING_LITERAL, line no: 63,value,SIMPLE_NAME, line no: 7, 0.003804889282150035, insert, 0.0392156862745098, 0.0, 0.06382978723404255
"Please enter 3 numbers separated by spaces > ",STRING_LITERAL, line no: 63,String,SIMPLE_NAME, line no: 49, 0.003804889282150035, insert, 0.3333333333333333, 0.0, 0.06382978723404255
"Please enter 3 numbers separated by spaces > ",STRING_LITERAL, line no: 63,output,SIMPLE_NAME, line no: 49, 0.00375949812883801, insert, 0.3333333333333333, 0.0, 0.06382978723404255
"%d is the median\n",STRING_LITERAL, line no: 76,value,SIMPLE_NAME, line no: 7, 0.0037328549704976803, insert, 0.0392156862745098, 0.0, 0.05
"%d is the median\n",STRING_LITERAL, line no: 76,d,SIMPLE_NAME, line no: 60, 0.0037328549704976803, insert, 0.9738562091503268, 0.0, 0.05
"Please enter 3 numbers separated by spaces > ",STRING_LITERAL, line no: 63,IntObj,SIMPLE_NAME, line no: 60, 0.0037141069755259846, insert, 0.9738562091503268, 0.0, 0.06382978723404255
"%d is the median\n",STRING_LITERAL, line no: 76,output,SIMPLE_NAME, line no: 49, 0.0036874638171856553, insert, 0.3333333333333333, 0.0, 0.05
"%d is the median\n",STRING_LITERAL, line no: 76,a,SIMPLE_NAME, line no: 60, 0.0036874638171856553, insert, 0.9738562091503268, 0.0, 0.05
"%d is the median\n",STRING_LITERAL, line no: 76,IntObj,SIMPLE_NAME, line no: 60, 0.0036420726638736294, insert, 0.9738562091503268, 0.0, 0.05
"Please enter 3 numbers separated by spaces > ",STRING_LITERAL, line no: 63,d,SIMPLE_NAME, line no: 60, 0.0035832452462966355, insert, 0.9738562091503268, 0.0, 0.02127659574468085
"Please enter 3 numbers separated by spaces > ",STRING_LITERAL, line no: 63,a,SIMPLE_NAME, line no: 60, 0.00353785409298461, insert, 0.9738562091503268, 0.0, 0.02127659574468085
"Please enter 3 numbers separated by spaces > ",STRING_LITERAL, line no: 63,b,SIMPLE_NAME, line no: 60, 0.00353785409298461, insert, 0.9738562091503268, 0.0, 0.02127659574468085
"Please enter 3 numbers separated by spaces > ",STRING_LITERAL, line no: 63,c,SIMPLE_NAME, line no: 60, 0.00353785409298461, insert, 0.9738562091503268, 0.0, 0.02127659574468085
output+=(String.format("%d is the median\n" d.value)); ,EXPRESSION_STATEMENT, line no: 76,d.value=a.value; ,EXPRESSION_STATEMENT, line no: 69, 0.00350521112038354, insert, 0.06040268456375839, 1.5, 0.21818181818181817
nextInt,SIMPLE_NAME, line no: 64,length,SIMPLE_NAME, line no: 50, 0.0034658961170384124, insert, 0.35526315789473684, 0.0, 0.42857142857142855
nextInt,SIMPLE_NAME, line no: 65,length,SIMPLE_NAME, line no: 50, 0.0034658961170384124, insert, 0.35526315789473684, 0.0, 0.42857142857142855
nextInt,SIMPLE_NAME, line no: 66,length,SIMPLE_NAME, line no: 50, 0.0034658961170384124, insert, 0.35526315789473684, 0.0, 0.42857142857142855
nextInt,SIMPLE_NAME, line no: 64,println,SIMPLE_NAME, line no: 56, 0.0034430512273780837, insert, 0.34868421052631576, 0.0, 0.42857142857142855
nextInt,SIMPLE_NAME, line no: 65,println,SIMPLE_NAME, line no: 56, 0.0034430512273780837, insert, 0.34868421052631576, 0.0, 0.42857142857142855
nextInt,SIMPLE_NAME, line no: 66,println,SIMPLE_NAME, line no: 56, 0.0034430512273780837, insert, 0.34868421052631576, 0.0, 0.42857142857142855
String,SIMPLE_NAME, line no: 63,println,SIMPLE_NAME, line no: 56, 0.0034351376381493424, insert, 0.3464052287581699, 0.0, 0.42857142857142855
String,SIMPLE_NAME, line no: 76,println,SIMPLE_NAME, line no: 56, 0.0034351376381493424, insert, 0.3464052287581699, 0.0, 0.42857142857142855
output+=(String.format("%d is the median\n" d.value)); ,EXPRESSION_STATEMENT, line no: 76,d.value=b.value; ,EXPRESSION_STATEMENT, line no: 72, 0.003319303637291118, insert, 0.06711409395973154, 1.5, 0.2
output+=(String.format("%d is the median\n" d.value)); ,EXPRESSION_STATEMENT, line no: 76,d.value=c.value; ,EXPRESSION_STATEMENT, line no: 74, 0.003319303637291118, insert, 0.06711409395973154, 1.5, 0.2
String,SIMPLE_NAME, line no: 63,args,SIMPLE_NAME, line no: 50, 0.0029617727536096505, insert, 0.35294117647058826, 0.0, 0.3333333333333333
String,SIMPLE_NAME, line no: 63,length,SIMPLE_NAME, line no: 50, 0.0029617727536096505, insert, 0.35294117647058826, 0.0, 0.3333333333333333
String,SIMPLE_NAME, line no: 63,System,SIMPLE_NAME, line no: 53, 0.0029617727536096505, insert, 0.12418300653594772, 0.0, 0.3333333333333333
format,SIMPLE_NAME, line no: 63,out,SIMPLE_NAME, line no: 56, 0.0029617727536096505, insert, 0.35294117647058826, 0.0, 0.3333333333333333
String,SIMPLE_NAME, line no: 76,args,SIMPLE_NAME, line no: 50, 0.0029617727536096505, insert, 0.35294117647058826, 0.0, 0.3333333333333333
String,SIMPLE_NAME, line no: 76,length,SIMPLE_NAME, line no: 50, 0.0029617727536096505, insert, 0.35294117647058826, 0.0, 0.3333333333333333
String,SIMPLE_NAME, line no: 76,System,SIMPLE_NAME, line no: 53, 0.0029617727536096505, insert, 0.12418300653594772, 0.0, 0.3333333333333333
format,SIMPLE_NAME, line no: 76,out,SIMPLE_NAME, line no: 56, 0.0029617727536096505, insert, 0.35294117647058826, 0.0, 0.3333333333333333
value,SIMPLE_NAME, line no: 76,length,SIMPLE_NAME, line no: 50, 0.0029538145643926072, insert, 0.35064935064935066, 0.0, 0.3333333333333333
"%d is the median\n",STRING_LITERAL, line no: 76,median_36d8008b_000,SIMPLE_NAME, line no: 48, 0.0027427604388791283, insert, 0.3333333333333333, 0.0, 0.3
scanner,SIMPLE_NAME, line no: 64,args,SIMPLE_NAME, line no: 50, 0.0027218054252448544, insert, 0.35526315789473684, 0.0, 0.2857142857142857
scanner,SIMPLE_NAME, line no: 64,System,SIMPLE_NAME, line no: 53, 0.0027218054252448544, insert, 0.125, 0.0, 0.2857142857142857
scanner,SIMPLE_NAME, line no: 65,args,SIMPLE_NAME, line no: 50, 0.0027218054252448544, insert, 0.35526315789473684, 0.0, 0.2857142857142857
scanner,SIMPLE_NAME, line no: 65,System,SIMPLE_NAME, line no: 53, 0.0027218054252448544, insert, 0.125, 0.0, 0.2857142857142857
scanner,SIMPLE_NAME, line no: 66,args,SIMPLE_NAME, line no: 50, 0.0027218054252448544, insert, 0.35526315789473684, 0.0, 0.2857142857142857
scanner,SIMPLE_NAME, line no: 66,System,SIMPLE_NAME, line no: 53, 0.0027218054252448544, insert, 0.125, 0.0, 0.2857142857142857
d.value,QUALIFIED_NAME, line no: 76,length,SIMPLE_NAME, line no: 50, 0.002713742523011798, insert, 0.35294117647058826, 0.0, 0.2857142857142857
scanner,SIMPLE_NAME, line no: 64,println,SIMPLE_NAME, line no: 56, 0.0026989605355845258, insert, 0.34868421052631576, 0.0, 0.2857142857142857
nextInt,SIMPLE_NAME, line no: 64,exec,SIMPLE_NAME, line no: 55, 0.0026989605355845258, insert, 0.34868421052631576, 0.0, 0.2857142857142857
scanner,SIMPLE_NAME, line no: 65,println,SIMPLE_NAME, line no: 56, 0.0026989605355845258, insert, 0.34868421052631576, 0.0, 0.2857142857142857
nextInt,SIMPLE_NAME, line no: 65,exec,SIMPLE_NAME, line no: 55, 0.0026989605355845258, insert, 0.34868421052631576, 0.0, 0.2857142857142857
scanner,SIMPLE_NAME, line no: 66,println,SIMPLE_NAME, line no: 56, 0.0026989605355845258, insert, 0.34868421052631576, 0.0, 0.2857142857142857
nextInt,SIMPLE_NAME, line no: 66,exec,SIMPLE_NAME, line no: 55, 0.0026989605355845258, insert, 0.34868421052631576, 0.0, 0.2857142857142857
format,SIMPLE_NAME, line no: 63,println,SIMPLE_NAME, line no: 56, 0.0026910469463557853, insert, 0.3464052287581699, 0.0, 0.2857142857142857
format,SIMPLE_NAME, line no: 76,println,SIMPLE_NAME, line no: 56, 0.0026910469463557853, insert, 0.3464052287581699, 0.0, 0.2857142857142857
d.value=c.value; ,EXPRESSION_STATEMENT, line no: 74,d.value=c.value; ,EXPRESSION_STATEMENT, line no: 74, 0.002651650429449553, insert, 1.0, 3.0, 1.0
d.value=c.value; ,EXPRESSION_STATEMENT, line no: 74,d.value=b.value; ,EXPRESSION_STATEMENT, line no: 72, 0.0025580627672336866, insert, 1.0, 1.5, 0.9411764705882353
value,SIMPLE_NAME, line no: 76,java,SIMPLE_NAME, line no: 44, 0.00253441799265442, insert, 0.012987012987012988, 0.0, 0.4
d.value=c.value; ,EXPRESSION_STATEMENT, line no: 74,d.value=a.value; ,EXPRESSION_STATEMENT, line no: 69, 0.0024519967500557043, insert, 0.9, 1.5, 0.9411764705882353
output+=(String.format("Please enter 3 numbers separated by spaces > ")); ,EXPRESSION_STATEMENT, line no: 62,d.value=b.value; ,EXPRESSION_STATEMENT, line no: 72, 0.002439579109872295, insert, 0.06711409395973154, 0.0, 0.13513513513513514
scanner,SIMPLE_NAME, line no: 64,mainClass,SIMPLE_NAME, line no: 48, 0.002391098451114385, insert, 0.3355263157894737, 0.0, 0.2222222222222222
scanner,SIMPLE_NAME, line no: 65,mainClass,SIMPLE_NAME, line no: 48, 0.002391098451114385, insert, 0.3355263157894737, 0.0, 0.2222222222222222
scanner,SIMPLE_NAME, line no: 66,mainClass,SIMPLE_NAME, line no: 48, 0.002391098451114385, insert, 0.3355263157894737, 0.0, 0.2222222222222222
String,SIMPLE_NAME, line no: 63,mainClass,SIMPLE_NAME, line no: 48, 0.002383035548881328, insert, 0.3333333333333333, 0.0, 0.2222222222222222
format,SIMPLE_NAME, line no: 63,mainClass,SIMPLE_NAME, line no: 48, 0.002383035548881328, insert, 0.3333333333333333, 0.0, 0.2222222222222222
String,SIMPLE_NAME, line no: 76,mainClass,SIMPLE_NAME, line no: 48, 0.002383035548881328, insert, 0.3333333333333333, 0.0, 0.2222222222222222
format,SIMPLE_NAME, line no: 76,mainClass,SIMPLE_NAME, line no: 48, 0.002383035548881328, insert, 0.3333333333333333, 0.0, 0.2222222222222222
d.value,QUALIFIED_NAME, line no: 76,mainClass,SIMPLE_NAME, line no: 48, 0.002383035548881328, insert, 0.3333333333333333, 0.0, 0.2222222222222222
output+=(String.format("Please enter 3 numbers separated by spaces > ")); ,EXPRESSION_STATEMENT, line no: 62,d.value=a.value; ,EXPRESSION_STATEMENT, line no: 69, 0.0023788971420973205, insert, 0.06040268456375839, 0.0, 0.13513513513513514
value,SIMPLE_NAME, line no: 76,mainClass,SIMPLE_NAME, line no: 48, 0.0023750773596642846, insert, 0.33116883116883117, 0.0, 0.2222222222222222
"%d is the median\n",STRING_LITERAL, line no: 76,System,SIMPLE_NAME, line no: 53, 0.002267288107935664, insert, 0.12418300653594772, 0.0, 0.2
value,SIMPLE_NAME, line no: 76,args,SIMPLE_NAME, line no: 50, 0.0022593299187186203, insert, 0.35064935064935066, 0.0, 0.2
value,SIMPLE_NAME, line no: 76,out,SIMPLE_NAME, line no: 56, 0.0022593299187186203, insert, 0.35064935064935066, 0.0, 0.2
output+=(String.format("Please enter 3 numbers separated by spaces > ")); ,EXPRESSION_STATEMENT, line no: 62,d.value=c.value; ,EXPRESSION_STATEMENT, line no: 74, 0.0022563031666600402, insert, 0.06711409395973154, 0.0, 0.12162162162162163
value,SIMPLE_NAME, line no: 76,exec,SIMPLE_NAME, line no: 55, 0.0022367817159369974, insert, 0.34415584415584416, 0.0, 0.2
String,SIMPLE_NAME, line no: 63,util,SIMPLE_NAME, line no: 44, 0.0021901231473052205, insert, 0.013071895424836602, 0.0, 0.3333333333333333
String,SIMPLE_NAME, line no: 76,util,SIMPLE_NAME, line no: 44, 0.0021901231473052205, insert, 0.013071895424836602, 0.0, 0.3333333333333333
String,SIMPLE_NAME, line no: 63,in,SIMPLE_NAME, line no: 53, 0.0021674275706492076, insert, 0.12418300653594772, 0.0, 0.3333333333333333
String,SIMPLE_NAME, line no: 76,in,SIMPLE_NAME, line no: 53, 0.0021674275706492076, insert, 0.12418300653594772, 0.0, 0.3333333333333333
String,SIMPLE_NAME, line no: 63,out,SIMPLE_NAME, line no: 56, 0.002093666946517167, insert, 0.35294117647058826, 0.0, 0.16666666666666666
format,SIMPLE_NAME, line no: 63,args,SIMPLE_NAME, line no: 50, 0.002093666946517167, insert, 0.35294117647058826, 0.0, 0.16666666666666666
format,SIMPLE_NAME, line no: 63,length,SIMPLE_NAME, line no: 50, 0.002093666946517167, insert, 0.35294117647058826, 0.0, 0.16666666666666666
format,SIMPLE_NAME, line no: 63,System,SIMPLE_NAME, line no: 53, 0.002093666946517167, insert, 0.12418300653594772, 0.0, 0.16666666666666666
String,SIMPLE_NAME, line no: 76,out,SIMPLE_NAME, line no: 56, 0.002093666946517167, insert, 0.35294117647058826, 0.0, 0.16666666666666666
format,SIMPLE_NAME, line no: 76,args,SIMPLE_NAME, line no: 50, 0.002093666946517167, insert, 0.35294117647058826, 0.0, 0.16666666666666666
format,SIMPLE_NAME, line no: 76,length,SIMPLE_NAME, line no: 50, 0.002093666946517167, insert, 0.35294117647058826, 0.0, 0.16666666666666666
format,SIMPLE_NAME, line no: 76,System,SIMPLE_NAME, line no: 53, 0.002093666946517167, insert, 0.12418300653594772, 0.0, 0.16666666666666666
value,SIMPLE_NAME, line no: 76,System,SIMPLE_NAME, line no: 53, 0.0020857087573001236, insert, 0.12337662337662338, 0.0, 0.16666666666666666
d.value,QUALIFIED_NAME, line no: 76,d.value,QUALIFIED_NAME, line no: 69, 0.002080125735844609, insert, 0.0718954248366013, 2.0, 1.0
"%d is the median\n",STRING_LITERAL, line no: 76,mainClass,SIMPLE_NAME, line no: 48, 0.0020068563658079187, insert, 0.3333333333333333, 0.0, 0.15
"%d is the median\n",STRING_LITERAL, line no: 76,println,SIMPLE_NAME, line no: 56, 0.0019841607891519057, insert, 0.3464052287581699, 0.0, 0.15
scanner,SIMPLE_NAME, line no: 64,length,SIMPLE_NAME, line no: 50, 0.0019777147334512973, insert, 0.35526315789473684, 0.0, 0.14285714285714285
nextInt,SIMPLE_NAME, line no: 64,System,SIMPLE_NAME, line no: 53, 0.0019777147334512973, insert, 0.125, 0.0, 0.14285714285714285
nextInt,SIMPLE_NAME, line no: 64,out,SIMPLE_NAME, line no: 56, 0.0019777147334512973, insert, 0.35526315789473684, 0.0, 0.14285714285714285
scanner,SIMPLE_NAME, line no: 65,length,SIMPLE_NAME, line no: 50, 0.0019777147334512973, insert, 0.35526315789473684, 0.0, 0.14285714285714285
nextInt,SIMPLE_NAME, line no: 65,System,SIMPLE_NAME, line no: 53, 0.0019777147334512973, insert, 0.125, 0.0, 0.14285714285714285
nextInt,SIMPLE_NAME, line no: 65,out,SIMPLE_NAME, line no: 56, 0.0019777147334512973, insert, 0.35526315789473684, 0.0, 0.14285714285714285
scanner,SIMPLE_NAME, line no: 66,length,SIMPLE_NAME, line no: 50, 0.0019777147334512973, insert, 0.35526315789473684, 0.0, 0.14285714285714285
nextInt,SIMPLE_NAME, line no: 66,System,SIMPLE_NAME, line no: 53, 0.0019777147334512973, insert, 0.125, 0.0, 0.14285714285714285
nextInt,SIMPLE_NAME, line no: 66,out,SIMPLE_NAME, line no: 56, 0.0019777147334512973, insert, 0.35526315789473684, 0.0, 0.14285714285714285
d.value,QUALIFIED_NAME, line no: 76,args,SIMPLE_NAME, line no: 50, 0.0019696518312182407, insert, 0.35294117647058826, 0.0, 0.14285714285714285
d.value,QUALIFIED_NAME, line no: 76,System,SIMPLE_NAME, line no: 53, 0.0019696518312182407, insert, 0.12418300653594772, 0.0, 0.14285714285714285
d.value,QUALIFIED_NAME, line no: 76,out,SIMPLE_NAME, line no: 56, 0.0019696518312182407, insert, 0.35294117647058826, 0.0, 0.14285714285714285
output+=(String.format("%d is the median\n" d.value)); ,EXPRESSION_STATEMENT, line no: 76,value=i; ,EXPRESSION_STATEMENT, line no: 7, 0.00196885402717168, insert, 0.026845637583892617, 0.3333333333333333, 0.12727272727272726
scanner,SIMPLE_NAME, line no: 64,exec,SIMPLE_NAME, line no: 55, 0.0019548698437909687, insert, 0.34868421052631576, 0.0, 0.14285714285714285
scanner,SIMPLE_NAME, line no: 65,exec,SIMPLE_NAME, line no: 55, 0.0019548698437909687, insert, 0.34868421052631576, 0.0, 0.14285714285714285
scanner,SIMPLE_NAME, line no: 66,exec,SIMPLE_NAME, line no: 55, 0.0019548698437909687, insert, 0.34868421052631576, 0.0, 0.14285714285714285
d.value,QUALIFIED_NAME, line no: 76,exec,SIMPLE_NAME, line no: 55, 0.0019469562545622275, insert, 0.3464052287581699, 0.0, 0.14285714285714285
d.value,QUALIFIED_NAME, line no: 76,println,SIMPLE_NAME, line no: 56, 0.0019469562545622275, insert, 0.3464052287581699, 0.0, 0.14285714285714285
d.value,QUALIFIED_NAME, line no: 76,java,SIMPLE_NAME, line no: 44, 0.0019420929167073679, insert, 0.013071895424836602, 0.0, 0.2857142857142857
value,SIMPLE_NAME, line no: 76,println,SIMPLE_NAME, line no: 56, 0.0019391454392195743, insert, 0.34415584415584416, 0.0, 0.14285714285714285
nextInt,SIMPLE_NAME, line no: 64,Scanner,SIMPLE_NAME, line no: 44, 0.0019222342871333567, insert, 0.006578947368421052, 0.0, 0.2857142857142857
nextInt,SIMPLE_NAME, line no: 65,Scanner,SIMPLE_NAME, line no: 44, 0.0019222342871333567, insert, 0.006578947368421052, 0.0, 0.2857142857142857
nextInt,SIMPLE_NAME, line no: 66,Scanner,SIMPLE_NAME, line no: 44, 0.0019222342871333567, insert, 0.006578947368421052, 0.0, 0.2857142857142857
String,SIMPLE_NAME, line no: 63,Scanner,SIMPLE_NAME, line no: 44, 0.0019193973400513551, insert, 0.006535947712418301, 0.0, 0.2857142857142857
String,SIMPLE_NAME, line no: 76,Scanner,SIMPLE_NAME, line no: 44, 0.0019193973400513551, insert, 0.006535947712418301, 0.0, 0.2857142857142857
d.value,QUALIFIED_NAME, line no: 76,Scanner,SIMPLE_NAME, line no: 44, 0.0019193973400513551, insert, 0.006535947712418301, 0.0, 0.2857142857142857
value,SIMPLE_NAME, line no: 76,Scanner,SIMPLE_NAME, line no: 44, 0.0019165972364379507, insert, 0.006493506493506494, 0.0, 0.2857142857142857
d.value,QUALIFIED_NAME, line no: 76,a.value,QUALIFIED_NAME, line no: 64, 0.0018909527697649968, insert, 0.9869281045751634, 0.6666666666666666, 0.8571428571428571
d.value,QUALIFIED_NAME, line no: 76,b.value,QUALIFIED_NAME, line no: 65, 0.0018909527697649968, insert, 0.9869281045751634, 0.6666666666666666, 0.8571428571428571
d.value,QUALIFIED_NAME, line no: 76,c.value,QUALIFIED_NAME, line no: 66, 0.0018909527697649968, insert, 0.9869281045751634, 0.6666666666666666, 0.8571428571428571
"Please enter 3 numbers separated by spaces > ",STRING_LITERAL, line no: 63,median_36d8008b_000,SIMPLE_NAME, line no: 48, 0.001845102093672858, insert, 0.3333333333333333, 0.0, 0.1276595744680851
nextInt,SIMPLE_NAME, line no: 64,mainClass,SIMPLE_NAME, line no: 48, 0.0018123612463860623, insert, 0.3355263157894737, 0.0, 0.1111111111111111
nextInt,SIMPLE_NAME, line no: 65,mainClass,SIMPLE_NAME, line no: 48, 0.0018123612463860623, insert, 0.3355263157894737, 0.0, 0.1111111111111111
nextInt,SIMPLE_NAME, line no: 66,mainClass,SIMPLE_NAME, line no: 48, 0.0018123612463860623, insert, 0.3355263157894737, 0.0, 0.1111111111111111
"Please enter 3 numbers separated by spaces > ",STRING_LITERAL, line no: 63,mainClass,SIMPLE_NAME, line no: 48, 0.0017796712290581835, insert, 0.3333333333333333, 0.0, 0.10638297872340426
d.value=c.value; ,EXPRESSION_STATEMENT, line no: 74,a.value=scanner.nextInt(); ,EXPRESSION_STATEMENT, line no: 64, 0.0017677669529663688, insert, 1.0, 0.6000000000000001, 0.4444444444444444
d.value=c.value; ,EXPRESSION_STATEMENT, line no: 74,b.value=scanner.nextInt(); ,EXPRESSION_STATEMENT, line no: 65, 0.0017677669529663688, insert, 1.0, 0.6000000000000001, 0.4444444444444444
d.value=c.value; ,EXPRESSION_STATEMENT, line no: 74,c.value=scanner.nextInt(); ,EXPRESSION_STATEMENT, line no: 66, 0.0017677669529663688, insert, 1.0, 1.5, 0.4444444444444444
"%d is the median\n",STRING_LITERAL, line no: 76,length,SIMPLE_NAME, line no: 50, 0.0017464246236801734, insert, 0.35294117647058826, 0.0, 0.1
scanner,SIMPLE_NAME, line no: 64,median_36d8008b_000,SIMPLE_NAME, line no: 48, 0.0017362116141849675, insert, 0.3355263157894737, 0.0, 0.10526315789473684
nextInt,SIMPLE_NAME, line no: 64,median_36d8008b_000,SIMPLE_NAME, line no: 48, 0.0017362116141849675, insert, 0.3355263157894737, 0.0, 0.10526315789473684
scanner,SIMPLE_NAME, line no: 65,median_36d8008b_000,SIMPLE_NAME, line no: 48, 0.0017362116141849675, insert, 0.3355263157894737, 0.0, 0.10526315789473684
nextInt,SIMPLE_NAME, line no: 65,median_36d8008b_000,SIMPLE_NAME, line no: 48, 0.0017362116141849675, insert, 0.3355263157894737, 0.0, 0.10526315789473684
scanner,SIMPLE_NAME, line no: 66,median_36d8008b_000,SIMPLE_NAME, line no: 48, 0.0017362116141849675, insert, 0.3355263157894737, 0.0, 0.10526315789473684
nextInt,SIMPLE_NAME, line no: 66,median_36d8008b_000,SIMPLE_NAME, line no: 48, 0.0017362116141849675, insert, 0.3355263157894737, 0.0, 0.10526315789473684
String,SIMPLE_NAME, line no: 63,median_36d8008b_000,SIMPLE_NAME, line no: 48, 0.001728447337960542, insert, 0.3333333333333333, 0.0, 0.10526315789473684
format,SIMPLE_NAME, line no: 63,median_36d8008b_000,SIMPLE_NAME, line no: 48, 0.001728447337960542, insert, 0.3333333333333333, 0.0, 0.10526315789473684
String,SIMPLE_NAME, line no: 76,median_36d8008b_000,SIMPLE_NAME, line no: 48, 0.001728447337960542, insert, 0.3333333333333333, 0.0, 0.10526315789473684
format,SIMPLE_NAME, line no: 76,median_36d8008b_000,SIMPLE_NAME, line no: 48, 0.001728447337960542, insert, 0.3333333333333333, 0.0, 0.10526315789473684
d.value,QUALIFIED_NAME, line no: 76,median_36d8008b_000,SIMPLE_NAME, line no: 48, 0.001728447337960542, insert, 0.3333333333333333, 0.0, 0.10526315789473684
"%d is the median\n",STRING_LITERAL, line no: 76,exec,SIMPLE_NAME, line no: 55, 0.0017237290470241606, insert, 0.3464052287581699, 0.0, 0.1
value,SIMPLE_NAME, line no: 76,d.value,QUALIFIED_NAME, line no: 69, 0.0017181298285677553, insert, 0.07142857142857142, 1.0, 0.7142857142857143
value,SIMPLE_NAME, line no: 76,a.value,QUALIFIED_NAME, line no: 64, 0.0017073239805893417, insert, 0.9805194805194806, 1.0, 0.7142857142857143
value,SIMPLE_NAME, line no: 76,b.value,QUALIFIED_NAME, line no: 65, 0.0017073239805893417, insert, 0.9805194805194806, 1.0, 0.7142857142857143
value,SIMPLE_NAME, line no: 76,c.value,QUALIFIED_NAME, line no: 66, 0.0017073239805893417, insert, 0.9805194805194806, 1.0, 0.7142857142857143
"Please enter 3 numbers separated by spaces > ",STRING_LITERAL, line no: 63,length,SIMPLE_NAME, line no: 50, 0.0016688492111314832, insert, 0.35294117647058826, 0.0, 0.0851063829787234
"Please enter 3 numbers separated by spaces > ",STRING_LITERAL, line no: 63,System,SIMPLE_NAME, line no: 53, 0.0016688492111314832, insert, 0.12418300653594772, 0.0, 0.0851063829787234
"Please enter 3 numbers separated by spaces > ",STRING_LITERAL, line no: 63,args,SIMPLE_NAME, line no: 50, 0.0015580271932047834, insert, 0.35294117647058826, 0.0, 0.06382978723404255
"Please enter 3 numbers separated by spaces > ",STRING_LITERAL, line no: 63,exec,SIMPLE_NAME, line no: 55, 0.0015353316165487704, insert, 0.3464052287581699, 0.0, 0.06382978723404255
"Please enter 3 numbers separated by spaces > ",STRING_LITERAL, line no: 63,println,SIMPLE_NAME, line no: 56, 0.0015353316165487704, insert, 0.3464052287581699, 0.0, 0.06382978723404255
value,SIMPLE_NAME, line no: 76,util,SIMPLE_NAME, line no: 44, 0.0014926910241434394, insert, 0.012987012987012988, 0.0, 0.2
"%d is the median\n",STRING_LITERAL, line no: 76,args,SIMPLE_NAME, line no: 50, 0.0014859928815524283, insert, 0.35294117647058826, 0.0, 0.05
"%d is the median\n",STRING_LITERAL, line no: 76,out,SIMPLE_NAME, line no: 56, 0.0014859928815524283, insert, 0.35294117647058826, 0.0, 0.05
d.value=c.value; ,EXPRESSION_STATEMENT, line no: 74,mainClass.exec(); ,EXPRESSION_STATEMENT, line no: 55, 0.0014849242404917499, insert, 0.9, 0.0, 0.3333333333333333
"Please enter 3 numbers separated by spaces > ",STRING_LITERAL, line no: 63,out,SIMPLE_NAME, line no: 56, 0.0014472051752780833, insert, 0.35294117647058826, 0.0, 0.0425531914893617
d,SIMPLE_NAME, line no: 76,median_36d8008b_000,SIMPLE_NAME, line no: 48, 0.0014466452205683358, insert, 0.33116883116883117, 0.0, 0.05263157894736842
value,SIMPLE_NAME, line no: 76,median_36d8008b_000,SIMPLE_NAME, line no: 48, 0.0014466452205683358, insert, 0.33116883116883117, 0.0, 0.05263157894736842
d.value=c.value; ,EXPRESSION_STATEMENT, line no: 74,output+=(String.format("%d is the median\n" d.value)); ,EXPRESSION_STATEMENT, line no: 76, 0.0013788582233137676, insert, 1.0, 1.5, 0.2
scanner,SIMPLE_NAME, line no: 64,c.value,QUALIFIED_NAME, line no: 66, 0.0013614657541749866, insert, 0.993421052631579, 0.0, 0.42857142857142855
scanner,SIMPLE_NAME, line no: 65,c.value,QUALIFIED_NAME, line no: 66, 0.0013614657541749866, insert, 0.993421052631579, 0.0, 0.42857142857142855
scanner,SIMPLE_NAME, line no: 66,c.value,QUALIFIED_NAME, line no: 66, 0.0013614657541749866, insert, 0.993421052631579, 0.0, 0.42857142857142855
output+=(String.format("Please enter 3 numbers separated by spaces > ")); ,EXPRESSION_STATEMENT, line no: 62,value=i; ,EXPRESSION_STATEMENT, line no: 7, 0.0013423835303734276, insert, 0.026845637583892617, 0.0, 0.08108108108108109
format,SIMPLE_NAME, line no: 63,java,SIMPLE_NAME, line no: 44, 0.0013220173402127369, insert, 0.013071895424836602, 0.0, 0.16666666666666666
format,SIMPLE_NAME, line no: 63,util,SIMPLE_NAME, line no: 44, 0.0013220173402127369, insert, 0.013071895424836602, 0.0, 0.16666666666666666
format,SIMPLE_NAME, line no: 76,java,SIMPLE_NAME, line no: 44, 0.0013220173402127369, insert, 0.013071895424836602, 0.0, 0.16666666666666666
format,SIMPLE_NAME, line no: 76,util,SIMPLE_NAME, line no: 44, 0.0013220173402127369, insert, 0.013071895424836602, 0.0, 0.16666666666666666
d.value=c.value; ,EXPRESSION_STATEMENT, line no: 74,System.out.println(mainClass.output); ,EXPRESSION_STATEMENT, line no: 56, 0.0012895394720059932, insert, 0.9, 0.0, 0.21052631578947367
d.value=c.value; ,EXPRESSION_STATEMENT, line no: 74,mainClass.scanner=new java.util.Scanner(args[0]); ,EXPRESSION_STATEMENT, line no: 51, 0.0012727922061357855, insert, 0.9, 0.0, 0.2
d.value=c.value; ,EXPRESSION_STATEMENT, line no: 74,mainClass.scanner=new java.util.Scanner(System.in); ,EXPRESSION_STATEMENT, line no: 53, 0.001260553819538326, insert, 0.9, 0.0, 0.19230769230769232
d.value=c.value; ,EXPRESSION_STATEMENT, line no: 74,output+=(String.format("Please enter 3 numbers separated by spaces > ")); ,EXPRESSION_STATEMENT, line no: 62, 0.0012541589869018157, insert, 1.0, 0.0, 0.12162162162162163
"%d is the median\n",STRING_LITERAL, line no: 76,Scanner,SIMPLE_NAME, line no: 44, 0.0012125111828474758, insert, 0.006535947712418301, 0.0, 0.15
scanner,SIMPLE_NAME, line no: 64,java,SIMPLE_NAME, line no: 44, 0.0012009884850001276, insert, 0.013157894736842105, 0.0, 0.14285714285714285
nextInt,SIMPLE_NAME, line no: 64,util,SIMPLE_NAME, line no: 44, 0.0012009884850001276, insert, 0.013157894736842105, 0.0, 0.14285714285714285
scanner,SIMPLE_NAME, line no: 65,java,SIMPLE_NAME, line no: 44, 0.0012009884850001276, insert, 0.013157894736842105, 0.0, 0.14285714285714285
nextInt,SIMPLE_NAME, line no: 65,util,SIMPLE_NAME, line no: 44, 0.0012009884850001276, insert, 0.013157894736842105, 0.0, 0.14285714285714285
scanner,SIMPLE_NAME, line no: 66,java,SIMPLE_NAME, line no: 44, 0.0012009884850001276, insert, 0.013157894736842105, 0.0, 0.14285714285714285
nextInt,SIMPLE_NAME, line no: 66,util,SIMPLE_NAME, line no: 44, 0.0012009884850001276, insert, 0.013157894736842105, 0.0, 0.14285714285714285
d.value,QUALIFIED_NAME, line no: 76,util,SIMPLE_NAME, line no: 44, 0.0011980022249138105, insert, 0.013071895424836602, 0.0, 0.14285714285714285
scanner,SIMPLE_NAME, line no: 64,d.value,QUALIFIED_NAME, line no: 69, 0.0011886432776254908, insert, 0.07236842105263158, 0.0, 0.2857142857142857
scanner,SIMPLE_NAME, line no: 65,d.value,QUALIFIED_NAME, line no: 69, 0.0011886432776254908, insert, 0.07236842105263158, 0.0, 0.2857142857142857
scanner,SIMPLE_NAME, line no: 66,d.value,QUALIFIED_NAME, line no: 69, 0.0011886432776254908, insert, 0.07236842105263158, 0.0, 0.2857142857142857
scanner,SIMPLE_NAME, line no: 64,a.value,QUALIFIED_NAME, line no: 64, 0.001183169262531163, insert, 0.993421052631579, 0.0, 0.2857142857142857
scanner,SIMPLE_NAME, line no: 64,b.value,QUALIFIED_NAME, line no: 65, 0.001183169262531163, insert, 0.993421052631579, 0.0, 0.2857142857142857
scanner,SIMPLE_NAME, line no: 65,a.value,QUALIFIED_NAME, line no: 64, 0.001183169262531163, insert, 0.993421052631579, 0.0, 0.2857142857142857
scanner,SIMPLE_NAME, line no: 65,b.value,QUALIFIED_NAME, line no: 65, 0.001183169262531163, insert, 0.993421052631579, 0.0, 0.2857142857142857
scanner,SIMPLE_NAME, line no: 66,a.value,QUALIFIED_NAME, line no: 64, 0.001183169262531163, insert, 0.993421052631579, 0.0, 0.2857142857142857
scanner,SIMPLE_NAME, line no: 66,b.value,QUALIFIED_NAME, line no: 65, 0.001183169262531163, insert, 0.993421052631579, 0.0, 0.2857142857142857
scanner,SIMPLE_NAME, line no: 64,in,SIMPLE_NAME, line no: 53, 0.0011781435953397994, insert, 0.125, 0.0, 0.14285714285714285
nextInt,SIMPLE_NAME, line no: 64,in,SIMPLE_NAME, line no: 53, 0.0011781435953397994, insert, 0.125, 0.0, 0.14285714285714285
scanner,SIMPLE_NAME, line no: 65,in,SIMPLE_NAME, line no: 53, 0.0011781435953397994, insert, 0.125, 0.0, 0.14285714285714285
nextInt,SIMPLE_NAME, line no: 65,in,SIMPLE_NAME, line no: 53, 0.0011781435953397994, insert, 0.125, 0.0, 0.14285714285714285
scanner,SIMPLE_NAME, line no: 66,in,SIMPLE_NAME, line no: 53, 0.0011781435953397994, insert, 0.125, 0.0, 0.14285714285714285
nextInt,SIMPLE_NAME, line no: 66,in,SIMPLE_NAME, line no: 53, 0.0011781435953397994, insert, 0.125, 0.0, 0.14285714285714285
format,SIMPLE_NAME, line no: 63,Scanner,SIMPLE_NAME, line no: 44, 0.0011753066482577978, insert, 0.006535947712418301, 0.0, 0.14285714285714285
format,SIMPLE_NAME, line no: 76,Scanner,SIMPLE_NAME, line no: 44, 0.0011753066482577978, insert, 0.006535947712418301, 0.0, 0.14285714285714285
d.value=c.value; ,EXPRESSION_STATEMENT, line no: 74,value=i; ,EXPRESSION_STATEMENT, line no: 7, 0.0011729653664388612, insert, 0.4, 0.3333333333333333, 0.47058823529411764
format,SIMPLE_NAME, line no: 63,d.value,QUALIFIED_NAME, line no: 69, 0.0010103467859816672, insert, 0.0718954248366013, 0.0, 0.14285714285714285
nextInt,SIMPLE_NAME, line no: 64,d.value,QUALIFIED_NAME, line no: 69, 0.0010103467859816672, insert, 0.07236842105263158, 0.0, 0.14285714285714285
nextInt,SIMPLE_NAME, line no: 65,d.value,QUALIFIED_NAME, line no: 69, 0.0010103467859816672, insert, 0.07236842105263158, 0.0, 0.14285714285714285
nextInt,SIMPLE_NAME, line no: 66,d.value,QUALIFIED_NAME, line no: 69, 0.0010103467859816672, insert, 0.07236842105263158, 0.0, 0.14285714285714285
format,SIMPLE_NAME, line no: 76,d.value,QUALIFIED_NAME, line no: 69, 0.0010103467859816672, insert, 0.0718954248366013, 0.0, 0.14285714285714285
a.value=scanner.nextInt(); ,EXPRESSION_STATEMENT, line no: 64,if (true) return; ,IF_STATEMENT, line no: 77, 0.001009554357129917, insert, 1.0, 0.0, 0.2962962962962963
b.value=scanner.nextInt(); ,EXPRESSION_STATEMENT, line no: 65,if (true) return; ,IF_STATEMENT, line no: 77, 0.001009554357129917, insert, 1.0, 0.0, 0.2962962962962963
c.value=scanner.nextInt(); ,EXPRESSION_STATEMENT, line no: 66,if (true) return; ,IF_STATEMENT, line no: 77, 0.001009554357129917, insert, 1.0, 0.0, 0.2962962962962963
d,SIMPLE_NAME, line no: 76,d.value,QUALIFIED_NAME, line no: 69, 0.0010049438619924606, insert, 0.07142857142857142, 1.0, 0.14285714285714285
nextInt,SIMPLE_NAME, line no: 64,a.value,QUALIFIED_NAME, line no: 64, 0.0010048727708873394, insert, 0.993421052631579, 0.0, 0.14285714285714285
nextInt,SIMPLE_NAME, line no: 64,b.value,QUALIFIED_NAME, line no: 65, 0.0010048727708873394, insert, 0.993421052631579, 0.0, 0.14285714285714285
nextInt,SIMPLE_NAME, line no: 64,c.value,QUALIFIED_NAME, line no: 66, 0.0010048727708873394, insert, 0.993421052631579, 0.0, 0.14285714285714285
nextInt,SIMPLE_NAME, line no: 65,a.value,QUALIFIED_NAME, line no: 64, 0.0010048727708873394, insert, 0.993421052631579, 0.0, 0.14285714285714285
nextInt,SIMPLE_NAME, line no: 65,b.value,QUALIFIED_NAME, line no: 65, 0.0010048727708873394, insert, 0.993421052631579, 0.0, 0.14285714285714285
nextInt,SIMPLE_NAME, line no: 65,c.value,QUALIFIED_NAME, line no: 66, 0.0010048727708873394, insert, 0.993421052631579, 0.0, 0.14285714285714285
nextInt,SIMPLE_NAME, line no: 66,a.value,QUALIFIED_NAME, line no: 64, 0.0010048727708873394, insert, 0.993421052631579, 0.0, 0.14285714285714285
nextInt,SIMPLE_NAME, line no: 66,b.value,QUALIFIED_NAME, line no: 65, 0.0010048727708873394, insert, 0.993421052631579, 0.0, 0.14285714285714285
nextInt,SIMPLE_NAME, line no: 66,c.value,QUALIFIED_NAME, line no: 66, 0.0010048727708873394, insert, 0.993421052631579, 0.0, 0.14285714285714285
String,SIMPLE_NAME, line no: 63,i,SIMPLE_NAME, line no: 7, 0.0010042792670285595, insert, 0.0392156862745098, 0.0, 0.16666666666666666
String,SIMPLE_NAME, line no: 76,i,SIMPLE_NAME, line no: 7, 0.0010042792670285595, insert, 0.0392156862745098, 0.0, 0.16666666666666666
format,SIMPLE_NAME, line no: 63,a.value,QUALIFIED_NAME, line no: 64, 9.994703115458784E-4, insert, 0.9869281045751634, 0.0, 0.14285714285714285
format,SIMPLE_NAME, line no: 63,b.value,QUALIFIED_NAME, line no: 65, 9.994703115458784E-4, insert, 0.9869281045751634, 0.0, 0.14285714285714285
format,SIMPLE_NAME, line no: 63,c.value,QUALIFIED_NAME, line no: 66, 9.994703115458784E-4, insert, 0.9869281045751634, 0.0, 0.14285714285714285
format,SIMPLE_NAME, line no: 76,a.value,QUALIFIED_NAME, line no: 64, 9.994703115458784E-4, insert, 0.9869281045751634, 0.0, 0.14285714285714285
format,SIMPLE_NAME, line no: 76,b.value,QUALIFIED_NAME, line no: 65, 9.994703115458784E-4, insert, 0.9869281045751634, 0.0, 0.14285714285714285
format,SIMPLE_NAME, line no: 76,c.value,QUALIFIED_NAME, line no: 66, 9.994703115458784E-4, insert, 0.9869281045751634, 0.0, 0.14285714285714285
"Please enter 3 numbers separated by spaces > ",STRING_LITERAL, line no: 63,Scanner,SIMPLE_NAME, line no: 44, 9.853260460977406E-4, insert, 0.006535947712418301, 0.0, 0.10638297872340426
"%d is the median\n",STRING_LITERAL, line no: 76,util,SIMPLE_NAME, line no: 44, 9.747750173757432E-4, insert, 0.013071895424836602, 0.0, 0.1
"%d is the median\n",STRING_LITERAL, line no: 76,d.value,QUALIFIED_NAME, line no: 69, 9.568578384885202E-4, insert, 0.0718954248366013, 0.0, 0.1
"%d is the median\n",STRING_LITERAL, line no: 76,in,SIMPLE_NAME, line no: 53, 9.520794407197306E-4, insert, 0.12418300653594772, 0.0, 0.1
"Please enter 3 numbers separated by spaces > ",STRING_LITERAL, line no: 63,d.value,QUALIFIED_NAME, line no: 69, 9.117146842212543E-4, insert, 0.0718954248366013, 0.0, 0.06382978723404255
output+=(String.format("Please enter 3 numbers separated by spaces > ")); ,EXPRESSION_STATEMENT, line no: 62,if (b.value > a.value && b.value < c.value || b.value < a.value && b.value > c.value) {   d.value=b.value; }  else {   d.value=c.value; } ,IF_STATEMENT, line no: 70, 9.116377137962461E-4, insert, 1.0, 0.0, 0.2028985507246377
"Please enter 3 numbers separated by spaces > ",STRING_LITERAL, line no: 63,a.value,QUALIFIED_NAME, line no: 64, 9.008382097854655E-4, insert, 0.9869281045751634, 0.0, 0.06382978723404255
"Please enter 3 numbers separated by spaces > ",STRING_LITERAL, line no: 63,b.value,QUALIFIED_NAME, line no: 65, 9.008382097854655E-4, insert, 0.9869281045751634, 0.0, 0.06382978723404255
"Please enter 3 numbers separated by spaces > ",STRING_LITERAL, line no: 63,c.value,QUALIFIED_NAME, line no: 66, 9.008382097854655E-4, insert, 0.9869281045751634, 0.0, 0.06382978723404255
output+=(String.format("%d is the median\n" d.value)); ,EXPRESSION_STATEMENT, line no: 76,if (true) return; ,IF_STATEMENT, line no: 77, 8.89537405583004E-4, insert, 1.0, 0.0, 0.18181818181818182
"%d is the median\n",STRING_LITERAL, line no: 76,a.value,QUALIFIED_NAME, line no: 64, 8.835775919773933E-4, insert, 0.9869281045751634, 0.0, 0.05
"%d is the median\n",STRING_LITERAL, line no: 76,b.value,QUALIFIED_NAME, line no: 65, 8.835775919773933E-4, insert, 0.9869281045751634, 0.0, 0.05
"%d is the median\n",STRING_LITERAL, line no: 76,c.value,QUALIFIED_NAME, line no: 66, 8.835775919773933E-4, insert, 0.9869281045751634, 0.0, 0.05
output+=(String.format("Please enter 3 numbers separated by spaces > ")); ,EXPRESSION_STATEMENT, line no: 62,if (true) return; ,IF_STATEMENT, line no: 77, 8.689303614382238E-4, insert, 1.0, 0.0, 0.16216216216216217
output+=(String.format("%d is the median\n" d.value)); ,EXPRESSION_STATEMENT, line no: 76,if (b.value > a.value && b.value < c.value || b.value < a.value && b.value > c.value) {   d.value=b.value; }  else {   d.value=c.value; } ,IF_STATEMENT, line no: 70, 8.508618662098297E-4, insert, 1.0, 1.6666666666666665, 0.14492753623188406
output+=(String.format("Please enter 3 numbers separated by spaces > ")); ,EXPRESSION_STATEMENT, line no: 62,if (a.value < b.value && a.value > c.value || a.value > b.value && a.value < c.value) {   d.value=a.value; }  else if (b.value > a.value && b.value < c.value || b.value < a.value && b.value > c.value) {   d.value=b.value; }  else {   d.value=c.value; } ,IF_STATEMENT, line no: 67, 8.315240965232428E-4, insert, 1.0, 0.0, 0.12648221343873517
value,SIMPLE_NAME, line no: 76,true,BOOLEAN_LITERAL, line no: 77, 8.173399332898968E-4, insert, 0.9675324675324676, 0.0, 0.4
a.value=scanner.nextInt(); ,EXPRESSION_STATEMENT, line no: 64,if (b.value > a.value && b.value < c.value || b.value < a.value && b.value > c.value) {   d.value=b.value; }  else {   d.value=c.value; } ,IF_STATEMENT, line no: 70, 8.128769614683196E-4, insert, 1.0, 1.6666666666666665, 0.10869565217391304
b.value=scanner.nextInt(); ,EXPRESSION_STATEMENT, line no: 65,if (b.value > a.value && b.value < c.value || b.value < a.value && b.value > c.value) {   d.value=b.value; }  else {   d.value=c.value; } ,IF_STATEMENT, line no: 70, 8.128769614683196E-4, insert, 1.0, 1.6666666666666665, 0.10869565217391304
c.value=scanner.nextInt(); ,EXPRESSION_STATEMENT, line no: 66,if (b.value > a.value && b.value < c.value || b.value < a.value && b.value > c.value) {   d.value=b.value; }  else {   d.value=c.value; } ,IF_STATEMENT, line no: 70, 8.128769614683196E-4, insert, 1.0, 1.6666666666666665, 0.10869565217391304
output+=(String.format("%d is the median\n" d.value)); ,EXPRESSION_STATEMENT, line no: 76,if (a.value < b.value && a.value > c.value || a.value > b.value && a.value < c.value) {   d.value=a.value; }  else if (b.value > a.value && b.value < c.value || b.value < a.value && b.value > c.value) {   d.value=b.value; }  else {   d.value=c.value; } ,IF_STATEMENT, line no: 67, 7.900860186234133E-4, insert, 1.0, 1.6666666666666665, 0.08695652173913043
a.value=scanner.nextInt(); ,EXPRESSION_STATEMENT, line no: 64,if (a.value < b.value && a.value > c.value || a.value > b.value && a.value < c.value) {   d.value=a.value; }  else if (b.value > a.value && b.value < c.value || b.value < a.value && b.value > c.value) {   d.value=b.value; }  else {   d.value=c.value; } ,IF_STATEMENT, line no: 67, 7.693669796734986E-4, insert, 1.0, 1.6666666666666665, 0.06719367588932806
b.value=scanner.nextInt(); ,EXPRESSION_STATEMENT, line no: 65,if (a.value < b.value && a.value > c.value || a.value > b.value && a.value < c.value) {   d.value=a.value; }  else if (b.value > a.value && b.value < c.value || b.value < a.value && b.value > c.value) {   d.value=b.value; }  else {   d.value=c.value; } ,IF_STATEMENT, line no: 67, 7.693669796734986E-4, insert, 1.0, 1.6666666666666665, 0.06719367588932806
c.value=scanner.nextInt(); ,EXPRESSION_STATEMENT, line no: 66,if (a.value < b.value && a.value > c.value || a.value > b.value && a.value < c.value) {   d.value=a.value; }  else if (b.value > a.value && b.value < c.value || b.value < a.value && b.value > c.value) {   d.value=b.value; }  else {   d.value=c.value; } ,IF_STATEMENT, line no: 67, 7.693669796734986E-4, insert, 1.0, 1.6666666666666665, 0.06719367588932806
String,SIMPLE_NAME, line no: 63,true,BOOLEAN_LITERAL, line no: 77, 7.684954287180512E-4, insert, 0.9738562091503268, 0.0, 0.3333333333333333
String,SIMPLE_NAME, line no: 76,true,BOOLEAN_LITERAL, line no: 77, 7.684954287180512E-4, insert, 0.9738562091503268, 0.0, 0.3333333333333333
d.value,QUALIFIED_NAME, line no: 76,true,BOOLEAN_LITERAL, line no: 77, 7.312512726857858E-4, insert, 0.9738562091503268, 0.0, 0.2857142857142857
"%d is the median\n",STRING_LITERAL, line no: 76,java,SIMPLE_NAME, line no: 44, 7.143432752479981E-4, insert, 0.013071895424836602, 0.0, 0.05
"Please enter 3 numbers separated by spaces > ",STRING_LITERAL, line no: 63,java,SIMPLE_NAME, line no: 44, 6.75555568973653E-4, insert, 0.013071895424836602, 0.0, 0.0425531914893617
"Please enter 3 numbers separated by spaces > ",STRING_LITERAL, line no: 63,util,SIMPLE_NAME, line no: 44, 6.75555568973653E-4, insert, 0.013071895424836602, 0.0, 0.0425531914893617
String,SIMPLE_NAME, line no: 63,System.in,QUALIFIED_NAME, line no: 53, 6.525884661473284E-4, insert, 0.11764705882352941, 0.0, 0.4444444444444444
String,SIMPLE_NAME, line no: 76,System.in,QUALIFIED_NAME, line no: 53, 6.525884661473284E-4, insert, 0.11764705882352941, 0.0, 0.4444444444444444
format,SIMPLE_NAME, line no: 63,true,BOOLEAN_LITERAL, line no: 77, 6.381408826051223E-4, insert, 0.9738562091503268, 0.0, 0.16666666666666666
format,SIMPLE_NAME, line no: 76,true,BOOLEAN_LITERAL, line no: 77, 6.381408826051223E-4, insert, 0.9738562091503268, 0.0, 0.16666666666666666
nextInt,SIMPLE_NAME, line no: 64,args.length,QUALIFIED_NAME, line no: 50, 6.305070113194066E-4, insert, 0.34868421052631576, 0.0, 0.2727272727272727
nextInt,SIMPLE_NAME, line no: 65,args.length,QUALIFIED_NAME, line no: 50, 6.305070113194066E-4, insert, 0.34868421052631576, 0.0, 0.2727272727272727
nextInt,SIMPLE_NAME, line no: 66,args.length,QUALIFIED_NAME, line no: 50, 6.305070113194066E-4, insert, 0.34868421052631576, 0.0, 0.2727272727272727
String,SIMPLE_NAME, line no: 63,args.length,QUALIFIED_NAME, line no: 50, 6.286107838684303E-4, insert, 0.3464052287581699, 0.0, 0.2727272727272727
String,SIMPLE_NAME, line no: 76,args.length,QUALIFIED_NAME, line no: 50, 6.286107838684303E-4, insert, 0.3464052287581699, 0.0, 0.2727272727272727
d.value,QUALIFIED_NAME, line no: 76,args.length,QUALIFIED_NAME, line no: 50, 6.286107838684303E-4, insert, 0.3464052287581699, 0.0, 0.2727272727272727
value,SIMPLE_NAME, line no: 76,args.length,QUALIFIED_NAME, line no: 50, 6.267391827479861E-4, insert, 0.34415584415584416, 0.0, 0.2727272727272727
scanner,SIMPLE_NAME, line no: 64,true,BOOLEAN_LITERAL, line no: 77, 6.228595041711751E-4, insert, 0.9802631578947368, 0.0, 0.14285714285714285
nextInt,SIMPLE_NAME, line no: 64,true,BOOLEAN_LITERAL, line no: 77, 6.228595041711751E-4, insert, 0.9802631578947368, 0.0, 0.14285714285714285
scanner,SIMPLE_NAME, line no: 65,true,BOOLEAN_LITERAL, line no: 77, 6.228595041711751E-4, insert, 0.9802631578947368, 0.0, 0.14285714285714285
nextInt,SIMPLE_NAME, line no: 65,true,BOOLEAN_LITERAL, line no: 77, 6.228595041711751E-4, insert, 0.9802631578947368, 0.0, 0.14285714285714285
scanner,SIMPLE_NAME, line no: 66,true,BOOLEAN_LITERAL, line no: 77, 6.228595041711751E-4, insert, 0.9802631578947368, 0.0, 0.14285714285714285
nextInt,SIMPLE_NAME, line no: 66,true,BOOLEAN_LITERAL, line no: 77, 6.228595041711751E-4, insert, 0.9802631578947368, 0.0, 0.14285714285714285
scanner,SIMPLE_NAME, line no: 64,mainClass.scanner,QUALIFIED_NAME, line no: 51, 6.069716736945956E-4, insert, 0.09868421052631579, 1.0, 0.4117647058823529
scanner,SIMPLE_NAME, line no: 65,mainClass.scanner,QUALIFIED_NAME, line no: 51, 6.069716736945956E-4, insert, 0.09868421052631579, 1.0, 0.4117647058823529
scanner,SIMPLE_NAME, line no: 66,mainClass.scanner,QUALIFIED_NAME, line no: 51, 6.069716736945956E-4, insert, 0.09868421052631579, 1.0, 0.4117647058823529
"%d is the median\n",STRING_LITERAL, line no: 76,true,BOOLEAN_LITERAL, line no: 77, 5.859990641599507E-4, insert, 0.9738562091503268, 0.0, 0.1
"Please enter 3 numbers separated by spaces > ",STRING_LITERAL, line no: 63,true,BOOLEAN_LITERAL, line no: 77, 5.743503600392209E-4, insert, 0.9738562091503268, 0.0, 0.0851063829787234
"Please enter 3 numbers separated by spaces > ",STRING_LITERAL, line no: 63,in,SIMPLE_NAME, line no: 53, 5.420379743909403E-4, insert, 0.12418300653594772, 0.0, 0.02127659574468085
scanner,SIMPLE_NAME, line no: 64,System.out,QUALIFIED_NAME, line no: 56, 5.397378883007328E-4, insert, 0.34868421052631576, 0.0, 0.2
nextInt,SIMPLE_NAME, line no: 64,System.out,QUALIFIED_NAME, line no: 56, 5.397378883007328E-4, insert, 0.34868421052631576, 0.0, 0.2
scanner,SIMPLE_NAME, line no: 65,System.out,QUALIFIED_NAME, line no: 56, 5.397378883007328E-4, insert, 0.34868421052631576, 0.0, 0.2
nextInt,SIMPLE_NAME, line no: 65,System.out,QUALIFIED_NAME, line no: 56, 5.397378883007328E-4, insert, 0.34868421052631576, 0.0, 0.2
scanner,SIMPLE_NAME, line no: 66,System.out,QUALIFIED_NAME, line no: 56, 5.397378883007328E-4, insert, 0.34868421052631576, 0.0, 0.2
nextInt,SIMPLE_NAME, line no: 66,System.out,QUALIFIED_NAME, line no: 56, 5.397378883007328E-4, insert, 0.34868421052631576, 0.0, 0.2
scanner,SIMPLE_NAME, line no: 64,java.util.Scanner,QUALIFIED_NAME, line no: 51, 5.390294863473492E-4, insert, 0.10526315789473684, 0.0, 0.35294117647058826
scanner,SIMPLE_NAME, line no: 65,java.util.Scanner,QUALIFIED_NAME, line no: 51, 5.390294863473492E-4, insert, 0.10526315789473684, 0.0, 0.35294117647058826
scanner,SIMPLE_NAME, line no: 66,java.util.Scanner,QUALIFIED_NAME, line no: 51, 5.390294863473492E-4, insert, 0.10526315789473684, 0.0, 0.35294117647058826
String,SIMPLE_NAME, line no: 63,System.out,QUALIFIED_NAME, line no: 56, 5.378416608497565E-4, insert, 0.3464052287581699, 0.0, 0.2
format,SIMPLE_NAME, line no: 63,System.out,QUALIFIED_NAME, line no: 56, 5.378416608497565E-4, insert, 0.3464052287581699, 0.0, 0.2
String,SIMPLE_NAME, line no: 76,System.out,QUALIFIED_NAME, line no: 56, 5.378416608497565E-4, insert, 0.3464052287581699, 0.0, 0.2
format,SIMPLE_NAME, line no: 76,System.out,QUALIFIED_NAME, line no: 56, 5.378416608497565E-4, insert, 0.3464052287581699, 0.0, 0.2
"%d is the median\n",STRING_LITERAL, line no: 76,System.out,QUALIFIED_NAME, line no: 56, 5.378416608497565E-4, insert, 0.3464052287581699, 0.0, 0.2
d.value,QUALIFIED_NAME, line no: 76,System.out,QUALIFIED_NAME, line no: 56, 5.378416608497565E-4, insert, 0.3464052287581699, 0.0, 0.2
nextInt,SIMPLE_NAME, line no: 64,mainClass.output,QUALIFIED_NAME, line no: 56, 5.241369452818981E-4, insert, 0.34868421052631576, 0.0, 0.1875
nextInt,SIMPLE_NAME, line no: 65,mainClass.output,QUALIFIED_NAME, line no: 56, 5.241369452818981E-4, insert, 0.34868421052631576, 0.0, 0.1875
nextInt,SIMPLE_NAME, line no: 66,mainClass.output,QUALIFIED_NAME, line no: 56, 5.241369452818981E-4, insert, 0.34868421052631576, 0.0, 0.1875
format,SIMPLE_NAME, line no: 63,mainClass.output,QUALIFIED_NAME, line no: 56, 5.222407178309219E-4, insert, 0.3464052287581699, 0.0, 0.1875
format,SIMPLE_NAME, line no: 76,mainClass.output,QUALIFIED_NAME, line no: 56, 5.222407178309219E-4, insert, 0.3464052287581699, 0.0, 0.1875
d.value,QUALIFIED_NAME, line no: 76,mainClass.output,QUALIFIED_NAME, line no: 56, 5.222407178309219E-4, insert, 0.3464052287581699, 0.0, 0.1875
value,SIMPLE_NAME, line no: 76,mainClass.output,QUALIFIED_NAME, line no: 56, 5.203691167104777E-4, insert, 0.34415584415584416, 0.0, 0.1875
d.value,QUALIFIED_NAME, line no: 76,java.util,QUALIFIED_NAME, line no: 44, 5.193516543089155E-4, insert, 0.006535947712418301, 0.0, 0.3333333333333333
value,SIMPLE_NAME, line no: 76,java.util,QUALIFIED_NAME, line no: 44, 5.186807029638505E-4, insert, 0.006493506493506494, 0.0, 0.3333333333333333
scanner,SIMPLE_NAME, line no: 64,args.length,QUALIFIED_NAME, line no: 50, 5.170456075460643E-4, insert, 0.34868421052631576, 0.0, 0.18181818181818182
scanner,SIMPLE_NAME, line no: 65,args.length,QUALIFIED_NAME, line no: 50, 5.170456075460643E-4, insert, 0.34868421052631576, 0.0, 0.18181818181818182
scanner,SIMPLE_NAME, line no: 66,args.length,QUALIFIED_NAME, line no: 50, 5.170456075460643E-4, insert, 0.34868421052631576, 0.0, 0.18181818181818182
format,SIMPLE_NAME, line no: 63,args.length,QUALIFIED_NAME, line no: 50, 5.15149380095088E-4, insert, 0.3464052287581699, 0.0, 0.18181818181818182
format,SIMPLE_NAME, line no: 76,args.length,QUALIFIED_NAME, line no: 50, 5.15149380095088E-4, insert, 0.3464052287581699, 0.0, 0.18181818181818182
"%d is the median\n",STRING_LITERAL, line no: 76,args.length,QUALIFIED_NAME, line no: 50, 4.754378887744182E-4, insert, 0.3464052287581699, 0.0, 0.15
"%d is the median\n",STRING_LITERAL, line no: 76,mainClass.output,QUALIFIED_NAME, line no: 56, 4.754378887744182E-4, insert, 0.3464052287581699, 0.0, 0.15
"%d is the median\n",STRING_LITERAL, line no: 76,System.in,QUALIFIED_NAME, line no: 53, 4.723109023741289E-4, insert, 0.11764705882352941, 0.0, 0.3
output+=(String.format("Please enter 3 numbers separated by spaces > ")); ,EXPRESSION_STATEMENT, line no: 62,if (args.length > 0) {   mainClass.scanner=new java.util.Scanner(args[0]); }  else {   mainClass.scanner=new java.util.Scanner(System.in); } ,IF_STATEMENT, line no: 50, 4.6972405492687303E-4, insert, 0.3422818791946309, 0.0, 0.2198581560283688
"Please enter 3 numbers separated by spaces > ",STRING_LITERAL, line no: 63,mainClass.output,QUALIFIED_NAME, line no: 56, 4.475553523152245E-4, insert, 0.3464052287581699, 0.0, 0.1276595744680851
scanner,SIMPLE_NAME, line no: 64,mainClass.output,QUALIFIED_NAME, line no: 56, 4.461322301877254E-4, insert, 0.34868421052631576, 0.0, 0.125
scanner,SIMPLE_NAME, line no: 65,mainClass.output,QUALIFIED_NAME, line no: 56, 4.461322301877254E-4, insert, 0.34868421052631576, 0.0, 0.125
scanner,SIMPLE_NAME, line no: 66,mainClass.output,QUALIFIED_NAME, line no: 56, 4.461322301877254E-4, insert, 0.34868421052631576, 0.0, 0.125
String,SIMPLE_NAME, line no: 63,mainClass.output,QUALIFIED_NAME, line no: 56, 4.4423600273674907E-4, insert, 0.3464052287581699, 0.0, 0.125
String,SIMPLE_NAME, line no: 76,mainClass.output,QUALIFIED_NAME, line no: 56, 4.4423600273674907E-4, insert, 0.3464052287581699, 0.0, 0.125
output+=(String.format("%d is the median\n" d.value)); ,EXPRESSION_STATEMENT, line no: 76,if (args.length > 0) {   mainClass.scanner=new java.util.Scanner(args[0]); }  else {   mainClass.scanner=new java.util.Scanner(System.in); } ,IF_STATEMENT, line no: 50, 4.251119965921631E-4, insert, 0.3422818791946309, 0.0, 0.1773049645390071
"Please enter 3 numbers separated by spaces > ",STRING_LITERAL, line no: 63,args.length,QUALIFIED_NAME, line no: 50, 4.210005556874209E-4, insert, 0.3464052287581699, 0.0, 0.10638297872340426
"Please enter 3 numbers separated by spaces > ",STRING_LITERAL, line no: 63,System.out,QUALIFIED_NAME, line no: 56, 4.210005556874209E-4, insert, 0.3464052287581699, 0.0, 0.10638297872340426
value,SIMPLE_NAME, line no: 76,System.out,QUALIFIED_NAME, line no: 56, 4.1116251557863574E-4, insert, 0.34415584415584416, 0.0, 0.1
"%d is the median\n",STRING_LITERAL, line no: 76,java.util.Scanner,QUALIFIED_NAME, line no: 51, 4.0990713029879063E-4, insert, 0.10457516339869281, 0.0, 0.25
"%d is the median\n",STRING_LITERAL, line no: 76,mainClass.scanner,QUALIFIED_NAME, line no: 51, 4.0446889308089624E-4, insert, 0.09803921568627451, 0.0, 0.25
"%d is the median\n",STRING_LITERAL, line no: 76,i,SIMPLE_NAME, line no: 7, 3.96605202063821E-4, insert, 0.0392156862745098, 0.0, 0.05
a.value=scanner.nextInt(); ,EXPRESSION_STATEMENT, line no: 64,if (args.length > 0) {   mainClass.scanner=new java.util.Scanner(args[0]); }  else {   mainClass.scanner=new java.util.Scanner(System.in); } ,IF_STATEMENT, line no: 50, 3.9537062436902315E-4, insert, 0.3422818791946309, 0.5, 0.14893617021276595
d.value,QUALIFIED_NAME, line no: 76,java.util.Scanner,QUALIFIED_NAME, line no: 51, 3.91553079688397E-4, insert, 0.10457516339869281, 0.0, 0.23529411764705882
value,SIMPLE_NAME, line no: 76,java.util.Scanner,QUALIFIED_NAME, line no: 51, 3.909174415720198E-4, insert, 0.1038961038961039, 0.0, 0.23529411764705882
b.value=scanner.nextInt(); ,EXPRESSION_STATEMENT, line no: 65,if (args.length > 0) {   mainClass.scanner=new java.util.Scanner(args[0]); }  else {   mainClass.scanner=new java.util.Scanner(System.in); } ,IF_STATEMENT, line no: 50, 3.879352813132381E-4, insert, 0.3422818791946309, 0.5, 0.14184397163120568
c.value=scanner.nextInt(); ,EXPRESSION_STATEMENT, line no: 66,if (args.length > 0) {   mainClass.scanner=new java.util.Scanner(args[0]); }  else {   mainClass.scanner=new java.util.Scanner(System.in); } ,IF_STATEMENT, line no: 50, 3.879352813132381E-4, insert, 0.3422818791946309, 0.5, 0.14184397163120568
String,SIMPLE_NAME, line no: 63,java.util,QUALIFIED_NAME, line no: 44, 3.806766052526082E-4, insert, 0.006535947712418301, 0.0, 0.2222222222222222
format,SIMPLE_NAME, line no: 63,java.util,QUALIFIED_NAME, line no: 44, 3.806766052526082E-4, insert, 0.006535947712418301, 0.0, 0.2222222222222222
String,SIMPLE_NAME, line no: 76,java.util,QUALIFIED_NAME, line no: 44, 3.806766052526082E-4, insert, 0.006535947712418301, 0.0, 0.2222222222222222
format,SIMPLE_NAME, line no: 76,java.util,QUALIFIED_NAME, line no: 44, 3.806766052526082E-4, insert, 0.006535947712418301, 0.0, 0.2222222222222222
scanner,SIMPLE_NAME, line no: 64,System.in,QUALIFIED_NAME, line no: 53, 3.758823698105171E-4, insert, 0.11842105263157894, 0.0, 0.2222222222222222
nextInt,SIMPLE_NAME, line no: 64,System.in,QUALIFIED_NAME, line no: 53, 3.758823698105171E-4, insert, 0.11842105263157894, 0.0, 0.2222222222222222
scanner,SIMPLE_NAME, line no: 65,System.in,QUALIFIED_NAME, line no: 53, 3.758823698105171E-4, insert, 0.11842105263157894, 0.0, 0.2222222222222222
nextInt,SIMPLE_NAME, line no: 65,System.in,QUALIFIED_NAME, line no: 53, 3.758823698105171E-4, insert, 0.11842105263157894, 0.0, 0.2222222222222222
scanner,SIMPLE_NAME, line no: 66,System.in,QUALIFIED_NAME, line no: 53, 3.758823698105171E-4, insert, 0.11842105263157894, 0.0, 0.2222222222222222
nextInt,SIMPLE_NAME, line no: 66,System.in,QUALIFIED_NAME, line no: 53, 3.758823698105171E-4, insert, 0.11842105263157894, 0.0, 0.2222222222222222
String,SIMPLE_NAME, line no: 63,java.util.Scanner,QUALIFIED_NAME, line no: 51, 3.181368772468226E-4, insert, 0.10457516339869281, 0.0, 0.17647058823529413
String,SIMPLE_NAME, line no: 76,java.util.Scanner,QUALIFIED_NAME, line no: 51, 3.181368772468226E-4, insert, 0.10457516339869281, 0.0, 0.17647058823529413
d.value,QUALIFIED_NAME, line no: 76,mainClass.scanner,QUALIFIED_NAME, line no: 51, 3.1269864002892816E-4, insert, 0.09803921568627451, 0.0, 0.17647058823529413
value,SIMPLE_NAME, line no: 76,mainClass.scanner,QUALIFIED_NAME, line no: 51, 3.1209831514123854E-4, insert, 0.09740259740259741, 0.0, 0.17647058823529413
"Please enter 3 numbers separated by spaces > ",STRING_LITERAL, line no: 63,mainClass.scanner,QUALIFIED_NAME, line no: 51, 2.783336090988295E-4, insert, 0.09803921568627451, 0.0, 0.14893617021276595
"Please enter 3 numbers separated by spaces > ",STRING_LITERAL, line no: 63,java.util.Scanner,QUALIFIED_NAME, line no: 51, 2.5721704968892036E-4, insert, 0.10457516339869281, 0.0, 0.1276595744680851
nextInt,SIMPLE_NAME, line no: 64,java.util.Scanner,QUALIFIED_NAME, line no: 51, 2.453646765810514E-4, insert, 0.10526315789473684, 0.0, 0.11764705882352941
nextInt,SIMPLE_NAME, line no: 65,java.util.Scanner,QUALIFIED_NAME, line no: 51, 2.453646765810514E-4, insert, 0.10526315789473684, 0.0, 0.11764705882352941
nextInt,SIMPLE_NAME, line no: 66,java.util.Scanner,QUALIFIED_NAME, line no: 51, 2.453646765810514E-4, insert, 0.10526315789473684, 0.0, 0.11764705882352941
format,SIMPLE_NAME, line no: 63,java.util.Scanner,QUALIFIED_NAME, line no: 51, 2.447206748052481E-4, insert, 0.10457516339869281, 0.0, 0.11764705882352941
format,SIMPLE_NAME, line no: 76,java.util.Scanner,QUALIFIED_NAME, line no: 51, 2.447206748052481E-4, insert, 0.10457516339869281, 0.0, 0.11764705882352941
scanner,SIMPLE_NAME, line no: 64,java.util,QUALIFIED_NAME, line no: 44, 2.4268133584853774E-4, insert, 0.006578947368421052, 0.0, 0.1111111111111111
nextInt,SIMPLE_NAME, line no: 64,java.util,QUALIFIED_NAME, line no: 44, 2.4268133584853774E-4, insert, 0.006578947368421052, 0.0, 0.1111111111111111
scanner,SIMPLE_NAME, line no: 65,java.util,QUALIFIED_NAME, line no: 44, 2.4268133584853774E-4, insert, 0.006578947368421052, 0.0, 0.1111111111111111
nextInt,SIMPLE_NAME, line no: 65,java.util,QUALIFIED_NAME, line no: 44, 2.4268133584853774E-4, insert, 0.006578947368421052, 0.0, 0.1111111111111111
scanner,SIMPLE_NAME, line no: 66,java.util,QUALIFIED_NAME, line no: 44, 2.4268133584853774E-4, insert, 0.006578947368421052, 0.0, 0.1111111111111111
nextInt,SIMPLE_NAME, line no: 66,java.util,QUALIFIED_NAME, line no: 44, 2.4268133584853774E-4, insert, 0.006578947368421052, 0.0, 0.1111111111111111
nextInt,SIMPLE_NAME, line no: 64,mainClass.scanner,QUALIFIED_NAME, line no: 51, 2.398906614867235E-4, insert, 0.09868421052631579, 0.0, 0.11764705882352941
nextInt,SIMPLE_NAME, line no: 65,mainClass.scanner,QUALIFIED_NAME, line no: 51, 2.398906614867235E-4, insert, 0.09868421052631579, 0.0, 0.11764705882352941
nextInt,SIMPLE_NAME, line no: 66,mainClass.scanner,QUALIFIED_NAME, line no: 51, 2.398906614867235E-4, insert, 0.09868421052631579, 0.0, 0.11764705882352941
String,SIMPLE_NAME, line no: 63,mainClass.scanner,QUALIFIED_NAME, line no: 51, 2.3928243758735375E-4, insert, 0.09803921568627451, 0.0, 0.11764705882352941
format,SIMPLE_NAME, line no: 63,mainClass.scanner,QUALIFIED_NAME, line no: 51, 2.3928243758735375E-4, insert, 0.09803921568627451, 0.0, 0.11764705882352941
String,SIMPLE_NAME, line no: 76,mainClass.scanner,QUALIFIED_NAME, line no: 51, 2.3928243758735375E-4, insert, 0.09803921568627451, 0.0, 0.11764705882352941
format,SIMPLE_NAME, line no: 76,mainClass.scanner,QUALIFIED_NAME, line no: 51, 2.3928243758735375E-4, insert, 0.09803921568627451, 0.0, 0.11764705882352941
format,SIMPLE_NAME, line no: 63,System.in,QUALIFIED_NAME, line no: 53, 2.3656331897840653E-4, insert, 0.11764705882352941, 0.0, 0.1111111111111111
format,SIMPLE_NAME, line no: 76,System.in,QUALIFIED_NAME, line no: 53, 2.3656331897840653E-4, insert, 0.11764705882352941, 0.0, 0.1111111111111111
d.value,QUALIFIED_NAME, line no: 76,System.in,QUALIFIED_NAME, line no: 53, 2.3656331897840653E-4, insert, 0.11764705882352941, 0.0, 0.1111111111111111
value,SIMPLE_NAME, line no: 76,System.in,QUALIFIED_NAME, line no: 53, 2.3592768086202925E-4, insert, 0.11688311688311688, 0.0, 0.1111111111111111
"%d is the median\n",STRING_LITERAL, line no: 76,java.util,QUALIFIED_NAME, line no: 44, 2.281340512906702E-4, insert, 0.006535947712418301, 0.0, 0.1
"Please enter 3 numbers separated by spaces > ",STRING_LITERAL, line no: 63,System.in,QUALIFIED_NAME, line no: 53, 2.0410745643331332E-4, insert, 0.11764705882352941, 0.0, 0.0851063829787234
"Please enter 3 numbers separated by spaces > ",STRING_LITERAL, line no: 63,java.util,QUALIFIED_NAME, line no: 44, 1.8299089702340419E-4, insert, 0.006535947712418301, 0.0, 0.06382978723404255
