output+=(String.format("\n")); ,EXPRESSION_STATEMENT, line no: 62,output+=(String.format("\n")); ,EXPRESSION_STATEMENT, line no: 62, 0.024298605355497715, insert, 1.0, 1.0, 1.0
output+=(String.format("Enter an integer > ")); ,EXPRESSION_STATEMENT, line no: 63,output+=(String.format("Enter an integer > ")); ,EXPRESSION_STATEMENT, line no: 63, 0.024298605355497715, insert, 1.0, 1.0, 1.0
integer.value=scanner.nextInt(); ,EXPRESSION_STATEMENT, line no: 64,integer.value=scanner.nextInt(); ,EXPRESSION_STATEMENT, line no: 64, 0.024298605355497715, insert, 1.0, 3.0, 1.0
output+=(String.format("\n")); ,EXPRESSION_STATEMENT, line no: 65,output+=(String.format("\n")); ,EXPRESSION_STATEMENT, line no: 62, 0.024298605355497715, insert, 1.0, 1.0, 1.0
output+=(String.format("That's all  have a nice day!\n")); ,EXPRESSION_STATEMENT, line no: 71,output+=(String.format("That's all  have a nice day!\n")); ,EXPRESSION_STATEMENT, line no: 71, 0.024298605355497715, insert, 1.0, 1.0, 1.0
output+=(String.format("Enter an integer > ")); ,EXPRESSION_STATEMENT, line no: 63,output+=(String.format("That's all  have a nice day!\n")); ,EXPRESSION_STATEMENT, line no: 71, 0.01886230720816602, insert, 1.0, 1.0, 0.6271186440677966
output+=(String.format("That's all  have a nice day!\n")); ,EXPRESSION_STATEMENT, line no: 71,output+=(String.format("Enter an integer > ")); ,EXPRESSION_STATEMENT, line no: 63, 0.01886230720816602, insert, 1.0, 1.0, 0.6271186440677966
output+=(String.format("\n")); ,EXPRESSION_STATEMENT, line no: 62,output+=(String.format("Enter an integer > ")); ,EXPRESSION_STATEMENT, line no: 63, 0.01883141915051073, insert, 1.0, 1.0, 0.625
output+=(String.format("Enter an integer > ")); ,EXPRESSION_STATEMENT, line no: 63,output+=(String.format("\n")); ,EXPRESSION_STATEMENT, line no: 62, 0.01883141915051073, insert, 1.0, 1.0, 0.625
output+=(String.format("\n")); ,EXPRESSION_STATEMENT, line no: 65,output+=(String.format("Enter an integer > ")); ,EXPRESSION_STATEMENT, line no: 63, 0.01883141915051073, insert, 1.0, 1.0, 0.625
output+=(String.format("\n")); ,EXPRESSION_STATEMENT, line no: 62,output+=(String.format("That's all  have a nice day!\n")); ,EXPRESSION_STATEMENT, line no: 71, 0.017379680440711927, insert, 1.0, 1.0, 0.5254237288135594
output+=(String.format("\n")); ,EXPRESSION_STATEMENT, line no: 65,output+=(String.format("That's all  have a nice day!\n")); ,EXPRESSION_STATEMENT, line no: 71, 0.017379680440711927, insert, 1.0, 1.0, 0.5254237288135594
output+=(String.format("That's all  have a nice day!\n")); ,EXPRESSION_STATEMENT, line no: 71,output+=(String.format("\n")); ,EXPRESSION_STATEMENT, line no: 62, 0.017379680440711927, insert, 1.0, 1.0, 0.5254237288135594
output+=(String.format("\n")); ,EXPRESSION_STATEMENT, line no: 62,integer.value=scanner.nextInt(); ,EXPRESSION_STATEMENT, line no: 64, 0.014137370388653215, insert, 1.0, 0.0, 0.30303030303030304
integer.value=scanner.nextInt(); ,EXPRESSION_STATEMENT, line no: 64,output+=(String.format("\n")); ,EXPRESSION_STATEMENT, line no: 62, 0.014137370388653215, insert, 1.0, 0.0, 0.30303030303030304
output+=(String.format("\n")); ,EXPRESSION_STATEMENT, line no: 65,integer.value=scanner.nextInt(); ,EXPRESSION_STATEMENT, line no: 64, 0.014137370388653215, insert, 1.0, 0.0, 0.30303030303030304
output+=(String.format("Enter an integer > ")); ,EXPRESSION_STATEMENT, line no: 63,integer.value=scanner.nextInt(); ,EXPRESSION_STATEMENT, line no: 64, 0.013971698079411189, insert, 1.0, 0.0, 0.2916666666666667
integer.value=scanner.nextInt(); ,EXPRESSION_STATEMENT, line no: 64,output+=(String.format("Enter an integer > ")); ,EXPRESSION_STATEMENT, line no: 63, 0.013971698079411189, insert, 1.0, 0.0, 0.2916666666666667
output+=(String.format("\n")); ,EXPRESSION_STATEMENT, line no: 62,output+=(String.format("%d\n" mod.value)); ,EXPRESSION_STATEMENT, line no: 68, 0.013638655847493747, insert, 0.3218390804597701, 1.0, 0.7209302325581395
output+=(String.format("\n")); ,EXPRESSION_STATEMENT, line no: 65,output+=(String.format("%d\n" mod.value)); ,EXPRESSION_STATEMENT, line no: 68, 0.013638655847493747, insert, 0.3218390804597701, 1.0, 0.7209302325581395
integer.value=scanner.nextInt(); ,EXPRESSION_STATEMENT, line no: 64,output+=(String.format("That's all  have a nice day!\n")); ,EXPRESSION_STATEMENT, line no: 71, 0.013178904599591982, insert, 1.0, 0.0, 0.23728813559322035
output+=(String.format("That's all  have a nice day!\n")); ,EXPRESSION_STATEMENT, line no: 71,integer.value=scanner.nextInt(); ,EXPRESSION_STATEMENT, line no: 64, 0.013178904599591982, insert, 1.0, 0.0, 0.23728813559322035
output+=(String.format("Enter an integer > ")); ,EXPRESSION_STATEMENT, line no: 63,output+=(String.format("%d\n" mod.value)); ,EXPRESSION_STATEMENT, line no: 68, 0.012543805896882658, insert, 0.3218390804597701, 1.0, 0.6458333333333334
output+=(String.format("That's all  have a nice day!\n")); ,EXPRESSION_STATEMENT, line no: 71,output+=(String.format("%d\n" mod.value)); ,EXPRESSION_STATEMENT, line no: 68, 0.01103543908138248, insert, 0.3218390804597701, 1.0, 0.5423728813559322
output+=(String.format("\n")); ,EXPRESSION_STATEMENT, line no: 62,System.out.println(mainClass.output); ,EXPRESSION_STATEMENT, line no: 56, 0.010845439220378835, insert, 0.5632183908045977, 1.0, 0.3684210526315789
output+=(String.format("\n")); ,EXPRESSION_STATEMENT, line no: 65,System.out.println(mainClass.output); ,EXPRESSION_STATEMENT, line no: 56, 0.010845439220378835, insert, 0.5632183908045977, 1.0, 0.3684210526315789
output+=(String.format("Enter an integer > ")); ,EXPRESSION_STATEMENT, line no: 63,System.out.println(mainClass.output); ,EXPRESSION_STATEMENT, line no: 56, 0.010333889633947303, insert, 0.5632183908045977, 1.0, 0.3333333333333333
integer.value=scanner.nextInt(); ,EXPRESSION_STATEMENT, line no: 64,mainClass.exec(); ,EXPRESSION_STATEMENT, line no: 55, 0.010333889633947303, insert, 0.5632183908045977, 0.0, 0.3333333333333333
integer.value=scanner.nextInt(); ,EXPRESSION_STATEMENT, line no: 64,integer.value/=10; ,EXPRESSION_STATEMENT, line no: 69, 0.0101967815159539, insert, 0.3218390804597701, 1.3333333333333333, 0.48484848484848486
integer.value=scanner.nextInt(); ,EXPRESSION_STATEMENT, line no: 64,System.out.println(mainClass.output); ,EXPRESSION_STATEMENT, line no: 56, 0.010078114840731539, insert, 0.5632183908045977, 0.0, 0.3157894736842105
integer.value=scanner.nextInt(); ,EXPRESSION_STATEMENT, line no: 64,mod.value=integer.value % 10; ,EXPRESSION_STATEMENT, line no: 67, 0.009754988691308487, insert, 0.3218390804597701, 1.5, 0.45454545454545453
String,SIMPLE_NAME, line no: 62,String,SIMPLE_NAME, line no: 49, 0.009331857026099124, insert, 0.5384615384615384, 0.0, 1.0
format,SIMPLE_NAME, line no: 62,format,SIMPLE_NAME, line no: 62, 0.009331857026099124, insert, 1.0, 0.0, 1.0
String,SIMPLE_NAME, line no: 63,String,SIMPLE_NAME, line no: 49, 0.009331857026099124, insert, 0.5384615384615384, 0.0, 1.0
format,SIMPLE_NAME, line no: 63,format,SIMPLE_NAME, line no: 62, 0.009331857026099124, insert, 1.0, 0.0, 1.0
scanner,SIMPLE_NAME, line no: 64,scanner,SIMPLE_NAME, line no: 51, 0.009331857026099124, insert, 0.18888888888888888, 1.0, 1.0
nextInt,SIMPLE_NAME, line no: 64,nextInt,SIMPLE_NAME, line no: 64, 0.009331857026099124, insert, 1.0, 0.0, 1.0
String,SIMPLE_NAME, line no: 65,String,SIMPLE_NAME, line no: 49, 0.009331857026099124, insert, 0.5384615384615384, 0.0, 1.0
format,SIMPLE_NAME, line no: 65,format,SIMPLE_NAME, line no: 62, 0.009331857026099124, insert, 1.0, 0.0, 1.0
String,SIMPLE_NAME, line no: 71,String,SIMPLE_NAME, line no: 49, 0.009331857026099124, insert, 0.5384615384615384, 0.0, 1.0
format,SIMPLE_NAME, line no: 71,format,SIMPLE_NAME, line no: 62, 0.009331857026099124, insert, 1.0, 0.0, 1.0
output+=(String.format("That's all  have a nice day!\n")); ,EXPRESSION_STATEMENT, line no: 71,System.out.println(mainClass.output); ,EXPRESSION_STATEMENT, line no: 56, 0.009180735481483007, insert, 0.5632183908045977, 1.0, 0.2542372881355932
output+=(String.format("\n")); ,EXPRESSION_STATEMENT, line no: 62,mainClass.exec(); ,EXPRESSION_STATEMENT, line no: 55, 0.008766237675528097, insert, 0.5632183908045977, 0.0, 0.22580645161290322
output+=(String.format("\n")); ,EXPRESSION_STATEMENT, line no: 65,mainClass.exec(); ,EXPRESSION_STATEMENT, line no: 55, 0.008766237675528097, insert, 0.5632183908045977, 0.0, 0.22580645161290322
output+=(String.format("Enter an integer > ")); ,EXPRESSION_STATEMENT, line no: 63,mainClass.exec(); ,EXPRESSION_STATEMENT, line no: 55, 0.008207761665341255, insert, 0.5632183908045977, 0.0, 0.1875
output+=(String.format("\n")); ,EXPRESSION_STATEMENT, line no: 62,mod.value=integer.value % 10; ,EXPRESSION_STATEMENT, line no: 67, 0.007831052196884914, insert, 0.3218390804597701, 0.0, 0.3225806451612903
output+=(String.format("\n")); ,EXPRESSION_STATEMENT, line no: 65,mod.value=integer.value % 10; ,EXPRESSION_STATEMENT, line no: 67, 0.007831052196884914, insert, 0.3218390804597701, 0.0, 0.3225806451612903
output+=(String.format("That's all  have a nice day!\n")); ,EXPRESSION_STATEMENT, line no: 71,mainClass.exec(); ,EXPRESSION_STATEMENT, line no: 55, 0.0076981087140289076, insert, 0.5632183908045977, 0.0, 0.15254237288135594
output+=(String.format("Enter an integer > ")); ,EXPRESSION_STATEMENT, line no: 63,mod.value=integer.value % 10; ,EXPRESSION_STATEMENT, line no: 67, 0.007684084825783114, insert, 0.3218390804597701, 0.0, 0.3125
integer.value=scanner.nextInt(); ,EXPRESSION_STATEMENT, line no: 64,output+=(String.format("%d\n" mod.value)); ,EXPRESSION_STATEMENT, line no: 68, 0.007535750316345483, insert, 0.3218390804597701, 0.6000000000000001, 0.3023255813953488
integer.value=scanner.nextInt(); ,EXPRESSION_STATEMENT, line no: 64,mainClass.scanner=new java.util.Scanner(args[0]); ,EXPRESSION_STATEMENT, line no: 51, 0.006812546917601153, insert, 0.16091954022988506, 0.5, 0.36
integer.value=scanner.nextInt(); ,EXPRESSION_STATEMENT, line no: 64,mainClass.scanner=new java.util.Scanner(System.in); ,EXPRESSION_STATEMENT, line no: 53, 0.0067223993065740366, insert, 0.1724137931034483, 0.5, 0.34615384615384615
output+=(String.format("That's all  have a nice day!\n")); ,EXPRESSION_STATEMENT, line no: 71,mod.value=integer.value % 10; ,EXPRESSION_STATEMENT, line no: 67, 0.006587558779020186, insert, 0.3218390804597701, 0.0, 0.23728813559322035
output+=(String.format("\n")); ,EXPRESSION_STATEMENT, line no: 62,integer.value/=10; ,EXPRESSION_STATEMENT, line no: 69, 0.006420165434307628, insert, 0.3218390804597701, 0.0, 0.22580645161290322
output+=(String.format("\n")); ,EXPRESSION_STATEMENT, line no: 65,integer.value/=10; ,EXPRESSION_STATEMENT, line no: 69, 0.006420165434307628, insert, 0.3218390804597701, 0.0, 0.22580645161290322
output+=(String.format("Enter an integer > ")); ,EXPRESSION_STATEMENT, line no: 63,mainClass.scanner=new java.util.Scanner(args[0]); ,EXPRESSION_STATEMENT, line no: 51, 0.006229380389069208, insert, 0.16091954022988506, 0.0, 0.32
output+=(String.format("Enter an integer > ")); ,EXPRESSION_STATEMENT, line no: 63,mainClass.scanner=new java.util.Scanner(System.in); ,EXPRESSION_STATEMENT, line no: 53, 0.006161662259908706, insert, 0.1724137931034483, 0.0, 0.3076923076923077
scanner,SIMPLE_NAME, line no: 64,integer,SIMPLE_NAME, line no: 60, 0.006090888268463429, insert, 0.9666666666666667, 0.0, 0.42857142857142855
String,SIMPLE_NAME, line no: 62,integer,SIMPLE_NAME, line no: 60, 0.006050324885053277, insert, 0.9560439560439561, 0.0, 0.42857142857142855
String,SIMPLE_NAME, line no: 63,integer,SIMPLE_NAME, line no: 60, 0.006050324885053277, insert, 0.9560439560439561, 0.0, 0.42857142857142855
String,SIMPLE_NAME, line no: 65,integer,SIMPLE_NAME, line no: 60, 0.006050324885053277, insert, 0.9560439560439561, 0.0, 0.42857142857142855
String,SIMPLE_NAME, line no: 71,integer,SIMPLE_NAME, line no: 60, 0.006050324885053277, insert, 0.9560439560439561, 0.0, 0.42857142857142855
nextInt,SIMPLE_NAME, line no: 64,IntObj,SIMPLE_NAME, line no: 60, 0.0060079384282314355, insert, 0.9666666666666667, 0.0, 0.42857142857142855
output+=(String.format("That's all  have a nice day!\n")); ,EXPRESSION_STATEMENT, line no: 71,mainClass.scanner=new java.util.Scanner(System.in); ,EXPRESSION_STATEMENT, line no: 53, 0.005876541727705994, insert, 0.1724137931034483, 0.0, 0.288135593220339
output+=(String.format("Enter an integer > ")); ,EXPRESSION_STATEMENT, line no: 63,integer.value/=10; ,EXPRESSION_STATEMENT, line no: 69, 0.005861689424120785, insert, 0.3218390804597701, 0.0, 0.1875
scanner,SIMPLE_NAME, line no: 64,Scanner,SIMPLE_NAME, line no: 44, 0.005587264238483475, insert, 0.011111111111111112, 0.0, 0.8571428571428571
output+=(String.format("That's all  have a nice day!\n")); ,EXPRESSION_STATEMENT, line no: 71,mainClass.scanner=new java.util.Scanner(args[0]); ,EXPRESSION_STATEMENT, line no: 51, 0.00551771954069124, insert, 0.16091954022988506, 0.0, 0.2711864406779661
format,SIMPLE_NAME, line no: 62,output,SIMPLE_NAME, line no: 49, 0.005517075912133328, insert, 0.5384615384615384, 0.0, 0.3333333333333333
format,SIMPLE_NAME, line no: 63,output,SIMPLE_NAME, line no: 49, 0.005517075912133328, insert, 0.5384615384615384, 0.0, 0.3333333333333333
"Enter an integer > ",STRING_LITERAL, line no: 63,integer,SIMPLE_NAME, line no: 60, 0.005517075912133328, insert, 0.9560439560439561, 0.0, 0.3333333333333333
format,SIMPLE_NAME, line no: 65,output,SIMPLE_NAME, line no: 49, 0.005517075912133328, insert, 0.5384615384615384, 0.0, 0.3333333333333333
format,SIMPLE_NAME, line no: 71,output,SIMPLE_NAME, line no: 49, 0.005517075912133328, insert, 0.5384615384615384, 0.0, 0.3333333333333333
output+=(String.format("That's all  have a nice day!\n")); ,EXPRESSION_STATEMENT, line no: 71,integer.value/=10; ,EXPRESSION_STATEMENT, line no: 69, 0.005352036472808439, insert, 0.3218390804597701, 0.0, 0.15254237288135594
scanner,SIMPLE_NAME, line no: 64,nextInt,SIMPLE_NAME, line no: 64, 0.005332489729199499, insert, 1.0, 0.0, 0.2857142857142857
nextInt,SIMPLE_NAME, line no: 64,String,SIMPLE_NAME, line no: 49, 0.005332489729199499, insert, 0.5444444444444444, 0.0, 0.2857142857142857
nextInt,SIMPLE_NAME, line no: 64,scanner,SIMPLE_NAME, line no: 51, 0.005332489729199499, insert, 0.18888888888888888, 0.0, 0.2857142857142857
String,SIMPLE_NAME, line no: 62,nextInt,SIMPLE_NAME, line no: 64, 0.005291470577436426, insert, 0.989010989010989, 0.0, 0.2857142857142857
String,SIMPLE_NAME, line no: 63,nextInt,SIMPLE_NAME, line no: 64, 0.005291470577436426, insert, 0.989010989010989, 0.0, 0.2857142857142857
String,SIMPLE_NAME, line no: 65,nextInt,SIMPLE_NAME, line no: 64, 0.005291470577436426, insert, 0.989010989010989, 0.0, 0.2857142857142857
String,SIMPLE_NAME, line no: 71,nextInt,SIMPLE_NAME, line no: 64, 0.005291470577436426, insert, 0.989010989010989, 0.0, 0.2857142857142857
scanner,SIMPLE_NAME, line no: 64,value,SIMPLE_NAME, line no: 7, 0.0052910148090835035, insert, 0.06666666666666667, 0.0, 0.2857142857142857
nextInt,SIMPLE_NAME, line no: 64,output,SIMPLE_NAME, line no: 49, 0.0052910148090835035, insert, 0.5444444444444444, 0.0, 0.2857142857142857
nextInt,SIMPLE_NAME, line no: 64,integer,SIMPLE_NAME, line no: 60, 0.0052910148090835035, insert, 0.9666666666666667, 0.0, 0.2857142857142857
"Enter an integer > ",STRING_LITERAL, line no: 63,String,SIMPLE_NAME, line no: 49, 0.005065865242739525, insert, 0.5384615384615384, 0.0, 0.23809523809523808
"Enter an integer > ",STRING_LITERAL, line no: 63,scanner,SIMPLE_NAME, line no: 51, 0.0050248460909764515, insert, 0.18681318681318682, 0.0, 0.23809523809523808
String,SIMPLE_NAME, line no: 68,String,SIMPLE_NAME, line no: 49, 0.004829694853813477, insert, 0.8125, 0.0, 1.0
format,SIMPLE_NAME, line no: 68,format,SIMPLE_NAME, line no: 62, 0.004829694853813477, insert, 1.0, 0.0, 1.0
mod,SIMPLE_NAME, line no: 68,mod,SIMPLE_NAME, line no: 61, 0.004829694853813477, insert, 1.0, 1.0, 1.0
value,SIMPLE_NAME, line no: 68,value,SIMPLE_NAME, line no: 7, 0.004829694853813477, insert, 0.18181818181818182, 1.0, 1.0
output+=(String.format("\n")); ,EXPRESSION_STATEMENT, line no: 62,mainClass.scanner=new java.util.Scanner(System.in); ,EXPRESSION_STATEMENT, line no: 53, 0.004759819643245376, insert, 0.1724137931034483, 0.0, 0.21153846153846154
output+=(String.format("\n")); ,EXPRESSION_STATEMENT, line no: 65,mainClass.scanner=new java.util.Scanner(System.in); ,EXPRESSION_STATEMENT, line no: 53, 0.004759819643245376, insert, 0.1724137931034483, 0.0, 0.21153846153846154
"Enter an integer > ",STRING_LITERAL, line no: 63,nextInt,SIMPLE_NAME, line no: 64, 0.004758221604516476, insert, 0.989010989010989, 0.0, 0.19047619047619047
String,SIMPLE_NAME, line no: 62,format,SIMPLE_NAME, line no: 62, 0.004665928513049562, insert, 1.0, 0.0, 0.16666666666666666
format,SIMPLE_NAME, line no: 62,String,SIMPLE_NAME, line no: 49, 0.004665928513049562, insert, 0.5384615384615384, 0.0, 0.16666666666666666
"\n",STRING_LITERAL, line no: 62,String,SIMPLE_NAME, line no: 49, 0.004665928513049562, insert, 0.5384615384615384, 0.0, 0.16666666666666666
String,SIMPLE_NAME, line no: 63,format,SIMPLE_NAME, line no: 62, 0.004665928513049562, insert, 1.0, 0.0, 0.16666666666666666
format,SIMPLE_NAME, line no: 63,String,SIMPLE_NAME, line no: 49, 0.004665928513049562, insert, 0.5384615384615384, 0.0, 0.16666666666666666
String,SIMPLE_NAME, line no: 65,format,SIMPLE_NAME, line no: 62, 0.004665928513049562, insert, 1.0, 0.0, 0.16666666666666666
format,SIMPLE_NAME, line no: 65,String,SIMPLE_NAME, line no: 49, 0.004665928513049562, insert, 0.5384615384615384, 0.0, 0.16666666666666666
"\n",STRING_LITERAL, line no: 65,String,SIMPLE_NAME, line no: 49, 0.004665928513049562, insert, 0.5384615384615384, 0.0, 0.16666666666666666
String,SIMPLE_NAME, line no: 71,format,SIMPLE_NAME, line no: 62, 0.004665928513049562, insert, 1.0, 0.0, 0.16666666666666666
format,SIMPLE_NAME, line no: 71,String,SIMPLE_NAME, line no: 49, 0.004665928513049562, insert, 0.5384615384615384, 0.0, 0.16666666666666666
String,SIMPLE_NAME, line no: 62,output,SIMPLE_NAME, line no: 49, 0.004583890209523415, insert, 0.5384615384615384, 0.0, 0.16666666666666666
format,SIMPLE_NAME, line no: 62,value,SIMPLE_NAME, line no: 7, 0.004583890209523415, insert, 0.06593406593406594, 0.0, 0.16666666666666666
String,SIMPLE_NAME, line no: 63,output,SIMPLE_NAME, line no: 49, 0.004583890209523415, insert, 0.5384615384615384, 0.0, 0.16666666666666666
format,SIMPLE_NAME, line no: 63,value,SIMPLE_NAME, line no: 7, 0.004583890209523415, insert, 0.06593406593406594, 0.0, 0.16666666666666666
String,SIMPLE_NAME, line no: 65,output,SIMPLE_NAME, line no: 49, 0.004583890209523415, insert, 0.5384615384615384, 0.0, 0.16666666666666666
format,SIMPLE_NAME, line no: 65,value,SIMPLE_NAME, line no: 7, 0.004583890209523415, insert, 0.06593406593406594, 0.0, 0.16666666666666666
String,SIMPLE_NAME, line no: 71,output,SIMPLE_NAME, line no: 49, 0.004583890209523415, insert, 0.5384615384615384, 0.0, 0.16666666666666666
format,SIMPLE_NAME, line no: 71,value,SIMPLE_NAME, line no: 7, 0.004583890209523415, insert, 0.06593406593406594, 0.0, 0.16666666666666666
"Enter an integer > ",STRING_LITERAL, line no: 63,format,SIMPLE_NAME, line no: 62, 0.004532616269819574, insert, 1.0, 0.0, 0.14285714285714285
scanner,SIMPLE_NAME, line no: 64,String,SIMPLE_NAME, line no: 49, 0.004532616269819574, insert, 0.5444444444444444, 0.0, 0.14285714285714285
scanner,SIMPLE_NAME, line no: 64,format,SIMPLE_NAME, line no: 62, 0.004532616269819574, insert, 1.0, 0.0, 0.14285714285714285
nextInt,SIMPLE_NAME, line no: 64,format,SIMPLE_NAME, line no: 62, 0.004532616269819574, insert, 1.0, 0.0, 0.14285714285714285
nextInt,SIMPLE_NAME, line no: 64,println,SIMPLE_NAME, line no: 56, 0.004514841304055576, insert, 0.5666666666666667, 0.0, 0.42857142857142855
String,SIMPLE_NAME, line no: 62,IntObj,SIMPLE_NAME, line no: 60, 0.00450185190599727, insert, 0.9560439560439561, 0.0, 0.16666666666666666
format,SIMPLE_NAME, line no: 62,IntObj,SIMPLE_NAME, line no: 60, 0.00450185190599727, insert, 0.9560439560439561, 0.0, 0.16666666666666666
format,SIMPLE_NAME, line no: 62,mod,SIMPLE_NAME, line no: 61, 0.00450185190599727, insert, 0.9560439560439561, 0.0, 0.16666666666666666
"\n",STRING_LITERAL, line no: 62,IntObj,SIMPLE_NAME, line no: 60, 0.00450185190599727, insert, 0.9560439560439561, 0.0, 0.16666666666666666
String,SIMPLE_NAME, line no: 63,IntObj,SIMPLE_NAME, line no: 60, 0.00450185190599727, insert, 0.9560439560439561, 0.0, 0.16666666666666666
format,SIMPLE_NAME, line no: 63,IntObj,SIMPLE_NAME, line no: 60, 0.00450185190599727, insert, 0.9560439560439561, 0.0, 0.16666666666666666
format,SIMPLE_NAME, line no: 63,mod,SIMPLE_NAME, line no: 61, 0.00450185190599727, insert, 0.9560439560439561, 0.0, 0.16666666666666666
String,SIMPLE_NAME, line no: 65,IntObj,SIMPLE_NAME, line no: 60, 0.00450185190599727, insert, 0.9560439560439561, 0.0, 0.16666666666666666
format,SIMPLE_NAME, line no: 65,IntObj,SIMPLE_NAME, line no: 60, 0.00450185190599727, insert, 0.9560439560439561, 0.0, 0.16666666666666666
format,SIMPLE_NAME, line no: 65,mod,SIMPLE_NAME, line no: 61, 0.00450185190599727, insert, 0.9560439560439561, 0.0, 0.16666666666666666
"\n",STRING_LITERAL, line no: 65,IntObj,SIMPLE_NAME, line no: 60, 0.00450185190599727, insert, 0.9560439560439561, 0.0, 0.16666666666666666
String,SIMPLE_NAME, line no: 71,IntObj,SIMPLE_NAME, line no: 60, 0.00450185190599727, insert, 0.9560439560439561, 0.0, 0.16666666666666666
format,SIMPLE_NAME, line no: 71,IntObj,SIMPLE_NAME, line no: 60, 0.00450185190599727, insert, 0.9560439560439561, 0.0, 0.16666666666666666
format,SIMPLE_NAME, line no: 71,mod,SIMPLE_NAME, line no: 61, 0.00450185190599727, insert, 0.9560439560439561, 0.0, 0.16666666666666666
String,SIMPLE_NAME, line no: 62,scanner,SIMPLE_NAME, line no: 51, 0.004491597118056501, insert, 0.18681318681318682, 0.0, 0.14285714285714285
String,SIMPLE_NAME, line no: 62,println,SIMPLE_NAME, line no: 56, 0.004491597118056501, insert, 0.5604395604395604, 0.0, 0.42857142857142855
format,SIMPLE_NAME, line no: 62,scanner,SIMPLE_NAME, line no: 51, 0.004491597118056501, insert, 0.18681318681318682, 0.0, 0.14285714285714285
format,SIMPLE_NAME, line no: 62,nextInt,SIMPLE_NAME, line no: 64, 0.004491597118056501, insert, 0.989010989010989, 0.0, 0.14285714285714285
"\n",STRING_LITERAL, line no: 62,scanner,SIMPLE_NAME, line no: 51, 0.004491597118056501, insert, 0.18681318681318682, 0.0, 0.14285714285714285
"\n",STRING_LITERAL, line no: 62,nextInt,SIMPLE_NAME, line no: 64, 0.004491597118056501, insert, 0.989010989010989, 0.0, 0.14285714285714285
String,SIMPLE_NAME, line no: 63,scanner,SIMPLE_NAME, line no: 51, 0.004491597118056501, insert, 0.18681318681318682, 0.0, 0.14285714285714285
String,SIMPLE_NAME, line no: 63,println,SIMPLE_NAME, line no: 56, 0.004491597118056501, insert, 0.5604395604395604, 0.0, 0.42857142857142855
format,SIMPLE_NAME, line no: 63,scanner,SIMPLE_NAME, line no: 51, 0.004491597118056501, insert, 0.18681318681318682, 0.0, 0.14285714285714285
format,SIMPLE_NAME, line no: 63,nextInt,SIMPLE_NAME, line no: 64, 0.004491597118056501, insert, 0.989010989010989, 0.0, 0.14285714285714285
String,SIMPLE_NAME, line no: 65,scanner,SIMPLE_NAME, line no: 51, 0.004491597118056501, insert, 0.18681318681318682, 0.0, 0.14285714285714285
String,SIMPLE_NAME, line no: 65,println,SIMPLE_NAME, line no: 56, 0.004491597118056501, insert, 0.5604395604395604, 0.0, 0.42857142857142855
format,SIMPLE_NAME, line no: 65,scanner,SIMPLE_NAME, line no: 51, 0.004491597118056501, insert, 0.18681318681318682, 0.0, 0.14285714285714285
format,SIMPLE_NAME, line no: 65,nextInt,SIMPLE_NAME, line no: 64, 0.004491597118056501, insert, 0.989010989010989, 0.0, 0.14285714285714285
"\n",STRING_LITERAL, line no: 65,scanner,SIMPLE_NAME, line no: 51, 0.004491597118056501, insert, 0.18681318681318682, 0.0, 0.14285714285714285
"\n",STRING_LITERAL, line no: 65,nextInt,SIMPLE_NAME, line no: 64, 0.004491597118056501, insert, 0.989010989010989, 0.0, 0.14285714285714285
String,SIMPLE_NAME, line no: 71,scanner,SIMPLE_NAME, line no: 51, 0.004491597118056501, insert, 0.18681318681318682, 0.0, 0.14285714285714285
String,SIMPLE_NAME, line no: 71,println,SIMPLE_NAME, line no: 56, 0.004491597118056501, insert, 0.5604395604395604, 0.0, 0.42857142857142855
format,SIMPLE_NAME, line no: 71,scanner,SIMPLE_NAME, line no: 51, 0.004491597118056501, insert, 0.18681318681318682, 0.0, 0.14285714285714285
format,SIMPLE_NAME, line no: 71,nextInt,SIMPLE_NAME, line no: 64, 0.004491597118056501, insert, 0.989010989010989, 0.0, 0.14285714285714285
nextInt,SIMPLE_NAME, line no: 64,value,SIMPLE_NAME, line no: 7, 0.004491141349703578, insert, 0.06666666666666667, 0.0, 0.14285714285714285
output+=(String.format("\n")); ,EXPRESSION_STATEMENT, line no: 62,mainClass.scanner=new java.util.Scanner(args[0]); ,EXPRESSION_STATEMENT, line no: 51, 0.0044798808034733715, insert, 0.16091954022988506, 0.0, 0.2
output+=(String.format("\n")); ,EXPRESSION_STATEMENT, line no: 65,mainClass.scanner=new java.util.Scanner(args[0]); ,EXPRESSION_STATEMENT, line no: 51, 0.0044798808034733715, insert, 0.16091954022988506, 0.0, 0.2
nextInt,SIMPLE_NAME, line no: 64,length,SIMPLE_NAME, line no: 50, 0.004473366383939579, insert, 0.5555555555555556, 0.0, 0.42857142857142855
format,SIMPLE_NAME, line no: 62,integer,SIMPLE_NAME, line no: 60, 0.004450577966293428, insert, 0.9560439560439561, 0.0, 0.14285714285714285
"\n",STRING_LITERAL, line no: 62,integer,SIMPLE_NAME, line no: 60, 0.004450577966293428, insert, 0.9560439560439561, 0.0, 0.14285714285714285
format,SIMPLE_NAME, line no: 63,integer,SIMPLE_NAME, line no: 60, 0.004450577966293428, insert, 0.9560439560439561, 0.0, 0.14285714285714285
format,SIMPLE_NAME, line no: 65,integer,SIMPLE_NAME, line no: 60, 0.004450577966293428, insert, 0.9560439560439561, 0.0, 0.14285714285714285
"\n",STRING_LITERAL, line no: 65,integer,SIMPLE_NAME, line no: 60, 0.004450577966293428, insert, 0.9560439560439561, 0.0, 0.14285714285714285
format,SIMPLE_NAME, line no: 71,integer,SIMPLE_NAME, line no: 60, 0.004450577966293428, insert, 0.9560439560439561, 0.0, 0.14285714285714285
scanner,SIMPLE_NAME, line no: 64,IntObj,SIMPLE_NAME, line no: 60, 0.004408191509471586, insert, 0.9666666666666667, 0.0, 0.14285714285714285
"That's all  have a nice day!\n",STRING_LITERAL, line no: 71,scanner,SIMPLE_NAME, line no: 51, 0.004391612935634011, insert, 0.18681318681318682, 0.0, 0.125
"That's all  have a nice day!\n",STRING_LITERAL, line no: 71,String,SIMPLE_NAME, line no: 49, 0.004257659768157725, insert, 0.5384615384615384, 0.0, 0.09375
"That's all  have a nice day!\n",STRING_LITERAL, line no: 71,nextInt,SIMPLE_NAME, line no: 64, 0.004216640616394653, insert, 0.989010989010989, 0.0, 0.09375
"Enter an integer > ",STRING_LITERAL, line no: 63,value,SIMPLE_NAME, line no: 7, 0.004183953479833453, insert, 0.06593406593406594, 0.0, 0.09523809523809523
"Enter an integer > ",STRING_LITERAL, line no: 63,output,SIMPLE_NAME, line no: 49, 0.004183953479833453, insert, 0.5384615384615384, 0.0, 0.09523809523809523
"That's all  have a nice day!\n",STRING_LITERAL, line no: 71,value,SIMPLE_NAME, line no: 7, 0.004175621464631579, insert, 0.06593406593406594, 0.0, 0.09375
"That's all  have a nice day!\n",STRING_LITERAL, line no: 71,integer,SIMPLE_NAME, line no: 60, 0.004175621464631579, insert, 0.9560439560439561, 0.0, 0.09375
"Enter an integer > ",STRING_LITERAL, line no: 63,IntObj,SIMPLE_NAME, line no: 60, 0.004101915176307307, insert, 0.9560439560439561, 0.0, 0.09523809523809523
"That's all  have a nice day!\n",STRING_LITERAL, line no: 71,format,SIMPLE_NAME, line no: 62, 0.004082687448918367, insert, 1.0, 0.0, 0.0625
integer.value=scanner.nextInt(); ,EXPRESSION_STATEMENT, line no: 64,value=i; ,EXPRESSION_STATEMENT, line no: 7, 0.003981213500252917, insert, 0.04597701149425287, 0.3333333333333333, 0.24242424242424243
String,SIMPLE_NAME, line no: 62,System,SIMPLE_NAME, line no: 53, 0.003958348145136552, insert, 0.2087912087912088, 0.0, 0.3333333333333333
format,SIMPLE_NAME, line no: 62,out,SIMPLE_NAME, line no: 56, 0.003958348145136552, insert, 0.5604395604395604, 0.0, 0.3333333333333333
String,SIMPLE_NAME, line no: 63,System,SIMPLE_NAME, line no: 53, 0.003958348145136552, insert, 0.2087912087912088, 0.0, 0.3333333333333333
format,SIMPLE_NAME, line no: 63,out,SIMPLE_NAME, line no: 56, 0.003958348145136552, insert, 0.5604395604395604, 0.0, 0.3333333333333333
String,SIMPLE_NAME, line no: 65,System,SIMPLE_NAME, line no: 53, 0.003958348145136552, insert, 0.2087912087912088, 0.0, 0.3333333333333333
format,SIMPLE_NAME, line no: 65,out,SIMPLE_NAME, line no: 56, 0.003958348145136552, insert, 0.5604395604395604, 0.0, 0.3333333333333333
String,SIMPLE_NAME, line no: 71,System,SIMPLE_NAME, line no: 53, 0.003958348145136552, insert, 0.2087912087912088, 0.0, 0.3333333333333333
format,SIMPLE_NAME, line no: 71,out,SIMPLE_NAME, line no: 56, 0.003958348145136552, insert, 0.5604395604395604, 0.0, 0.3333333333333333
String,SIMPLE_NAME, line no: 62,args,SIMPLE_NAME, line no: 50, 0.003917328993373478, insert, 0.5494505494505495, 0.0, 0.3333333333333333
String,SIMPLE_NAME, line no: 62,length,SIMPLE_NAME, line no: 50, 0.003917328993373478, insert, 0.5494505494505495, 0.0, 0.3333333333333333
String,SIMPLE_NAME, line no: 63,args,SIMPLE_NAME, line no: 50, 0.003917328993373478, insert, 0.5494505494505495, 0.0, 0.3333333333333333
String,SIMPLE_NAME, line no: 63,length,SIMPLE_NAME, line no: 50, 0.003917328993373478, insert, 0.5494505494505495, 0.0, 0.3333333333333333
String,SIMPLE_NAME, line no: 65,args,SIMPLE_NAME, line no: 50, 0.003917328993373478, insert, 0.5494505494505495, 0.0, 0.3333333333333333
String,SIMPLE_NAME, line no: 65,length,SIMPLE_NAME, line no: 50, 0.003917328993373478, insert, 0.5494505494505495, 0.0, 0.3333333333333333
String,SIMPLE_NAME, line no: 71,args,SIMPLE_NAME, line no: 50, 0.003917328993373478, insert, 0.5494505494505495, 0.0, 0.3333333333333333
String,SIMPLE_NAME, line no: 71,length,SIMPLE_NAME, line no: 50, 0.003917328993373478, insert, 0.5494505494505495, 0.0, 0.3333333333333333
"That's all  have a nice day!\n",STRING_LITERAL, line no: 71,output,SIMPLE_NAME, line no: 49, 0.003825676826152862, insert, 0.5384615384615384, 0.0, 0.03125
"That's all  have a nice day!\n",STRING_LITERAL, line no: 71,IntObj,SIMPLE_NAME, line no: 60, 0.003743638522626716, insert, 0.9560439560439561, 0.0, 0.03125
"That's all  have a nice day!\n",STRING_LITERAL, line no: 71,mod,SIMPLE_NAME, line no: 61, 0.003743638522626716, insert, 0.9560439560439561, 0.0, 0.03125
scanner,SIMPLE_NAME, line no: 64,System,SIMPLE_NAME, line no: 53, 0.0037149678446756506, insert, 0.2111111111111111, 0.0, 0.2857142857142857
scanner,SIMPLE_NAME, line no: 64,println,SIMPLE_NAME, line no: 56, 0.0037149678446756506, insert, 0.5666666666666667, 0.0, 0.2857142857142857
nextInt,SIMPLE_NAME, line no: 64,exec,SIMPLE_NAME, line no: 55, 0.0037149678446756506, insert, 0.5666666666666667, 0.0, 0.2857142857142857
format,SIMPLE_NAME, line no: 62,println,SIMPLE_NAME, line no: 56, 0.003691723658676576, insert, 0.5604395604395604, 0.0, 0.2857142857142857
format,SIMPLE_NAME, line no: 63,println,SIMPLE_NAME, line no: 56, 0.003691723658676576, insert, 0.5604395604395604, 0.0, 0.2857142857142857
format,SIMPLE_NAME, line no: 65,println,SIMPLE_NAME, line no: 56, 0.003691723658676576, insert, 0.5604395604395604, 0.0, 0.2857142857142857
format,SIMPLE_NAME, line no: 71,println,SIMPLE_NAME, line no: 56, 0.003691723658676576, insert, 0.5604395604395604, 0.0, 0.2857142857142857
scanner,SIMPLE_NAME, line no: 64,args,SIMPLE_NAME, line no: 50, 0.003673492924559655, insert, 0.5555555555555556, 0.0, 0.2857142857142857
mod.value,QUALIFIED_NAME, line no: 68,value,SIMPLE_NAME, line no: 7, 0.0035417762261298834, insert, 0.1875, 0.5, 0.5555555555555556
scanner,SIMPLE_NAME, line no: 64,mainClass,SIMPLE_NAME, line no: 48, 0.0033594685293956844, insert, 0.5444444444444444, 0.0, 0.2222222222222222
String,SIMPLE_NAME, line no: 62,mainClass,SIMPLE_NAME, line no: 48, 0.00333622434339661, insert, 0.5384615384615384, 0.0, 0.2222222222222222
format,SIMPLE_NAME, line no: 62,mainClass,SIMPLE_NAME, line no: 48, 0.00333622434339661, insert, 0.5384615384615384, 0.0, 0.2222222222222222
String,SIMPLE_NAME, line no: 63,mainClass,SIMPLE_NAME, line no: 48, 0.00333622434339661, insert, 0.5384615384615384, 0.0, 0.2222222222222222
format,SIMPLE_NAME, line no: 63,mainClass,SIMPLE_NAME, line no: 48, 0.00333622434339661, insert, 0.5384615384615384, 0.0, 0.2222222222222222
String,SIMPLE_NAME, line no: 65,mainClass,SIMPLE_NAME, line no: 48, 0.00333622434339661, insert, 0.5384615384615384, 0.0, 0.2222222222222222
format,SIMPLE_NAME, line no: 65,mainClass,SIMPLE_NAME, line no: 48, 0.00333622434339661, insert, 0.5384615384615384, 0.0, 0.2222222222222222
String,SIMPLE_NAME, line no: 71,mainClass,SIMPLE_NAME, line no: 48, 0.00333622434339661, insert, 0.5384615384615384, 0.0, 0.2222222222222222
format,SIMPLE_NAME, line no: 71,mainClass,SIMPLE_NAME, line no: 48, 0.00333622434339661, insert, 0.5384615384615384, 0.0, 0.2222222222222222
String,SIMPLE_NAME, line no: 68,integer,SIMPLE_NAME, line no: 60, 0.0031737994753631422, insert, 1.0, 0.0, 0.42857142857142855
"Enter an integer > ",STRING_LITERAL, line no: 63,println,SIMPLE_NAME, line no: 56, 0.0031584746857566265, insert, 0.5604395604395604, 0.0, 0.19047619047619047
"Enter an integer > ",STRING_LITERAL, line no: 63,digits_a0e3fdae_003,SIMPLE_NAME, line no: 48, 0.0030764363822304804, insert, 0.5384615384615384, 0.0, 0.19047619047619047
"That's all  have a nice day!\n",STRING_LITERAL, line no: 71,digits_a0e3fdae_003,SIMPLE_NAME, line no: 48, 0.003059772351826732, insert, 0.5384615384615384, 0.0, 0.1875
String,SIMPLE_NAME, line no: 62,out,SIMPLE_NAME, line no: 56, 0.003025162442526639, insert, 0.5604395604395604, 0.0, 0.16666666666666666
format,SIMPLE_NAME, line no: 62,System,SIMPLE_NAME, line no: 53, 0.003025162442526639, insert, 0.2087912087912088, 0.0, 0.16666666666666666
String,SIMPLE_NAME, line no: 63,out,SIMPLE_NAME, line no: 56, 0.003025162442526639, insert, 0.5604395604395604, 0.0, 0.16666666666666666
format,SIMPLE_NAME, line no: 63,System,SIMPLE_NAME, line no: 53, 0.003025162442526639, insert, 0.2087912087912088, 0.0, 0.16666666666666666
String,SIMPLE_NAME, line no: 65,out,SIMPLE_NAME, line no: 56, 0.003025162442526639, insert, 0.5604395604395604, 0.0, 0.16666666666666666
format,SIMPLE_NAME, line no: 65,System,SIMPLE_NAME, line no: 53, 0.003025162442526639, insert, 0.2087912087912088, 0.0, 0.16666666666666666
String,SIMPLE_NAME, line no: 71,out,SIMPLE_NAME, line no: 56, 0.003025162442526639, insert, 0.5604395604395604, 0.0, 0.16666666666666666
format,SIMPLE_NAME, line no: 71,System,SIMPLE_NAME, line no: 53, 0.003025162442526639, insert, 0.2087912087912088, 0.0, 0.16666666666666666
format,SIMPLE_NAME, line no: 62,args,SIMPLE_NAME, line no: 50, 0.0029841432907635663, insert, 0.5494505494505495, 0.0, 0.16666666666666666
format,SIMPLE_NAME, line no: 62,length,SIMPLE_NAME, line no: 50, 0.0029841432907635663, insert, 0.5494505494505495, 0.0, 0.16666666666666666
"\n",STRING_LITERAL, line no: 62,length,SIMPLE_NAME, line no: 50, 0.0029841432907635663, insert, 0.5494505494505495, 0.0, 0.16666666666666666
format,SIMPLE_NAME, line no: 63,args,SIMPLE_NAME, line no: 50, 0.0029841432907635663, insert, 0.5494505494505495, 0.0, 0.16666666666666666
format,SIMPLE_NAME, line no: 63,length,SIMPLE_NAME, line no: 50, 0.0029841432907635663, insert, 0.5494505494505495, 0.0, 0.16666666666666666
format,SIMPLE_NAME, line no: 65,args,SIMPLE_NAME, line no: 50, 0.0029841432907635663, insert, 0.5494505494505495, 0.0, 0.16666666666666666
format,SIMPLE_NAME, line no: 65,length,SIMPLE_NAME, line no: 50, 0.0029841432907635663, insert, 0.5494505494505495, 0.0, 0.16666666666666666
"\n",STRING_LITERAL, line no: 65,length,SIMPLE_NAME, line no: 50, 0.0029841432907635663, insert, 0.5494505494505495, 0.0, 0.16666666666666666
format,SIMPLE_NAME, line no: 71,args,SIMPLE_NAME, line no: 50, 0.0029841432907635663, insert, 0.5494505494505495, 0.0, 0.16666666666666666
format,SIMPLE_NAME, line no: 71,length,SIMPLE_NAME, line no: 50, 0.0029841432907635663, insert, 0.5494505494505495, 0.0, 0.16666666666666666
scanner,SIMPLE_NAME, line no: 64,digits_a0e3fdae_003,SIMPLE_NAME, line no: 48, 0.0029163417513142524, insert, 0.5444444444444444, 0.0, 0.15789473684210525
scanner,SIMPLE_NAME, line no: 64,exec,SIMPLE_NAME, line no: 55, 0.0029150943852957263, insert, 0.5666666666666667, 0.0, 0.14285714285714285
nextInt,SIMPLE_NAME, line no: 64,System,SIMPLE_NAME, line no: 53, 0.0029150943852957263, insert, 0.2111111111111111, 0.0, 0.14285714285714285
nextInt,SIMPLE_NAME, line no: 64,out,SIMPLE_NAME, line no: 56, 0.0029150943852957263, insert, 0.5666666666666667, 0.0, 0.14285714285714285
format,SIMPLE_NAME, line no: 68,output,SIMPLE_NAME, line no: 49, 0.0028978169122880863, insert, 0.8125, 0.0, 0.3333333333333333
mod.value,QUALIFIED_NAME, line no: 68,mod,SIMPLE_NAME, line no: 61, 0.0028978169122880863, insert, 1.0, 0.5, 0.3333333333333333
"\n",STRING_LITERAL, line no: 62,println,SIMPLE_NAME, line no: 56, 0.0028918501992966517, insert, 0.5604395604395604, 0.0, 0.14285714285714285
"Enter an integer > ",STRING_LITERAL, line no: 63,mainClass,SIMPLE_NAME, line no: 48, 0.0028918501992966517, insert, 0.5384615384615384, 0.0, 0.14285714285714285
"\n",STRING_LITERAL, line no: 65,println,SIMPLE_NAME, line no: 56, 0.0028918501992966517, insert, 0.5604395604395604, 0.0, 0.14285714285714285
scanner,SIMPLE_NAME, line no: 64,length,SIMPLE_NAME, line no: 50, 0.0028736194651797302, insert, 0.5555555555555556, 0.0, 0.14285714285714285
"Enter an integer > ",STRING_LITERAL, line no: 63,length,SIMPLE_NAME, line no: 50, 0.0028508310475335785, insert, 0.5494505494505495, 0.0, 0.14285714285714285
String,SIMPLE_NAME, line no: 68,println,SIMPLE_NAME, line no: 56, 0.002811572361327131, insert, 0.8125, 0.0, 0.42857142857142855
output+=(String.format("\n")); ,EXPRESSION_STATEMENT, line no: 62,value=i; ,EXPRESSION_STATEMENT, line no: 7, 0.002798348840718424, insert, 0.04597701149425287, 0.0, 0.16129032258064516
output+=(String.format("\n")); ,EXPRESSION_STATEMENT, line no: 65,value=i; ,EXPRESSION_STATEMENT, line no: 7, 0.002798348840718424, insert, 0.04597701149425287, 0.0, 0.16129032258064516
String,SIMPLE_NAME, line no: 68,nextInt,SIMPLE_NAME, line no: 64, 0.002759825630750558, insert, 1.0, 0.0, 0.2857142857142857
value,SIMPLE_NAME, line no: 68,scanner,SIMPLE_NAME, line no: 51, 0.002759825630750558, insert, 0.45454545454545453, 0.0, 0.2857142857142857
nextInt,SIMPLE_NAME, line no: 64,mainClass,SIMPLE_NAME, line no: 48, 0.002737344727655743, insert, 0.5444444444444444, 0.0, 0.1111111111111111
"\n",STRING_LITERAL, line no: 62,mainClass,SIMPLE_NAME, line no: 48, 0.0027141005416566684, insert, 0.5384615384615384, 0.0, 0.1111111111111111
"\n",STRING_LITERAL, line no: 65,mainClass,SIMPLE_NAME, line no: 48, 0.0027141005416566684, insert, 0.5384615384615384, 0.0, 0.1111111111111111
String,SIMPLE_NAME, line no: 62,util,SIMPLE_NAME, line no: 44, 0.002686754440481286, insert, 0.02197802197802198, 0.0, 0.3333333333333333
String,SIMPLE_NAME, line no: 63,util,SIMPLE_NAME, line no: 44, 0.002686754440481286, insert, 0.02197802197802198, 0.0, 0.3333333333333333
String,SIMPLE_NAME, line no: 65,util,SIMPLE_NAME, line no: 44, 0.002686754440481286, insert, 0.02197802197802198, 0.0, 0.3333333333333333
String,SIMPLE_NAME, line no: 71,util,SIMPLE_NAME, line no: 44, 0.002686754440481286, insert, 0.02197802197802198, 0.0, 0.3333333333333333
String,SIMPLE_NAME, line no: 62,in,SIMPLE_NAME, line no: 53, 0.002645735288718213, insert, 0.2087912087912088, 0.0, 0.3333333333333333
String,SIMPLE_NAME, line no: 63,in,SIMPLE_NAME, line no: 53, 0.002645735288718213, insert, 0.2087912087912088, 0.0, 0.3333333333333333
String,SIMPLE_NAME, line no: 65,in,SIMPLE_NAME, line no: 53, 0.002645735288718213, insert, 0.2087912087912088, 0.0, 0.3333333333333333
String,SIMPLE_NAME, line no: 71,in,SIMPLE_NAME, line no: 53, 0.002645735288718213, insert, 0.2087912087912088, 0.0, 0.3333333333333333
"Enter an integer > ",STRING_LITERAL, line no: 63,System,SIMPLE_NAME, line no: 53, 0.0026252257128366765, insert, 0.2087912087912088, 0.0, 0.09523809523809523
"Enter an integer > ",STRING_LITERAL, line no: 63,exec,SIMPLE_NAME, line no: 55, 0.0026252257128366765, insert, 0.5604395604395604, 0.0, 0.09523809523809523
"That's all  have a nice day!\n",STRING_LITERAL, line no: 71,mainClass,SIMPLE_NAME, line no: 48, 0.0026168936976348023, insert, 0.5384615384615384, 0.0, 0.09375
"That's all  have a nice day!\n",STRING_LITERAL, line no: 71,println,SIMPLE_NAME, line no: 56, 0.0026168936976348023, insert, 0.5604395604395604, 0.0, 0.09375
String,SIMPLE_NAME, line no: 62,digits_a0e3fdae_003,SIMPLE_NAME, line no: 48, 0.002599318880144209, insert, 0.5384615384615384, 0.0, 0.10526315789473684
format,SIMPLE_NAME, line no: 62,digits_a0e3fdae_003,SIMPLE_NAME, line no: 48, 0.002599318880144209, insert, 0.5384615384615384, 0.0, 0.10526315789473684
String,SIMPLE_NAME, line no: 63,digits_a0e3fdae_003,SIMPLE_NAME, line no: 48, 0.002599318880144209, insert, 0.5384615384615384, 0.0, 0.10526315789473684
format,SIMPLE_NAME, line no: 63,digits_a0e3fdae_003,SIMPLE_NAME, line no: 48, 0.002599318880144209, insert, 0.5384615384615384, 0.0, 0.10526315789473684
String,SIMPLE_NAME, line no: 65,digits_a0e3fdae_003,SIMPLE_NAME, line no: 48, 0.002599318880144209, insert, 0.5384615384615384, 0.0, 0.10526315789473684
format,SIMPLE_NAME, line no: 65,digits_a0e3fdae_003,SIMPLE_NAME, line no: 48, 0.002599318880144209, insert, 0.5384615384615384, 0.0, 0.10526315789473684
String,SIMPLE_NAME, line no: 71,digits_a0e3fdae_003,SIMPLE_NAME, line no: 48, 0.002599318880144209, insert, 0.5384615384615384, 0.0, 0.10526315789473684
format,SIMPLE_NAME, line no: 71,digits_a0e3fdae_003,SIMPLE_NAME, line no: 48, 0.002599318880144209, insert, 0.5384615384615384, 0.0, 0.10526315789473684
"Enter an integer > ",STRING_LITERAL, line no: 63,args,SIMPLE_NAME, line no: 50, 0.0025842065610736037, insert, 0.5494505494505495, 0.0, 0.09523809523809523
"That's all  have a nice day!\n",STRING_LITERAL, line no: 71,length,SIMPLE_NAME, line no: 50, 0.0025758745458717295, insert, 0.5494505494505495, 0.0, 0.09375
mod.value,QUALIFIED_NAME, line no: 68,output,SIMPLE_NAME, line no: 49, 0.002575837255367188, insert, 0.8125, 0.0, 0.2222222222222222
mod.value,QUALIFIED_NAME, line no: 68,scanner,SIMPLE_NAME, line no: 51, 0.002575837255367188, insert, 0.46875, 0.0, 0.2222222222222222
mod.value,QUALIFIED_NAME, line no: 68,format,SIMPLE_NAME, line no: 62, 0.002575837255367188, insert, 1.0, 0.0, 0.2222222222222222
mod,SIMPLE_NAME, line no: 68,out,SIMPLE_NAME, line no: 56, 0.0025465663774652883, insert, 0.8181818181818182, 0.0, 0.3333333333333333
value,SIMPLE_NAME, line no: 68,length,SIMPLE_NAME, line no: 50, 0.0025465663774652883, insert, 0.8181818181818182, 0.0, 0.3333333333333333
String,SIMPLE_NAME, line no: 68,args,SIMPLE_NAME, line no: 50, 0.0025355897982520755, insert, 0.8125, 0.0, 0.3333333333333333
String,SIMPLE_NAME, line no: 68,length,SIMPLE_NAME, line no: 50, 0.0025355897982520755, insert, 0.8125, 0.0, 0.3333333333333333
String,SIMPLE_NAME, line no: 68,System,SIMPLE_NAME, line no: 53, 0.0025355897982520755, insert, 0.46875, 0.0, 0.3333333333333333
format,SIMPLE_NAME, line no: 68,out,SIMPLE_NAME, line no: 56, 0.0025355897982520755, insert, 0.8125, 0.0, 0.3333333333333333
mod.value,QUALIFIED_NAME, line no: 68,mainClass,SIMPLE_NAME, line no: 48, 0.0025355897982520755, insert, 0.8125, 0.0, 0.3333333333333333
"That's all  have a nice day!\n",STRING_LITERAL, line no: 71,System,SIMPLE_NAME, line no: 53, 0.002441921378395444, insert, 0.2087912087912088, 0.0, 0.0625
"That's all  have a nice day!\n",STRING_LITERAL, line no: 71,exec,SIMPLE_NAME, line no: 55, 0.002441921378395444, insert, 0.5604395604395604, 0.0, 0.0625
String,SIMPLE_NAME, line no: 68,output,SIMPLE_NAME, line no: 49, 0.0024148474269067386, insert, 0.8125, 0.0, 0.16666666666666666
String,SIMPLE_NAME, line no: 68,IntObj,SIMPLE_NAME, line no: 60, 0.0024148474269067386, insert, 1.0, 0.0, 0.16666666666666666
String,SIMPLE_NAME, line no: 68,format,SIMPLE_NAME, line no: 62, 0.0024148474269067386, insert, 1.0, 0.0, 0.16666666666666666
format,SIMPLE_NAME, line no: 68,value,SIMPLE_NAME, line no: 7, 0.0024148474269067386, insert, 0.1875, 0.0, 0.16666666666666666
format,SIMPLE_NAME, line no: 68,String,SIMPLE_NAME, line no: 49, 0.0024148474269067386, insert, 0.8125, 0.0, 0.16666666666666666
format,SIMPLE_NAME, line no: 68,IntObj,SIMPLE_NAME, line no: 60, 0.0024148474269067386, insert, 1.0, 0.0, 0.16666666666666666
format,SIMPLE_NAME, line no: 68,mod,SIMPLE_NAME, line no: 61, 0.0024148474269067386, insert, 1.0, 0.0, 0.16666666666666666
"%d\n",STRING_LITERAL, line no: 68,String,SIMPLE_NAME, line no: 49, 0.0024148474269067386, insert, 0.8125, 0.0, 0.16666666666666666
"%d\n",STRING_LITERAL, line no: 68,IntObj,SIMPLE_NAME, line no: 60, 0.0024148474269067386, insert, 1.0, 0.0, 0.16666666666666666
"%d\n",STRING_LITERAL, line no: 68,mod,SIMPLE_NAME, line no: 61, 0.0024148474269067386, insert, 1.0, 0.0, 0.16666666666666666
mod,SIMPLE_NAME, line no: 68,output,SIMPLE_NAME, line no: 49, 0.0024148474269067386, insert, 0.8181818181818182, 0.0, 0.16666666666666666
mod,SIMPLE_NAME, line no: 68,format,SIMPLE_NAME, line no: 62, 0.0024148474269067386, insert, 1.0, 0.0, 0.16666666666666666
value,SIMPLE_NAME, line no: 68,output,SIMPLE_NAME, line no: 49, 0.0024148474269067386, insert, 0.8181818181818182, 0.0, 0.16666666666666666
value,SIMPLE_NAME, line no: 68,format,SIMPLE_NAME, line no: 62, 0.0024148474269067386, insert, 1.0, 0.0, 0.16666666666666666
"That's all  have a nice day!\n",STRING_LITERAL, line no: 71,args,SIMPLE_NAME, line no: 50, 0.0024009022266323708, insert, 0.5494505494505495, 0.0, 0.0625
format,SIMPLE_NAME, line no: 68,println,SIMPLE_NAME, line no: 56, 0.002397598516714548, insert, 0.8125, 0.0, 0.2857142857142857
nextInt,SIMPLE_NAME, line no: 64,Scanner,SIMPLE_NAME, line no: 44, 0.0023877704009637756, insert, 0.011111111111111112, 0.0, 0.2857142857142857
String,SIMPLE_NAME, line no: 62,Scanner,SIMPLE_NAME, line no: 44, 0.002379110802258238, insert, 0.01098901098901099, 0.0, 0.2857142857142857
String,SIMPLE_NAME, line no: 63,Scanner,SIMPLE_NAME, line no: 44, 0.002379110802258238, insert, 0.01098901098901099, 0.0, 0.2857142857142857
String,SIMPLE_NAME, line no: 65,Scanner,SIMPLE_NAME, line no: 44, 0.002379110802258238, insert, 0.01098901098901099, 0.0, 0.2857142857142857
String,SIMPLE_NAME, line no: 71,Scanner,SIMPLE_NAME, line no: 44, 0.002379110802258238, insert, 0.01098901098901099, 0.0, 0.2857142857142857
"Enter an integer > ",STRING_LITERAL, line no: 63,out,SIMPLE_NAME, line no: 56, 0.0023586012263767013, insert, 0.5604395604395604, 0.0, 0.047619047619047616
String,SIMPLE_NAME, line no: 68,scanner,SIMPLE_NAME, line no: 51, 0.0023458517861379745, insert, 0.46875, 0.0, 0.14285714285714285
format,SIMPLE_NAME, line no: 68,scanner,SIMPLE_NAME, line no: 51, 0.0023458517861379745, insert, 0.46875, 0.0, 0.14285714285714285
format,SIMPLE_NAME, line no: 68,integer,SIMPLE_NAME, line no: 60, 0.0023458517861379745, insert, 1.0, 0.0, 0.14285714285714285
format,SIMPLE_NAME, line no: 68,nextInt,SIMPLE_NAME, line no: 64, 0.0023458517861379745, insert, 1.0, 0.0, 0.14285714285714285
"%d\n",STRING_LITERAL, line no: 68,scanner,SIMPLE_NAME, line no: 51, 0.0023458517861379745, insert, 0.46875, 0.0, 0.14285714285714285
"%d\n",STRING_LITERAL, line no: 68,integer,SIMPLE_NAME, line no: 60, 0.0023458517861379745, insert, 1.0, 0.0, 0.14285714285714285
"%d\n",STRING_LITERAL, line no: 68,nextInt,SIMPLE_NAME, line no: 64, 0.0023458517861379745, insert, 1.0, 0.0, 0.14285714285714285
value,SIMPLE_NAME, line no: 68,integer,SIMPLE_NAME, line no: 60, 0.0023458517861379745, insert, 1.0, 0.0, 0.14285714285714285
value,SIMPLE_NAME, line no: 68,nextInt,SIMPLE_NAME, line no: 64, 0.0023458517861379745, insert, 1.0, 0.0, 0.14285714285714285
nextInt,SIMPLE_NAME, line no: 64,digits_a0e3fdae_003,SIMPLE_NAME, line no: 48, 0.0023269613075606235, insert, 0.5444444444444444, 0.0, 0.05263157894736842
"That's all  have a nice day!\n",STRING_LITERAL, line no: 71,out,SIMPLE_NAME, line no: 56, 0.0022669490591560853, insert, 0.5604395604395604, 0.0, 0.03125
mod.value,QUALIFIED_NAME, line no: 68,integer,SIMPLE_NAME, line no: 60, 0.0022538575984462892, insert, 1.0, 0.0, 0.1111111111111111
mod.value,QUALIFIED_NAME, line no: 68,nextInt,SIMPLE_NAME, line no: 64, 0.0022538575984462892, insert, 1.0, 0.0, 0.1111111111111111
value,SIMPLE_NAME, line no: 68,mainClass,SIMPLE_NAME, line no: 48, 0.00222458672054439, insert, 0.8181818181818182, 0.0, 0.2222222222222222
String,SIMPLE_NAME, line no: 68,mainClass,SIMPLE_NAME, line no: 48, 0.002213610141331177, insert, 0.8125, 0.0, 0.2222222222222222
format,SIMPLE_NAME, line no: 68,mainClass,SIMPLE_NAME, line no: 48, 0.002213610141331177, insert, 0.8125, 0.0, 0.2222222222222222
mod.value,QUALIFIED_NAME, line no: 68,length,SIMPLE_NAME, line no: 50, 0.002213610141331177, insert, 0.8125, 0.0, 0.2222222222222222
mod.value,QUALIFIED_NAME, line no: 68,out,SIMPLE_NAME, line no: 56, 0.002213610141331177, insert, 0.8125, 0.0, 0.2222222222222222
"\n",STRING_LITERAL, line no: 62,in,SIMPLE_NAME, line no: 53, 0.002179142437413257, insert, 0.2087912087912088, 0.0, 0.25
"\n",STRING_LITERAL, line no: 65,in,SIMPLE_NAME, line no: 53, 0.002179142437413257, insert, 0.2087912087912088, 0.0, 0.25
value,SIMPLE_NAME, line no: 68,args,SIMPLE_NAME, line no: 50, 0.00216019078916021, insert, 0.8181818181818182, 0.0, 0.2
value,SIMPLE_NAME, line no: 68,exec,SIMPLE_NAME, line no: 55, 0.00216019078916021, insert, 0.8181818181818182, 0.0, 0.2
value,SIMPLE_NAME, line no: 68,out,SIMPLE_NAME, line no: 56, 0.00216019078916021, insert, 0.8181818181818182, 0.0, 0.2
"Enter an integer > ",STRING_LITERAL, line no: 63,Scanner,SIMPLE_NAME, line no: 44, 0.002112486315798263, insert, 0.01098901098901099, 0.0, 0.23809523809523808
value,SIMPLE_NAME, line no: 68,java,SIMPLE_NAME, line no: 44, 0.00209579485777603, insert, 0.06060606060606061, 0.0, 0.4
mod,SIMPLE_NAME, line no: 68,System,SIMPLE_NAME, line no: 53, 0.0020635968920839406, insert, 0.48484848484848486, 0.0, 0.16666666666666666
value,SIMPLE_NAME, line no: 68,System,SIMPLE_NAME, line no: 53, 0.0020635968920839406, insert, 0.48484848484848486, 0.0, 0.16666666666666666
String,SIMPLE_NAME, line no: 68,out,SIMPLE_NAME, line no: 56, 0.002052620312870728, insert, 0.8125, 0.0, 0.16666666666666666
format,SIMPLE_NAME, line no: 68,args,SIMPLE_NAME, line no: 50, 0.002052620312870728, insert, 0.8125, 0.0, 0.16666666666666666
format,SIMPLE_NAME, line no: 68,length,SIMPLE_NAME, line no: 50, 0.002052620312870728, insert, 0.8125, 0.0, 0.16666666666666666
format,SIMPLE_NAME, line no: 68,System,SIMPLE_NAME, line no: 53, 0.002052620312870728, insert, 0.46875, 0.0, 0.16666666666666666
"%d\n",STRING_LITERAL, line no: 68,length,SIMPLE_NAME, line no: 50, 0.002052620312870728, insert, 0.8125, 0.0, 0.16666666666666666
mod.value,QUALIFIED_NAME, line no: 68,digits_a0e3fdae_003,SIMPLE_NAME, line no: 48, 0.0020272008662717096, insert, 0.8125, 0.0, 0.15789473684210525
value,SIMPLE_NAME, line no: 68,println,SIMPLE_NAME, line no: 56, 0.0019946012513151765, insert, 0.8181818181818182, 0.0, 0.14285714285714285
"%d\n",STRING_LITERAL, line no: 68,println,SIMPLE_NAME, line no: 56, 0.0019836246721019637, insert, 0.8125, 0.0, 0.14285714285714285
output+=(String.format("Enter an integer > ")); ,EXPRESSION_STATEMENT, line no: 63,value=i; ,EXPRESSION_STATEMENT, line no: 7, 0.0019655337378082205, insert, 0.04597701149425287, 0.0, 0.10416666666666667
output+=(String.format("That's all  have a nice day!\n")); ,EXPRESSION_STATEMENT, line no: 71,value=i; ,EXPRESSION_STATEMENT, line no: 7, 0.0019294976705437113, insert, 0.04597701149425287, 0.0, 0.1016949152542373
mod,SIMPLE_NAME, line no: 68,mainClass,SIMPLE_NAME, line no: 48, 0.0019026070636234912, insert, 0.8181818181818182, 0.0, 0.1111111111111111
"%d\n",STRING_LITERAL, line no: 68,mainClass,SIMPLE_NAME, line no: 48, 0.0018916304844102786, insert, 0.8125, 0.0, 0.1111111111111111
mod.value,QUALIFIED_NAME, line no: 68,args,SIMPLE_NAME, line no: 50, 0.0018916304844102786, insert, 0.8125, 0.0, 0.1111111111111111
mod.value,QUALIFIED_NAME, line no: 68,System,SIMPLE_NAME, line no: 53, 0.0018916304844102786, insert, 0.46875, 0.0, 0.1111111111111111
mod.value,QUALIFIED_NAME, line no: 68,exec,SIMPLE_NAME, line no: 55, 0.0018916304844102786, insert, 0.8125, 0.0, 0.1111111111111111
mod.value,QUALIFIED_NAME, line no: 68,println,SIMPLE_NAME, line no: 56, 0.0018916304844102786, insert, 0.8125, 0.0, 0.1111111111111111
value,SIMPLE_NAME, line no: 68,digits_a0e3fdae_003,SIMPLE_NAME, line no: 48, 0.0018856607658908123, insert, 0.8181818181818182, 0.0, 0.10526315789473684
String,SIMPLE_NAME, line no: 68,digits_a0e3fdae_003,SIMPLE_NAME, line no: 48, 0.0018746841866775995, insert, 0.8125, 0.0, 0.10526315789473684
format,SIMPLE_NAME, line no: 68,digits_a0e3fdae_003,SIMPLE_NAME, line no: 48, 0.0018746841866775995, insert, 0.8125, 0.0, 0.10526315789473684
String,SIMPLE_NAME, line no: 68,util,SIMPLE_NAME, line no: 44, 0.0018715067558527222, insert, 0.0625, 0.0, 0.3333333333333333
String,SIMPLE_NAME, line no: 68,in,SIMPLE_NAME, line no: 53, 0.0018715067558527222, insert, 0.46875, 0.0, 0.3333333333333333
value,SIMPLE_NAME, line no: 68,Scanner,SIMPLE_NAME, line no: 44, 0.001764615782085963, insert, 0.030303030303030304, 0.0, 0.2857142857142857
format,SIMPLE_NAME, line no: 62,java,SIMPLE_NAME, line no: 44, 0.0017535687378713736, insert, 0.02197802197802198, 0.0, 0.16666666666666666
format,SIMPLE_NAME, line no: 62,util,SIMPLE_NAME, line no: 44, 0.0017535687378713736, insert, 0.02197802197802198, 0.0, 0.16666666666666666
format,SIMPLE_NAME, line no: 63,java,SIMPLE_NAME, line no: 44, 0.0017535687378713736, insert, 0.02197802197802198, 0.0, 0.16666666666666666
format,SIMPLE_NAME, line no: 63,util,SIMPLE_NAME, line no: 44, 0.0017535687378713736, insert, 0.02197802197802198, 0.0, 0.16666666666666666
format,SIMPLE_NAME, line no: 65,java,SIMPLE_NAME, line no: 44, 0.0017535687378713736, insert, 0.02197802197802198, 0.0, 0.16666666666666666
format,SIMPLE_NAME, line no: 65,util,SIMPLE_NAME, line no: 44, 0.0017535687378713736, insert, 0.02197802197802198, 0.0, 0.16666666666666666
format,SIMPLE_NAME, line no: 71,java,SIMPLE_NAME, line no: 44, 0.0017535687378713736, insert, 0.02197802197802198, 0.0, 0.16666666666666666
format,SIMPLE_NAME, line no: 71,util,SIMPLE_NAME, line no: 44, 0.0017535687378713736, insert, 0.02197802197802198, 0.0, 0.16666666666666666
String,SIMPLE_NAME, line no: 68,Scanner,SIMPLE_NAME, line no: 44, 0.0017335154743151943, insert, 0.03125, 0.0, 0.2857142857142857
mod,SIMPLE_NAME, line no: 68,digits_a0e3fdae_003,SIMPLE_NAME, line no: 48, 0.0017331440862967025, insert, 0.8181818181818182, 0.0, 0.05263157894736842
"%d\n",STRING_LITERAL, line no: 68,digits_a0e3fdae_003,SIMPLE_NAME, line no: 48, 0.00172216750708349, insert, 0.8125, 0.0, 0.05263157894736842
scanner,SIMPLE_NAME, line no: 64,java,SIMPLE_NAME, line no: 44, 0.0016293718616998468, insert, 0.022222222222222223, 0.0, 0.14285714285714285
nextInt,SIMPLE_NAME, line no: 64,util,SIMPLE_NAME, line no: 44, 0.0016293718616998468, insert, 0.022222222222222223, 0.0, 0.14285714285714285
scanner,SIMPLE_NAME, line no: 64,in,SIMPLE_NAME, line no: 53, 0.0015878969415838507, insert, 0.2111111111111111, 0.0, 0.14285714285714285
nextInt,SIMPLE_NAME, line no: 64,in,SIMPLE_NAME, line no: 53, 0.0015878969415838507, insert, 0.2111111111111111, 0.0, 0.14285714285714285
format,SIMPLE_NAME, line no: 62,Scanner,SIMPLE_NAME, line no: 44, 0.0015792373428783132, insert, 0.01098901098901099, 0.0, 0.14285714285714285
"\n",STRING_LITERAL, line no: 62,Scanner,SIMPLE_NAME, line no: 44, 0.0015792373428783132, insert, 0.01098901098901099, 0.0, 0.14285714285714285
format,SIMPLE_NAME, line no: 63,Scanner,SIMPLE_NAME, line no: 44, 0.0015792373428783132, insert, 0.01098901098901099, 0.0, 0.14285714285714285
format,SIMPLE_NAME, line no: 65,Scanner,SIMPLE_NAME, line no: 44, 0.0015792373428783132, insert, 0.01098901098901099, 0.0, 0.14285714285714285
"\n",STRING_LITERAL, line no: 65,Scanner,SIMPLE_NAME, line no: 44, 0.0015792373428783132, insert, 0.01098901098901099, 0.0, 0.14285714285714285
format,SIMPLE_NAME, line no: 71,Scanner,SIMPLE_NAME, line no: 44, 0.0015792373428783132, insert, 0.01098901098901099, 0.0, 0.14285714285714285
mod.value,QUALIFIED_NAME, line no: 68,java,SIMPLE_NAME, line no: 44, 0.0015495270989318239, insert, 0.0625, 0.0, 0.2222222222222222
mod.value,QUALIFIED_NAME, line no: 68,Scanner,SIMPLE_NAME, line no: 44, 0.0015495270989318239, insert, 0.03125, 0.0, 0.2222222222222222
value,SIMPLE_NAME, line no: 68,util,SIMPLE_NAME, line no: 44, 0.001516231475318413, insert, 0.06060606060606061, 0.0, 0.2
format,SIMPLE_NAME, line no: 68,java,SIMPLE_NAME, line no: 44, 0.0013885372704713747, insert, 0.0625, 0.0, 0.16666666666666666
format,SIMPLE_NAME, line no: 68,util,SIMPLE_NAME, line no: 44, 0.0013885372704713747, insert, 0.0625, 0.0, 0.16666666666666666
"%d\n",STRING_LITERAL, line no: 68,in,SIMPLE_NAME, line no: 53, 0.0013885372704713747, insert, 0.46875, 0.0, 0.16666666666666666
"Enter an integer > ",STRING_LITERAL, line no: 63,util,SIMPLE_NAME, line no: 44, 0.0013536320081814113, insert, 0.02197802197802198, 0.0, 0.09523809523809523
"That's all  have a nice day!\n",STRING_LITERAL, line no: 71,java,SIMPLE_NAME, line no: 44, 0.001345299992979537, insert, 0.02197802197802198, 0.0, 0.09375
"Enter an integer > ",STRING_LITERAL, line no: 63,integer.value,QUALIFIED_NAME, line no: 64, 0.0013219830460383373, insert, 0.978021978021978, 0.0, 0.3333333333333333
format,SIMPLE_NAME, line no: 68,Scanner,SIMPLE_NAME, line no: 44, 0.0013195416297026106, insert, 0.03125, 0.0, 0.14285714285714285
"%d\n",STRING_LITERAL, line no: 68,Scanner,SIMPLE_NAME, line no: 44, 0.0013195416297026106, insert, 0.03125, 0.0, 0.14285714285714285
"Enter an integer > ",STRING_LITERAL, line no: 63,in,SIMPLE_NAME, line no: 53, 0.0013126128564183383, insert, 0.2087912087912088, 0.0, 0.09523809523809523
"That's all  have a nice day!\n",STRING_LITERAL, line no: 71,Scanner,SIMPLE_NAME, line no: 44, 0.001304280841216464, insert, 0.01098901098901099, 0.0, 0.09375
mod.value,QUALIFIED_NAME, line no: 68,util,SIMPLE_NAME, line no: 44, 0.0012275474420109253, insert, 0.0625, 0.0, 0.1111111111111111
scanner,SIMPLE_NAME, line no: 64,integer.value,QUALIFIED_NAME, line no: 64, 0.0011940985233691187, insert, 0.9888888888888889, 0.0, 0.23076923076923078
String,SIMPLE_NAME, line no: 62,integer.value,QUALIFIED_NAME, line no: 64, 0.001184378862807581, insert, 0.978021978021978, 0.0, 0.23076923076923078
String,SIMPLE_NAME, line no: 63,integer.value,QUALIFIED_NAME, line no: 64, 0.001184378862807581, insert, 0.978021978021978, 0.0, 0.23076923076923078
String,SIMPLE_NAME, line no: 65,integer.value,QUALIFIED_NAME, line no: 64, 0.001184378862807581, insert, 0.978021978021978, 0.0, 0.23076923076923078
String,SIMPLE_NAME, line no: 71,integer.value,QUALIFIED_NAME, line no: 64, 0.001184378862807581, insert, 0.978021978021978, 0.0, 0.23076923076923078
String,SIMPLE_NAME, line no: 62,i,SIMPLE_NAME, line no: 7, 0.0011793006131883507, insert, 0.06593406593406594, 0.0, 0.16666666666666666
String,SIMPLE_NAME, line no: 63,i,SIMPLE_NAME, line no: 7, 0.0011793006131883507, insert, 0.06593406593406594, 0.0, 0.16666666666666666
String,SIMPLE_NAME, line no: 65,i,SIMPLE_NAME, line no: 7, 0.0011793006131883507, insert, 0.06593406593406594, 0.0, 0.16666666666666666
String,SIMPLE_NAME, line no: 71,i,SIMPLE_NAME, line no: 7, 0.0011793006131883507, insert, 0.06593406593406594, 0.0, 0.16666666666666666
"That's all  have a nice day!\n",STRING_LITERAL, line no: 71,util,SIMPLE_NAME, line no: 44, 0.0011703276737401785, insert, 0.02197802197802198, 0.0, 0.0625
mod.value,QUALIFIED_NAME, line no: 68,mod.value,QUALIFIED_NAME, line no: 67, 0.0011572751247156893, insert, 0.9375, 2.0, 1.0
"That's all  have a nice day!\n",STRING_LITERAL, line no: 71,in,SIMPLE_NAME, line no: 53, 0.0011293085219771055, insert, 0.2087912087912088, 0.0, 0.0625
integer.value=scanner.nextInt(); ,EXPRESSION_STATEMENT, line no: 64,if (true) return; ,IF_STATEMENT, line no: 72, 0.0011269782606598941, insert, 1.0, 0.0, 0.3333333333333333
nextInt,SIMPLE_NAME, line no: 64,integer.value,QUALIFIED_NAME, line no: 64, 0.0010908953859460515, insert, 0.9888888888888889, 0.0, 0.15384615384615385
"Enter an integer > ",STRING_LITERAL, line no: 63,java,SIMPLE_NAME, line no: 44, 0.0010870075217214363, insert, 0.02197802197802198, 0.0, 0.047619047619047616
format,SIMPLE_NAME, line no: 62,integer.value,QUALIFIED_NAME, line no: 64, 0.0010811757253845137, insert, 0.978021978021978, 0.0, 0.15384615384615385
format,SIMPLE_NAME, line no: 63,integer.value,QUALIFIED_NAME, line no: 64, 0.0010811757253845137, insert, 0.978021978021978, 0.0, 0.15384615384615385
format,SIMPLE_NAME, line no: 65,integer.value,QUALIFIED_NAME, line no: 64, 0.0010811757253845137, insert, 0.978021978021978, 0.0, 0.15384615384615385
format,SIMPLE_NAME, line no: 71,integer.value,QUALIFIED_NAME, line no: 64, 0.0010811757253845137, insert, 0.978021978021978, 0.0, 0.15384615384615385
"That's all  have a nice day!\n",STRING_LITERAL, line no: 71,integer.value,QUALIFIED_NAME, line no: 64, 0.0010424745488508637, insert, 0.978021978021978, 0.0, 0.125
output+=(String.format("\n")); ,EXPRESSION_STATEMENT, line no: 62,if (true) return; ,IF_STATEMENT, line no: 72, 0.0010421519399650633, insert, 1.0, 0.0, 0.25806451612903225
output+=(String.format("\n")); ,EXPRESSION_STATEMENT, line no: 65,if (true) return; ,IF_STATEMENT, line no: 72, 0.0010421519399650633, insert, 1.0, 0.0, 0.25806451612903225
output+=(String.format("Enter an integer > ")); ,EXPRESSION_STATEMENT, line no: 63,if (true) return; ,IF_STATEMENT, line no: 72, 9.861059780774074E-4, insert, 1.0, 0.0, 0.20833333333333334
"\n",STRING_LITERAL, line no: 62,integer.value,QUALIFIED_NAME, line no: 64, 9.779725879614466E-4, insert, 0.978021978021978, 0.0, 0.07692307692307693
"\n",STRING_LITERAL, line no: 65,integer.value,QUALIFIED_NAME, line no: 64, 9.779725879614466E-4, insert, 0.978021978021978, 0.0, 0.07692307692307693
output+=(String.format("That's all  have a nice day!\n")); ,EXPRESSION_STATEMENT, line no: 71,if (true) return; ,IF_STATEMENT, line no: 72, 9.423321049585555E-4, insert, 1.0, 0.0, 0.1694915254237288
nextInt,SIMPLE_NAME, line no: 64,args.length,QUALIFIED_NAME, line no: 50, 8.62806027681737E-4, insert, 0.5555555555555556, 0.0, 0.2727272727272727
String,SIMPLE_NAME, line no: 62,args.length,QUALIFIED_NAME, line no: 50, 8.573455442201991E-4, insert, 0.5494505494505495, 0.0, 0.2727272727272727
String,SIMPLE_NAME, line no: 63,args.length,QUALIFIED_NAME, line no: 50, 8.573455442201991E-4, insert, 0.5494505494505495, 0.0, 0.2727272727272727
String,SIMPLE_NAME, line no: 65,args.length,QUALIFIED_NAME, line no: 50, 8.573455442201991E-4, insert, 0.5494505494505495, 0.0, 0.2727272727272727
String,SIMPLE_NAME, line no: 71,args.length,QUALIFIED_NAME, line no: 50, 8.573455442201991E-4, insert, 0.5494505494505495, 0.0, 0.2727272727272727
String,SIMPLE_NAME, line no: 68,i,SIMPLE_NAME, line no: 7, 8.451965994173585E-4, insert, 0.1875, 0.0, 0.16666666666666666
value,SIMPLE_NAME, line no: 68,mod.value,QUALIFIED_NAME, line no: 67, 8.346408475222244E-4, insert, 0.9090909090909091, 1.0, 0.5555555555555556
String,SIMPLE_NAME, line no: 62,true,BOOLEAN_LITERAL, line no: 72, 8.161238581614618E-4, insert, 0.9560439560439561, 0.0, 0.3333333333333333
String,SIMPLE_NAME, line no: 63,true,BOOLEAN_LITERAL, line no: 72, 8.161238581614618E-4, insert, 0.9560439560439561, 0.0, 0.3333333333333333
String,SIMPLE_NAME, line no: 65,true,BOOLEAN_LITERAL, line no: 72, 8.161238581614618E-4, insert, 0.9560439560439561, 0.0, 0.3333333333333333
String,SIMPLE_NAME, line no: 71,true,BOOLEAN_LITERAL, line no: 72, 8.161238581614618E-4, insert, 0.9560439560439561, 0.0, 0.3333333333333333
mod.value,QUALIFIED_NAME, line no: 68,integer.value,QUALIFIED_NAME, line no: 64, 7.83386238269082E-4, insert, 1.0, 0.6666666666666666, 0.46153846153846156
scanner,SIMPLE_NAME, line no: 64,System.out,QUALIFIED_NAME, line no: 56, 7.751702321999272E-4, insert, 0.5666666666666667, 0.0, 0.2
nextInt,SIMPLE_NAME, line no: 64,System.out,QUALIFIED_NAME, line no: 56, 7.751702321999272E-4, insert, 0.5666666666666667, 0.0, 0.2
String,SIMPLE_NAME, line no: 62,System.in,QUALIFIED_NAME, line no: 53, 7.732044581537735E-4, insert, 0.1978021978021978, 0.0, 0.4444444444444444
String,SIMPLE_NAME, line no: 63,System.in,QUALIFIED_NAME, line no: 53, 7.732044581537735E-4, insert, 0.1978021978021978, 0.0, 0.4444444444444444
String,SIMPLE_NAME, line no: 65,System.in,QUALIFIED_NAME, line no: 53, 7.732044581537735E-4, insert, 0.1978021978021978, 0.0, 0.4444444444444444
String,SIMPLE_NAME, line no: 71,System.in,QUALIFIED_NAME, line no: 53, 7.732044581537735E-4, insert, 0.1978021978021978, 0.0, 0.4444444444444444
String,SIMPLE_NAME, line no: 62,System.out,QUALIFIED_NAME, line no: 56, 7.696005390691584E-4, insert, 0.5604395604395604, 0.0, 0.2
format,SIMPLE_NAME, line no: 62,System.out,QUALIFIED_NAME, line no: 56, 7.696005390691584E-4, insert, 0.5604395604395604, 0.0, 0.2
String,SIMPLE_NAME, line no: 63,System.out,QUALIFIED_NAME, line no: 56, 7.696005390691584E-4, insert, 0.5604395604395604, 0.0, 0.2
format,SIMPLE_NAME, line no: 63,System.out,QUALIFIED_NAME, line no: 56, 7.696005390691584E-4, insert, 0.5604395604395604, 0.0, 0.2
String,SIMPLE_NAME, line no: 65,System.out,QUALIFIED_NAME, line no: 56, 7.696005390691584E-4, insert, 0.5604395604395604, 0.0, 0.2
format,SIMPLE_NAME, line no: 65,System.out,QUALIFIED_NAME, line no: 56, 7.696005390691584E-4, insert, 0.5604395604395604, 0.0, 0.2
String,SIMPLE_NAME, line no: 71,System.out,QUALIFIED_NAME, line no: 56, 7.696005390691584E-4, insert, 0.5604395604395604, 0.0, 0.2
format,SIMPLE_NAME, line no: 71,System.out,QUALIFIED_NAME, line no: 56, 7.696005390691584E-4, insert, 0.5604395604395604, 0.0, 0.2
nextInt,SIMPLE_NAME, line no: 64,mainClass.output,QUALIFIED_NAME, line no: 56, 7.583997223686787E-4, insert, 0.5666666666666667, 0.0, 0.1875
"Enter an integer > ",STRING_LITERAL, line no: 63,mainClass.output,QUALIFIED_NAME, line no: 56, 7.568230077691597E-4, insert, 0.5604395604395604, 0.0, 0.19047619047619047
format,SIMPLE_NAME, line no: 62,mainClass.output,QUALIFIED_NAME, line no: 56, 7.528300292379101E-4, insert, 0.5604395604395604, 0.0, 0.1875
format,SIMPLE_NAME, line no: 63,mainClass.output,QUALIFIED_NAME, line no: 56, 7.528300292379101E-4, insert, 0.5604395604395604, 0.0, 0.1875
format,SIMPLE_NAME, line no: 65,mainClass.output,QUALIFIED_NAME, line no: 56, 7.528300292379101E-4, insert, 0.5604395604395604, 0.0, 0.1875
format,SIMPLE_NAME, line no: 71,mainClass.output,QUALIFIED_NAME, line no: 56, 7.528300292379101E-4, insert, 0.5604395604395604, 0.0, 0.1875
scanner,SIMPLE_NAME, line no: 64,args.length,QUALIFIED_NAME, line no: 50, 7.408386834544759E-4, insert, 0.5555555555555556, 0.0, 0.18181818181818182
format,SIMPLE_NAME, line no: 62,args.length,QUALIFIED_NAME, line no: 50, 7.35378199992938E-4, insert, 0.5494505494505495, 0.0, 0.18181818181818182
format,SIMPLE_NAME, line no: 63,args.length,QUALIFIED_NAME, line no: 50, 7.35378199992938E-4, insert, 0.5494505494505495, 0.0, 0.18181818181818182
format,SIMPLE_NAME, line no: 65,args.length,QUALIFIED_NAME, line no: 50, 7.35378199992938E-4, insert, 0.5494505494505495, 0.0, 0.18181818181818182
format,SIMPLE_NAME, line no: 71,args.length,QUALIFIED_NAME, line no: 50, 7.35378199992938E-4, insert, 0.5494505494505495, 0.0, 0.18181818181818182
value,SIMPLE_NAME, line no: 68,integer.value,QUALIFIED_NAME, line no: 64, 7.29973540205281E-4, insert, 1.0, 1.0, 0.38461538461538464
scanner,SIMPLE_NAME, line no: 64,mainClass.scanner,QUALIFIED_NAME, line no: 51, 7.213876821528733E-4, insert, 0.17777777777777778, 1.0, 0.4117647058823529
"That's all  have a nice day!\n",STRING_LITERAL, line no: 71,args.length,QUALIFIED_NAME, line no: 50, 7.010748844290207E-4, insert, 0.5494505494505495, 0.0, 0.15625
"Enter an integer > ",STRING_LITERAL, line no: 63,System.out,QUALIFIED_NAME, line no: 56, 6.929353512691657E-4, insert, 0.5604395604395604, 0.0, 0.14285714285714285
"Enter an integer > ",STRING_LITERAL, line no: 63,args.length,QUALIFIED_NAME, line no: 50, 6.831064810383974E-4, insert, 0.5494505494505495, 0.0, 0.14285714285714285
mod,SIMPLE_NAME, line no: 68,mod.value,QUALIFIED_NAME, line no: 67, 6.803374975601326E-4, insert, 0.9090909090909091, 1.0, 0.3333333333333333
format,SIMPLE_NAME, line no: 62,true,BOOLEAN_LITERAL, line no: 72, 6.759969315714749E-4, insert, 0.9560439560439561, 0.0, 0.16666666666666666
format,SIMPLE_NAME, line no: 63,true,BOOLEAN_LITERAL, line no: 72, 6.759969315714749E-4, insert, 0.9560439560439561, 0.0, 0.16666666666666666
format,SIMPLE_NAME, line no: 65,true,BOOLEAN_LITERAL, line no: 72, 6.759969315714749E-4, insert, 0.9560439560439561, 0.0, 0.16666666666666666
format,SIMPLE_NAME, line no: 71,true,BOOLEAN_LITERAL, line no: 72, 6.759969315714749E-4, insert, 0.9560439560439561, 0.0, 0.16666666666666666
scanner,SIMPLE_NAME, line no: 64,mainClass.output,QUALIFIED_NAME, line no: 56, 6.745471732124366E-4, insert, 0.5666666666666667, 0.0, 0.125
String,SIMPLE_NAME, line no: 62,mainClass.output,QUALIFIED_NAME, line no: 56, 6.689774800816678E-4, insert, 0.5604395604395604, 0.0, 0.125
String,SIMPLE_NAME, line no: 63,mainClass.output,QUALIFIED_NAME, line no: 56, 6.689774800816678E-4, insert, 0.5604395604395604, 0.0, 0.125
String,SIMPLE_NAME, line no: 65,mainClass.output,QUALIFIED_NAME, line no: 56, 6.689774800816678E-4, insert, 0.5604395604395604, 0.0, 0.125
String,SIMPLE_NAME, line no: 71,mainClass.output,QUALIFIED_NAME, line no: 56, 6.689774800816678E-4, insert, 0.5604395604395604, 0.0, 0.125
scanner,SIMPLE_NAME, line no: 64,true,BOOLEAN_LITERAL, line no: 72, 6.619329103679378E-4, insert, 0.9666666666666667, 0.0, 0.14285714285714285
nextInt,SIMPLE_NAME, line no: 64,true,BOOLEAN_LITERAL, line no: 72, 6.619329103679378E-4, insert, 0.9666666666666667, 0.0, 0.14285714285714285
"Enter an integer > ",STRING_LITERAL, line no: 63,true,BOOLEAN_LITERAL, line no: 72, 6.559787992014768E-4, insert, 0.9560439560439561, 0.0, 0.14285714285714285
scanner,SIMPLE_NAME, line no: 64,java.util.Scanner,QUALIFIED_NAME, line no: 51, 6.52405715788174E-4, insert, 0.18888888888888888, 0.0, 0.35294117647058826
output+=(String.format("That's all  have a nice day!\n")); ,EXPRESSION_STATEMENT, line no: 71,if (args.length > 0) {   mainClass.scanner=new java.util.Scanner(args[0]); }  else {   mainClass.scanner=new java.util.Scanner(System.in); } ,IF_STATEMENT, line no: 50, 6.309681824579891E-4, insert, 0.5632183908045977, 0.0, 0.18439716312056736
"That's all  have a nice day!\n",STRING_LITERAL, line no: 71,mainClass.output,QUALIFIED_NAME, line no: 56, 6.270512055035469E-4, insert, 0.5604395604395604, 0.0, 0.09375
String,SIMPLE_NAME, line no: 68,integer.value,QUALIFIED_NAME, line no: 64, 6.23148144077679E-4, insert, 1.0, 0.0, 0.23076923076923078
format,SIMPLE_NAME, line no: 68,mod.value,QUALIFIED_NAME, line no: 67, 6.172133998483677E-4, insert, 0.9375, 0.0, 0.2222222222222222
scanner,SIMPLE_NAME, line no: 64,mod.value,QUALIFIED_NAME, line no: 67, 6.161609537999421E-4, insert, 0.3333333333333333, 0.0, 0.2222222222222222
integer.value=scanner.nextInt(); ,EXPRESSION_STATEMENT, line no: 64,if (args.length > 0) {   mainClass.scanner=new java.util.Scanner(args[0]); }  else {   mainClass.scanner=new java.util.Scanner(System.in); } ,IF_STATEMENT, line no: 50, 6.149826752145864E-4, insert, 0.5632183908045977, 0.5, 0.1702127659574468
"\n",STRING_LITERAL, line no: 62,args.length,QUALIFIED_NAME, line no: 50, 6.134108557656766E-4, insert, 0.5494505494505495, 0.0, 0.09090909090909091
"\n",STRING_LITERAL, line no: 65,args.length,QUALIFIED_NAME, line no: 50, 6.134108557656766E-4, insert, 0.5494505494505495, 0.0, 0.09090909090909091
format,SIMPLE_NAME, line no: 62,mod.value,QUALIFIED_NAME, line no: 67, 6.126662443845578E-4, insert, 0.32967032967032966, 0.0, 0.2222222222222222
format,SIMPLE_NAME, line no: 63,mod.value,QUALIFIED_NAME, line no: 67, 6.126662443845578E-4, insert, 0.32967032967032966, 0.0, 0.2222222222222222
format,SIMPLE_NAME, line no: 65,mod.value,QUALIFIED_NAME, line no: 67, 6.126662443845578E-4, insert, 0.32967032967032966, 0.0, 0.2222222222222222
format,SIMPLE_NAME, line no: 71,mod.value,QUALIFIED_NAME, line no: 67, 6.126662443845578E-4, insert, 0.32967032967032966, 0.0, 0.2222222222222222
output+=(String.format("Enter an integer > ")); ,EXPRESSION_STATEMENT, line no: 63,if (args.length > 0) {   mainClass.scanner=new java.util.Scanner(args[0]); }  else {   mainClass.scanner=new java.util.Scanner(System.in); } ,IF_STATEMENT, line no: 50, 5.989971679711836E-4, insert, 0.5632183908045977, 0.0, 0.15602836879432624
"That's all  have a nice day!\n",STRING_LITERAL, line no: 71,true,BOOLEAN_LITERAL, line no: 72, 5.884176024527331E-4, insert, 0.9560439560439561, 0.0, 0.0625
"\n",STRING_LITERAL, line no: 62,mainClass.output,QUALIFIED_NAME, line no: 56, 5.851249309254258E-4, insert, 0.5604395604395604, 0.0, 0.0625
"\n",STRING_LITERAL, line no: 65,mainClass.output,QUALIFIED_NAME, line no: 56, 5.851249309254258E-4, insert, 0.5604395604395604, 0.0, 0.0625
"That's all  have a nice day!\n",STRING_LITERAL, line no: 71,System.out,QUALIFIED_NAME, line no: 56, 5.851249309254258E-4, insert, 0.5604395604395604, 0.0, 0.0625
mod.value,QUALIFIED_NAME, line no: 68,System.out,QUALIFIED_NAME, line no: 56, 5.844239379814231E-4, insert, 0.8125, 0.0, 0.3
format,SIMPLE_NAME, line no: 68,integer.value,QUALIFIED_NAME, line no: 64, 5.697354460138779E-4, insert, 1.0, 0.0, 0.15384615384615385
value,SIMPLE_NAME, line no: 68,args.length,QUALIFIED_NAME, line no: 50, 5.681168794058839E-4, insert, 0.8181818181818182, 0.0, 0.2727272727272727
String,SIMPLE_NAME, line no: 68,args.length,QUALIFIED_NAME, line no: 50, 5.654867086678936E-4, insert, 0.8125, 0.0, 0.2727272727272727
mod.value,QUALIFIED_NAME, line no: 68,args.length,QUALIFIED_NAME, line no: 50, 5.654867086678936E-4, insert, 0.8125, 0.0, 0.2727272727272727
"Enter an integer > ",STRING_LITERAL, line no: 63,java.util.Scanner,QUALIFIED_NAME, line no: 51, 5.602456031537935E-4, insert, 0.18681318681318682, 0.0, 0.2857142857142857
output+=(String.format("\n")); ,EXPRESSION_STATEMENT, line no: 62,if (args.length > 0) {   mainClass.scanner=new java.util.Scanner(args[0]); }  else {   mainClass.scanner=new java.util.Scanner(System.in); } ,IF_STATEMENT, line no: 50, 5.510406462409754E-4, insert, 0.5632183908045977, 0.0, 0.11347517730496454
output+=(String.format("\n")); ,EXPRESSION_STATEMENT, line no: 65,if (args.length > 0) {   mainClass.scanner=new java.util.Scanner(args[0]); }  else {   mainClass.scanner=new java.util.Scanner(System.in); } ,IF_STATEMENT, line no: 50, 5.510406462409754E-4, insert, 0.5632183908045977, 0.0, 0.11347517730496454
"Enter an integer > ",STRING_LITERAL, line no: 63,mainClass.scanner,QUALIFIED_NAME, line no: 51, 5.504167329230251E-4, insert, 0.17582417582417584, 0.0, 0.2857142857142857
mod.value,QUALIFIED_NAME, line no: 68,mainClass.output,QUALIFIED_NAME, line no: 56, 5.497056842399524E-4, insert, 0.8125, 0.0, 0.25
"%d\n",STRING_LITERAL, line no: 68,mod.value,QUALIFIED_NAME, line no: 67, 5.400617248673216E-4, insert, 0.9375, 0.0, 0.1111111111111111
String,SIMPLE_NAME, line no: 68,System.in,QUALIFIED_NAME, line no: 53, 5.255957858083755E-4, insert, 0.46875, 0.0, 0.4444444444444444
mod,SIMPLE_NAME, line no: 68,System.out,QUALIFIED_NAME, line no: 56, 5.17617601236472E-4, insert, 0.8181818181818182, 0.0, 0.2
"%d\n",STRING_LITERAL, line no: 68,integer.value,QUALIFIED_NAME, line no: 64, 5.163227479500768E-4, insert, 1.0, 0.0, 0.07692307692307693
String,SIMPLE_NAME, line no: 68,System.out,QUALIFIED_NAME, line no: 56, 5.149874304984818E-4, insert, 0.8125, 0.0, 0.2
format,SIMPLE_NAME, line no: 68,System.out,QUALIFIED_NAME, line no: 56, 5.149874304984818E-4, insert, 0.8125, 0.0, 0.2
"Enter an integer > ",STRING_LITERAL, line no: 63,i,SIMPLE_NAME, line no: 7, 5.127393970384133E-4, insert, 0.06593406593406594, 0.0, 0.047619047619047616
value,SIMPLE_NAME, line no: 68,mainClass.output,QUALIFIED_NAME, line no: 56, 5.089380378011043E-4, insert, 0.8181818181818182, 0.0, 0.1875
format,SIMPLE_NAME, line no: 68,mainClass.output,QUALIFIED_NAME, line no: 56, 5.063078670631141E-4, insert, 0.8125, 0.0, 0.1875
format,SIMPLE_NAME, line no: 68,args.length,QUALIFIED_NAME, line no: 50, 5.023626109561288E-4, insert, 0.8125, 0.0, 0.18181818181818182
String,SIMPLE_NAME, line no: 62,java.util,QUALIFIED_NAME, line no: 44, 4.848909313845698E-4, insert, 0.01098901098901099, 0.0, 0.2222222222222222
format,SIMPLE_NAME, line no: 62,java.util,QUALIFIED_NAME, line no: 44, 4.848909313845698E-4, insert, 0.01098901098901099, 0.0, 0.2222222222222222
String,SIMPLE_NAME, line no: 63,java.util,QUALIFIED_NAME, line no: 44, 4.848909313845698E-4, insert, 0.01098901098901099, 0.0, 0.2222222222222222
format,SIMPLE_NAME, line no: 63,java.util,QUALIFIED_NAME, line no: 44, 4.848909313845698E-4, insert, 0.01098901098901099, 0.0, 0.2222222222222222
String,SIMPLE_NAME, line no: 65,java.util,QUALIFIED_NAME, line no: 44, 4.848909313845698E-4, insert, 0.01098901098901099, 0.0, 0.2222222222222222
format,SIMPLE_NAME, line no: 65,java.util,QUALIFIED_NAME, line no: 44, 4.848909313845698E-4, insert, 0.01098901098901099, 0.0, 0.2222222222222222
String,SIMPLE_NAME, line no: 71,java.util,QUALIFIED_NAME, line no: 44, 4.848909313845698E-4, insert, 0.01098901098901099, 0.0, 0.2222222222222222
format,SIMPLE_NAME, line no: 71,java.util,QUALIFIED_NAME, line no: 44, 4.848909313845698E-4, insert, 0.01098901098901099, 0.0, 0.2222222222222222
scanner,SIMPLE_NAME, line no: 64,System.in,QUALIFIED_NAME, line no: 53, 4.770278351999552E-4, insert, 0.2, 0.0, 0.2222222222222222
nextInt,SIMPLE_NAME, line no: 64,System.in,QUALIFIED_NAME, line no: 53, 4.770278351999552E-4, insert, 0.2, 0.0, 0.2222222222222222
"That's all  have a nice day!\n",STRING_LITERAL, line no: 71,java.util.Scanner,QUALIFIED_NAME, line no: 51, 4.7040358620067696E-4, insert, 0.18681318681318682, 0.0, 0.21875
nextInt,SIMPLE_NAME, line no: 64,mod.value,QUALIFIED_NAME, line no: 67, 4.6708975529995616E-4, insert, 0.3333333333333333, 0.0, 0.1111111111111111
mod,SIMPLE_NAME, line no: 68,mainClass.output,QUALIFIED_NAME, line no: 56, 4.65540220624266E-4, insert, 0.8181818181818182, 0.0, 0.125
value,SIMPLE_NAME, line no: 68,true,BOOLEAN_LITERAL, line no: 72, 4.6414447668597253E-4, insert, 1.0, 0.0, 0.4
String,SIMPLE_NAME, line no: 68,mainClass.output,QUALIFIED_NAME, line no: 56, 4.6291004988627575E-4, insert, 0.8125, 0.0, 0.125
value,SIMPLE_NAME, line no: 68,java.util,QUALIFIED_NAME, line no: 44, 4.5589626125163514E-4, insert, 0.030303030303030304, 0.0, 0.3333333333333333
mod.value,QUALIFIED_NAME, line no: 68,java.util,QUALIFIED_NAME, line no: 44, 4.4844411082732956E-4, insert, 0.03125, 0.0, 0.3333333333333333
value,SIMPLE_NAME, line no: 68,System.out,QUALIFIED_NAME, line no: 56, 4.481810937535306E-4, insert, 0.8181818181818182, 0.0, 0.1
"Enter an integer > ",STRING_LITERAL, line no: 63,mod.value,QUALIFIED_NAME, line no: 67, 4.4229916038457384E-4, insert, 0.32967032967032966, 0.0, 0.09523809523809523
"That's all  have a nice day!\n",STRING_LITERAL, line no: 71,mod.value,QUALIFIED_NAME, line no: 67, 4.4030267111894904E-4, insert, 0.32967032967032966, 0.0, 0.09375
"%d\n",STRING_LITERAL, line no: 68,args.length,QUALIFIED_NAME, line no: 50, 4.3923851324436395E-4, insert, 0.8125, 0.0, 0.09090909090909091
String,SIMPLE_NAME, line no: 68,true,BOOLEAN_LITERAL, line no: 72, 4.351354468930992E-4, insert, 1.0, 0.0, 0.3333333333333333
"Enter an integer > ",STRING_LITERAL, line no: 63,System.in,QUALIFIED_NAME, line no: 53, 4.3247029015380545E-4, insert, 0.1978021978021978, 0.0, 0.19047619047619047
"That's all  have a nice day!\n",STRING_LITERAL, line no: 71,i,SIMPLE_NAME, line no: 7, 4.2108722981779706E-4, insert, 0.06593406593406594, 0.0, 0.03125
"%d\n",STRING_LITERAL, line no: 68,mainClass.output,QUALIFIED_NAME, line no: 56, 4.1951223270943736E-4, insert, 0.8125, 0.0, 0.0625
"That's all  have a nice day!\n",STRING_LITERAL, line no: 71,mainClass.scanner,QUALIFIED_NAME, line no: 51, 4.186484413917876E-4, insert, 0.17582417582417584, 0.0, 0.1875
String,SIMPLE_NAME, line no: 62,java.util.Scanner,QUALIFIED_NAME, line no: 51, 4.1367980294792497E-4, insert, 0.18681318681318682, 0.0, 0.17647058823529413
String,SIMPLE_NAME, line no: 63,java.util.Scanner,QUALIFIED_NAME, line no: 51, 4.1367980294792497E-4, insert, 0.18681318681318682, 0.0, 0.17647058823529413
String,SIMPLE_NAME, line no: 65,java.util.Scanner,QUALIFIED_NAME, line no: 51, 4.1367980294792497E-4, insert, 0.18681318681318682, 0.0, 0.17647058823529413
String,SIMPLE_NAME, line no: 71,java.util.Scanner,QUALIFIED_NAME, line no: 51, 4.1367980294792497E-4, insert, 0.18681318681318682, 0.0, 0.17647058823529413
mod.value,QUALIFIED_NAME, line no: 68,true,BOOLEAN_LITERAL, line no: 72, 3.867870639049771E-4, insert, 1.0, 0.0, 0.2222222222222222
mod.value,QUALIFIED_NAME, line no: 68,mainClass.scanner,QUALIFIED_NAME, line no: 51, 3.803691034911126E-4, insert, 0.4375, 0.0, 0.23529411764705882
mod.value,QUALIFIED_NAME, line no: 68,java.util.Scanner,QUALIFIED_NAME, line no: 51, 3.803691034911126E-4, insert, 0.4375, 0.0, 0.23529411764705882
value,SIMPLE_NAME, line no: 68,java.util.Scanner,QUALIFIED_NAME, line no: 51, 3.737936766461371E-4, insert, 0.42424242424242425, 0.0, 0.23529411764705882
String,SIMPLE_NAME, line no: 68,java.util,QUALIFIED_NAME, line no: 44, 3.712924358462836E-4, insert, 0.03125, 0.0, 0.2222222222222222
format,SIMPLE_NAME, line no: 68,java.util,QUALIFIED_NAME, line no: 44, 3.712924358462836E-4, insert, 0.03125, 0.0, 0.2222222222222222
mod.value,QUALIFIED_NAME, line no: 68,System.in,QUALIFIED_NAME, line no: 53, 3.712924358462836E-4, insert, 0.46875, 0.0, 0.2222222222222222
format,SIMPLE_NAME, line no: 68,true,BOOLEAN_LITERAL, line no: 72, 3.6261287241091603E-4, insert, 1.0, 0.0, 0.16666666666666666
"That's all  have a nice day!\n",STRING_LITERAL, line no: 71,java.util,QUALIFIED_NAME, line no: 44, 3.544536326970821E-4, insert, 0.01098901098901099, 0.0, 0.125
"That's all  have a nice day!\n",STRING_LITERAL, line no: 71,System.in,QUALIFIED_NAME, line no: 53, 3.446247624663138E-4, insert, 0.1978021978021978, 0.0, 0.125
String,SIMPLE_NAME, line no: 68,java.util.Scanner,QUALIFIED_NAME, line no: 51, 3.395240990893824E-4, insert, 0.4375, 0.0, 0.17647058823529413
scanner,SIMPLE_NAME, line no: 64,java.util,QUALIFIED_NAME, line no: 44, 3.3789471659996826E-4, insert, 0.011111111111111112, 0.0, 0.1111111111111111
nextInt,SIMPLE_NAME, line no: 64,java.util,QUALIFIED_NAME, line no: 44, 3.3789471659996826E-4, insert, 0.011111111111111112, 0.0, 0.1111111111111111
nextInt,SIMPLE_NAME, line no: 64,java.util.Scanner,QUALIFIED_NAME, line no: 51, 3.3672553072938016E-4, insert, 0.18888888888888888, 0.0, 0.11764705882352941
format,SIMPLE_NAME, line no: 62,java.util.Scanner,QUALIFIED_NAME, line no: 51, 3.3475975668322645E-4, insert, 0.18681318681318682, 0.0, 0.11764705882352941
format,SIMPLE_NAME, line no: 63,java.util.Scanner,QUALIFIED_NAME, line no: 51, 3.3475975668322645E-4, insert, 0.18681318681318682, 0.0, 0.11764705882352941
format,SIMPLE_NAME, line no: 65,java.util.Scanner,QUALIFIED_NAME, line no: 51, 3.3475975668322645E-4, insert, 0.18681318681318682, 0.0, 0.11764705882352941
format,SIMPLE_NAME, line no: 71,java.util.Scanner,QUALIFIED_NAME, line no: 51, 3.3475975668322645E-4, insert, 0.18681318681318682, 0.0, 0.11764705882352941
value,SIMPLE_NAME, line no: 68,mainClass.scanner,QUALIFIED_NAME, line no: 51, 3.329486722444069E-4, insert, 0.42424242424242425, 0.0, 0.17647058823529413
nextInt,SIMPLE_NAME, line no: 64,mainClass.scanner,QUALIFIED_NAME, line no: 51, 3.267874508293811E-4, insert, 0.17777777777777778, 0.0, 0.11764705882352941
format,SIMPLE_NAME, line no: 62,System.in,QUALIFIED_NAME, line no: 53, 3.259908626538155E-4, insert, 0.1978021978021978, 0.0, 0.1111111111111111
"\n",STRING_LITERAL, line no: 62,System.in,QUALIFIED_NAME, line no: 53, 3.259908626538155E-4, insert, 0.1978021978021978, 0.0, 0.1111111111111111
format,SIMPLE_NAME, line no: 63,System.in,QUALIFIED_NAME, line no: 53, 3.259908626538155E-4, insert, 0.1978021978021978, 0.0, 0.1111111111111111
format,SIMPLE_NAME, line no: 65,System.in,QUALIFIED_NAME, line no: 53, 3.259908626538155E-4, insert, 0.1978021978021978, 0.0, 0.1111111111111111
"\n",STRING_LITERAL, line no: 65,System.in,QUALIFIED_NAME, line no: 53, 3.259908626538155E-4, insert, 0.1978021978021978, 0.0, 0.1111111111111111
format,SIMPLE_NAME, line no: 71,System.in,QUALIFIED_NAME, line no: 53, 3.259908626538155E-4, insert, 0.1978021978021978, 0.0, 0.1111111111111111
String,SIMPLE_NAME, line no: 62,mainClass.scanner,QUALIFIED_NAME, line no: 51, 3.249308864524581E-4, insert, 0.17582417582417584, 0.0, 0.11764705882352941
format,SIMPLE_NAME, line no: 62,mainClass.scanner,QUALIFIED_NAME, line no: 51, 3.249308864524581E-4, insert, 0.17582417582417584, 0.0, 0.11764705882352941
String,SIMPLE_NAME, line no: 63,mainClass.scanner,QUALIFIED_NAME, line no: 51, 3.249308864524581E-4, insert, 0.17582417582417584, 0.0, 0.11764705882352941
format,SIMPLE_NAME, line no: 63,mainClass.scanner,QUALIFIED_NAME, line no: 51, 3.249308864524581E-4, insert, 0.17582417582417584, 0.0, 0.11764705882352941
String,SIMPLE_NAME, line no: 65,mainClass.scanner,QUALIFIED_NAME, line no: 51, 3.249308864524581E-4, insert, 0.17582417582417584, 0.0, 0.11764705882352941
format,SIMPLE_NAME, line no: 65,mainClass.scanner,QUALIFIED_NAME, line no: 51, 3.249308864524581E-4, insert, 0.17582417582417584, 0.0, 0.11764705882352941
String,SIMPLE_NAME, line no: 71,mainClass.scanner,QUALIFIED_NAME, line no: 51, 3.249308864524581E-4, insert, 0.17582417582417584, 0.0, 0.11764705882352941
format,SIMPLE_NAME, line no: 71,mainClass.scanner,QUALIFIED_NAME, line no: 51, 3.249308864524581E-4, insert, 0.17582417582417584, 0.0, 0.11764705882352941
"Enter an integer > ",STRING_LITERAL, line no: 63,java.util,QUALIFIED_NAME, line no: 44, 3.145238473845858E-4, insert, 0.01098901098901099, 0.0, 0.09523809523809523
String,SIMPLE_NAME, line no: 68,mainClass.scanner,QUALIFIED_NAME, line no: 51, 2.9867909468765213E-4, insert, 0.4375, 0.0, 0.11764705882352941
format,SIMPLE_NAME, line no: 68,mainClass.scanner,QUALIFIED_NAME, line no: 51, 2.9867909468765213E-4, insert, 0.4375, 0.0, 0.11764705882352941
format,SIMPLE_NAME, line no: 68,java.util.Scanner,QUALIFIED_NAME, line no: 51, 2.9867909468765213E-4, insert, 0.4375, 0.0, 0.11764705882352941
format,SIMPLE_NAME, line no: 68,System.in,QUALIFIED_NAME, line no: 53, 2.941407608652377E-4, insert, 0.46875, 0.0, 0.1111111111111111
"%d\n",STRING_LITERAL, line no: 68,System.in,QUALIFIED_NAME, line no: 53, 2.941407608652377E-4, insert, 0.46875, 0.0, 0.1111111111111111
mod,SIMPLE_NAME, line no: 68,System.in,QUALIFIED_NAME, line no: 53, 2.875653340202622E-4, insert, 0.45454545454545453, 0.0, 0.1111111111111111
value,SIMPLE_NAME, line no: 68,System.in,QUALIFIED_NAME, line no: 53, 2.875653340202622E-4, insert, 0.45454545454545453, 0.0, 0.1111111111111111
"%d\n",STRING_LITERAL, line no: 68,mainClass.scanner,QUALIFIED_NAME, line no: 51, 2.5783409028592194E-4, insert, 0.4375, 0.0, 0.058823529411764705
"%d\n",STRING_LITERAL, line no: 68,java.util.Scanner,QUALIFIED_NAME, line no: 51, 2.5783409028592194E-4, insert, 0.4375, 0.0, 0.058823529411764705
"\n",STRING_LITERAL, line no: 62,java.util.Scanner,QUALIFIED_NAME, line no: 51, 2.55839710418528E-4, insert, 0.18681318681318682, 0.0, 0.058823529411764705
"\n",STRING_LITERAL, line no: 65,java.util.Scanner,QUALIFIED_NAME, line no: 51, 2.55839710418528E-4, insert, 0.18681318681318682, 0.0, 0.058823529411764705
mod,SIMPLE_NAME, line no: 68,mainClass.scanner,QUALIFIED_NAME, line no: 51, 2.512586634409464E-4, insert, 0.42424242424242425, 0.0, 0.058823529411764705
"\n",STRING_LITERAL, line no: 62,mainClass.scanner,QUALIFIED_NAME, line no: 51, 2.460108401877597E-4, insert, 0.17582417582417584, 0.0, 0.058823529411764705
"\n",STRING_LITERAL, line no: 65,mainClass.scanner,QUALIFIED_NAME, line no: 51, 2.460108401877597E-4, insert, 0.17582417582417584, 0.0, 0.058823529411764705
