output+=(String.format("Enter an integer > ")); ,EXPRESSION_STATEMENT, line no: 61,output+=(String.format("Enter an integer > ")); ,EXPRESSION_STATEMENT, line no: 61, 0.02881460133335181, insert, 1.0, 1.0, 1.0
userint.value=scanner.nextInt(); ,EXPRESSION_STATEMENT, line no: 62,userint.value=scanner.nextInt(); ,EXPRESSION_STATEMENT, line no: 62, 0.02881460133335181, insert, 1.0, 3.0, 1.0
output+=(String.format("\n")); ,EXPRESSION_STATEMENT, line no: 63,output+=(String.format("\n")); ,EXPRESSION_STATEMENT, line no: 63, 0.02881460133335181, insert, 1.0, 1.0, 1.0
output+=(String.format("That's all  have a nice day!\n")); ,EXPRESSION_STATEMENT, line no: 69,output+=(String.format("That's all  have a nice day!\n")); ,EXPRESSION_STATEMENT, line no: 69, 0.02881460133335181, insert, 1.0, 1.0, 1.0
output+=(String.format("Enter an integer > ")); ,EXPRESSION_STATEMENT, line no: 61,output+=(String.format("That's all  have a nice day!\n")); ,EXPRESSION_STATEMENT, line no: 69, 0.02236794476385615, insert, 1.0, 1.0, 0.6271186440677966
output+=(String.format("That's all  have a nice day!\n")); ,EXPRESSION_STATEMENT, line no: 69,output+=(String.format("Enter an integer > ")); ,EXPRESSION_STATEMENT, line no: 61, 0.02236794476385615, insert, 1.0, 1.0, 0.6271186440677966
output+=(String.format("Enter an integer > ")); ,EXPRESSION_STATEMENT, line no: 61,output+=(String.format("\n")); ,EXPRESSION_STATEMENT, line no: 63, 0.022331316033347655, insert, 1.0, 1.0, 0.625
output+=(String.format("\n")); ,EXPRESSION_STATEMENT, line no: 63,output+=(String.format("Enter an integer > ")); ,EXPRESSION_STATEMENT, line no: 61, 0.022331316033347655, insert, 1.0, 1.0, 0.625
output+=(String.format("\n")); ,EXPRESSION_STATEMENT, line no: 63,output+=(String.format("That's all  have a nice day!\n")); ,EXPRESSION_STATEMENT, line no: 69, 0.020609765699448244, insert, 1.0, 1.0, 0.5254237288135594
output+=(String.format("That's all  have a nice day!\n")); ,EXPRESSION_STATEMENT, line no: 69,output+=(String.format("\n")); ,EXPRESSION_STATEMENT, line no: 63, 0.020609765699448244, insert, 1.0, 1.0, 0.5254237288135594
output+=(String.format("Enter an integer > ")); ,EXPRESSION_STATEMENT, line no: 61,output+=(String.format("%d\n" remainder.value)); ,EXPRESSION_STATEMENT, line no: 66, 0.017307906714518297, insert, 0.43023255813953487, 1.0, 0.7142857142857143
userint.value=scanner.nextInt(); ,EXPRESSION_STATEMENT, line no: 62,output+=(String.format("\n")); ,EXPRESSION_STATEMENT, line no: 63, 0.017288760800011085, insert, 1.0, 0.0, 0.3333333333333333
output+=(String.format("\n")); ,EXPRESSION_STATEMENT, line no: 63,userint.value=scanner.nextInt(); ,EXPRESSION_STATEMENT, line no: 62, 0.017288760800011085, insert, 1.0, 0.0, 0.3333333333333333
output+=(String.format("Enter an integer > ")); ,EXPRESSION_STATEMENT, line no: 61,userint.value=scanner.nextInt(); ,EXPRESSION_STATEMENT, line no: 62, 0.016928578283344188, insert, 1.0, 0.0, 0.3125
userint.value=scanner.nextInt(); ,EXPRESSION_STATEMENT, line no: 62,output+=(String.format("Enter an integer > ")); ,EXPRESSION_STATEMENT, line no: 61, 0.016928578283344188, insert, 1.0, 0.0, 0.3125
userint.value=scanner.nextInt(); ,EXPRESSION_STATEMENT, line no: 62,output+=(String.format("That's all  have a nice day!\n")); ,EXPRESSION_STATEMENT, line no: 69, 0.01592128819436049, insert, 1.0, 0.0, 0.2542372881355932
output+=(String.format("That's all  have a nice day!\n")); ,EXPRESSION_STATEMENT, line no: 69,userint.value=scanner.nextInt(); ,EXPRESSION_STATEMENT, line no: 62, 0.01592128819436049, insert, 1.0, 0.0, 0.2542372881355932
output+=(String.format("\n")); ,EXPRESSION_STATEMENT, line no: 63,output+=(String.format("%d\n" remainder.value)); ,EXPRESSION_STATEMENT, line no: 66, 0.015896579302272496, insert, 0.43023255813953487, 1.0, 0.6326530612244898
output+=(String.format("That's all  have a nice day!\n")); ,EXPRESSION_STATEMENT, line no: 69,output+=(String.format("%d\n" remainder.value)); ,EXPRESSION_STATEMENT, line no: 66, 0.014921806555678995, insert, 0.43023255813953487, 1.0, 0.576271186440678
userint.value=scanner.nextInt(); ,EXPRESSION_STATEMENT, line no: 62,System.out.println(mainClass.output); ,EXPRESSION_STATEMENT, line no: 56, 0.013525580919633318, insert, 0.5813953488372093, 0.0, 0.39473684210526316
userint.value=scanner.nextInt(); ,EXPRESSION_STATEMENT, line no: 62,remainder.value=userint.value % 10; ,EXPRESSION_STATEMENT, line no: 65, 0.013122928901817201, insert, 0.43023255813953487, 1.5, 0.4722222222222222
output+=(String.format("\n")); ,EXPRESSION_STATEMENT, line no: 63,System.out.println(mainClass.output); ,EXPRESSION_STATEMENT, line no: 56, 0.01307061353015934, insert, 0.5813953488372093, 1.0, 0.3684210526315789
userint.value=scanner.nextInt(); ,EXPRESSION_STATEMENT, line no: 62,userint.value=(userint.value - remainder.value) / 10; ,EXPRESSION_STATEMENT, line no: 67, 0.012642685546261336, insert, 0.43023255813953487, 1.5, 0.4444444444444444
output+=(String.format("Enter an integer > ")); ,EXPRESSION_STATEMENT, line no: 61,System.out.println(mainClass.output); ,EXPRESSION_STATEMENT, line no: 56, 0.012463990344194039, insert, 0.5813953488372093, 1.0, 0.3333333333333333
userint.value=scanner.nextInt(); ,EXPRESSION_STATEMENT, line no: 62,mainClass.exec(); ,EXPRESSION_STATEMENT, line no: 55, 0.012463990344194039, insert, 0.5813953488372093, 0.0, 0.3333333333333333
output+=(String.format("Enter an integer > ")); ,EXPRESSION_STATEMENT, line no: 61,userint.value=(userint.value - remainder.value) / 10; ,EXPRESSION_STATEMENT, line no: 67, 0.011682198835149609, insert, 0.43023255813953487, 0.0, 0.3888888888888889
output+=(String.format("That's all  have a nice day!\n")); ,EXPRESSION_STATEMENT, line no: 69,System.out.println(mainClass.output); ,EXPRESSION_STATEMENT, line no: 56, 0.011096517738543445, insert, 0.5813953488372093, 1.0, 0.2542372881355932
String,SIMPLE_NAME, line no: 61,String,SIMPLE_NAME, line no: 49, 0.011066221125569469, insert, 0.5555555555555556, 0.0, 1.0
format,SIMPLE_NAME, line no: 61,format,SIMPLE_NAME, line no: 61, 0.011066221125569469, insert, 1.0, 0.0, 1.0
scanner,SIMPLE_NAME, line no: 62,scanner,SIMPLE_NAME, line no: 51, 0.011066221125569469, insert, 0.19101123595505617, 1.0, 1.0
nextInt,SIMPLE_NAME, line no: 62,nextInt,SIMPLE_NAME, line no: 62, 0.011066221125569469, insert, 1.0, 0.0, 1.0
String,SIMPLE_NAME, line no: 63,String,SIMPLE_NAME, line no: 49, 0.011066221125569469, insert, 0.5555555555555556, 0.0, 1.0
format,SIMPLE_NAME, line no: 63,format,SIMPLE_NAME, line no: 61, 0.011066221125569469, insert, 1.0, 0.0, 1.0
String,SIMPLE_NAME, line no: 69,String,SIMPLE_NAME, line no: 49, 0.011066221125569469, insert, 0.5555555555555556, 0.0, 1.0
format,SIMPLE_NAME, line no: 69,format,SIMPLE_NAME, line no: 61, 0.011066221125569469, insert, 1.0, 0.0, 1.0
output+=(String.format("That's all  have a nice day!\n")); ,EXPRESSION_STATEMENT, line no: 69,userint.value=(userint.value - remainder.value) / 10; ,EXPRESSION_STATEMENT, line no: 67, 0.01081938873872721, insert, 0.43023255813953487, 0.0, 0.3389830508474576
output+=(String.format("\n")); ,EXPRESSION_STATEMENT, line no: 63,mainClass.exec(); ,EXPRESSION_STATEMENT, line no: 55, 0.010604983806558438, insert, 0.5813953488372093, 0.0, 0.22580645161290322
userint.value=scanner.nextInt(); ,EXPRESSION_STATEMENT, line no: 62,output+=(String.format("%d\n" remainder.value)); ,EXPRESSION_STATEMENT, line no: 66, 0.010604101506350733, insert, 0.43023255813953487, 0.6000000000000001, 0.32653061224489793
output+=(String.format("Enter an integer > ")); ,EXPRESSION_STATEMENT, line no: 61,remainder.value=userint.value % 10; ,EXPRESSION_STATEMENT, line no: 65, 0.010361529607370986, insert, 0.43023255813953487, 0.0, 0.3125
output+=(String.format("\n")); ,EXPRESSION_STATEMENT, line no: 63,userint.value=(userint.value - remainder.value) / 10; ,EXPRESSION_STATEMENT, line no: 67, 0.010081387649963396, insert, 0.43023255813953487, 0.0, 0.2962962962962963
output+=(String.format("Enter an integer > ")); ,EXPRESSION_STATEMENT, line no: 61,mainClass.exec(); ,EXPRESSION_STATEMENT, line no: 55, 0.009942712727525756, insert, 0.5813953488372093, 0.0, 0.1875
output+=(String.format("That's all  have a nice day!\n")); ,EXPRESSION_STATEMENT, line no: 69,mainClass.exec(); ,EXPRESSION_STATEMENT, line no: 55, 0.009338338674135539, insert, 0.5813953488372093, 0.0, 0.15254237288135594
output+=(String.format("\n")); ,EXPRESSION_STATEMENT, line no: 63,remainder.value=userint.value % 10; ,EXPRESSION_STATEMENT, line no: 65, 0.009280982057370293, insert, 0.43023255813953487, 0.0, 0.25
output+=(String.format("That's all  have a nice day!\n")); ,EXPRESSION_STATEMENT, line no: 69,remainder.value=userint.value % 10; ,EXPRESSION_STATEMENT, line no: 65, 0.00876817983025132, insert, 0.43023255813953487, 0.0, 0.22033898305084745
userint.value=scanner.nextInt(); ,EXPRESSION_STATEMENT, line no: 62,mainClass.scanner=new java.util.Scanner(args[0]); ,EXPRESSION_STATEMENT, line no: 51, 0.008100253509710621, insert, 0.16279069767441862, 0.5, 0.36
userint.value=scanner.nextInt(); ,EXPRESSION_STATEMENT, line no: 62,mainClass.scanner=new java.util.Scanner(System.in); ,EXPRESSION_STATEMENT, line no: 53, 0.007994892069414786, insert, 0.1744186046511628, 0.5, 0.34615384615384615
output+=(String.format("Enter an integer > ")); ,EXPRESSION_STATEMENT, line no: 61,mainClass.scanner=new java.util.Scanner(args[0]); ,EXPRESSION_STATEMENT, line no: 51, 0.007408703077710178, insert, 0.16279069767441862, 0.0, 0.32
output+=(String.format("Enter an integer > ")); ,EXPRESSION_STATEMENT, line no: 61,mainClass.scanner=new java.util.Scanner(System.in); ,EXPRESSION_STATEMENT, line no: 53, 0.007329939730952822, insert, 0.1744186046511628, 0.0, 0.3076923076923077
scanner,SIMPLE_NAME, line no: 62,remainder,SIMPLE_NAME, line no: 60, 0.00722827327452927, insert, 0.9662921348314607, 0.0, 0.4444444444444444
scanner,SIMPLE_NAME, line no: 62,userint,SIMPLE_NAME, line no: 60, 0.007222352342947907, insert, 0.9662921348314607, 0.0, 0.42857142857142855
nextInt,SIMPLE_NAME, line no: 62,userint,SIMPLE_NAME, line no: 60, 0.007222352342947907, insert, 0.9662921348314607, 0.0, 0.42857142857142855
String,SIMPLE_NAME, line no: 61,userint,SIMPLE_NAME, line no: 60, 0.007173721758226304, insert, 0.9555555555555556, 0.0, 0.42857142857142855
String,SIMPLE_NAME, line no: 63,userint,SIMPLE_NAME, line no: 60, 0.007173721758226304, insert, 0.9555555555555556, 0.0, 0.42857142857142855
String,SIMPLE_NAME, line no: 69,userint,SIMPLE_NAME, line no: 60, 0.007173721758226304, insert, 0.9555555555555556, 0.0, 0.42857142857142855
nextInt,SIMPLE_NAME, line no: 62,IntObj,SIMPLE_NAME, line no: 60, 0.00712288069238099, insert, 0.9662921348314607, 0.0, 0.42857142857142855
output+=(String.format("That's all  have a nice day!\n")); ,EXPRESSION_STATEMENT, line no: 69,mainClass.scanner=new java.util.Scanner(System.in); ,EXPRESSION_STATEMENT, line no: 53, 0.0069918283724128396, insert, 0.1744186046511628, 0.0, 0.288135593220339
scanner,SIMPLE_NAME, line no: 62,Scanner,SIMPLE_NAME, line no: 44, 0.0066361801163928626, insert, 0.011235955056179775, 0.0, 0.8571428571428571
output+=(String.format("That's all  have a nice day!\n")); ,EXPRESSION_STATEMENT, line no: 69,mainClass.scanner=new java.util.Scanner(args[0]); ,EXPRESSION_STATEMENT, line no: 51, 0.006564777126794382, insert, 0.16279069767441862, 0.0, 0.2711864406779661
format,SIMPLE_NAME, line no: 61,output,SIMPLE_NAME, line no: 49, 0.00654136626533662, insert, 0.5555555555555556, 0.0, 0.3333333333333333
format,SIMPLE_NAME, line no: 63,output,SIMPLE_NAME, line no: 49, 0.00654136626533662, insert, 0.5555555555555556, 0.0, 0.3333333333333333
format,SIMPLE_NAME, line no: 69,output,SIMPLE_NAME, line no: 49, 0.00654136626533662, insert, 0.5555555555555556, 0.0, 0.3333333333333333
String,SIMPLE_NAME, line no: 61,remainder,SIMPLE_NAME, line no: 60, 0.006442999855331557, insert, 0.9555555555555556, 0.0, 0.3333333333333333
format,SIMPLE_NAME, line no: 61,remainder,SIMPLE_NAME, line no: 60, 0.006442999855331557, insert, 0.9555555555555556, 0.0, 0.3333333333333333
String,SIMPLE_NAME, line no: 63,remainder,SIMPLE_NAME, line no: 60, 0.006442999855331557, insert, 0.9555555555555556, 0.0, 0.3333333333333333
format,SIMPLE_NAME, line no: 63,remainder,SIMPLE_NAME, line no: 60, 0.006442999855331557, insert, 0.9555555555555556, 0.0, 0.3333333333333333
String,SIMPLE_NAME, line no: 69,remainder,SIMPLE_NAME, line no: 60, 0.006442999855331557, insert, 0.9555555555555556, 0.0, 0.3333333333333333
format,SIMPLE_NAME, line no: 69,remainder,SIMPLE_NAME, line no: 60, 0.006442999855331557, insert, 0.9555555555555556, 0.0, 0.3333333333333333
scanner,SIMPLE_NAME, line no: 62,nextInt,SIMPLE_NAME, line no: 62, 0.006323554928896839, insert, 1.0, 0.0, 0.2857142857142857
nextInt,SIMPLE_NAME, line no: 62,String,SIMPLE_NAME, line no: 49, 0.006323554928896839, insert, 0.5617977528089888, 0.0, 0.2857142857142857
nextInt,SIMPLE_NAME, line no: 62,scanner,SIMPLE_NAME, line no: 51, 0.006323554928896839, insert, 0.19101123595505617, 0.0, 0.2857142857142857
String,SIMPLE_NAME, line no: 61,nextInt,SIMPLE_NAME, line no: 62, 0.006274371723894309, insert, 0.9888888888888889, 0.0, 0.2857142857142857
String,SIMPLE_NAME, line no: 63,nextInt,SIMPLE_NAME, line no: 62, 0.006274371723894309, insert, 0.9888888888888889, 0.0, 0.2857142857142857
String,SIMPLE_NAME, line no: 69,nextInt,SIMPLE_NAME, line no: 62, 0.006274371723894309, insert, 0.9888888888888889, 0.0, 0.2857142857142857
scanner,SIMPLE_NAME, line no: 62,value,SIMPLE_NAME, line no: 7, 0.006273819103613381, insert, 0.06741573033707865, 0.0, 0.2857142857142857
nextInt,SIMPLE_NAME, line no: 62,output,SIMPLE_NAME, line no: 49, 0.006273819103613381, insert, 0.5617977528089888, 0.0, 0.2857142857142857
format,SIMPLE_NAME, line no: 61,userint,SIMPLE_NAME, line no: 60, 0.006225188518891778, insert, 0.9555555555555556, 0.0, 0.2857142857142857
format,SIMPLE_NAME, line no: 63,userint,SIMPLE_NAME, line no: 60, 0.006225188518891778, insert, 0.9555555555555556, 0.0, 0.2857142857142857
format,SIMPLE_NAME, line no: 69,userint,SIMPLE_NAME, line no: 60, 0.006225188518891778, insert, 0.9555555555555556, 0.0, 0.2857142857142857
"Enter an integer > ",STRING_LITERAL, line no: 61,remainder,SIMPLE_NAME, line no: 60, 0.006126822108886715, insert, 0.9555555555555556, 0.0, 0.2857142857142857
"Enter an integer > ",STRING_LITERAL, line no: 61,String,SIMPLE_NAME, line no: 49, 0.006007377182451998, insert, 0.5555555555555556, 0.0, 0.23809523809523808
"Enter an integer > ",STRING_LITERAL, line no: 61,scanner,SIMPLE_NAME, line no: 51, 0.005958193977449467, insert, 0.18888888888888888, 0.0, 0.23809523809523808
"Enter an integer > ",STRING_LITERAL, line no: 61,userint,SIMPLE_NAME, line no: 60, 0.0059090107724469355, insert, 0.9555555555555556, 0.0, 0.23809523809523808
nextInt,SIMPLE_NAME, line no: 62,remainder,SIMPLE_NAME, line no: 60, 0.0057527771244533414, insert, 0.9662921348314607, 0.0, 0.2222222222222222
String,SIMPLE_NAME, line no: 66,String,SIMPLE_NAME, line no: 49, 0.005714572016637233, insert, 0.7804878048780488, 0.0, 1.0
format,SIMPLE_NAME, line no: 66,format,SIMPLE_NAME, line no: 61, 0.005714572016637233, insert, 1.0, 0.0, 1.0
remainder,SIMPLE_NAME, line no: 66,remainder,SIMPLE_NAME, line no: 60, 0.005714572016637233, insert, 1.0, 1.0, 1.0
value,SIMPLE_NAME, line no: 66,value,SIMPLE_NAME, line no: 7, 0.005714572016637233, insert, 0.14285714285714285, 1.0, 1.0
output+=(String.format("\n")); ,EXPRESSION_STATEMENT, line no: 63,mainClass.scanner=new java.util.Scanner(System.in); ,EXPRESSION_STATEMENT, line no: 53, 0.00566755888479791, insert, 0.1744186046511628, 0.0, 0.21153846153846154
"Enter an integer > ",STRING_LITERAL, line no: 61,nextInt,SIMPLE_NAME, line no: 62, 0.005642016231004625, insert, 0.9888888888888889, 0.0, 0.19047619047619047
String,SIMPLE_NAME, line no: 61,format,SIMPLE_NAME, line no: 61, 0.0055331105627847346, insert, 1.0, 0.0, 0.16666666666666666
format,SIMPLE_NAME, line no: 61,String,SIMPLE_NAME, line no: 49, 0.0055331105627847346, insert, 0.5555555555555556, 0.0, 0.16666666666666666
String,SIMPLE_NAME, line no: 63,format,SIMPLE_NAME, line no: 61, 0.0055331105627847346, insert, 1.0, 0.0, 0.16666666666666666
format,SIMPLE_NAME, line no: 63,String,SIMPLE_NAME, line no: 49, 0.0055331105627847346, insert, 0.5555555555555556, 0.0, 0.16666666666666666
"\n",STRING_LITERAL, line no: 63,String,SIMPLE_NAME, line no: 49, 0.0055331105627847346, insert, 0.5555555555555556, 0.0, 0.16666666666666666
String,SIMPLE_NAME, line no: 69,format,SIMPLE_NAME, line no: 61, 0.0055331105627847346, insert, 1.0, 0.0, 0.16666666666666666
format,SIMPLE_NAME, line no: 69,String,SIMPLE_NAME, line no: 49, 0.0055331105627847346, insert, 0.5555555555555556, 0.0, 0.16666666666666666
String,SIMPLE_NAME, line no: 61,output,SIMPLE_NAME, line no: 49, 0.005434744152779673, insert, 0.5555555555555556, 0.0, 0.16666666666666666
format,SIMPLE_NAME, line no: 61,value,SIMPLE_NAME, line no: 7, 0.005434744152779673, insert, 0.06666666666666667, 0.0, 0.16666666666666666
String,SIMPLE_NAME, line no: 63,output,SIMPLE_NAME, line no: 49, 0.005434744152779673, insert, 0.5555555555555556, 0.0, 0.16666666666666666
format,SIMPLE_NAME, line no: 63,value,SIMPLE_NAME, line no: 7, 0.005434744152779673, insert, 0.06666666666666667, 0.0, 0.16666666666666666
String,SIMPLE_NAME, line no: 69,output,SIMPLE_NAME, line no: 49, 0.005434744152779673, insert, 0.5555555555555556, 0.0, 0.16666666666666666
format,SIMPLE_NAME, line no: 69,value,SIMPLE_NAME, line no: 7, 0.005434744152779673, insert, 0.06666666666666667, 0.0, 0.16666666666666666
nextInt,SIMPLE_NAME, line no: 62,println,SIMPLE_NAME, line no: 56, 0.005431862632743409, insert, 0.5842696629213483, 0.0, 0.42857142857142855
String,SIMPLE_NAME, line no: 61,println,SIMPLE_NAME, line no: 56, 0.005403126378135188, insert, 0.5777777777777777, 0.0, 0.42857142857142855
String,SIMPLE_NAME, line no: 63,println,SIMPLE_NAME, line no: 56, 0.005403126378135188, insert, 0.5777777777777777, 0.0, 0.42857142857142855
String,SIMPLE_NAME, line no: 69,println,SIMPLE_NAME, line no: 56, 0.005403126378135188, insert, 0.5777777777777777, 0.0, 0.42857142857142855
nextInt,SIMPLE_NAME, line no: 62,length,SIMPLE_NAME, line no: 50, 0.00538212680745995, insert, 0.5730337078651685, 0.0, 0.42857142857142855
"Enter an integer > ",STRING_LITERAL, line no: 61,format,SIMPLE_NAME, line no: 61, 0.005375021689562313, insert, 1.0, 0.0, 0.14285714285714285
scanner,SIMPLE_NAME, line no: 62,String,SIMPLE_NAME, line no: 49, 0.005375021689562313, insert, 0.5617977528089888, 0.0, 0.14285714285714285
scanner,SIMPLE_NAME, line no: 62,format,SIMPLE_NAME, line no: 61, 0.005375021689562313, insert, 1.0, 0.0, 0.14285714285714285
nextInt,SIMPLE_NAME, line no: 62,format,SIMPLE_NAME, line no: 61, 0.005375021689562313, insert, 1.0, 0.0, 0.14285714285714285
String,SIMPLE_NAME, line no: 61,IntObj,SIMPLE_NAME, line no: 60, 0.005336377742774611, insert, 0.9555555555555556, 0.0, 0.16666666666666666
format,SIMPLE_NAME, line no: 61,IntObj,SIMPLE_NAME, line no: 60, 0.005336377742774611, insert, 0.9555555555555556, 0.0, 0.16666666666666666
String,SIMPLE_NAME, line no: 63,IntObj,SIMPLE_NAME, line no: 60, 0.005336377742774611, insert, 0.9555555555555556, 0.0, 0.16666666666666666
format,SIMPLE_NAME, line no: 63,IntObj,SIMPLE_NAME, line no: 60, 0.005336377742774611, insert, 0.9555555555555556, 0.0, 0.16666666666666666
"\n",STRING_LITERAL, line no: 63,IntObj,SIMPLE_NAME, line no: 60, 0.005336377742774611, insert, 0.9555555555555556, 0.0, 0.16666666666666666
String,SIMPLE_NAME, line no: 69,IntObj,SIMPLE_NAME, line no: 60, 0.005336377742774611, insert, 0.9555555555555556, 0.0, 0.16666666666666666
format,SIMPLE_NAME, line no: 69,IntObj,SIMPLE_NAME, line no: 60, 0.005336377742774611, insert, 0.9555555555555556, 0.0, 0.16666666666666666
output+=(String.format("\n")); ,EXPRESSION_STATEMENT, line no: 63,mainClass.scanner=new java.util.Scanner(args[0]); ,EXPRESSION_STATEMENT, line no: 51, 0.005334051781708847, insert, 0.16279069767441862, 0.0, 0.2
String,SIMPLE_NAME, line no: 61,scanner,SIMPLE_NAME, line no: 51, 0.005325838484559783, insert, 0.18888888888888888, 0.0, 0.14285714285714285
format,SIMPLE_NAME, line no: 61,scanner,SIMPLE_NAME, line no: 51, 0.005325838484559783, insert, 0.18888888888888888, 0.0, 0.14285714285714285
format,SIMPLE_NAME, line no: 61,nextInt,SIMPLE_NAME, line no: 62, 0.005325838484559783, insert, 0.9888888888888889, 0.0, 0.14285714285714285
String,SIMPLE_NAME, line no: 63,scanner,SIMPLE_NAME, line no: 51, 0.005325838484559783, insert, 0.18888888888888888, 0.0, 0.14285714285714285
format,SIMPLE_NAME, line no: 63,scanner,SIMPLE_NAME, line no: 51, 0.005325838484559783, insert, 0.18888888888888888, 0.0, 0.14285714285714285
format,SIMPLE_NAME, line no: 63,nextInt,SIMPLE_NAME, line no: 62, 0.005325838484559783, insert, 0.9888888888888889, 0.0, 0.14285714285714285
"\n",STRING_LITERAL, line no: 63,scanner,SIMPLE_NAME, line no: 51, 0.005325838484559783, insert, 0.18888888888888888, 0.0, 0.14285714285714285
"\n",STRING_LITERAL, line no: 63,nextInt,SIMPLE_NAME, line no: 62, 0.005325838484559783, insert, 0.9888888888888889, 0.0, 0.14285714285714285
String,SIMPLE_NAME, line no: 69,scanner,SIMPLE_NAME, line no: 51, 0.005325838484559783, insert, 0.18888888888888888, 0.0, 0.14285714285714285
format,SIMPLE_NAME, line no: 69,scanner,SIMPLE_NAME, line no: 51, 0.005325838484559783, insert, 0.18888888888888888, 0.0, 0.14285714285714285
format,SIMPLE_NAME, line no: 69,nextInt,SIMPLE_NAME, line no: 62, 0.005325838484559783, insert, 0.9888888888888889, 0.0, 0.14285714285714285
nextInt,SIMPLE_NAME, line no: 62,value,SIMPLE_NAME, line no: 7, 0.005325285864278855, insert, 0.06741573033707865, 0.0, 0.14285714285714285
"\n",STRING_LITERAL, line no: 63,userint,SIMPLE_NAME, line no: 60, 0.005276655279557251, insert, 0.9555555555555556, 0.0, 0.14285714285714285
scanner,SIMPLE_NAME, line no: 62,IntObj,SIMPLE_NAME, line no: 60, 0.005225814213711938, insert, 0.9662921348314607, 0.0, 0.14285714285714285
"That's all  have a nice day!\n",STRING_LITERAL, line no: 69,scanner,SIMPLE_NAME, line no: 51, 0.0052072718296429675, insert, 0.18888888888888888, 0.0, 0.125
"That's all  have a nice day!\n",STRING_LITERAL, line no: 69,userint,SIMPLE_NAME, line no: 60, 0.0051580886246404365, insert, 0.9555555555555556, 0.0, 0.125
"That's all  have a nice day!\n",STRING_LITERAL, line no: 69,remainder,SIMPLE_NAME, line no: 60, 0.005059722214635375, insert, 0.9555555555555556, 0.0, 0.125
"That's all  have a nice day!\n",STRING_LITERAL, line no: 69,String,SIMPLE_NAME, line no: 49, 0.005048963388541071, insert, 0.5555555555555556, 0.0, 0.09375
"That's all  have a nice day!\n",STRING_LITERAL, line no: 69,nextInt,SIMPLE_NAME, line no: 62, 0.004999780183538539, insert, 0.9888888888888889, 0.0, 0.09375
"\n",STRING_LITERAL, line no: 63,remainder,SIMPLE_NAME, line no: 60, 0.004967503705255628, insert, 0.9555555555555556, 0.0, 0.1111111111111111
"Enter an integer > ",STRING_LITERAL, line no: 61,value,SIMPLE_NAME, line no: 7, 0.00496047753311241, insert, 0.06666666666666667, 0.0, 0.09523809523809523
"Enter an integer > ",STRING_LITERAL, line no: 61,output,SIMPLE_NAME, line no: 49, 0.00496047753311241, insert, 0.5555555555555556, 0.0, 0.09523809523809523
"That's all  have a nice day!\n",STRING_LITERAL, line no: 69,value,SIMPLE_NAME, line no: 7, 0.004950596978536008, insert, 0.06666666666666667, 0.0, 0.09375
"Enter an integer > ",STRING_LITERAL, line no: 61,IntObj,SIMPLE_NAME, line no: 60, 0.004862111123107348, insert, 0.9555555555555556, 0.0, 0.09523809523809523
"That's all  have a nice day!\n",STRING_LITERAL, line no: 69,format,SIMPLE_NAME, line no: 61, 0.0048414717424366425, insert, 1.0, 0.0, 0.0625
String,SIMPLE_NAME, line no: 61,System,SIMPLE_NAME, line no: 53, 0.004770770885245504, insert, 0.2111111111111111, 0.0, 0.3333333333333333
format,SIMPLE_NAME, line no: 61,out,SIMPLE_NAME, line no: 56, 0.004770770885245504, insert, 0.5777777777777777, 0.0, 0.3333333333333333
String,SIMPLE_NAME, line no: 63,System,SIMPLE_NAME, line no: 53, 0.004770770885245504, insert, 0.2111111111111111, 0.0, 0.3333333333333333
format,SIMPLE_NAME, line no: 63,out,SIMPLE_NAME, line no: 56, 0.004770770885245504, insert, 0.5777777777777777, 0.0, 0.3333333333333333
String,SIMPLE_NAME, line no: 69,System,SIMPLE_NAME, line no: 53, 0.004770770885245504, insert, 0.2111111111111111, 0.0, 0.3333333333333333
format,SIMPLE_NAME, line no: 69,out,SIMPLE_NAME, line no: 56, 0.004770770885245504, insert, 0.5777777777777777, 0.0, 0.3333333333333333
userint.value=scanner.nextInt(); ,EXPRESSION_STATEMENT, line no: 62,value=i; ,EXPRESSION_STATEMENT, line no: 7, 0.0047273003455985205, insert, 0.046511627906976744, 0.3333333333333333, 0.24242424242424243
String,SIMPLE_NAME, line no: 61,args,SIMPLE_NAME, line no: 50, 0.004721587680242973, insert, 0.5666666666666667, 0.0, 0.3333333333333333
String,SIMPLE_NAME, line no: 61,length,SIMPLE_NAME, line no: 50, 0.004721587680242973, insert, 0.5666666666666667, 0.0, 0.3333333333333333
String,SIMPLE_NAME, line no: 63,args,SIMPLE_NAME, line no: 50, 0.004721587680242973, insert, 0.5666666666666667, 0.0, 0.3333333333333333
String,SIMPLE_NAME, line no: 63,length,SIMPLE_NAME, line no: 50, 0.004721587680242973, insert, 0.5666666666666667, 0.0, 0.3333333333333333
String,SIMPLE_NAME, line no: 69,args,SIMPLE_NAME, line no: 50, 0.004721587680242973, insert, 0.5666666666666667, 0.0, 0.3333333333333333
String,SIMPLE_NAME, line no: 69,length,SIMPLE_NAME, line no: 50, 0.004721587680242973, insert, 0.5666666666666667, 0.0, 0.3333333333333333
"That's all  have a nice day!\n",STRING_LITERAL, line no: 69,output,SIMPLE_NAME, line no: 49, 0.004535613686327153, insert, 0.5555555555555556, 0.0, 0.03125
scanner,SIMPLE_NAME, line no: 62,System,SIMPLE_NAME, line no: 53, 0.004483329393408883, insert, 0.21348314606741572, 0.0, 0.2857142857142857
scanner,SIMPLE_NAME, line no: 62,println,SIMPLE_NAME, line no: 56, 0.004483329393408883, insert, 0.5842696629213483, 0.0, 0.2857142857142857
nextInt,SIMPLE_NAME, line no: 62,exec,SIMPLE_NAME, line no: 55, 0.004483329393408883, insert, 0.5842696629213483, 0.0, 0.2857142857142857
format,SIMPLE_NAME, line no: 61,println,SIMPLE_NAME, line no: 56, 0.0044545931388006626, insert, 0.5777777777777777, 0.0, 0.2857142857142857
format,SIMPLE_NAME, line no: 63,println,SIMPLE_NAME, line no: 56, 0.0044545931388006626, insert, 0.5777777777777777, 0.0, 0.2857142857142857
format,SIMPLE_NAME, line no: 69,println,SIMPLE_NAME, line no: 56, 0.0044545931388006626, insert, 0.5777777777777777, 0.0, 0.2857142857142857
"That's all  have a nice day!\n",STRING_LITERAL, line no: 69,IntObj,SIMPLE_NAME, line no: 60, 0.004437247276322091, insert, 0.9555555555555556, 0.0, 0.03125
scanner,SIMPLE_NAME, line no: 62,args,SIMPLE_NAME, line no: 50, 0.004433593568125424, insert, 0.5730337078651685, 0.0, 0.2857142857142857
remainder.value,QUALIFIED_NAME, line no: 66,remainder,SIMPLE_NAME, line no: 60, 0.0043430747326442965, insert, 1.0, 0.5, 0.6
scanner,SIMPLE_NAME, line no: 62,mainClass,SIMPLE_NAME, line no: 48, 0.00406175906481576, insert, 0.5617977528089888, 0.0, 0.2222222222222222
String,SIMPLE_NAME, line no: 61,mainClass,SIMPLE_NAME, line no: 48, 0.00403302281020754, insert, 0.5555555555555556, 0.0, 0.2222222222222222
format,SIMPLE_NAME, line no: 61,mainClass,SIMPLE_NAME, line no: 48, 0.00403302281020754, insert, 0.5555555555555556, 0.0, 0.2222222222222222
String,SIMPLE_NAME, line no: 63,mainClass,SIMPLE_NAME, line no: 48, 0.00403302281020754, insert, 0.5555555555555556, 0.0, 0.2222222222222222
format,SIMPLE_NAME, line no: 63,mainClass,SIMPLE_NAME, line no: 48, 0.00403302281020754, insert, 0.5555555555555556, 0.0, 0.2222222222222222
String,SIMPLE_NAME, line no: 69,mainClass,SIMPLE_NAME, line no: 48, 0.00403302281020754, insert, 0.5555555555555556, 0.0, 0.2222222222222222
format,SIMPLE_NAME, line no: 69,mainClass,SIMPLE_NAME, line no: 48, 0.00403302281020754, insert, 0.5555555555555556, 0.0, 0.2222222222222222
"Enter an integer > ",STRING_LITERAL, line no: 61,println,SIMPLE_NAME, line no: 56, 0.0038222376459109784, insert, 0.5777777777777777, 0.0, 0.19047619047619047
remainder,SIMPLE_NAME, line no: 66,scanner,SIMPLE_NAME, line no: 51, 0.0038097146777581557, insert, 0.35714285714285715, 0.0, 0.4444444444444444
String,SIMPLE_NAME, line no: 66,userint,SIMPLE_NAME, line no: 60, 0.00375529018236161, insert, 1.0, 0.0, 0.42857142857142855
String,SIMPLE_NAME, line no: 61,out,SIMPLE_NAME, line no: 56, 0.003664148772688557, insert, 0.5777777777777777, 0.0, 0.16666666666666666
format,SIMPLE_NAME, line no: 61,System,SIMPLE_NAME, line no: 53, 0.003664148772688557, insert, 0.2111111111111111, 0.0, 0.16666666666666666
String,SIMPLE_NAME, line no: 63,out,SIMPLE_NAME, line no: 56, 0.003664148772688557, insert, 0.5777777777777777, 0.0, 0.16666666666666666
format,SIMPLE_NAME, line no: 63,System,SIMPLE_NAME, line no: 53, 0.003664148772688557, insert, 0.2111111111111111, 0.0, 0.16666666666666666
String,SIMPLE_NAME, line no: 69,out,SIMPLE_NAME, line no: 56, 0.003664148772688557, insert, 0.5777777777777777, 0.0, 0.16666666666666666
format,SIMPLE_NAME, line no: 69,System,SIMPLE_NAME, line no: 53, 0.003664148772688557, insert, 0.2111111111111111, 0.0, 0.16666666666666666
format,SIMPLE_NAME, line no: 61,args,SIMPLE_NAME, line no: 50, 0.0036149655676860266, insert, 0.5666666666666667, 0.0, 0.16666666666666666
format,SIMPLE_NAME, line no: 61,length,SIMPLE_NAME, line no: 50, 0.0036149655676860266, insert, 0.5666666666666667, 0.0, 0.16666666666666666
format,SIMPLE_NAME, line no: 63,args,SIMPLE_NAME, line no: 50, 0.0036149655676860266, insert, 0.5666666666666667, 0.0, 0.16666666666666666
format,SIMPLE_NAME, line no: 63,length,SIMPLE_NAME, line no: 50, 0.0036149655676860266, insert, 0.5666666666666667, 0.0, 0.16666666666666666
"\n",STRING_LITERAL, line no: 63,length,SIMPLE_NAME, line no: 50, 0.0036149655676860266, insert, 0.5666666666666667, 0.0, 0.16666666666666666
format,SIMPLE_NAME, line no: 69,args,SIMPLE_NAME, line no: 50, 0.0036149655676860266, insert, 0.5666666666666667, 0.0, 0.16666666666666666
format,SIMPLE_NAME, line no: 69,length,SIMPLE_NAME, line no: 50, 0.0036149655676860266, insert, 0.5666666666666667, 0.0, 0.16666666666666666
scanner,SIMPLE_NAME, line no: 62,exec,SIMPLE_NAME, line no: 55, 0.003534796154074357, insert, 0.5842696629213483, 0.0, 0.14285714285714285
nextInt,SIMPLE_NAME, line no: 62,System,SIMPLE_NAME, line no: 53, 0.003534796154074357, insert, 0.21348314606741572, 0.0, 0.14285714285714285
nextInt,SIMPLE_NAME, line no: 62,out,SIMPLE_NAME, line no: 56, 0.003534796154074357, insert, 0.5842696629213483, 0.0, 0.14285714285714285
"Enter an integer > ",STRING_LITERAL, line no: 61,mainClass,SIMPLE_NAME, line no: 48, 0.0035060598994661363, insert, 0.5555555555555556, 0.0, 0.14285714285714285
"\n",STRING_LITERAL, line no: 63,println,SIMPLE_NAME, line no: 56, 0.0035060598994661363, insert, 0.5777777777777777, 0.0, 0.14285714285714285
scanner,SIMPLE_NAME, line no: 62,length,SIMPLE_NAME, line no: 50, 0.0034850603287908985, insert, 0.5730337078651685, 0.0, 0.14285714285714285
"Enter an integer > ",STRING_LITERAL, line no: 61,length,SIMPLE_NAME, line no: 50, 0.0034568766944636053, insert, 0.5666666666666667, 0.0, 0.14285714285714285
String,SIMPLE_NAME, line no: 66,remainder,SIMPLE_NAME, line no: 60, 0.0034287432099823394, insert, 1.0, 0.0, 0.3333333333333333
format,SIMPLE_NAME, line no: 66,output,SIMPLE_NAME, line no: 49, 0.0034287432099823394, insert, 0.7804878048780488, 0.0, 0.3333333333333333
format,SIMPLE_NAME, line no: 66,remainder,SIMPLE_NAME, line no: 60, 0.0034287432099823394, insert, 1.0, 0.0, 0.3333333333333333
remainder.value,QUALIFIED_NAME, line no: 66,value,SIMPLE_NAME, line no: 7, 0.0034287432099823394, insert, 0.14634146341463414, 0.5, 0.3333333333333333
remainder,SIMPLE_NAME, line no: 66,String,SIMPLE_NAME, line no: 49, 0.0034287432099823394, insert, 0.7857142857142857, 0.0, 0.3333333333333333
remainder,SIMPLE_NAME, line no: 66,userint,SIMPLE_NAME, line no: 60, 0.0034287432099823394, insert, 1.0, 0.0, 0.3333333333333333
remainder,SIMPLE_NAME, line no: 66,format,SIMPLE_NAME, line no: 61, 0.0034287432099823394, insert, 1.0, 0.0, 0.3333333333333333
"Enter an integer > ",STRING_LITERAL, line no: 61,digits_3214e9b0_000,SIMPLE_NAME, line no: 48, 0.003407693489461075, insert, 0.5555555555555556, 0.0, 0.14285714285714285
output+=(String.format("\n")); ,EXPRESSION_STATEMENT, line no: 63,value=i; ,EXPRESSION_STATEMENT, line no: 7, 0.003324595412655295, insert, 0.046511627906976744, 0.0, 0.16129032258064516
nextInt,SIMPLE_NAME, line no: 62,mainClass,SIMPLE_NAME, line no: 48, 0.003324010989777796, insert, 0.5617977528089888, 0.0, 0.1111111111111111
remainder,SIMPLE_NAME, line no: 66,mainClass,SIMPLE_NAME, line no: 48, 0.003319894219189249, insert, 0.7857142857142857, 0.0, 0.4444444444444444
"\n",STRING_LITERAL, line no: 63,mainClass,SIMPLE_NAME, line no: 48, 0.003295274735169575, insert, 0.5555555555555556, 0.0, 0.1111111111111111
String,SIMPLE_NAME, line no: 66,nextInt,SIMPLE_NAME, line no: 62, 0.003265469723792704, insert, 1.0, 0.0, 0.2857142857142857
format,SIMPLE_NAME, line no: 66,userint,SIMPLE_NAME, line no: 60, 0.003265469723792704, insert, 1.0, 0.0, 0.2857142857142857
value,SIMPLE_NAME, line no: 66,scanner,SIMPLE_NAME, line no: 51, 0.003265469723792704, insert, 0.35714285714285715, 0.0, 0.2857142857142857
value,SIMPLE_NAME, line no: 66,userint,SIMPLE_NAME, line no: 60, 0.003265469723792704, insert, 1.0, 0.0, 0.2857142857142857
String,SIMPLE_NAME, line no: 66,println,SIMPLE_NAME, line no: 56, 0.0032535228833398045, insert, 0.7804878048780488, 0.0, 0.42857142857142855
remainder.value,QUALIFIED_NAME, line no: 66,scanner,SIMPLE_NAME, line no: 51, 0.0032001603293168508, insert, 0.36585365853658536, 0.0, 0.26666666666666666
String,SIMPLE_NAME, line no: 61,util,SIMPLE_NAME, line no: 44, 0.003196908325164513, insert, 0.022222222222222223, 0.0, 0.3333333333333333
String,SIMPLE_NAME, line no: 63,util,SIMPLE_NAME, line no: 44, 0.003196908325164513, insert, 0.022222222222222223, 0.0, 0.3333333333333333
String,SIMPLE_NAME, line no: 69,util,SIMPLE_NAME, line no: 44, 0.003196908325164513, insert, 0.022222222222222223, 0.0, 0.3333333333333333
"Enter an integer > ",STRING_LITERAL, line no: 61,System,SIMPLE_NAME, line no: 53, 0.003189882153021294, insert, 0.2111111111111111, 0.0, 0.09523809523809523
"Enter an integer > ",STRING_LITERAL, line no: 61,exec,SIMPLE_NAME, line no: 55, 0.003189882153021294, insert, 0.5777777777777777, 0.0, 0.09523809523809523
scanner,SIMPLE_NAME, line no: 62,digits_3214e9b0_000,SIMPLE_NAME, line no: 48, 0.0031857104931562494, insert, 0.5617977528089888, 0.0, 0.10526315789473684
"That's all  have a nice day!\n",STRING_LITERAL, line no: 69,mainClass,SIMPLE_NAME, line no: 48, 0.0031800015984448926, insert, 0.5555555555555556, 0.0, 0.09375
"That's all  have a nice day!\n",STRING_LITERAL, line no: 69,println,SIMPLE_NAME, line no: 56, 0.0031800015984448926, insert, 0.5777777777777777, 0.0, 0.09375
String,SIMPLE_NAME, line no: 61,digits_3214e9b0_000,SIMPLE_NAME, line no: 48, 0.003158079479109884, insert, 0.5555555555555556, 0.0, 0.10526315789473684
String,SIMPLE_NAME, line no: 63,digits_3214e9b0_000,SIMPLE_NAME, line no: 48, 0.003158079479109884, insert, 0.5555555555555556, 0.0, 0.10526315789473684
String,SIMPLE_NAME, line no: 69,digits_3214e9b0_000,SIMPLE_NAME, line no: 48, 0.003158079479109884, insert, 0.5555555555555556, 0.0, 0.10526315789473684
String,SIMPLE_NAME, line no: 61,in,SIMPLE_NAME, line no: 53, 0.0031477251201619824, insert, 0.2111111111111111, 0.0, 0.3333333333333333
String,SIMPLE_NAME, line no: 63,in,SIMPLE_NAME, line no: 53, 0.0031477251201619824, insert, 0.2111111111111111, 0.0, 0.3333333333333333
String,SIMPLE_NAME, line no: 69,in,SIMPLE_NAME, line no: 53, 0.0031477251201619824, insert, 0.2111111111111111, 0.0, 0.3333333333333333
"Enter an integer > ",STRING_LITERAL, line no: 61,args,SIMPLE_NAME, line no: 50, 0.003140698948018764, insert, 0.5666666666666667, 0.0, 0.09523809523809523
"That's all  have a nice day!\n",STRING_LITERAL, line no: 69,length,SIMPLE_NAME, line no: 50, 0.0031308183934423625, insert, 0.5666666666666667, 0.0, 0.09375
"That's all  have a nice day!\n",STRING_LITERAL, line no: 69,digits_3214e9b0_000,SIMPLE_NAME, line no: 48, 0.0030816351884398316, insert, 0.5555555555555556, 0.0, 0.09375
remainder,SIMPLE_NAME, line no: 66,value,SIMPLE_NAME, line no: 7, 0.003047771742206524, insert, 0.14285714285714285, 0.0, 0.2222222222222222
remainder,SIMPLE_NAME, line no: 66,nextInt,SIMPLE_NAME, line no: 62, 0.003047771742206524, insert, 1.0, 0.0, 0.2222222222222222
value,SIMPLE_NAME, line no: 66,remainder,SIMPLE_NAME, line no: 60, 0.003047771742206524, insert, 1.0, 0.0, 0.2222222222222222
value,SIMPLE_NAME, line no: 66,length,SIMPLE_NAME, line no: 50, 0.002993347246809979, insert, 0.8095238095238095, 0.0, 0.3333333333333333
String,SIMPLE_NAME, line no: 66,args,SIMPLE_NAME, line no: 50, 0.0029827278330740678, insert, 0.8048780487804879, 0.0, 0.3333333333333333
String,SIMPLE_NAME, line no: 66,length,SIMPLE_NAME, line no: 50, 0.0029827278330740678, insert, 0.8048780487804879, 0.0, 0.3333333333333333
"That's all  have a nice day!\n",STRING_LITERAL, line no: 69,System,SIMPLE_NAME, line no: 53, 0.0029725099523404655, insert, 0.2111111111111111, 0.0, 0.0625
"That's all  have a nice day!\n",STRING_LITERAL, line no: 69,exec,SIMPLE_NAME, line no: 55, 0.0029725099523404655, insert, 0.5777777777777777, 0.0, 0.0625
remainder.value,QUALIFIED_NAME, line no: 66,String,SIMPLE_NAME, line no: 49, 0.0029715774486513613, insert, 0.7804878048780488, 0.0, 0.2
remainder.value,QUALIFIED_NAME, line no: 66,userint,SIMPLE_NAME, line no: 60, 0.0029715774486513613, insert, 1.0, 0.0, 0.2
remainder.value,QUALIFIED_NAME, line no: 66,format,SIMPLE_NAME, line no: 61, 0.0029715774486513613, insert, 1.0, 0.0, 0.2
remainder,SIMPLE_NAME, line no: 66,println,SIMPLE_NAME, line no: 56, 0.0029389227514134337, insert, 0.7857142857142857, 0.0, 0.3333333333333333
String,SIMPLE_NAME, line no: 66,System,SIMPLE_NAME, line no: 53, 0.0029269759109605336, insert, 0.3902439024390244, 0.0, 0.3333333333333333
format,SIMPLE_NAME, line no: 66,out,SIMPLE_NAME, line no: 56, 0.0029269759109605336, insert, 0.7804878048780488, 0.0, 0.3333333333333333
remainder.value,QUALIFIED_NAME, line no: 66,mainClass,SIMPLE_NAME, line no: 48, 0.0029269759109605336, insert, 0.7804878048780488, 0.0, 0.3333333333333333
"That's all  have a nice day!\n",STRING_LITERAL, line no: 69,args,SIMPLE_NAME, line no: 50, 0.0029233267473379346, insert, 0.5666666666666667, 0.0, 0.0625
"Enter an integer > ",STRING_LITERAL, line no: 61,out,SIMPLE_NAME, line no: 56, 0.0028737044065764526, insert, 0.5777777777777777, 0.0, 0.047619047619047616
String,SIMPLE_NAME, line no: 66,output,SIMPLE_NAME, line no: 49, 0.0028572860083186163, insert, 0.7804878048780488, 0.0, 0.16666666666666666
String,SIMPLE_NAME, line no: 66,IntObj,SIMPLE_NAME, line no: 60, 0.0028572860083186163, insert, 1.0, 0.0, 0.16666666666666666
String,SIMPLE_NAME, line no: 66,format,SIMPLE_NAME, line no: 61, 0.0028572860083186163, insert, 1.0, 0.0, 0.16666666666666666
format,SIMPLE_NAME, line no: 66,value,SIMPLE_NAME, line no: 7, 0.0028572860083186163, insert, 0.14634146341463414, 0.0, 0.16666666666666666
format,SIMPLE_NAME, line no: 66,String,SIMPLE_NAME, line no: 49, 0.0028572860083186163, insert, 0.7804878048780488, 0.0, 0.16666666666666666
format,SIMPLE_NAME, line no: 66,IntObj,SIMPLE_NAME, line no: 60, 0.0028572860083186163, insert, 1.0, 0.0, 0.16666666666666666
"%d\n",STRING_LITERAL, line no: 66,String,SIMPLE_NAME, line no: 49, 0.0028572860083186163, insert, 0.7804878048780488, 0.0, 0.16666666666666666
"%d\n",STRING_LITERAL, line no: 66,IntObj,SIMPLE_NAME, line no: 60, 0.0028572860083186163, insert, 1.0, 0.0, 0.16666666666666666
value,SIMPLE_NAME, line no: 66,output,SIMPLE_NAME, line no: 49, 0.0028572860083186163, insert, 0.7857142857142857, 0.0, 0.16666666666666666
value,SIMPLE_NAME, line no: 66,format,SIMPLE_NAME, line no: 61, 0.0028572860083186163, insert, 1.0, 0.0, 0.16666666666666666
nextInt,SIMPLE_NAME, line no: 62,Scanner,SIMPLE_NAME, line no: 44, 0.0028420471590547593, insert, 0.011235955056179775, 0.0, 0.2857142857142857
nextInt,SIMPLE_NAME, line no: 62,digits_3214e9b0_000,SIMPLE_NAME, line no: 48, 0.0028362508786645823, insert, 0.5617977528089888, 0.0, 0.05263157894736842
String,SIMPLE_NAME, line no: 61,Scanner,SIMPLE_NAME, line no: 44, 0.0028315473737171404, insert, 0.011111111111111112, 0.0, 0.2857142857142857
String,SIMPLE_NAME, line no: 63,Scanner,SIMPLE_NAME, line no: 44, 0.0028315473737171404, insert, 0.011111111111111112, 0.0, 0.2857142857142857
String,SIMPLE_NAME, line no: 69,Scanner,SIMPLE_NAME, line no: 44, 0.0028315473737171404, insert, 0.011111111111111112, 0.0, 0.2857142857142857
format,SIMPLE_NAME, line no: 61,digits_3214e9b0_000,SIMPLE_NAME, line no: 48, 0.0028086198646182165, insert, 0.5555555555555556, 0.0, 0.05263157894736842
format,SIMPLE_NAME, line no: 63,digits_3214e9b0_000,SIMPLE_NAME, line no: 48, 0.0028086198646182165, insert, 0.5555555555555556, 0.0, 0.05263157894736842
format,SIMPLE_NAME, line no: 69,digits_3214e9b0_000,SIMPLE_NAME, line no: 48, 0.0028086198646182165, insert, 0.5555555555555556, 0.0, 0.05263157894736842
String,SIMPLE_NAME, line no: 66,scanner,SIMPLE_NAME, line no: 51, 0.0027756492652237985, insert, 0.36585365853658536, 0.0, 0.14285714285714285
format,SIMPLE_NAME, line no: 66,scanner,SIMPLE_NAME, line no: 51, 0.0027756492652237985, insert, 0.36585365853658536, 0.0, 0.14285714285714285
format,SIMPLE_NAME, line no: 66,nextInt,SIMPLE_NAME, line no: 62, 0.0027756492652237985, insert, 1.0, 0.0, 0.14285714285714285
"%d\n",STRING_LITERAL, line no: 66,scanner,SIMPLE_NAME, line no: 51, 0.0027756492652237985, insert, 0.36585365853658536, 0.0, 0.14285714285714285
"%d\n",STRING_LITERAL, line no: 66,userint,SIMPLE_NAME, line no: 60, 0.0027756492652237985, insert, 1.0, 0.0, 0.14285714285714285
"%d\n",STRING_LITERAL, line no: 66,nextInt,SIMPLE_NAME, line no: 62, 0.0027756492652237985, insert, 1.0, 0.0, 0.14285714285714285
value,SIMPLE_NAME, line no: 66,nextInt,SIMPLE_NAME, line no: 62, 0.0027756492652237985, insert, 1.0, 0.0, 0.14285714285714285
"That's all  have a nice day!\n",STRING_LITERAL, line no: 69,out,SIMPLE_NAME, line no: 56, 0.002765018306236038, insert, 0.5777777777777777, 0.0, 0.03125
format,SIMPLE_NAME, line no: 66,println,SIMPLE_NAME, line no: 56, 0.0027637024247708984, insert, 0.7804878048780488, 0.0, 0.2857142857142857
remainder.value,QUALIFIED_NAME, line no: 66,nextInt,SIMPLE_NAME, line no: 62, 0.0027429945679858718, insert, 1.0, 0.0, 0.13333333333333333
remainder.value,QUALIFIED_NAME, line no: 66,println,SIMPLE_NAME, line no: 56, 0.002698393030295045, insert, 0.7804878048780488, 0.0, 0.26666666666666666
"%d\n",STRING_LITERAL, line no: 66,remainder,SIMPLE_NAME, line no: 60, 0.0026668002744307086, insert, 1.0, 0.0, 0.1111111111111111
remainder,SIMPLE_NAME, line no: 66,IntObj,SIMPLE_NAME, line no: 60, 0.0026668002744307086, insert, 1.0, 0.0, 0.1111111111111111
remainder,SIMPLE_NAME, line no: 66,args,SIMPLE_NAME, line no: 50, 0.0026123757790341637, insert, 0.8095238095238095, 0.0, 0.2222222222222222
remainder,SIMPLE_NAME, line no: 66,length,SIMPLE_NAME, line no: 50, 0.0026123757790341637, insert, 0.8095238095238095, 0.0, 0.2222222222222222
"\n",STRING_LITERAL, line no: 63,in,SIMPLE_NAME, line no: 53, 0.002594414063883509, insert, 0.2111111111111111, 0.0, 0.25
remainder,SIMPLE_NAME, line no: 66,System,SIMPLE_NAME, line no: 53, 0.0025579512836376183, insert, 0.38095238095238093, 0.0, 0.2222222222222222
remainder,SIMPLE_NAME, line no: 66,exec,SIMPLE_NAME, line no: 55, 0.0025579512836376183, insert, 0.7857142857142857, 0.0, 0.2222222222222222
value,SIMPLE_NAME, line no: 66,mainClass,SIMPLE_NAME, line no: 48, 0.0025579512836376183, insert, 0.7857142857142857, 0.0, 0.2222222222222222
String,SIMPLE_NAME, line no: 66,mainClass,SIMPLE_NAME, line no: 48, 0.0025460044431847182, insert, 0.7804878048780488, 0.0, 0.2222222222222222
format,SIMPLE_NAME, line no: 66,mainClass,SIMPLE_NAME, line no: 48, 0.0025460044431847182, insert, 0.7804878048780488, 0.0, 0.2222222222222222
value,SIMPLE_NAME, line no: 66,args,SIMPLE_NAME, line no: 50, 0.0025361814854790005, insert, 0.8095238095238095, 0.0, 0.2
"Enter an integer > ",STRING_LITERAL, line no: 61,Scanner,SIMPLE_NAME, line no: 44, 0.0025153696272722983, insert, 0.011111111111111112, 0.0, 0.23809523809523808
remainder.value,QUALIFIED_NAME, line no: 66,output,SIMPLE_NAME, line no: 49, 0.0025144116873203823, insert, 0.7804878048780488, 0.0, 0.06666666666666667
remainder.value,QUALIFIED_NAME, line no: 66,IntObj,SIMPLE_NAME, line no: 60, 0.0025144116873203823, insert, 1.0, 0.0, 0.06666666666666667
value,SIMPLE_NAME, line no: 66,exec,SIMPLE_NAME, line no: 55, 0.002481756990082455, insert, 0.7857142857142857, 0.0, 0.2
value,SIMPLE_NAME, line no: 66,out,SIMPLE_NAME, line no: 56, 0.002481756990082455, insert, 0.7857142857142857, 0.0, 0.2
format,SIMPLE_NAME, line no: 66,args,SIMPLE_NAME, line no: 50, 0.0024112706314103447, insert, 0.8048780487804879, 0.0, 0.16666666666666666
format,SIMPLE_NAME, line no: 66,length,SIMPLE_NAME, line no: 50, 0.0024112706314103447, insert, 0.8048780487804879, 0.0, 0.16666666666666666
"%d\n",STRING_LITERAL, line no: 66,length,SIMPLE_NAME, line no: 50, 0.0024112706314103447, insert, 0.8048780487804879, 0.0, 0.16666666666666666
remainder,SIMPLE_NAME, line no: 66,Scanner,SIMPLE_NAME, line no: 44, 0.002394677797447983, insert, 0.023809523809523808, 0.0, 0.4444444444444444
value,SIMPLE_NAME, line no: 66,System,SIMPLE_NAME, line no: 53, 0.0023674655497497106, insert, 0.38095238095238093, 0.0, 0.16666666666666666
String,SIMPLE_NAME, line no: 66,out,SIMPLE_NAME, line no: 56, 0.0023555187092968105, insert, 0.7804878048780488, 0.0, 0.16666666666666666
format,SIMPLE_NAME, line no: 66,System,SIMPLE_NAME, line no: 53, 0.0023555187092968105, insert, 0.3902439024390244, 0.0, 0.16666666666666666
output+=(String.format("Enter an integer > ")); ,EXPRESSION_STATEMENT, line no: 61,value=i; ,EXPRESSION_STATEMENT, line no: 7, 0.002336998189536382, insert, 0.046511627906976744, 0.0, 0.10416666666666667
remainder.value,QUALIFIED_NAME, line no: 66,args,SIMPLE_NAME, line no: 50, 0.0022969791910776, insert, 0.8048780487804879, 0.0, 0.13333333333333333
remainder.value,QUALIFIED_NAME, line no: 66,length,SIMPLE_NAME, line no: 50, 0.0022969791910776, insert, 0.8048780487804879, 0.0, 0.13333333333333333
value,SIMPLE_NAME, line no: 66,java,SIMPLE_NAME, line no: 44, 0.0022967137057342017, insert, 0.047619047619047616, 0.0, 0.4
output+=(String.format("That's all  have a nice day!\n")); ,EXPRESSION_STATEMENT, line no: 69,value=i; ,EXPRESSION_STATEMENT, line no: 7, 0.0022942646706098015, insert, 0.046511627906976744, 0.0, 0.1016949152542373
value,SIMPLE_NAME, line no: 66,println,SIMPLE_NAME, line no: 56, 0.002285828806654893, insert, 0.7857142857142857, 0.0, 0.14285714285714285
"%d\n",STRING_LITERAL, line no: 66,println,SIMPLE_NAME, line no: 56, 0.002273881966201993, insert, 0.7804878048780488, 0.0, 0.14285714285714285
remainder.value,QUALIFIED_NAME, line no: 66,System,SIMPLE_NAME, line no: 53, 0.0022412272689640664, insert, 0.3902439024390244, 0.0, 0.13333333333333333
remainder.value,QUALIFIED_NAME, line no: 66,exec,SIMPLE_NAME, line no: 55, 0.0022412272689640664, insert, 0.7804878048780488, 0.0, 0.13333333333333333
"%d\n",STRING_LITERAL, line no: 66,mainClass,SIMPLE_NAME, line no: 48, 0.002165032975408903, insert, 0.7804878048780488, 0.0, 0.1111111111111111
remainder,SIMPLE_NAME, line no: 66,digits_3214e9b0_000,SIMPLE_NAME, line no: 48, 0.002156928685978865, insert, 0.7857142857142857, 0.0, 0.10526315789473684
String,SIMPLE_NAME, line no: 66,digits_3214e9b0_000,SIMPLE_NAME, line no: 48, 0.0021449818455259654, insert, 0.7804878048780488, 0.0, 0.10526315789473684
remainder.value,QUALIFIED_NAME, line no: 66,digits_3214e9b0_000,SIMPLE_NAME, line no: 48, 0.0021449818455259654, insert, 0.7804878048780488, 0.0, 0.10526315789473684
String,SIMPLE_NAME, line no: 66,util,SIMPLE_NAME, line no: 44, 0.002090697079257524, insert, 0.04878048780487805, 0.0, 0.3333333333333333
format,SIMPLE_NAME, line no: 61,java,SIMPLE_NAME, line no: 44, 0.0020902862126075663, insert, 0.022222222222222223, 0.0, 0.16666666666666666
format,SIMPLE_NAME, line no: 61,util,SIMPLE_NAME, line no: 44, 0.0020902862126075663, insert, 0.022222222222222223, 0.0, 0.16666666666666666
format,SIMPLE_NAME, line no: 63,java,SIMPLE_NAME, line no: 44, 0.0020902862126075663, insert, 0.022222222222222223, 0.0, 0.16666666666666666
format,SIMPLE_NAME, line no: 63,util,SIMPLE_NAME, line no: 44, 0.0020902862126075663, insert, 0.022222222222222223, 0.0, 0.16666666666666666
format,SIMPLE_NAME, line no: 69,java,SIMPLE_NAME, line no: 44, 0.0020902862126075663, insert, 0.022222222222222223, 0.0, 0.16666666666666666
format,SIMPLE_NAME, line no: 69,util,SIMPLE_NAME, line no: 44, 0.0020902862126075663, insert, 0.022222222222222223, 0.0, 0.16666666666666666
String,SIMPLE_NAME, line no: 66,in,SIMPLE_NAME, line no: 53, 0.00203494515714399, insert, 0.3902439024390244, 0.0, 0.3333333333333333
remainder.value,QUALIFIED_NAME, line no: 66,out,SIMPLE_NAME, line no: 56, 0.002012644388298577, insert, 0.7804878048780488, 0.0, 0.06666666666666667
value,SIMPLE_NAME, line no: 66,digits_3214e9b0_000,SIMPLE_NAME, line no: 48, 0.0019764685170324263, insert, 0.7857142857142857, 0.0, 0.05263157894736842
format,SIMPLE_NAME, line no: 66,digits_3214e9b0_000,SIMPLE_NAME, line no: 48, 0.0019645216765795262, insert, 0.7804878048780488, 0.0, 0.05263157894736842
"%d\n",STRING_LITERAL, line no: 66,digits_3214e9b0_000,SIMPLE_NAME, line no: 48, 0.0019645216765795262, insert, 0.7804878048780488, 0.0, 0.05263157894736842
scanner,SIMPLE_NAME, line no: 62,java,SIMPLE_NAME, line no: 44, 0.0019432497450036913, insert, 0.02247191011235955, 0.0, 0.14285714285714285
nextInt,SIMPLE_NAME, line no: 62,util,SIMPLE_NAME, line no: 44, 0.0019432497450036913, insert, 0.02247191011235955, 0.0, 0.14285714285714285
scanner,SIMPLE_NAME, line no: 62,in,SIMPLE_NAME, line no: 53, 0.0018935139197202334, insert, 0.21348314606741572, 0.0, 0.14285714285714285
nextInt,SIMPLE_NAME, line no: 62,in,SIMPLE_NAME, line no: 53, 0.0018935139197202334, insert, 0.21348314606741572, 0.0, 0.14285714285714285
format,SIMPLE_NAME, line no: 61,Scanner,SIMPLE_NAME, line no: 44, 0.0018830141343826143, insert, 0.011111111111111112, 0.0, 0.14285714285714285
format,SIMPLE_NAME, line no: 63,Scanner,SIMPLE_NAME, line no: 44, 0.0018830141343826143, insert, 0.011111111111111112, 0.0, 0.14285714285714285
"\n",STRING_LITERAL, line no: 63,Scanner,SIMPLE_NAME, line no: 44, 0.0018830141343826143, insert, 0.011111111111111112, 0.0, 0.14285714285714285
format,SIMPLE_NAME, line no: 69,Scanner,SIMPLE_NAME, line no: 44, 0.0018830141343826143, insert, 0.011111111111111112, 0.0, 0.14285714285714285
String,SIMPLE_NAME, line no: 66,Scanner,SIMPLE_NAME, line no: 44, 0.0018716716709543549, insert, 0.024390243902439025, 0.0, 0.2857142857142857
value,SIMPLE_NAME, line no: 66,Scanner,SIMPLE_NAME, line no: 44, 0.0018504328434825322, insert, 0.023809523809523808, 0.0, 0.2857142857142857
remainder.value,QUALIFIED_NAME, line no: 66,Scanner,SIMPLE_NAME, line no: 44, 0.0018063622764785013, insert, 0.024390243902439025, 0.0, 0.26666666666666666
remainder.value,QUALIFIED_NAME, line no: 66,java,SIMPLE_NAME, line no: 44, 0.0016335313179265457, insert, 0.04878048780487805, 0.0, 0.2
remainder,SIMPLE_NAME, line no: 66,in,SIMPLE_NAME, line no: 53, 0.001632734861896352, insert, 0.38095238095238093, 0.0, 0.2222222222222222
"Enter an integer > ",STRING_LITERAL, line no: 61,util,SIMPLE_NAME, line no: 44, 0.0016160195929403032, insert, 0.022222222222222223, 0.0, 0.09523809523809523
value,SIMPLE_NAME, line no: 66,util,SIMPLE_NAME, line no: 44, 0.001610965063737734, insert, 0.047619047619047616, 0.0, 0.2
"That's all  have a nice day!\n",STRING_LITERAL, line no: 69,java,SIMPLE_NAME, line no: 44, 0.001606139038363902, insert, 0.022222222222222223, 0.0, 0.09375
"Enter an integer > ",STRING_LITERAL, line no: 61,in,SIMPLE_NAME, line no: 53, 0.0015668363879377725, insert, 0.2111111111111111, 0.0, 0.09523809523809523
"That's all  have a nice day!\n",STRING_LITERAL, line no: 69,Scanner,SIMPLE_NAME, line no: 44, 0.0015569558333613713, insert, 0.011111111111111112, 0.0, 0.09375
format,SIMPLE_NAME, line no: 66,java,SIMPLE_NAME, line no: 44, 0.001519239877593801, insert, 0.04878048780487805, 0.0, 0.16666666666666666
format,SIMPLE_NAME, line no: 66,util,SIMPLE_NAME, line no: 44, 0.001519239877593801, insert, 0.04878048780487805, 0.0, 0.16666666666666666
"Enter an integer > ",STRING_LITERAL, line no: 61,userint.value,QUALIFIED_NAME, line no: 62, 0.0014916585907887644, insert, 0.9777777777777777, 0.0, 0.2857142857142857
"%d\n",STRING_LITERAL, line no: 66,in,SIMPLE_NAME, line no: 53, 0.0014634879554802668, insert, 0.3902439024390244, 0.0, 0.16666666666666666
scanner,SIMPLE_NAME, line no: 62,userint.value,QUALIFIED_NAME, line no: 62, 0.0014158942396836074, insert, 0.9887640449438202, 0.0, 0.23076923076923078
nextInt,SIMPLE_NAME, line no: 62,userint.value,QUALIFIED_NAME, line no: 62, 0.0014158942396836074, insert, 0.9887640449438202, 0.0, 0.23076923076923078
remainder.value,QUALIFIED_NAME, line no: 66,util,SIMPLE_NAME, line no: 44, 0.0014049484372610562, insert, 0.04878048780487805, 0.0, 0.13333333333333333
String,SIMPLE_NAME, line no: 61,userint.value,QUALIFIED_NAME, line no: 62, 0.001404241543664054, insert, 0.9777777777777777, 0.0, 0.23076923076923078
String,SIMPLE_NAME, line no: 63,userint.value,QUALIFIED_NAME, line no: 62, 0.001404241543664054, insert, 0.9777777777777777, 0.0, 0.23076923076923078
String,SIMPLE_NAME, line no: 69,userint.value,QUALIFIED_NAME, line no: 62, 0.001404241543664054, insert, 0.9777777777777777, 0.0, 0.23076923076923078
String,SIMPLE_NAME, line no: 61,i,SIMPLE_NAME, line no: 7, 0.0014017213425721326, insert, 0.06666666666666667, 0.0, 0.16666666666666666
String,SIMPLE_NAME, line no: 63,i,SIMPLE_NAME, line no: 7, 0.0014017213425721326, insert, 0.06666666666666667, 0.0, 0.16666666666666666
String,SIMPLE_NAME, line no: 69,i,SIMPLE_NAME, line no: 7, 0.0014017213425721326, insert, 0.06666666666666667, 0.0, 0.16666666666666666
"That's all  have a nice day!\n",STRING_LITERAL, line no: 69,util,SIMPLE_NAME, line no: 44, 0.0013986473922594745, insert, 0.022222222222222223, 0.0, 0.0625
format,SIMPLE_NAME, line no: 66,Scanner,SIMPLE_NAME, line no: 44, 0.0013818512123854492, insert, 0.024390243902439025, 0.0, 0.14285714285714285
"%d\n",STRING_LITERAL, line no: 66,Scanner,SIMPLE_NAME, line no: 44, 0.0013818512123854492, insert, 0.024390243902439025, 0.0, 0.14285714285714285
remainder.value,QUALIFIED_NAME, line no: 66,remainder.value,QUALIFIED_NAME, line no: 65, 0.001369306393762915, insert, 0.9512195121951219, 2.0, 1.0
"That's all  have a nice day!\n",STRING_LITERAL, line no: 69,in,SIMPLE_NAME, line no: 53, 0.0013494641872569435, insert, 0.2111111111111111, 0.0, 0.0625
remainder.value,QUALIFIED_NAME, line no: 66,in,SIMPLE_NAME, line no: 53, 0.0013491965151475225, insert, 0.3902439024390244, 0.0, 0.13333333333333333
remainder,SIMPLE_NAME, line no: 66,java,SIMPLE_NAME, line no: 44, 0.0013061878895170818, insert, 0.047619047619047616, 0.0, 0.1111111111111111
remainder,SIMPLE_NAME, line no: 66,util,SIMPLE_NAME, line no: 44, 0.0013061878895170818, insert, 0.047619047619047616, 0.0, 0.1111111111111111
"Enter an integer > ",STRING_LITERAL, line no: 61,java,SIMPLE_NAME, line no: 44, 0.0012998418464954615, insert, 0.022222222222222223, 0.0, 0.047619047619047616
userint.value=scanner.nextInt(); ,EXPRESSION_STATEMENT, line no: 62,if (true) return; ,IF_STATEMENT, line no: 70, 0.0012959338826109817, insert, 1.0, 0.0, 0.30303030303030304
format,SIMPLE_NAME, line no: 61,userint.value,QUALIFIED_NAME, line no: 62, 0.0012818576776894592, insert, 0.9777777777777777, 0.0, 0.15384615384615385
format,SIMPLE_NAME, line no: 63,userint.value,QUALIFIED_NAME, line no: 62, 0.0012818576776894592, insert, 0.9777777777777777, 0.0, 0.15384615384615385
format,SIMPLE_NAME, line no: 69,userint.value,QUALIFIED_NAME, line no: 62, 0.0012818576776894592, insert, 0.9777777777777777, 0.0, 0.15384615384615385
"That's all  have a nice day!\n",STRING_LITERAL, line no: 69,userint.value,QUALIFIED_NAME, line no: 62, 0.001235963727948986, insert, 0.9777777777777777, 0.0, 0.125
output+=(String.format("\n")); ,EXPRESSION_STATEMENT, line no: 63,if (true) return; ,IF_STATEMENT, line no: 70, 0.0012358401743447465, insert, 1.0, 0.0, 0.25806451612903225
output+=(String.format("Enter an integer > ")); ,EXPRESSION_STATEMENT, line no: 61,if (true) return; ,IF_STATEMENT, line no: 70, 0.001169377839387253, insert, 1.0, 0.0, 0.20833333333333334
"\n",STRING_LITERAL, line no: 63,userint.value,QUALIFIED_NAME, line no: 62, 0.0011594738117148644, insert, 0.9777777777777777, 0.0, 0.07692307692307693
output+=(String.format("That's all  have a nice day!\n")); ,EXPRESSION_STATEMENT, line no: 69,if (true) return; ,IF_STATEMENT, line no: 70, 0.0011174684114887065, insert, 1.0, 0.0, 0.1694915254237288
nextInt,SIMPLE_NAME, line no: 62,args.length,QUALIFIED_NAME, line no: 50, 0.0010417004649298242, insert, 0.5730337078651685, 0.0, 0.2727272727272727
remainder.value,QUALIFIED_NAME, line no: 66,userint.value,QUALIFIED_NAME, line no: 62, 0.0010406728592598155, insert, 1.0, 0.6666666666666666, 0.6
String,SIMPLE_NAME, line no: 61,args.length,QUALIFIED_NAME, line no: 50, 0.001034947197918492, insert, 0.5666666666666667, 0.0, 0.2727272727272727
String,SIMPLE_NAME, line no: 63,args.length,QUALIFIED_NAME, line no: 50, 0.001034947197918492, insert, 0.5666666666666667, 0.0, 0.2727272727272727
String,SIMPLE_NAME, line no: 69,args.length,QUALIFIED_NAME, line no: 50, 0.001034947197918492, insert, 0.5666666666666667, 0.0, 0.2727272727272727
remainder,SIMPLE_NAME, line no: 66,remainder.value,QUALIFIED_NAME, line no: 65, 0.0010276318459858831, insert, 0.9285714285714286, 1.0, 0.6
String,SIMPLE_NAME, line no: 61,true,BOOLEAN_LITERAL, line no: 70, 9.674792115034606E-4, insert, 0.9555555555555556, 0.0, 0.3333333333333333
String,SIMPLE_NAME, line no: 63,true,BOOLEAN_LITERAL, line no: 70, 9.674792115034606E-4, insert, 0.9555555555555556, 0.0, 0.3333333333333333
String,SIMPLE_NAME, line no: 69,true,BOOLEAN_LITERAL, line no: 70, 9.674792115034606E-4, insert, 0.9555555555555556, 0.0, 0.3333333333333333
scanner,SIMPLE_NAME, line no: 62,System.out,QUALIFIED_NAME, line no: 56, 9.379096125738419E-4, insert, 0.5842696629213483, 0.0, 0.2
nextInt,SIMPLE_NAME, line no: 62,System.out,QUALIFIED_NAME, line no: 56, 9.379096125738419E-4, insert, 0.5842696629213483, 0.0, 0.2
"Enter an integer > ",STRING_LITERAL, line no: 61,remainder.value,QUALIFIED_NAME, line no: 65, 9.377582788593022E-4, insert, 0.43333333333333335, 0.0, 0.2857142857142857
String,SIMPLE_NAME, line no: 61,System.out,QUALIFIED_NAME, line no: 56, 9.310239285622874E-4, insert, 0.5777777777777777, 0.0, 0.2
format,SIMPLE_NAME, line no: 61,System.out,QUALIFIED_NAME, line no: 56, 9.310239285622874E-4, insert, 0.5777777777777777, 0.0, 0.2
String,SIMPLE_NAME, line no: 63,System.out,QUALIFIED_NAME, line no: 56, 9.310239285622874E-4, insert, 0.5777777777777777, 0.0, 0.2
format,SIMPLE_NAME, line no: 63,System.out,QUALIFIED_NAME, line no: 56, 9.310239285622874E-4, insert, 0.5777777777777777, 0.0, 0.2
String,SIMPLE_NAME, line no: 69,System.out,QUALIFIED_NAME, line no: 56, 9.310239285622874E-4, insert, 0.5777777777777777, 0.0, 0.2
format,SIMPLE_NAME, line no: 69,System.out,QUALIFIED_NAME, line no: 56, 9.310239285622874E-4, insert, 0.5777777777777777, 0.0, 0.2
String,SIMPLE_NAME, line no: 61,System.in,QUALIFIED_NAME, line no: 53, 9.192388155425117E-4, insert, 0.2, 0.0, 0.4444444444444444
String,SIMPLE_NAME, line no: 63,System.in,QUALIFIED_NAME, line no: 53, 9.192388155425117E-4, insert, 0.2, 0.0, 0.4444444444444444
String,SIMPLE_NAME, line no: 69,System.in,QUALIFIED_NAME, line no: 53, 9.192388155425117E-4, insert, 0.2, 0.0, 0.4444444444444444
nextInt,SIMPLE_NAME, line no: 62,mainClass.output,QUALIFIED_NAME, line no: 56, 9.180222343529702E-4, insert, 0.5842696629213483, 0.0, 0.1875
"Enter an integer > ",STRING_LITERAL, line no: 61,mainClass.output,QUALIFIED_NAME, line no: 56, 9.158716403940043E-4, insert, 0.5777777777777777, 0.0, 0.19047619047619047
scanner,SIMPLE_NAME, line no: 62,remainder.value,QUALIFIED_NAME, line no: 65, 9.128827995318461E-4, insert, 0.43820224719101125, 0.0, 0.26666666666666666
format,SIMPLE_NAME, line no: 61,mainClass.output,QUALIFIED_NAME, line no: 56, 9.111365503414158E-4, insert, 0.5777777777777777, 0.0, 0.1875
format,SIMPLE_NAME, line no: 63,mainClass.output,QUALIFIED_NAME, line no: 56, 9.111365503414158E-4, insert, 0.5777777777777777, 0.0, 0.1875
format,SIMPLE_NAME, line no: 69,mainClass.output,QUALIFIED_NAME, line no: 56, 9.111365503414158E-4, insert, 0.5777777777777777, 0.0, 0.1875
String,SIMPLE_NAME, line no: 66,i,SIMPLE_NAME, line no: 7, 9.059687343449269E-4, insert, 0.14634146341463414, 0.0, 0.16666666666666666
scanner,SIMPLE_NAME, line no: 62,args.length,QUALIFIED_NAME, line no: 50, 8.970649869598487E-4, insert, 0.5730337078651685, 0.0, 0.18181818181818182
format,SIMPLE_NAME, line no: 61,args.length,QUALIFIED_NAME, line no: 50, 8.903117199485166E-4, insert, 0.5666666666666667, 0.0, 0.18181818181818182
format,SIMPLE_NAME, line no: 63,args.length,QUALIFIED_NAME, line no: 50, 8.903117199485166E-4, insert, 0.5666666666666667, 0.0, 0.18181818181818182
format,SIMPLE_NAME, line no: 69,args.length,QUALIFIED_NAME, line no: 50, 8.903117199485166E-4, insert, 0.5666666666666667, 0.0, 0.18181818181818182
value,SIMPLE_NAME, line no: 66,userint.value,QUALIFIED_NAME, line no: 62, 8.637163406812233E-4, insert, 1.0, 1.0, 0.38461538461538464
scanner,SIMPLE_NAME, line no: 62,mainClass.scanner,QUALIFIED_NAME, line no: 51, 8.577116458510319E-4, insert, 0.1797752808988764, 1.0, 0.4117647058823529
"That's all  have a nice day!\n",STRING_LITERAL, line no: 69,args.length,QUALIFIED_NAME, line no: 50, 8.49632991769461E-4, insert, 0.5666666666666667, 0.0, 0.15625
"Enter an integer > ",STRING_LITERAL, line no: 61,System.out,QUALIFIED_NAME, line no: 56, 8.401101995525885E-4, insert, 0.5777777777777777, 0.0, 0.14285714285714285
"Enter an integer > ",STRING_LITERAL, line no: 61,args.length,QUALIFIED_NAME, line no: 50, 8.283250865328127E-4, insert, 0.5666666666666667, 0.0, 0.14285714285714285
scanner,SIMPLE_NAME, line no: 62,mainClass.output,QUALIFIED_NAME, line no: 56, 8.18585343248612E-4, insert, 0.5842696629213483, 0.0, 0.125
String,SIMPLE_NAME, line no: 61,mainClass.output,QUALIFIED_NAME, line no: 56, 8.116996592370576E-4, insert, 0.5777777777777777, 0.0, 0.125
String,SIMPLE_NAME, line no: 63,mainClass.output,QUALIFIED_NAME, line no: 56, 8.116996592370576E-4, insert, 0.5777777777777777, 0.0, 0.125
String,SIMPLE_NAME, line no: 69,mainClass.output,QUALIFIED_NAME, line no: 56, 8.116996592370576E-4, insert, 0.5777777777777777, 0.0, 0.125
value,SIMPLE_NAME, line no: 66,remainder.value,QUALIFIED_NAME, line no: 65, 8.085428229838166E-4, insert, 0.9285714285714286, 1.0, 0.3333333333333333
String,SIMPLE_NAME, line no: 61,remainder.value,QUALIFIED_NAME, line no: 65, 8.013876853447538E-4, insert, 0.43333333333333335, 0.0, 0.2
format,SIMPLE_NAME, line no: 61,remainder.value,QUALIFIED_NAME, line no: 65, 8.013876853447538E-4, insert, 0.43333333333333335, 0.0, 0.2
String,SIMPLE_NAME, line no: 63,remainder.value,QUALIFIED_NAME, line no: 65, 8.013876853447538E-4, insert, 0.43333333333333335, 0.0, 0.2
format,SIMPLE_NAME, line no: 63,remainder.value,QUALIFIED_NAME, line no: 65, 8.013876853447538E-4, insert, 0.43333333333333335, 0.0, 0.2
String,SIMPLE_NAME, line no: 69,remainder.value,QUALIFIED_NAME, line no: 65, 8.013876853447538E-4, insert, 0.43333333333333335, 0.0, 0.2
format,SIMPLE_NAME, line no: 69,remainder.value,QUALIFIED_NAME, line no: 65, 8.013876853447538E-4, insert, 0.43333333333333335, 0.0, 0.2
format,SIMPLE_NAME, line no: 61,true,BOOLEAN_LITERAL, line no: 70, 8.013091179246219E-4, insert, 0.9555555555555556, 0.0, 0.16666666666666666
format,SIMPLE_NAME, line no: 63,true,BOOLEAN_LITERAL, line no: 70, 8.013091179246219E-4, insert, 0.9555555555555556, 0.0, 0.16666666666666666
format,SIMPLE_NAME, line no: 69,true,BOOLEAN_LITERAL, line no: 70, 8.013091179246219E-4, insert, 0.9555555555555556, 0.0, 0.16666666666666666
remainder,SIMPLE_NAME, line no: 66,userint.value,QUALIFIED_NAME, line no: 62, 8.005175840460119E-4, insert, 1.0, 0.0, 0.3076923076923077
scanner,SIMPLE_NAME, line no: 62,true,BOOLEAN_LITERAL, line no: 70, 7.847069266596201E-4, insert, 0.9662921348314607, 0.0, 0.14285714285714285
nextInt,SIMPLE_NAME, line no: 62,true,BOOLEAN_LITERAL, line no: 70, 7.847069266596201E-4, insert, 0.9662921348314607, 0.0, 0.14285714285714285
"Enter an integer > ",STRING_LITERAL, line no: 61,true,BOOLEAN_LITERAL, line no: 70, 7.77570533127645E-4, insert, 0.9555555555555556, 0.0, 0.14285714285714285
scanner,SIMPLE_NAME, line no: 62,java.util.Scanner,QUALIFIED_NAME, line no: 51, 7.760415136551632E-4, insert, 0.19101123595505617, 0.0, 0.35294117647058826
output+=(String.format("That's all  have a nice day!\n")); ,EXPRESSION_STATEMENT, line no: 69,if (args.length > 0) {   mainClass.scanner=new java.util.Scanner(args[0]); }  else {   mainClass.scanner=new java.util.Scanner(System.in); } ,IF_STATEMENT, line no: 50, 7.644310637345951E-4, insert, 0.5813953488372093, 0.0, 0.18439716312056736
"That's all  have a nice day!\n",STRING_LITERAL, line no: 69,mainClass.output,QUALIFIED_NAME, line no: 56, 7.619812136848784E-4, insert, 0.5777777777777777, 0.0, 0.09375
"\n",STRING_LITERAL, line no: 63,args.length,QUALIFIED_NAME, line no: 50, 7.456762419785411E-4, insert, 0.5666666666666667, 0.0, 0.09090909090909091
userint.value=scanner.nextInt(); ,EXPRESSION_STATEMENT, line no: 62,if (args.length > 0) {   mainClass.scanner=new java.util.Scanner(args[0]); }  else {   mainClass.scanner=new java.util.Scanner(System.in); } ,IF_STATEMENT, line no: 50, 7.454745840687429E-4, insert, 0.5813953488372093, 0.5, 0.1702127659574468
String,SIMPLE_NAME, line no: 66,userint.value,QUALIFIED_NAME, line no: 62, 7.373188274108005E-4, insert, 1.0, 0.0, 0.23076923076923078
remainder.value,QUALIFIED_NAME, line no: 66,mainClass.output,QUALIFIED_NAME, line no: 56, 7.355847151860538E-4, insert, 0.7804878048780488, 0.0, 0.375
"That's all  have a nice day!\n",STRING_LITERAL, line no: 69,remainder.value,QUALIFIED_NAME, line no: 65, 7.31781861571703E-4, insert, 0.43333333333333335, 0.0, 0.15625
output+=(String.format("Enter an integer > ")); ,EXPRESSION_STATEMENT, line no: 61,if (args.length > 0) {   mainClass.scanner=new java.util.Scanner(args[0]); }  else {   mainClass.scanner=new java.util.Scanner(System.in); } ,IF_STATEMENT, line no: 50, 7.265181044028907E-4, insert, 0.5813953488372093, 0.0, 0.15602836879432624
remainder.value,QUALIFIED_NAME, line no: 66,args.length,QUALIFIED_NAME, line no: 50, 7.147111421103997E-4, insert, 0.8048780487804879, 0.0, 0.3333333333333333
"\n",STRING_LITERAL, line no: 63,mainClass.output,QUALIFIED_NAME, line no: 56, 7.122627681326992E-4, insert, 0.5777777777777777, 0.0, 0.0625
"That's all  have a nice day!\n",STRING_LITERAL, line no: 69,System.out,QUALIFIED_NAME, line no: 56, 7.122627681326992E-4, insert, 0.5777777777777777, 0.0, 0.0625
String,SIMPLE_NAME, line no: 66,remainder.value,QUALIFIED_NAME, line no: 65, 7.120393247567159E-4, insert, 0.9512195121951219, 0.0, 0.2
format,SIMPLE_NAME, line no: 66,remainder.value,QUALIFIED_NAME, line no: 65, 7.120393247567159E-4, insert, 0.9512195121951219, 0.0, 0.2
remainder,SIMPLE_NAME, line no: 66,i,SIMPLE_NAME, line no: 7, 7.07518440155086E-4, insert, 0.14285714285714285, 0.0, 0.1111111111111111
nextInt,SIMPLE_NAME, line no: 62,remainder.value,QUALIFIED_NAME, line no: 65, 7.00750765175882E-4, insert, 0.43820224719101125, 0.0, 0.13333333333333333
"That's all  have a nice day!\n",STRING_LITERAL, line no: 69,true,BOOLEAN_LITERAL, line no: 70, 6.974528094378478E-4, insert, 0.9555555555555556, 0.0, 0.0625
format,SIMPLE_NAME, line no: 66,userint.value,QUALIFIED_NAME, line no: 62, 6.74120070775589E-4, insert, 1.0, 0.0, 0.15384615384615385
output+=(String.format("\n")); ,EXPRESSION_STATEMENT, line no: 63,if (args.length > 0) {   mainClass.scanner=new java.util.Scanner(args[0]); }  else {   mainClass.scanner=new java.util.Scanner(System.in); } ,IF_STATEMENT, line no: 50, 6.696486654053344E-4, insert, 0.5813953488372093, 0.0, 0.11347517730496454
remainder,SIMPLE_NAME, line no: 66,args.length,QUALIFIED_NAME, line no: 50, 6.67462770293092E-4, insert, 0.8095238095238095, 0.0, 0.2727272727272727
value,SIMPLE_NAME, line no: 66,args.length,QUALIFIED_NAME, line no: 50, 6.67462770293092E-4, insert, 0.8095238095238095, 0.0, 0.2727272727272727
"Enter an integer > ",STRING_LITERAL, line no: 61,java.util.Scanner,QUALIFIED_NAME, line no: 51, 6.667006794044591E-4, insert, 0.18888888888888888, 0.0, 0.2857142857142857
String,SIMPLE_NAME, line no: 66,args.length,QUALIFIED_NAME, line no: 50, 6.649181823372026E-4, insert, 0.8048780487804879, 0.0, 0.2727272727272727
"Enter an integer > ",STRING_LITERAL, line no: 61,mainClass.scanner,QUALIFIED_NAME, line no: 51, 6.549155663846832E-4, insert, 0.17777777777777778, 0.0, 0.2857142857142857
remainder.value,QUALIFIED_NAME, line no: 66,System.out,QUALIFIED_NAME, line no: 56, 6.465797995914644E-4, insert, 0.7804878048780488, 0.0, 0.26666666666666666
remainder,SIMPLE_NAME, line no: 66,mainClass.output,QUALIFIED_NAME, line no: 56, 6.357493971042106E-4, insert, 0.7857142857142857, 0.0, 0.25
"Enter an integer > ",STRING_LITERAL, line no: 61,i,SIMPLE_NAME, line no: 7, 6.112769764600279E-4, insert, 0.06666666666666667, 0.0, 0.047619047619047616
"%d\n",STRING_LITERAL, line no: 66,userint.value,QUALIFIED_NAME, line no: 62, 6.109213141403775E-4, insert, 1.0, 0.0, 0.07692307692307693
"%d\n",STRING_LITERAL, line no: 66,remainder.value,QUALIFIED_NAME, line no: 65, 6.024948132556826E-4, insert, 0.9512195121951219, 0.0, 0.06666666666666667
remainder,SIMPLE_NAME, line no: 66,System.out,QUALIFIED_NAME, line no: 56, 5.946702052913232E-4, insert, 0.7857142857142857, 0.0, 0.2
String,SIMPLE_NAME, line no: 66,System.out,QUALIFIED_NAME, line no: 56, 5.918075438409477E-4, insert, 0.7804878048780488, 0.0, 0.2
format,SIMPLE_NAME, line no: 66,System.out,QUALIFIED_NAME, line no: 56, 5.918075438409477E-4, insert, 0.7804878048780488, 0.0, 0.2
format,SIMPLE_NAME, line no: 66,args.length,QUALIFIED_NAME, line no: 50, 5.902287426774074E-4, insert, 0.8048780487804879, 0.0, 0.18181818181818182
"\n",STRING_LITERAL, line no: 63,remainder.value,QUALIFIED_NAME, line no: 65, 5.892556509887896E-4, insert, 0.43333333333333335, 0.0, 0.06666666666666667
value,SIMPLE_NAME, line no: 66,mainClass.output,QUALIFIED_NAME, line no: 56, 5.844004073381013E-4, insert, 0.7857142857142857, 0.0, 0.1875
format,SIMPLE_NAME, line no: 66,mainClass.output,QUALIFIED_NAME, line no: 56, 5.815377458877259E-4, insert, 0.7804878048780488, 0.0, 0.1875
String,SIMPLE_NAME, line no: 61,java.util,QUALIFIED_NAME, line no: 44, 5.774705379690138E-4, insert, 0.011111111111111112, 0.0, 0.2222222222222222
format,SIMPLE_NAME, line no: 61,java.util,QUALIFIED_NAME, line no: 44, 5.774705379690138E-4, insert, 0.011111111111111112, 0.0, 0.2222222222222222
String,SIMPLE_NAME, line no: 63,java.util,QUALIFIED_NAME, line no: 44, 5.774705379690138E-4, insert, 0.011111111111111112, 0.0, 0.2222222222222222
format,SIMPLE_NAME, line no: 63,java.util,QUALIFIED_NAME, line no: 44, 5.774705379690138E-4, insert, 0.011111111111111112, 0.0, 0.2222222222222222
String,SIMPLE_NAME, line no: 69,java.util,QUALIFIED_NAME, line no: 44, 5.774705379690138E-4, insert, 0.011111111111111112, 0.0, 0.2222222222222222
format,SIMPLE_NAME, line no: 69,java.util,QUALIFIED_NAME, line no: 44, 5.774705379690138E-4, insert, 0.011111111111111112, 0.0, 0.2222222222222222
scanner,SIMPLE_NAME, line no: 62,System.in,QUALIFIED_NAME, line no: 53, 5.680689309532376E-4, insert, 0.20224719101123595, 0.0, 0.2222222222222222
nextInt,SIMPLE_NAME, line no: 62,System.in,QUALIFIED_NAME, line no: 53, 5.680689309532376E-4, insert, 0.20224719101123595, 0.0, 0.2222222222222222
String,SIMPLE_NAME, line no: 66,System.in,QUALIFIED_NAME, line no: 53, 5.655346731963909E-4, insert, 0.36585365853658536, 0.0, 0.4444444444444444
remainder.value,QUALIFIED_NAME, line no: 66,i,SIMPLE_NAME, line no: 7, 5.630944133466932E-4, insert, 0.14634146341463414, 0.0, 0.06666666666666667
remainder,SIMPLE_NAME, line no: 66,System.in,QUALIFIED_NAME, line no: 53, 5.607635707790985E-4, insert, 0.35714285714285715, 0.0, 0.4444444444444444
"That's all  have a nice day!\n",STRING_LITERAL, line no: 69,java.util.Scanner,QUALIFIED_NAME, line no: 51, 5.601611532212181E-4, insert, 0.18888888888888888, 0.0, 0.21875
value,SIMPLE_NAME, line no: 66,true,BOOLEAN_LITERAL, line no: 70, 5.491831509918466E-4, insert, 1.0, 0.0, 0.4
remainder.value,QUALIFIED_NAME, line no: 66,mainClass.scanner,QUALIFIED_NAME, line no: 51, 5.386855282206475E-4, insert, 0.34146341463414637, 0.0, 0.4117647058823529
String,SIMPLE_NAME, line no: 66,mainClass.output,QUALIFIED_NAME, line no: 56, 5.301887561216166E-4, insert, 0.7804878048780488, 0.0, 0.125
"%d\n",STRING_LITERAL, line no: 66,args.length,QUALIFIED_NAME, line no: 50, 5.155393030176121E-4, insert, 0.8048780487804879, 0.0, 0.09090909090909091
"Enter an integer > ",STRING_LITERAL, line no: 61,System.in,QUALIFIED_NAME, line no: 53, 5.151777977216274E-4, insert, 0.2, 0.0, 0.19047619047619047
String,SIMPLE_NAME, line no: 66,true,BOOLEAN_LITERAL, line no: 70, 5.148592040548561E-4, insert, 1.0, 0.0, 0.3333333333333333
value,SIMPLE_NAME, line no: 66,System.out,QUALIFIED_NAME, line no: 56, 5.125118216655482E-4, insert, 0.7857142857142857, 0.0, 0.1
"That's all  have a nice day!\n",STRING_LITERAL, line no: 69,i,SIMPLE_NAME, line no: 7, 5.025908761196134E-4, insert, 0.06666666666666667, 0.0, 0.03125
"That's all  have a nice day!\n",STRING_LITERAL, line no: 69,mainClass.scanner,QUALIFIED_NAME, line no: 51, 4.986575946492631E-4, insert, 0.17777777777777778, 0.0, 0.1875
String,SIMPLE_NAME, line no: 61,java.util.Scanner,QUALIFIED_NAME, line no: 51, 4.92895021003564E-4, insert, 0.18888888888888888, 0.0, 0.17647058823529413
String,SIMPLE_NAME, line no: 63,java.util.Scanner,QUALIFIED_NAME, line no: 51, 4.92895021003564E-4, insert, 0.18888888888888888, 0.0, 0.17647058823529413
String,SIMPLE_NAME, line no: 69,java.util.Scanner,QUALIFIED_NAME, line no: 51, 4.92895021003564E-4, insert, 0.18888888888888888, 0.0, 0.17647058823529413
remainder,SIMPLE_NAME, line no: 66,mainClass.scanner,QUALIFIED_NAME, line no: 51, 4.8558596484701697E-4, insert, 0.3333333333333333, 0.0, 0.35294117647058826
value,SIMPLE_NAME, line no: 66,java.util,QUALIFIED_NAME, line no: 44, 4.825174911355034E-4, insert, 0.023809523809523808, 0.0, 0.3333333333333333
"%d\n",STRING_LITERAL, line no: 66,mainClass.output,QUALIFIED_NAME, line no: 56, 4.7883976635550727E-4, insert, 0.7804878048780488, 0.0, 0.0625
remainder,SIMPLE_NAME, line no: 66,true,BOOLEAN_LITERAL, line no: 70, 4.576526258265388E-4, insert, 1.0, 0.0, 0.2222222222222222
remainder.value,QUALIFIED_NAME, line no: 66,true,BOOLEAN_LITERAL, line no: 70, 4.4621131018087536E-4, insert, 1.0, 0.0, 0.2
remainder.value,QUALIFIED_NAME, line no: 66,java.util.Scanner,QUALIFIED_NAME, line no: 51, 4.420286063079712E-4, insert, 0.34146341463414637, 0.0, 0.29411764705882354
remainder,SIMPLE_NAME, line no: 66,java.util.Scanner,QUALIFIED_NAME, line no: 51, 4.3725750389067883E-4, insert, 0.3333333333333333, 0.0, 0.29411764705882354
remainder.value,QUALIFIED_NAME, line no: 66,java.util,QUALIFIED_NAME, line no: 44, 4.3283441129676547E-4, insert, 0.024390243902439025, 0.0, 0.26666666666666666
format,SIMPLE_NAME, line no: 66,true,BOOLEAN_LITERAL, line no: 70, 4.290493367123801E-4, insert, 1.0, 0.0, 0.16666666666666666
"That's all  have a nice day!\n",STRING_LITERAL, line no: 69,java.util,QUALIFIED_NAME, line no: 44, 4.227909295844565E-4, insert, 0.011111111111111112, 0.0, 0.125
remainder.value,QUALIFIED_NAME, line no: 66,System.in,QUALIFIED_NAME, line no: 53, 4.194753245283467E-4, insert, 0.36585365853658536, 0.0, 0.26666666666666666
"That's all  have a nice day!\n",STRING_LITERAL, line no: 69,System.in,QUALIFIED_NAME, line no: 53, 4.1100581656468077E-4, insert, 0.2, 0.0, 0.125
scanner,SIMPLE_NAME, line no: 62,java.util,QUALIFIED_NAME, line no: 44, 4.0320976567659875E-4, insert, 0.011235955056179775, 0.0, 0.1111111111111111
nextInt,SIMPLE_NAME, line no: 62,java.util,QUALIFIED_NAME, line no: 44, 4.0320976567659875E-4, insert, 0.011235955056179775, 0.0, 0.1111111111111111
nextInt,SIMPLE_NAME, line no: 62,java.util.Scanner,QUALIFIED_NAME, line no: 51, 4.01690864791697E-4, insert, 0.19101123595505617, 0.0, 0.11764705882352941
format,SIMPLE_NAME, line no: 61,java.util.Scanner,QUALIFIED_NAME, line no: 51, 3.993073587876974E-4, insert, 0.18888888888888888, 0.0, 0.11764705882352941
format,SIMPLE_NAME, line no: 63,java.util.Scanner,QUALIFIED_NAME, line no: 51, 3.993073587876974E-4, insert, 0.18888888888888888, 0.0, 0.11764705882352941
format,SIMPLE_NAME, line no: 69,java.util.Scanner,QUALIFIED_NAME, line no: 51, 3.993073587876974E-4, insert, 0.18888888888888888, 0.0, 0.11764705882352941
String,SIMPLE_NAME, line no: 66,java.util,QUALIFIED_NAME, line no: 44, 3.963195741297543E-4, insert, 0.024390243902439025, 0.0, 0.2222222222222222
format,SIMPLE_NAME, line no: 66,java.util,QUALIFIED_NAME, line no: 44, 3.963195741297543E-4, insert, 0.024390243902439025, 0.0, 0.2222222222222222
remainder,SIMPLE_NAME, line no: 66,java.util,QUALIFIED_NAME, line no: 44, 3.9123039821797575E-4, insert, 0.023809523809523808, 0.0, 0.2222222222222222
nextInt,SIMPLE_NAME, line no: 62,mainClass.scanner,QUALIFIED_NAME, line no: 51, 3.89773334771699E-4, insert, 0.1797752808988764, 0.0, 0.11764705882352941
value,SIMPLE_NAME, line no: 66,java.util.Scanner,QUALIFIED_NAME, line no: 51, 3.889290429343406E-4, insert, 0.3333333333333333, 0.0, 0.23529411764705882
format,SIMPLE_NAME, line no: 61,System.in,QUALIFIED_NAME, line no: 53, 3.8890872965260107E-4, insert, 0.2, 0.0, 0.1111111111111111
format,SIMPLE_NAME, line no: 63,System.in,QUALIFIED_NAME, line no: 53, 3.8890872965260107E-4, insert, 0.2, 0.0, 0.1111111111111111
"\n",STRING_LITERAL, line no: 63,System.in,QUALIFIED_NAME, line no: 53, 3.8890872965260107E-4, insert, 0.2, 0.0, 0.1111111111111111
format,SIMPLE_NAME, line no: 69,System.in,QUALIFIED_NAME, line no: 53, 3.8890872965260107E-4, insert, 0.2, 0.0, 0.1111111111111111
String,SIMPLE_NAME, line no: 61,mainClass.scanner,QUALIFIED_NAME, line no: 51, 3.8752224576792165E-4, insert, 0.17777777777777778, 0.0, 0.11764705882352941
format,SIMPLE_NAME, line no: 61,mainClass.scanner,QUALIFIED_NAME, line no: 51, 3.8752224576792165E-4, insert, 0.17777777777777778, 0.0, 0.11764705882352941
String,SIMPLE_NAME, line no: 63,mainClass.scanner,QUALIFIED_NAME, line no: 51, 3.8752224576792165E-4, insert, 0.17777777777777778, 0.0, 0.11764705882352941
format,SIMPLE_NAME, line no: 63,mainClass.scanner,QUALIFIED_NAME, line no: 51, 3.8752224576792165E-4, insert, 0.17777777777777778, 0.0, 0.11764705882352941
String,SIMPLE_NAME, line no: 69,mainClass.scanner,QUALIFIED_NAME, line no: 51, 3.8752224576792165E-4, insert, 0.17777777777777778, 0.0, 0.11764705882352941
format,SIMPLE_NAME, line no: 69,mainClass.scanner,QUALIFIED_NAME, line no: 51, 3.8752224576792165E-4, insert, 0.17777777777777778, 0.0, 0.11764705882352941
"Enter an integer > ",STRING_LITERAL, line no: 61,java.util,QUALIFIED_NAME, line no: 44, 3.754400290585716E-4, insert, 0.011111111111111112, 0.0, 0.09523809523809523
String,SIMPLE_NAME, line no: 66,java.util.Scanner,QUALIFIED_NAME, line no: 51, 3.4537168439529475E-4, insert, 0.34146341463414637, 0.0, 0.17647058823529413
value,SIMPLE_NAME, line no: 66,mainClass.scanner,QUALIFIED_NAME, line no: 51, 3.406005819780024E-4, insert, 0.3333333333333333, 0.0, 0.17647058823529413
"\n",STRING_LITERAL, line no: 63,java.util.Scanner,QUALIFIED_NAME, line no: 51, 3.0571969657183085E-4, insert, 0.18888888888888888, 0.0, 0.058823529411764705
String,SIMPLE_NAME, line no: 66,mainClass.scanner,QUALIFIED_NAME, line no: 51, 2.970432234389566E-4, insert, 0.34146341463414637, 0.0, 0.11764705882352941
format,SIMPLE_NAME, line no: 66,mainClass.scanner,QUALIFIED_NAME, line no: 51, 2.970432234389566E-4, insert, 0.34146341463414637, 0.0, 0.11764705882352941
format,SIMPLE_NAME, line no: 66,java.util.Scanner,QUALIFIED_NAME, line no: 51, 2.970432234389566E-4, insert, 0.34146341463414637, 0.0, 0.11764705882352941
"\n",STRING_LITERAL, line no: 63,mainClass.scanner,QUALIFIED_NAME, line no: 51, 2.93934583552055E-4, insert, 0.17777777777777778, 0.0, 0.058823529411764705
format,SIMPLE_NAME, line no: 66,System.in,QUALIFIED_NAME, line no: 53, 2.9167339444380796E-4, insert, 0.36585365853658536, 0.0, 0.1111111111111111
"%d\n",STRING_LITERAL, line no: 66,System.in,QUALIFIED_NAME, line no: 53, 2.9167339444380796E-4, insert, 0.36585365853658536, 0.0, 0.1111111111111111
value,SIMPLE_NAME, line no: 66,System.in,QUALIFIED_NAME, line no: 53, 2.869022920265156E-4, insert, 0.35714285714285715, 0.0, 0.1111111111111111
"%d\n",STRING_LITERAL, line no: 66,mainClass.scanner,QUALIFIED_NAME, line no: 51, 2.4871476248261847E-4, insert, 0.34146341463414637, 0.0, 0.058823529411764705
"%d\n",STRING_LITERAL, line no: 66,java.util.Scanner,QUALIFIED_NAME, line no: 51, 2.4871476248261847E-4, insert, 0.34146341463414637, 0.0, 0.058823529411764705
