output+=(String.format("Please enter a string > ")); ,EXPRESSION_STATEMENT, line no: 62,output+=(String.format("Please enter a string > ")); ,EXPRESSION_STATEMENT, line no: 62, 0.05762920266670362, insert, 1.0, 1.0, 1.0
input=scanner.next().toCharArray(); ,EXPRESSION_STATEMENT, line no: 63,input=scanner.next().toCharArray(); ,EXPRESSION_STATEMENT, line no: 63, 0.05762920266670362, insert, 1.0, 2.0, 1.0
syllables.value=0; ,EXPRESSION_STATEMENT, line no: 64,syllables.value=0; ,EXPRESSION_STATEMENT, line no: 64, 0.05762920266670362, insert, 1.0, 2.0, 1.0
i.value=0; ,EXPRESSION_STATEMENT, line no: 65,i.value=0; ,EXPRESSION_STATEMENT, line no: 65, 0.05762920266670362, insert, 1.0, 2.0, 1.0
output+=(String.format("The number of syllables is %d.\n" syllables.value)); ,EXPRESSION_STATEMENT, line no: 87,output+=(String.format("The number of syllables is %d.\n" syllables.value)); ,EXPRESSION_STATEMENT, line no: 87, 0.05762920266670362, insert, 1.0, 3.0, 1.0
syllables.value=0; ,EXPRESSION_STATEMENT, line no: 64,i.value=0; ,EXPRESSION_STATEMENT, line no: 65, 0.041250376645640484, insert, 1.0, 0.6666666666666666, 0.5263157894736842
i.value=0; ,EXPRESSION_STATEMENT, line no: 65,syllables.value=0; ,EXPRESSION_STATEMENT, line no: 64, 0.041250376645640484, insert, 1.0, 0.6666666666666666, 0.5263157894736842
output+=(String.format("Please enter a string > ")); ,EXPRESSION_STATEMENT, line no: 62,output+=(String.format("The number of syllables is %d.\n" syllables.value)); ,EXPRESSION_STATEMENT, line no: 87, 0.04056497122773163, insert, 1.0, 1.0, 0.5064935064935064
output+=(String.format("The number of syllables is %d.\n" syllables.value)); ,EXPRESSION_STATEMENT, line no: 87,output+=(String.format("Please enter a string > ")); ,EXPRESSION_STATEMENT, line no: 62, 0.04056497122773163, insert, 1.0, 0.3333333333333333, 0.5064935064935064
syllables.value=0; ,EXPRESSION_STATEMENT, line no: 64,i.value=i.value + 1; ,EXPRESSION_STATEMENT, line no: 85, 0.033267560245009486, insert, 0.6574585635359116, 0.6666666666666666, 0.5238095238095238
output+=(String.format("Please enter a string > ")); ,EXPRESSION_STATEMENT, line no: 62,input=scanner.next().toCharArray(); ,EXPRESSION_STATEMENT, line no: 63, 0.0321853660176307, insert, 1.0, 0.0, 0.2641509433962264
input=scanner.next().toCharArray(); ,EXPRESSION_STATEMENT, line no: 63,output+=(String.format("Please enter a string > ")); ,EXPRESSION_STATEMENT, line no: 62, 0.0321853660176307, insert, 1.0, 0.0, 0.2641509433962264
i.value=0; ,EXPRESSION_STATEMENT, line no: 65,i.value=i.value + 1; ,EXPRESSION_STATEMENT, line no: 85, 0.03162101159738939, insert, 0.6574585635359116, 2.0, 0.47619047619047616
syllables.value=0; ,EXPRESSION_STATEMENT, line no: 64,output+=(String.format("The number of syllables is %d.\n" syllables.value)); ,EXPRESSION_STATEMENT, line no: 87, 0.030685679342011024, insert, 1.0, 2.0, 0.22077922077922077
output+=(String.format("The number of syllables is %d.\n" syllables.value)); ,EXPRESSION_STATEMENT, line no: 87,syllables.value=0; ,EXPRESSION_STATEMENT, line no: 64, 0.030685679342011024, insert, 1.0, 1.3333333333333333, 0.22077922077922077
input=scanner.next().toCharArray(); ,EXPRESSION_STATEMENT, line no: 63,output+=(String.format("The number of syllables is %d.\n" syllables.value)); ,EXPRESSION_STATEMENT, line no: 87, 0.030236620619932812, insert, 1.0, 0.0, 0.2077922077922078
output+=(String.format("The number of syllables is %d.\n" syllables.value)); ,EXPRESSION_STATEMENT, line no: 87,input=scanner.next().toCharArray(); ,EXPRESSION_STATEMENT, line no: 63, 0.030236620619932812, insert, 1.0, 0.0, 0.2077922077922078
input=scanner.next().toCharArray(); ,EXPRESSION_STATEMENT, line no: 63,syllables.value=0; ,EXPRESSION_STATEMENT, line no: 64, 0.02977508804446354, insert, 1.0, 0.0, 0.19444444444444445
syllables.value=0; ,EXPRESSION_STATEMENT, line no: 64,input=scanner.next().toCharArray(); ,EXPRESSION_STATEMENT, line no: 63, 0.02977508804446354, insert, 1.0, 0.0, 0.19444444444444445
input=scanner.next().toCharArray(); ,EXPRESSION_STATEMENT, line no: 63,i.value=0; ,EXPRESSION_STATEMENT, line no: 65, 0.02785411462224008, insert, 1.0, 0.0, 0.1388888888888889
i.value=0; ,EXPRESSION_STATEMENT, line no: 65,input=scanner.next().toCharArray(); ,EXPRESSION_STATEMENT, line no: 63, 0.02785411462224008, insert, 1.0, 0.0, 0.1388888888888889
output+=(String.format("Please enter a string > ")); ,EXPRESSION_STATEMENT, line no: 62,syllables.value=0; ,EXPRESSION_STATEMENT, line no: 64, 0.027618523542156076, insert, 1.0, 0.0, 0.1320754716981132
output+=(String.format("Please enter a string > ")); ,EXPRESSION_STATEMENT, line no: 62,i.value=0; ,EXPRESSION_STATEMENT, line no: 65, 0.027618523542156076, insert, 1.0, 0.0, 0.1320754716981132
syllables.value=0; ,EXPRESSION_STATEMENT, line no: 64,output+=(String.format("Please enter a string > ")); ,EXPRESSION_STATEMENT, line no: 62, 0.027618523542156076, insert, 1.0, 0.0, 0.1320754716981132
i.value=0; ,EXPRESSION_STATEMENT, line no: 65,output+=(String.format("Please enter a string > ")); ,EXPRESSION_STATEMENT, line no: 62, 0.027618523542156076, insert, 1.0, 0.0, 0.1320754716981132
i.value=0; ,EXPRESSION_STATEMENT, line no: 65,output+=(String.format("The number of syllables is %d.\n" syllables.value)); ,EXPRESSION_STATEMENT, line no: 87, 0.02709320956538534, insert, 1.0, 0.75, 0.11688311688311688
output+=(String.format("The number of syllables is %d.\n" syllables.value)); ,EXPRESSION_STATEMENT, line no: 87,i.value=0; ,EXPRESSION_STATEMENT, line no: 65, 0.02709320956538534, insert, 1.0, 0.5, 0.11688311688311688
i.value=0; ,EXPRESSION_STATEMENT, line no: 65,value=i; ,EXPRESSION_STATEMENT, line no: 7, 0.025656717852218024, insert, 0.022099447513812154, 0.5, 0.7272727272727273
output+=(String.format("Please enter a string > ")); ,EXPRESSION_STATEMENT, line no: 62,i.value=i.value + 1; ,EXPRESSION_STATEMENT, line no: 85, 0.02233199186836277, insert, 0.6574585635359116, 0.0, 0.20754716981132076
String,SIMPLE_NAME, line no: 62,String,SIMPLE_NAME, line no: 49, 0.022132442251138938, insert, 0.2918918918918919, 0.0, 1.0
format,SIMPLE_NAME, line no: 62,format,SIMPLE_NAME, line no: 62, 0.022132442251138938, insert, 1.0, 0.0, 1.0
scanner,SIMPLE_NAME, line no: 63,scanner,SIMPLE_NAME, line no: 51, 0.022132442251138938, insert, 0.0972972972972973, 1.0, 1.0
next,SIMPLE_NAME, line no: 63,next,SIMPLE_NAME, line no: 63, 0.022132442251138938, insert, 1.0, 0.0, 1.0
toCharArray,SIMPLE_NAME, line no: 63,toCharArray,SIMPLE_NAME, line no: 63, 0.022132442251138938, insert, 1.0, 0.0, 1.0
String,SIMPLE_NAME, line no: 88,String,SIMPLE_NAME, line no: 49, 0.022132442251138938, insert, 0.2918918918918919, 0.0, 1.0
format,SIMPLE_NAME, line no: 88,format,SIMPLE_NAME, line no: 62, 0.022132442251138938, insert, 1.0, 0.0, 1.0
syllables,SIMPLE_NAME, line no: 88,syllables,SIMPLE_NAME, line no: 61, 0.022132442251138938, insert, 0.9731182795698925, 1.0, 1.0
value,SIMPLE_NAME, line no: 88,value,SIMPLE_NAME, line no: 7, 0.022132442251138938, insert, 0.03225806451612903, 1.0, 1.0
input=scanner.next().toCharArray(); ,EXPRESSION_STATEMENT, line no: 63,i.value=i.value + 1; ,EXPRESSION_STATEMENT, line no: 85, 0.021878932098970443, insert, 0.6574585635359116, 0.0, 0.19444444444444445
output+=(String.format("The number of syllables is %d.\n" syllables.value)); ,EXPRESSION_STATEMENT, line no: 87,i.value=i.value + 1; ,EXPRESSION_STATEMENT, line no: 85, 0.021442347230283296, insert, 0.6574585635359116, 0.5, 0.18181818181818182
syllables.value=0; ,EXPRESSION_STATEMENT, line no: 64,mainClass.exec(); ,EXPRESSION_STATEMENT, line no: 55, 0.01961638401908789, insert, 0.2983425414364641, 0.0, 0.3684210526315789
syllables.value=0; ,EXPRESSION_STATEMENT, line no: 64,syllables.value=syllables.value + 1; ,EXPRESSION_STATEMENT, line no: 68, 0.018349785242120175, insert, 0.06629834254143646, 2.0, 0.4864864864864865
output+=(String.format("Please enter a string > ")); ,EXPRESSION_STATEMENT, line no: 62,System.out.println(mainClass.output); ,EXPRESSION_STATEMENT, line no: 56, 0.01796820026854066, insert, 0.2983425414364641, 1.0, 0.32075471698113206
input=scanner.next().toCharArray(); ,EXPRESSION_STATEMENT, line no: 63,System.out.println(mainClass.output); ,EXPRESSION_STATEMENT, line no: 56, 0.016886579682244038, insert, 0.2983425414364641, 0.0, 0.2894736842105263
syllables.value,QUALIFIED_NAME, line no: 88,syllables,SIMPLE_NAME, line no: 61, 0.016820656110865594, insert, 0.9783783783783784, 0.5, 0.6
input=scanner.next().toCharArray(); ,EXPRESSION_STATEMENT, line no: 63,mainClass.exec(); ,EXPRESSION_STATEMENT, line no: 55, 0.016482164224933836, insert, 0.2983425414364641, 0.0, 0.2777777777777778
i.value=0; ,EXPRESSION_STATEMENT, line no: 65,mainClass.exec(); ,EXPRESSION_STATEMENT, line no: 55, 0.016482164224933836, insert, 0.2983425414364641, 0.0, 0.2777777777777778
output+=(String.format("The number of syllables is %d.\n" syllables.value)); ,EXPRESSION_STATEMENT, line no: 87,System.out.println(mainClass.output); ,EXPRESSION_STATEMENT, line no: 56, 0.016307530277458973, insert, 0.2983425414364641, 0.5, 0.2727272727272727
scanner.next(),METHOD_INVOCATION, line no: 63,scanner,SIMPLE_NAME, line no: 51, 0.015492709575797256, insert, 0.09782608695652174, 1.0, 0.5
syllables.value=0; ,EXPRESSION_STATEMENT, line no: 64,value=i; ,EXPRESSION_STATEMENT, line no: 7, 0.015068385879005492, insert, 0.022099447513812154, 0.5, 0.42105263157894735
syllables.value=0; ,EXPRESSION_STATEMENT, line no: 64,System.out.println(mainClass.output); ,EXPRESSION_STATEMENT, line no: 56, 0.015066710124348131, insert, 0.2983425414364641, 0.0, 0.23684210526315788
input=scanner.next().toCharArray(); ,EXPRESSION_STATEMENT, line no: 63,mainClass.scanner=new java.util.Scanner(args[0]); ,EXPRESSION_STATEMENT, line no: 51, 0.015049818517401916, insert, 0.08287292817679558, 0.6666666666666666, 0.38
input=scanner.next().toCharArray(); ,EXPRESSION_STATEMENT, line no: 63,mainClass.scanner=new java.util.Scanner(System.in); ,EXPRESSION_STATEMENT, line no: 53, 0.01454445474017082, insert, 0.08287292817679558, 0.6666666666666666, 0.36538461538461536
next,SIMPLE_NAME, line no: 63,input,SIMPLE_NAME, line no: 60, 0.014069055182345616, insert, 0.9783783783783784, 0.0, 0.4
output+=(String.format("Please enter a string > ")); ,EXPRESSION_STATEMENT, line no: 62,mainClass.scanner=new java.util.Scanner(System.in); ,EXPRESSION_STATEMENT, line no: 53, 0.013653669532042528, insert, 0.08287292817679558, 0.0, 0.33962264150943394
output+=(String.format("The number of syllables is %d.\n" syllables.value)); ,EXPRESSION_STATEMENT, line no: 87,syllables.value=syllables.value + 1; ,EXPRESSION_STATEMENT, line no: 68, 0.013652873743626462, insert, 0.06629834254143646, 1.3333333333333333, 0.35064935064935066
output+=(String.format("Please enter a string > ")); ,EXPRESSION_STATEMENT, line no: 62,mainClass.exec(); ,EXPRESSION_STATEMENT, line no: 55, 0.013401357793066032, insert, 0.2983425414364641, 0.0, 0.18867924528301888
syllables.value,QUALIFIED_NAME, line no: 88,value,SIMPLE_NAME, line no: 7, 0.013279465350683363, insert, 0.032432432432432434, 0.5, 0.3333333333333333
syllables,SIMPLE_NAME, line no: 88,value,SIMPLE_NAME, line no: 7, 0.013279465350683363, insert, 0.03225806451612903, 0.0, 0.3333333333333333
value,SIMPLE_NAME, line no: 88,syllables,SIMPLE_NAME, line no: 61, 0.013279465350683363, insert, 0.9731182795698925, 0.0, 0.3333333333333333
scanner,SIMPLE_NAME, line no: 63,syllables,SIMPLE_NAME, line no: 61, 0.01323161142149171, insert, 0.9783783783783784, 0.0, 0.3333333333333333
syllables,SIMPLE_NAME, line no: 88,scanner,SIMPLE_NAME, line no: 51, 0.013184272050678464, insert, 0.0967741935483871, 0.0, 0.3333333333333333
String,SIMPLE_NAME, line no: 62,input,SIMPLE_NAME, line no: 60, 0.01318375749230006, insert, 0.9783783783783784, 0.0, 0.3333333333333333
format,SIMPLE_NAME, line no: 62,output,SIMPLE_NAME, line no: 49, 0.01318375749230006, insert, 0.2918918918918919, 0.0, 0.3333333333333333
String,SIMPLE_NAME, line no: 88,input,SIMPLE_NAME, line no: 60, 0.01318375749230006, insert, 0.9783783783783784, 0.0, 0.3333333333333333
format,SIMPLE_NAME, line no: 88,output,SIMPLE_NAME, line no: 49, 0.01318375749230006, insert, 0.2918918918918919, 0.0, 0.3333333333333333
value,SIMPLE_NAME, line no: 88,length,SIMPLE_NAME, line no: 50, 0.013089078750673565, insert, 0.3064516129032258, 0.0, 0.3333333333333333
String,SIMPLE_NAME, line no: 62,length,SIMPLE_NAME, line no: 50, 0.013088049633916755, insert, 0.3081081081081081, 0.0, 0.3333333333333333
next,SIMPLE_NAME, line no: 63,length,SIMPLE_NAME, line no: 50, 0.013088049633916755, insert, 0.3081081081081081, 0.0, 0.3333333333333333
next,SIMPLE_NAME, line no: 63,IntObj,SIMPLE_NAME, line no: 61, 0.013088049633916755, insert, 0.9783783783783784, 0.0, 0.3333333333333333
String,SIMPLE_NAME, line no: 88,length,SIMPLE_NAME, line no: 50, 0.013088049633916755, insert, 0.3081081081081081, 0.0, 0.3333333333333333
output+=(String.format("Please enter a string > ")); ,EXPRESSION_STATEMENT, line no: 62,mainClass.scanner=new java.util.Scanner(args[0]); ,EXPRESSION_STATEMENT, line no: 51, 0.013001263464117582, insert, 0.08287292817679558, 0.0, 0.32075471698113206
output+=(String.format("The number of syllables is %d.\n" syllables.value)); ,EXPRESSION_STATEMENT, line no: 87,mainClass.exec(); ,EXPRESSION_STATEMENT, line no: 55, 0.012715060500833295, insert, 0.2983425414364641, 0.0, 0.16883116883116883
scanner.next(),METHOD_INVOCATION, line no: 63,next,SIMPLE_NAME, line no: 63, 0.012647109857793678, insert, 1.0, 0.0, 0.2857142857142857
scanner,SIMPLE_NAME, line no: 63,next,SIMPLE_NAME, line no: 63, 0.012647109857793678, insert, 1.0, 0.0, 0.2857142857142857
next,SIMPLE_NAME, line no: 63,scanner,SIMPLE_NAME, line no: 51, 0.012647109857793678, insert, 0.0972972972972973, 0.0, 0.2857142857142857
scanner,SIMPLE_NAME, line no: 63,value,SIMPLE_NAME, line no: 7, 0.012599255928602027, insert, 0.032432432432432434, 0.0, 0.2857142857142857
value,SIMPLE_NAME, line no: 88,scanner,SIMPLE_NAME, line no: 51, 0.01255191655778878, insert, 0.0967741935483871, 0.0, 0.2857142857142857
toCharArray,SIMPLE_NAME, line no: 63,format,SIMPLE_NAME, line no: 62, 0.012474649268823764, insert, 1.0, 0.0, 0.2727272727272727
format,SIMPLE_NAME, line no: 62,toCharArray,SIMPLE_NAME, line no: 63, 0.012426795339632113, insert, 0.9945945945945946, 0.0, 0.2727272727272727
format,SIMPLE_NAME, line no: 88,toCharArray,SIMPLE_NAME, line no: 63, 0.012426795339632113, insert, 0.9945945945945946, 0.0, 0.2727272727272727
"The number of syllables is %d.\n",STRING_LITERAL, line no: 88,syllables,SIMPLE_NAME, line no: 61, 0.012368129493283525, insert, 0.9783783783783784, 0.0, 0.2647058823529412
i.value=0; ,EXPRESSION_STATEMENT, line no: 65,System.out.println(mainClass.output); ,EXPRESSION_STATEMENT, line no: 56, 0.012336905787504276, insert, 0.2983425414364641, 0.0, 0.15789473684210525
scanner,SIMPLE_NAME, line no: 63,Scanner,SIMPLE_NAME, line no: 44, 0.012291623526655695, insert, 0.005405405405405406, 0.0, 0.8571428571428571
scanner.next(),METHOD_INVOCATION, line no: 63,syllables,SIMPLE_NAME, line no: 61, 0.011698576618459152, insert, 0.9836956521739131, 0.0, 0.21428571428571427
syllables,SIMPLE_NAME, line no: 88,length,SIMPLE_NAME, line no: 50, 0.011613582600597637, insert, 0.3064516129032258, 0.0, 0.2222222222222222
scanner.next(),METHOD_INVOCATION, line no: 63,length,SIMPLE_NAME, line no: 50, 0.011554234603777813, insert, 0.30978260869565216, 0.0, 0.21428571428571427
next,SIMPLE_NAME, line no: 63,value,SIMPLE_NAME, line no: 7, 0.011461016041400597, insert, 0.032432432432432434, 0.0, 0.2
syllables.value,QUALIFIED_NAME, line no: 88,scanner,SIMPLE_NAME, line no: 51, 0.011461016041400597, insert, 0.0972972972972973, 0.0, 0.2
value,SIMPLE_NAME, line no: 88,next,SIMPLE_NAME, line no: 63, 0.01141367667058735, insert, 0.989247311827957, 0.0, 0.2
"Please enter a string > ",STRING_LITERAL, line no: 62,String,SIMPLE_NAME, line no: 49, 0.011406720237125453, insert, 0.2918918918918919, 0.0, 0.19230769230769232
value,SIMPLE_NAME, line no: 88,input,SIMPLE_NAME, line no: 60, 0.0113660800205849, insert, 0.9731182795698925, 0.0, 0.2
toCharArray,SIMPLE_NAME, line no: 63,String,SIMPLE_NAME, line no: 49, 0.01126742514603437, insert, 0.29347826086956524, 0.0, 0.18181818181818182
toCharArray,SIMPLE_NAME, line no: 63,scanner,SIMPLE_NAME, line no: 51, 0.01126742514603437, insert, 0.09782608695652174, 0.0, 0.18181818181818182
String,SIMPLE_NAME, line no: 62,toCharArray,SIMPLE_NAME, line no: 63, 0.011219571216842718, insert, 0.9945945945945946, 0.0, 0.18181818181818182
scanner,SIMPLE_NAME, line no: 63,toCharArray,SIMPLE_NAME, line no: 63, 0.011219571216842718, insert, 0.9945945945945946, 0.0, 0.18181818181818182
String,SIMPLE_NAME, line no: 88,toCharArray,SIMPLE_NAME, line no: 63, 0.011219571216842718, insert, 0.9945945945945946, 0.0, 0.18181818181818182
toCharArray,SIMPLE_NAME, line no: 63,length,SIMPLE_NAME, line no: 50, 0.01112308313135303, insert, 0.30978260869565216, 0.0, 0.18181818181818182
String,SIMPLE_NAME, line no: 62,format,SIMPLE_NAME, line no: 62, 0.011066221125569469, insert, 1.0, 0.0, 0.16666666666666666
format,SIMPLE_NAME, line no: 62,value,SIMPLE_NAME, line no: 7, 0.011066221125569469, insert, 0.032432432432432434, 0.0, 0.16666666666666666
format,SIMPLE_NAME, line no: 62,String,SIMPLE_NAME, line no: 49, 0.011066221125569469, insert, 0.2918918918918919, 0.0, 0.16666666666666666
String,SIMPLE_NAME, line no: 88,format,SIMPLE_NAME, line no: 62, 0.011066221125569469, insert, 1.0, 0.0, 0.16666666666666666
format,SIMPLE_NAME, line no: 88,value,SIMPLE_NAME, line no: 7, 0.011066221125569469, insert, 0.032432432432432434, 0.0, 0.16666666666666666
format,SIMPLE_NAME, line no: 88,String,SIMPLE_NAME, line no: 49, 0.011066221125569469, insert, 0.2918918918918919, 0.0, 0.16666666666666666
value,SIMPLE_NAME, line no: 88,format,SIMPLE_NAME, line no: 62, 0.01101862447556702, insert, 0.9946236559139785, 0.0, 0.16666666666666666
String,SIMPLE_NAME, line no: 62,next,SIMPLE_NAME, line no: 63, 0.011018367196377818, insert, 0.9945945945945946, 0.0, 0.16666666666666666
format,SIMPLE_NAME, line no: 62,next,SIMPLE_NAME, line no: 63, 0.011018367196377818, insert, 0.9945945945945946, 0.0, 0.16666666666666666
next,SIMPLE_NAME, line no: 63,String,SIMPLE_NAME, line no: 49, 0.011018367196377818, insert, 0.2918918918918919, 0.0, 0.16666666666666666
next,SIMPLE_NAME, line no: 63,format,SIMPLE_NAME, line no: 62, 0.011018367196377818, insert, 0.9945945945945946, 0.0, 0.16666666666666666
String,SIMPLE_NAME, line no: 88,next,SIMPLE_NAME, line no: 63, 0.011018367196377818, insert, 0.9945945945945946, 0.0, 0.16666666666666666
format,SIMPLE_NAME, line no: 88,next,SIMPLE_NAME, line no: 63, 0.011018367196377818, insert, 0.9945945945945946, 0.0, 0.16666666666666666
String,SIMPLE_NAME, line no: 62,i,SIMPLE_NAME, line no: 7, 0.010970513267186165, insert, 0.032432432432432434, 0.0, 0.16666666666666666
String,SIMPLE_NAME, line no: 62,output,SIMPLE_NAME, line no: 49, 0.010970513267186165, insert, 0.2918918918918919, 0.0, 0.16666666666666666
format,SIMPLE_NAME, line no: 62,input,SIMPLE_NAME, line no: 60, 0.010970513267186165, insert, 0.9783783783783784, 0.0, 0.16666666666666666
next,SIMPLE_NAME, line no: 63,output,SIMPLE_NAME, line no: 49, 0.010970513267186165, insert, 0.2918918918918919, 0.0, 0.16666666666666666
String,SIMPLE_NAME, line no: 88,i,SIMPLE_NAME, line no: 7, 0.010970513267186165, insert, 0.032432432432432434, 0.0, 0.16666666666666666
String,SIMPLE_NAME, line no: 88,output,SIMPLE_NAME, line no: 49, 0.010970513267186165, insert, 0.2918918918918919, 0.0, 0.16666666666666666
format,SIMPLE_NAME, line no: 88,input,SIMPLE_NAME, line no: 60, 0.010970513267186165, insert, 0.9783783783783784, 0.0, 0.16666666666666666
value,SIMPLE_NAME, line no: 88,output,SIMPLE_NAME, line no: 49, 0.010923431175562121, insert, 0.2903225806451613, 0.0, 0.16666666666666666
"Please enter a string > ",STRING_LITERAL, line no: 62,syllables,SIMPLE_NAME, line no: 61, 0.010895971569791479, insert, 0.9783783783783784, 0.0, 0.15384615384615385
String,SIMPLE_NAME, line no: 62,IntObj,SIMPLE_NAME, line no: 61, 0.010874805408802861, insert, 0.9783783783783784, 0.0, 0.16666666666666666
format,SIMPLE_NAME, line no: 62,length,SIMPLE_NAME, line no: 50, 0.010874805408802861, insert, 0.3081081081081081, 0.0, 0.16666666666666666
format,SIMPLE_NAME, line no: 62,IntObj,SIMPLE_NAME, line no: 61, 0.010874805408802861, insert, 0.9783783783783784, 0.0, 0.16666666666666666
String,SIMPLE_NAME, line no: 88,IntObj,SIMPLE_NAME, line no: 61, 0.010874805408802861, insert, 0.9783783783783784, 0.0, 0.16666666666666666
format,SIMPLE_NAME, line no: 88,length,SIMPLE_NAME, line no: 50, 0.010874805408802861, insert, 0.3081081081081081, 0.0, 0.16666666666666666
format,SIMPLE_NAME, line no: 88,IntObj,SIMPLE_NAME, line no: 61, 0.010874805408802861, insert, 0.9783783783783784, 0.0, 0.16666666666666666
"Please enter a string > ",STRING_LITERAL, line no: 62,scanner,SIMPLE_NAME, line no: 51, 0.010848117640599826, insert, 0.0972972972972973, 0.0, 0.15384615384615385
scanner.next(),METHOD_INVOCATION, line no: 63,value,SIMPLE_NAME, line no: 7, 0.010750043379124627, insert, 0.03260869565217391, 0.0, 0.14285714285714285
scanner.next(),METHOD_INVOCATION, line no: 63,String,SIMPLE_NAME, line no: 49, 0.010750043379124627, insert, 0.29347826086956524, 0.0, 0.14285714285714285
scanner.next(),METHOD_INVOCATION, line no: 63,format,SIMPLE_NAME, line no: 62, 0.010750043379124627, insert, 1.0, 0.0, 0.14285714285714285
scanner.next(),METHOD_INVOCATION, line no: 63,toCharArray,SIMPLE_NAME, line no: 63, 0.010750043379124627, insert, 1.0, 0.0, 0.14285714285714285
"Please enter a string > ",STRING_LITERAL, line no: 62,length,SIMPLE_NAME, line no: 50, 0.01070455585302487, insert, 0.3081081081081081, 0.0, 0.15384615384615385
String,SIMPLE_NAME, line no: 62,scanner,SIMPLE_NAME, line no: 51, 0.010702189449932975, insert, 0.0972972972972973, 0.0, 0.14285714285714285
format,SIMPLE_NAME, line no: 62,scanner,SIMPLE_NAME, line no: 51, 0.010702189449932975, insert, 0.0972972972972973, 0.0, 0.14285714285714285
scanner,SIMPLE_NAME, line no: 63,String,SIMPLE_NAME, line no: 49, 0.010702189449932975, insert, 0.2918918918918919, 0.0, 0.14285714285714285
scanner,SIMPLE_NAME, line no: 63,format,SIMPLE_NAME, line no: 62, 0.010702189449932975, insert, 0.9945945945945946, 0.0, 0.14285714285714285
String,SIMPLE_NAME, line no: 88,scanner,SIMPLE_NAME, line no: 51, 0.010702189449932975, insert, 0.0972972972972973, 0.0, 0.14285714285714285
format,SIMPLE_NAME, line no: 88,scanner,SIMPLE_NAME, line no: 51, 0.010702189449932975, insert, 0.0972972972972973, 0.0, 0.14285714285714285
scanner.next(),METHOD_INVOCATION, line no: 63,input,SIMPLE_NAME, line no: 60, 0.010701929374230847, insert, 0.9836956521739131, 0.0, 0.14285714285714285
scanner,SIMPLE_NAME, line no: 63,input,SIMPLE_NAME, line no: 60, 0.010654335520741322, insert, 0.9783783783783784, 0.0, 0.14285714285714285
scanner.next(),METHOD_INVOCATION, line no: 63,IntObj,SIMPLE_NAME, line no: 61, 0.010605701364443287, insert, 0.9836956521739131, 0.0, 0.14285714285714285
syllables.value,QUALIFIED_NAME, line no: 88,toCharArray,SIMPLE_NAME, line no: 63, 0.01057571835135504, insert, 0.9945945945945946, 0.0, 0.13333333333333333
scanner,SIMPLE_NAME, line no: 63,length,SIMPLE_NAME, line no: 50, 0.01055862766235802, insert, 0.3081081081081081, 0.0, 0.14285714285714285
scanner,SIMPLE_NAME, line no: 63,IntObj,SIMPLE_NAME, line no: 61, 0.01055862766235802, insert, 0.9783783783783784, 0.0, 0.14285714285714285
syllables.value,QUALIFIED_NAME, line no: 88,length,SIMPLE_NAME, line no: 50, 0.010432156563780083, insert, 0.3081081081081081, 0.0, 0.13333333333333333
"Please enter a string > ",STRING_LITERAL, line no: 62,format,SIMPLE_NAME, line no: 62, 0.010385222902457502, insert, 1.0, 0.0, 0.11538461538461539
"Please enter a string > ",STRING_LITERAL, line no: 62,next,SIMPLE_NAME, line no: 63, 0.010337368973265851, insert, 0.9945945945945946, 0.0, 0.11538461538461539
"Please enter a string > ",STRING_LITERAL, line no: 62,toCharArray,SIMPLE_NAME, line no: 63, 0.010337368973265851, insert, 0.9945945945945946, 0.0, 0.11538461538461539
format,SIMPLE_NAME, line no: 62,syllables,SIMPLE_NAME, line no: 61, 0.010328473050531504, insert, 0.9783783783783784, 0.0, 0.1111111111111111
format,SIMPLE_NAME, line no: 88,syllables,SIMPLE_NAME, line no: 61, 0.010328473050531504, insert, 0.9783783783783784, 0.0, 0.1111111111111111
syllables,SIMPLE_NAME, line no: 88,format,SIMPLE_NAME, line no: 62, 0.010280876400529056, insert, 0.9946236559139785, 0.0, 0.1111111111111111
next,SIMPLE_NAME, line no: 63,syllables,SIMPLE_NAME, line no: 61, 0.010280619121339853, insert, 0.9783783783783784, 0.0, 0.1111111111111111
syllables,SIMPLE_NAME, line no: 88,next,SIMPLE_NAME, line no: 63, 0.010233279750526606, insert, 0.989247311827957, 0.0, 0.1111111111111111
syllables,SIMPLE_NAME, line no: 88,IntObj,SIMPLE_NAME, line no: 61, 0.010090489800519258, insert, 0.9731182795698925, 0.0, 0.1111111111111111
toCharArray,SIMPLE_NAME, line no: 63,value,SIMPLE_NAME, line no: 7, 0.010060201023244973, insert, 0.03260869565217391, 0.0, 0.09090909090909091
toCharArray,SIMPLE_NAME, line no: 63,syllables,SIMPLE_NAME, line no: 61, 0.010060201023244973, insert, 0.9836956521739131, 0.0, 0.09090909090909091
toCharArray,SIMPLE_NAME, line no: 63,next,SIMPLE_NAME, line no: 63, 0.010060201023244973, insert, 1.0, 0.0, 0.09090909090909091
"The number of syllables is %d.\n",STRING_LITERAL, line no: 88,value,SIMPLE_NAME, line no: 7, 0.010024694431398225, insert, 0.032432432432432434, 0.0, 0.08823529411764706
"The number of syllables is %d.\n",STRING_LITERAL, line no: 88,String,SIMPLE_NAME, line no: 49, 0.010024694431398225, insert, 0.2918918918918919, 0.0, 0.08823529411764706
next,SIMPLE_NAME, line no: 63,toCharArray,SIMPLE_NAME, line no: 63, 0.010012347094053322, insert, 0.9945945945945946, 0.0, 0.09090909090909091
toCharArray,SIMPLE_NAME, line no: 63,output,SIMPLE_NAME, line no: 49, 0.010012087018351193, insert, 0.29347826086956524, 0.0, 0.09090909090909091
toCharArray,SIMPLE_NAME, line no: 63,input,SIMPLE_NAME, line no: 60, 0.010012087018351193, insert, 0.9836956521739131, 0.0, 0.09090909090909091
output+=(String.format("The number of syllables is %d.\n" syllables.value)); ,EXPRESSION_STATEMENT, line no: 87,mainClass.scanner=new java.util.Scanner(args[0]); ,EXPRESSION_STATEMENT, line no: 51, 0.00999341730680127, insert, 0.08287292817679558, 0.0, 0.23376623376623376
output+=(String.format("The number of syllables is %d.\n" syllables.value)); ,EXPRESSION_STATEMENT, line no: 87,mainClass.scanner=new java.util.Scanner(System.in); ,EXPRESSION_STATEMENT, line no: 53, 0.00999341730680127, insert, 0.08287292817679558, 0.0, 0.23376623376623376
"The number of syllables is %d.\n",STRING_LITERAL, line no: 88,scanner,SIMPLE_NAME, line no: 51, 0.009976840502206574, insert, 0.0972972972972973, 0.0, 0.08823529411764706
"The number of syllables is %d.\n",STRING_LITERAL, line no: 88,toCharArray,SIMPLE_NAME, line no: 63, 0.009976840502206574, insert, 0.9945945945945946, 0.0, 0.08823529411764706
syllables,SIMPLE_NAME, line no: 88,toCharArray,SIMPLE_NAME, line no: 63, 0.009965007723240075, insert, 0.989247311827957, 0.0, 0.09090909090909091
value,SIMPLE_NAME, line no: 88,toCharArray,SIMPLE_NAME, line no: 63, 0.009965007723240075, insert, 0.989247311827957, 0.0, 0.09090909090909091
input=scanner.next().toCharArray(); ,EXPRESSION_STATEMENT, line no: 63,syllables.value=syllables.value + 1; ,EXPRESSION_STATEMENT, line no: 68, 0.009939036744817482, insert, 0.06629834254143646, 0.0, 0.24324324324324326
i.value=0; ,EXPRESSION_STATEMENT, line no: 65,syllables.value=syllables.value + 1; ,EXPRESSION_STATEMENT, line no: 68, 0.009939036744817482, insert, 0.06629834254143646, 0.6666666666666666, 0.24324324324324326
toCharArray,SIMPLE_NAME, line no: 63,IntObj,SIMPLE_NAME, line no: 61, 0.009915859008563633, insert, 0.9836956521739131, 0.0, 0.09090909090909091
"Please enter a string > ",STRING_LITERAL, line no: 62,value,SIMPLE_NAME, line no: 7, 0.009874474235123528, insert, 0.032432432432432434, 0.0, 0.07692307692307693
"The number of syllables is %d.\n",STRING_LITERAL, line no: 88,length,SIMPLE_NAME, line no: 50, 0.009833278714631617, insert, 0.3081081081081081, 0.0, 0.08823529411764706
"Please enter a string > ",STRING_LITERAL, line no: 62,output,SIMPLE_NAME, line no: 49, 0.009778766376740224, insert, 0.2918918918918919, 0.0, 0.07692307692307693
"Please enter a string > ",STRING_LITERAL, line no: 62,input,SIMPLE_NAME, line no: 60, 0.009778766376740224, insert, 0.9783783783783784, 0.0, 0.07692307692307693
scanner.next(),METHOD_INVOCATION, line no: 63,output,SIMPLE_NAME, line no: 49, 0.009753396134896323, insert, 0.29347826086956524, 0.0, 0.07142857142857142
syllables.value,QUALIFIED_NAME, line no: 88,format,SIMPLE_NAME, line no: 62, 0.009738274590501132, insert, 1.0, 0.0, 0.06666666666666667
syllables.value,QUALIFIED_NAME, line no: 88,next,SIMPLE_NAME, line no: 63, 0.009690420661309481, insert, 0.9945945945945946, 0.0, 0.06666666666666667
"Please enter a string > ",STRING_LITERAL, line no: 62,IntObj,SIMPLE_NAME, line no: 61, 0.00968305851835692, insert, 0.9783783783783784, 0.0, 0.07692307692307693
syllables.value,QUALIFIED_NAME, line no: 88,output,SIMPLE_NAME, line no: 49, 0.00964256673211783, insert, 0.2918918918918919, 0.0, 0.06666666666666667
syllables.value,QUALIFIED_NAME, line no: 88,input,SIMPLE_NAME, line no: 60, 0.00964256673211783, insert, 0.9783783783783784, 0.0, 0.06666666666666667
"The number of syllables is %d.\n",STRING_LITERAL, line no: 88,format,SIMPLE_NAME, line no: 62, 0.009634121921084008, insert, 1.0, 0.0, 0.058823529411764705
"The number of syllables is %d.\n",STRING_LITERAL, line no: 88,next,SIMPLE_NAME, line no: 63, 0.009586267991892357, insert, 0.9945945945945946, 0.0, 0.058823529411764705
syllables.value,QUALIFIED_NAME, line no: 88,IntObj,SIMPLE_NAME, line no: 61, 0.009546858873734526, insert, 0.9783783783783784, 0.0, 0.06666666666666667
"The number of syllables is %d.\n",STRING_LITERAL, line no: 88,input,SIMPLE_NAME, line no: 60, 0.009538414062700704, insert, 0.9783783783783784, 0.0, 0.058823529411764705
syllables.value=0; ,EXPRESSION_STATEMENT, line no: 64,mainClass.scanner=new java.util.Scanner(args[0]); ,EXPRESSION_STATEMENT, line no: 51, 0.009517415061398369, insert, 0.08287292817679558, 0.0, 0.22
"The number of syllables is %d.\n",STRING_LITERAL, line no: 88,IntObj,SIMPLE_NAME, line no: 61, 0.0094427062043174, insert, 0.9783783783783784, 0.0, 0.058823529411764705
next,SIMPLE_NAME, line no: 63,exec,SIMPLE_NAME, line no: 55, 0.00931955271007418, insert, 0.3027027027027027, 0.0, 0.5
"Please enter a string > ",STRING_LITERAL, line no: 62,i,SIMPLE_NAME, line no: 7, 0.009268017709406247, insert, 0.032432432432432434, 0.0, 0.038461538461538464
"The number of syllables is %d.\n",STRING_LITERAL, line no: 88,i,SIMPLE_NAME, line no: 7, 0.009147841552386488, insert, 0.032432432432432434, 0.0, 0.029411764705882353
"The number of syllables is %d.\n",STRING_LITERAL, line no: 88,output,SIMPLE_NAME, line no: 49, 0.009147841552386488, insert, 0.2918918918918919, 0.0, 0.029411764705882353
output+=(String.format("Please enter a string > ")); ,EXPRESSION_STATEMENT, line no: 62,syllables.value=syllables.value + 1; ,EXPRESSION_STATEMENT, line no: 68, 0.008704754994689205, insert, 0.06629834254143646, 0.0, 0.20754716981132076
syllables.value,QUALIFIED_NAME, line no: 88,syllables_90a14c1a_000,SIMPLE_NAME, line no: 48, 0.008620232790296178, insert, 0.2918918918918919, 0.0, 0.45454545454545453
syllables.value=0; ,EXPRESSION_STATEMENT, line no: 64,mainClass.scanner=new java.util.Scanner(System.in); ,EXPRESSION_STATEMENT, line no: 53, 0.00855988369401314, insert, 0.08287292817679558, 0.0, 0.19230769230769232
String,SIMPLE_NAME, line no: 62,println,SIMPLE_NAME, line no: 56, 0.008371019470739652, insert, 0.3027027027027027, 0.0, 0.42857142857142855
String,SIMPLE_NAME, line no: 88,println,SIMPLE_NAME, line no: 56, 0.008371019470739652, insert, 0.3027027027027027, 0.0, 0.42857142857142855
i.value=0; ,EXPRESSION_STATEMENT, line no: 65,mainClass.scanner=new java.util.Scanner(args[0]); ,EXPRESSION_STATEMENT, line no: 51, 0.008134314197397482, insert, 0.08287292817679558, 0.0, 0.18
syllables,SIMPLE_NAME, line no: 88,syllables_90a14c1a_000,SIMPLE_NAME, line no: 48, 0.008002727652684548, insert, 0.2903225806451613, 0.0, 0.4090909090909091
i.value=0; ,EXPRESSION_STATEMENT, line no: 65,mainClass.scanner=new java.util.Scanner(System.in); ,EXPRESSION_STATEMENT, line no: 53, 0.0072299790170892095, insert, 0.08287292817679558, 0.0, 0.15384615384615385
String,SIMPLE_NAME, line no: 62,args,SIMPLE_NAME, line no: 50, 0.007154162414151939, insert, 0.3081081081081081, 0.0, 0.3333333333333333
String,SIMPLE_NAME, line no: 62,System,SIMPLE_NAME, line no: 53, 0.007154162414151939, insert, 0.10270270270270271, 0.0, 0.3333333333333333
format,SIMPLE_NAME, line no: 62,out,SIMPLE_NAME, line no: 56, 0.007154162414151939, insert, 0.3081081081081081, 0.0, 0.3333333333333333
String,SIMPLE_NAME, line no: 88,args,SIMPLE_NAME, line no: 50, 0.007154162414151939, insert, 0.3081081081081081, 0.0, 0.3333333333333333
String,SIMPLE_NAME, line no: 88,System,SIMPLE_NAME, line no: 53, 0.007154162414151939, insert, 0.10270270270270271, 0.0, 0.3333333333333333
format,SIMPLE_NAME, line no: 88,out,SIMPLE_NAME, line no: 56, 0.007154162414151939, insert, 0.3081081081081081, 0.0, 0.3333333333333333
syllables,SIMPLE_NAME, line no: 88,mainClass,SIMPLE_NAME, line no: 48, 0.007139497500367399, insert, 0.2903225806451613, 0.0, 0.3333333333333333
scanner.next(),METHOD_INVOCATION, line no: 63,Scanner,SIMPLE_NAME, line no: 44, 0.00660536552898898, insert, 0.005434782608695652, 0.0, 0.42857142857142855
scanner,SIMPLE_NAME, line no: 63,args,SIMPLE_NAME, line no: 50, 0.006521806921262255, insert, 0.3081081081081081, 0.0, 0.2857142857142857
scanner,SIMPLE_NAME, line no: 63,System,SIMPLE_NAME, line no: 53, 0.006521806921262255, insert, 0.10270270270270271, 0.0, 0.2857142857142857
format,SIMPLE_NAME, line no: 62,println,SIMPLE_NAME, line no: 56, 0.006473952992070602, insert, 0.3027027027027027, 0.0, 0.2857142857142857
scanner,SIMPLE_NAME, line no: 63,println,SIMPLE_NAME, line no: 56, 0.006473952992070602, insert, 0.3027027027027027, 0.0, 0.2857142857142857
next,SIMPLE_NAME, line no: 63,println,SIMPLE_NAME, line no: 56, 0.006473952992070602, insert, 0.3027027027027027, 0.0, 0.2857142857142857
format,SIMPLE_NAME, line no: 88,println,SIMPLE_NAME, line no: 56, 0.006473952992070602, insert, 0.3027027027027027, 0.0, 0.2857142857142857
value,SIMPLE_NAME, line no: 88,java,SIMPLE_NAME, line no: 44, 0.006263719140322332, insert, 0.010752688172043012, 0.0, 0.4
"The number of syllables is %d.\n",STRING_LITERAL, line no: 88,syllables_90a14c1a_000,SIMPLE_NAME, line no: 48, 0.006099264769177145, insert, 0.2918918918918919, 0.0, 0.2647058823529412
next,SIMPLE_NAME, line no: 63,out,SIMPLE_NAME, line no: 56, 0.006047540301594991, insert, 0.3081081081081081, 0.0, 0.25
String,SIMPLE_NAME, line no: 62,mainClass,SIMPLE_NAME, line no: 48, 0.00567866626407601, insert, 0.2918918918918919, 0.0, 0.2222222222222222
format,SIMPLE_NAME, line no: 62,mainClass,SIMPLE_NAME, line no: 48, 0.00567866626407601, insert, 0.2918918918918919, 0.0, 0.2222222222222222
scanner,SIMPLE_NAME, line no: 63,mainClass,SIMPLE_NAME, line no: 48, 0.00567866626407601, insert, 0.2918918918918919, 0.0, 0.2222222222222222
String,SIMPLE_NAME, line no: 88,mainClass,SIMPLE_NAME, line no: 48, 0.00567866626407601, insert, 0.2918918918918919, 0.0, 0.2222222222222222
format,SIMPLE_NAME, line no: 88,mainClass,SIMPLE_NAME, line no: 48, 0.00567866626407601, insert, 0.2918918918918919, 0.0, 0.2222222222222222
syllables,SIMPLE_NAME, line no: 88,args,SIMPLE_NAME, line no: 50, 0.00566400135029147, insert, 0.3064516129032258, 0.0, 0.2222222222222222
syllables,SIMPLE_NAME, line no: 88,System,SIMPLE_NAME, line no: 53, 0.00566400135029147, insert, 0.10215053763440861, 0.0, 0.2222222222222222
value,SIMPLE_NAME, line no: 88,mainClass,SIMPLE_NAME, line no: 48, 0.00566400135029147, insert, 0.2903225806451613, 0.0, 0.2222222222222222
scanner.next(),METHOD_INVOCATION, line no: 63,println,SIMPLE_NAME, line no: 56, 0.005539983992055275, insert, 0.30434782608695654, 0.0, 0.21428571428571427
syllables.value,QUALIFIED_NAME, line no: 88,mainClass,SIMPLE_NAME, line no: 48, 0.005383567034060823, insert, 0.2918918918918919, 0.0, 0.2
syllables.value,QUALIFIED_NAME, line no: 88,System,SIMPLE_NAME, line no: 53, 0.005383567034060823, insert, 0.10270270270270271, 0.0, 0.2
String,SIMPLE_NAME, line no: 62,util,SIMPLE_NAME, line no: 44, 0.005383567034060822, insert, 0.010810810810810811, 0.0, 0.3333333333333333
String,SIMPLE_NAME, line no: 88,util,SIMPLE_NAME, line no: 44, 0.005383567034060822, insert, 0.010810810810810811, 0.0, 0.3333333333333333
value,SIMPLE_NAME, line no: 88,args,SIMPLE_NAME, line no: 50, 0.005368902120276285, insert, 0.3064516129032258, 0.0, 0.2
value,SIMPLE_NAME, line no: 88,out,SIMPLE_NAME, line no: 56, 0.005368902120276285, insert, 0.3064516129032258, 0.0, 0.2
String,SIMPLE_NAME, line no: 62,in,SIMPLE_NAME, line no: 53, 0.00533571310486917, insert, 0.10270270270270271, 0.0, 0.3333333333333333
String,SIMPLE_NAME, line no: 88,in,SIMPLE_NAME, line no: 53, 0.00533571310486917, insert, 0.10270270270270271, 0.0, 0.3333333333333333
value,SIMPLE_NAME, line no: 88,exec,SIMPLE_NAME, line no: 55, 0.005321305470273835, insert, 0.3010752688172043, 0.0, 0.2
syllables.value,QUALIFIED_NAME, line no: 88,syllables.value,QUALIFIED_NAME, line no: 64, 0.005303300858899106, insert, 0.9891891891891892, 2.0, 1.0
toCharArray,SIMPLE_NAME, line no: 63,mainClass,SIMPLE_NAME, line no: 48, 0.00515694652452427, insert, 0.29347826086956524, 0.0, 0.18181818181818182
toCharArray,SIMPLE_NAME, line no: 63,args,SIMPLE_NAME, line no: 50, 0.00515694652452427, insert, 0.30978260869565216, 0.0, 0.18181818181818182
String,SIMPLE_NAME, line no: 62,out,SIMPLE_NAME, line no: 56, 0.004940918189038044, insert, 0.3081081081081081, 0.0, 0.16666666666666666
format,SIMPLE_NAME, line no: 62,args,SIMPLE_NAME, line no: 50, 0.004940918189038044, insert, 0.3081081081081081, 0.0, 0.16666666666666666
format,SIMPLE_NAME, line no: 62,System,SIMPLE_NAME, line no: 53, 0.004940918189038044, insert, 0.10270270270270271, 0.0, 0.16666666666666666
next,SIMPLE_NAME, line no: 63,System,SIMPLE_NAME, line no: 53, 0.004940918189038044, insert, 0.10270270270270271, 0.0, 0.16666666666666666
String,SIMPLE_NAME, line no: 88,out,SIMPLE_NAME, line no: 56, 0.004940918189038044, insert, 0.3081081081081081, 0.0, 0.16666666666666666
format,SIMPLE_NAME, line no: 88,args,SIMPLE_NAME, line no: 50, 0.004940918189038044, insert, 0.3081081081081081, 0.0, 0.16666666666666666
format,SIMPLE_NAME, line no: 88,System,SIMPLE_NAME, line no: 53, 0.004940918189038044, insert, 0.10270270270270271, 0.0, 0.16666666666666666
value,SIMPLE_NAME, line no: 88,System,SIMPLE_NAME, line no: 53, 0.004926253275253506, insert, 0.10215053763440861, 0.0, 0.16666666666666666
"Please enter a string > ",STRING_LITERAL, line no: 62,mainClass,SIMPLE_NAME, line no: 48, 0.0047706686332600525, insert, 0.2918918918918919, 0.0, 0.15384615384615385
String,SIMPLE_NAME, line no: 62,Scanner,SIMPLE_NAME, line no: 44, 0.004703357611979486, insert, 0.005405405405405406, 0.0, 0.2857142857142857
next,SIMPLE_NAME, line no: 63,Scanner,SIMPLE_NAME, line no: 44, 0.004703357611979486, insert, 0.005405405405405406, 0.0, 0.2857142857142857
String,SIMPLE_NAME, line no: 88,Scanner,SIMPLE_NAME, line no: 44, 0.004703357611979486, insert, 0.005405405405405406, 0.0, 0.2857142857142857
value,SIMPLE_NAME, line no: 88,Scanner,SIMPLE_NAME, line no: 44, 0.004698469307384641, insert, 0.005376344086021506, 0.0, 0.2857142857142857
"The number of syllables is %d.\n",STRING_LITERAL, line no: 88,mainClass,SIMPLE_NAME, line no: 48, 0.004680536515495234, insert, 0.2918918918918919, 0.0, 0.14705882352941177
scanner.next(),METHOD_INVOCATION, line no: 63,mainClass,SIMPLE_NAME, line no: 48, 0.004639564757614529, insert, 0.29347826086956524, 0.0, 0.14285714285714285
scanner.next(),METHOD_INVOCATION, line no: 63,args,SIMPLE_NAME, line no: 50, 0.004639564757614529, insert, 0.30978260869565216, 0.0, 0.14285714285714285
scanner.next(),METHOD_INVOCATION, line no: 63,System,SIMPLE_NAME, line no: 53, 0.004639564757614529, insert, 0.10326086956521739, 0.0, 0.14285714285714285
"Please enter a string > ",STRING_LITERAL, line no: 62,syllables_90a14c1a_000,SIMPLE_NAME, line no: 48, 0.004627106845685098, insert, 0.2918918918918919, 0.0, 0.15384615384615385
scanner.next(),METHOD_INVOCATION, line no: 63,exec,SIMPLE_NAME, line no: 55, 0.004591450752720748, insert, 0.30434782608695654, 0.0, 0.14285714285714285
scanner,SIMPLE_NAME, line no: 63,exec,SIMPLE_NAME, line no: 55, 0.004576886513401551, insert, 0.3027027027027027, 0.0, 0.14285714285714285
value,SIMPLE_NAME, line no: 88,println,SIMPLE_NAME, line no: 56, 0.0045624788788062145, insert, 0.3010752688172043, 0.0, 0.14285714285714285
syllables.value,QUALIFIED_NAME, line no: 88,args,SIMPLE_NAME, line no: 50, 0.004498269344015266, insert, 0.3081081081081081, 0.0, 0.13333333333333333
syllables.value,QUALIFIED_NAME, line no: 88,exec,SIMPLE_NAME, line no: 55, 0.004450415414823614, insert, 0.3027027027027027, 0.0, 0.13333333333333333
output+=(String.format("Please enter a string > ")); ,EXPRESSION_STATEMENT, line no: 62,value=i; ,EXPRESSION_STATEMENT, line no: 7, 0.004423865823387944, insert, 0.022099447513812154, 0.0, 0.11320754716981132
scanner.next(),METHOD_INVOCATION, line no: 63,syllables_90a14c1a_000,SIMPLE_NAME, line no: 48, 0.004408992448448231, insert, 0.29347826086956524, 0.0, 0.13636363636363635
scanner,SIMPLE_NAME, line no: 63,syllables_90a14c1a_000,SIMPLE_NAME, line no: 48, 0.00439494836053329, insert, 0.2918918918918919, 0.0, 0.13636363636363635
value,SIMPLE_NAME, line no: 88,syllables_90a14c1a_000,SIMPLE_NAME, line no: 48, 0.004381055284316359, insert, 0.2903225806451613, 0.0, 0.13636363636363635
value,SIMPLE_NAME, line no: 88,i.value,QUALIFIED_NAME, line no: 65, 0.004359948724551154, insert, 0.9838709677419355, 1.0, 0.7142857142857143
input=scanner.next().toCharArray(); ,EXPRESSION_STATEMENT, line no: 63,value=i; ,EXPRESSION_STATEMENT, line no: 7, 0.0043513762602851724, insert, 0.022099447513812154, 0.0, 0.1111111111111111
next,SIMPLE_NAME, line no: 63,util,SIMPLE_NAME, line no: 44, 0.004276944921503876, insert, 0.010810810810810811, 0.0, 0.25
"Please enter a string > ",STRING_LITERAL, line no: 62,args,SIMPLE_NAME, line no: 50, 0.004259919965926077, insert, 0.3081081081081081, 0.0, 0.11538461538461539
"Please enter a string > ",STRING_LITERAL, line no: 62,System,SIMPLE_NAME, line no: 53, 0.004259919965926077, insert, 0.10270270270270271, 0.0, 0.11538461538461539
next,SIMPLE_NAME, line no: 63,in,SIMPLE_NAME, line no: 53, 0.004229090992312224, insert, 0.10270270270270271, 0.0, 0.25
"Please enter a string > ",STRING_LITERAL, line no: 62,println,SIMPLE_NAME, line no: 56, 0.004212066036734425, insert, 0.3027027027027027, 0.0, 0.11538461538461539
next,SIMPLE_NAME, line no: 63,mainClass,SIMPLE_NAME, line no: 48, 0.004203170114000079, insert, 0.2918918918918919, 0.0, 0.1111111111111111
syllables,SIMPLE_NAME, line no: 88,exec,SIMPLE_NAME, line no: 55, 0.004140908550213092, insert, 0.3010752688172043, 0.0, 0.1111111111111111
syllables,SIMPLE_NAME, line no: 88,println,SIMPLE_NAME, line no: 56, 0.004140908550213092, insert, 0.3010752688172043, 0.0, 0.1111111111111111
syllables,SIMPLE_NAME, line no: 88,syllables.value,QUALIFIED_NAME, line no: 64, 0.004019103704679667, insert, 0.9838709677419355, 1.0, 0.6
toCharArray,SIMPLE_NAME, line no: 63,System,SIMPLE_NAME, line no: 53, 0.003949722401734874, insert, 0.10326086956521739, 0.0, 0.09090909090909091
toCharArray,SIMPLE_NAME, line no: 63,out,SIMPLE_NAME, line no: 56, 0.003949722401734874, insert, 0.30978260869565216, 0.0, 0.09090909090909091
toCharArray,SIMPLE_NAME, line no: 63,println,SIMPLE_NAME, line no: 56, 0.003901608396841094, insert, 0.30434782608695654, 0.0, 0.09090909090909091
syllables,SIMPLE_NAME, line no: 88,Scanner,SIMPLE_NAME, line no: 44, 0.003855328650198396, insert, 0.005376344086021506, 0.0, 0.2222222222222222
"The number of syllables is %d.\n",STRING_LITERAL, line no: 88,println,SIMPLE_NAME, line no: 56, 0.0038515375656751486, insert, 0.3027027027027027, 0.0, 0.08823529411764706
toCharArray,SIMPLE_NAME, line no: 63,syllables_90a14c1a_000,SIMPLE_NAME, line no: 48, 0.003805380387053533, insert, 0.29347826086956524, 0.0, 0.09090909090909091
"Please enter a string > ",STRING_LITERAL, line no: 62,exec,SIMPLE_NAME, line no: 55, 0.00370131736940045, insert, 0.3027027027027027, 0.0, 0.07692307692307693
scanner.next(),METHOD_INVOCATION, line no: 63,out,SIMPLE_NAME, line no: 56, 0.0036910315182800027, insert, 0.30978260869565216, 0.0, 0.07142857142857142
output+=(String.format("The number of syllables is %d.\n" syllables.value)); ,EXPRESSION_STATEMENT, line no: 87,value=i; ,EXPRESSION_STATEMENT, line no: 7, 0.003652840470385734, insert, 0.022099447513812154, 0.3333333333333333, 0.09090909090909091
syllables.value,QUALIFIED_NAME, line no: 88,out,SIMPLE_NAME, line no: 56, 0.0036129716539697082, insert, 0.3081081081081081, 0.0, 0.06666666666666667
syllables.value,QUALIFIED_NAME, line no: 88,java,SIMPLE_NAME, line no: 44, 0.003612971653969708, insert, 0.010810810810810811, 0.0, 0.2
value,SIMPLE_NAME, line no: 88,util,SIMPLE_NAME, line no: 44, 0.0036078260701856595, insert, 0.010752688172043012, 0.0, 0.2
syllables.value,QUALIFIED_NAME, line no: 88,println,SIMPLE_NAME, line no: 56, 0.0035651177247780566, insert, 0.3027027027027027, 0.0, 0.06666666666666667
syllables.value=syllables.value + 1; ,EXPRESSION_STATEMENT, line no: 71,syllables.value=syllables.value + 1; ,EXPRESSION_STATEMENT, line no: 68, 0.0035575623676894264, insert, 1.0, 2.0, 1.0
syllables.value=syllables.value + 1; ,EXPRESSION_STATEMENT, line no: 77,syllables.value=syllables.value + 1; ,EXPRESSION_STATEMENT, line no: 68, 0.0035575623676894264, insert, 1.0, 2.0, 1.0
"The number of syllables is %d.\n",STRING_LITERAL, line no: 88,args,SIMPLE_NAME, line no: 50, 0.0035088189845525835, insert, 0.3081081081081081, 0.0, 0.058823529411764705
"The number of syllables is %d.\n",STRING_LITERAL, line no: 88,System,SIMPLE_NAME, line no: 53, 0.0035088189845525835, insert, 0.10270270270270271, 0.0, 0.058823529411764705
"The number of syllables is %d.\n",STRING_LITERAL, line no: 88,exec,SIMPLE_NAME, line no: 55, 0.0034609650553609323, insert, 0.3027027027027027, 0.0, 0.058823529411764705
toCharArray,SIMPLE_NAME, line no: 63,java,SIMPLE_NAME, line no: 44, 0.0033767283434543993, insert, 0.010869565217391304, 0.0, 0.18181818181818182
syllables.value,QUALIFIED_NAME, line no: 88,i.value,QUALIFIED_NAME, line no: 65, 0.00337117935679208, insert, 0.9891891891891892, 0.6666666666666666, 0.4
toCharArray,SIMPLE_NAME, line no: 63,Scanner,SIMPLE_NAME, line no: 44, 0.003328614338560619, insert, 0.005434782608695652, 0.0, 0.18181818181818182
"Please enter a string > ",STRING_LITERAL, line no: 62,out,SIMPLE_NAME, line no: 56, 0.003238422631258126, insert, 0.3081081081081081, 0.0, 0.038461538461538464
format,SIMPLE_NAME, line no: 62,syllables_90a14c1a_000,SIMPLE_NAME, line no: 48, 0.0031877242377438934, insert, 0.2918918918918919, 0.0, 0.045454545454545456
next,SIMPLE_NAME, line no: 63,syllables_90a14c1a_000,SIMPLE_NAME, line no: 48, 0.0031877242377438934, insert, 0.2918918918918919, 0.0, 0.045454545454545456
format,SIMPLE_NAME, line no: 88,syllables_90a14c1a_000,SIMPLE_NAME, line no: 48, 0.0031877242377438934, insert, 0.2918918918918919, 0.0, 0.045454545454545456
scanner.next(),METHOD_INVOCATION, line no: 63,syllables.value,QUALIFIED_NAME, line no: 64, 0.0031819805153394634, insert, 0.9945652173913043, 0.0, 0.3333333333333333
value,SIMPLE_NAME, line no: 88,syllables.value,QUALIFIED_NAME, line no: 64, 0.0031705755672558097, insert, 0.9838709677419355, 1.0, 0.3333333333333333
format,SIMPLE_NAME, line no: 62,java,SIMPLE_NAME, line no: 44, 0.0031703228089469287, insert, 0.010810810810810811, 0.0, 0.16666666666666666
format,SIMPLE_NAME, line no: 62,util,SIMPLE_NAME, line no: 44, 0.0031703228089469287, insert, 0.010810810810810811, 0.0, 0.16666666666666666
format,SIMPLE_NAME, line no: 88,java,SIMPLE_NAME, line no: 44, 0.0031703228089469287, insert, 0.010810810810810811, 0.0, 0.16666666666666666
format,SIMPLE_NAME, line no: 88,util,SIMPLE_NAME, line no: 44, 0.0031703228089469287, insert, 0.010810810810810811, 0.0, 0.16666666666666666
syllables,SIMPLE_NAME, line no: 88,i.value,QUALIFIED_NAME, line no: 65, 0.0031477656710885015, insert, 0.9838709677419355, 0.0, 0.3333333333333333
"The number of syllables is %d.\n",STRING_LITERAL, line no: 88,out,SIMPLE_NAME, line no: 56, 0.003118246474238367, insert, 0.3081081081081081, 0.0, 0.029411764705882353
"The number of syllables is %d.\n",STRING_LITERAL, line no: 88,syllables.value,QUALIFIED_NAME, line no: 64, 0.0030571969657183086, insert, 0.9891891891891892, 0.0, 0.29411764705882354
scanner,SIMPLE_NAME, line no: 63,i.value,QUALIFIED_NAME, line no: 65, 0.0030075244407532847, insert, 0.9891891891891892, 0.0, 0.2857142857142857
scanner.next(),METHOD_INVOCATION, line no: 63,input.length,QUALIFIED_NAME, line no: 66, 0.002995870888924681, insert, 0.9836956521739131, 0.0, 0.2857142857142857
"Please enter a string > ",STRING_LITERAL, line no: 62,Scanner,SIMPLE_NAME, line no: 44, 0.0029522193239772854, insert, 0.005405405405405406, 0.0, 0.15384615384615385
String,SIMPLE_NAME, line no: 62,input.length,QUALIFIED_NAME, line no: 66, 0.0028709490865878136, insert, 0.9783783783783784, 0.0, 0.25
next,SIMPLE_NAME, line no: 63,input.length,QUALIFIED_NAME, line no: 66, 0.0028709490865878136, insert, 0.9783783783783784, 0.0, 0.25
String,SIMPLE_NAME, line no: 88,input.length,QUALIFIED_NAME, line no: 66, 0.0028709490865878136, insert, 0.9783783783783784, 0.0, 0.25
scanner,SIMPLE_NAME, line no: 63,java,SIMPLE_NAME, line no: 44, 0.0028541450625020866, insert, 0.010810810810810811, 0.0, 0.14285714285714285
format,SIMPLE_NAME, line no: 62,Scanner,SIMPLE_NAME, line no: 44, 0.002806291133310435, insert, 0.005405405405405406, 0.0, 0.14285714285714285
scanner,SIMPLE_NAME, line no: 63,in,SIMPLE_NAME, line no: 53, 0.002806291133310435, insert, 0.10270270270270271, 0.0, 0.14285714285714285
format,SIMPLE_NAME, line no: 88,Scanner,SIMPLE_NAME, line no: 44, 0.002806291133310435, insert, 0.005405405405405406, 0.0, 0.14285714285714285
scanner,SIMPLE_NAME, line no: 63,syllables.value,QUALIFIED_NAME, line no: 64, 0.0027462498501758617, insert, 0.9891891891891892, 0.0, 0.2
syllables.value,QUALIFIED_NAME, line no: 88,input.length,QUALIFIED_NAME, line no: 66, 0.00271185006082084, insert, 0.9783783783783784, 0.0, 0.2
"Please enter a string > ",STRING_LITERAL, line no: 62,input.length,QUALIFIED_NAME, line no: 66, 0.002687373287625921, insert, 0.9783783783783784, 0.0, 0.19230769230769232
syllables.value,QUALIFIED_NAME, line no: 88,Scanner,SIMPLE_NAME, line no: 44, 0.002679820034732499, insert, 0.005405405405405406, 0.0, 0.13333333333333333
syllables.value=syllables.value + 1; ,EXPRESSION_STATEMENT, line no: 74,syllables.value=syllables.value + 1; ,EXPRESSION_STATEMENT, line no: 68, 0.002651650429449553, insert, 1.0, 2.0, 1.0
toCharArray,SIMPLE_NAME, line no: 63,input.length,QUALIFIED_NAME, line no: 66, 0.0026170636847176023, insert, 0.9836956521739131, 0.0, 0.16666666666666666
"Please enter a string > ",STRING_LITERAL, line no: 62,syllables.value,QUALIFIED_NAME, line no: 64, 0.0026108558074580215, insert, 0.9891891891891892, 0.0, 0.15384615384615385
scanner,SIMPLE_NAME, line no: 63,input.length,QUALIFIED_NAME, line no: 66, 0.002605784043642858, insert, 0.9783783783783784, 0.0, 0.16666666666666666
syllables,SIMPLE_NAME, line no: 88,input.length,QUALIFIED_NAME, line no: 66, 0.002594625689031283, insert, 0.9731182795698925, 0.0, 0.16666666666666666
value,SIMPLE_NAME, line no: 88,input.length,QUALIFIED_NAME, line no: 66, 0.002594625689031283, insert, 0.9731182795698925, 0.0, 0.16666666666666666
scanner.next(),METHOD_INVOCATION, line no: 63,i.value,QUALIFIED_NAME, line no: 65, 0.002564360073697487, insert, 0.9945652173913043, 0.0, 0.14285714285714285
String,SIMPLE_NAME, line no: 62,i.value,QUALIFIED_NAME, line no: 65, 0.0025529557957047894, insert, 0.9891891891891892, 0.0, 0.14285714285714285
format,SIMPLE_NAME, line no: 62,i.value,QUALIFIED_NAME, line no: 65, 0.0025529557957047894, insert, 0.9891891891891892, 0.0, 0.14285714285714285
next,SIMPLE_NAME, line no: 63,i.value,QUALIFIED_NAME, line no: 65, 0.0025529557957047894, insert, 0.9891891891891892, 0.0, 0.14285714285714285
String,SIMPLE_NAME, line no: 88,i.value,QUALIFIED_NAME, line no: 65, 0.0025529557957047894, insert, 0.9891891891891892, 0.0, 0.14285714285714285
format,SIMPLE_NAME, line no: 88,i.value,QUALIFIED_NAME, line no: 65, 0.0025529557957047894, insert, 0.9891891891891892, 0.0, 0.14285714285714285
toCharArray,SIMPLE_NAME, line no: 63,syllables.value,QUALIFIED_NAME, line no: 64, 0.002545584412271571, insert, 0.9945652173913043, 0.0, 0.13333333333333333
"The number of syllables is %d.\n",STRING_LITERAL, line no: 88,input.length,QUALIFIED_NAME, line no: 66, 0.0025433922688322804, insert, 0.9783783783783784, 0.0, 0.14705882352941177
i.value=0; ,EXPRESSION_STATEMENT, line no: 65,if (true) return; ,IF_STATEMENT, line no: 89, 0.0025243712088359746, insert, 1.0, 0.0, 0.2777777777777778
syllables.value=syllables.value + 1; ,EXPRESSION_STATEMENT, line no: 71,i.value=i.value + 1; ,EXPRESSION_STATEMENT, line no: 85, 0.0025191387576611614, insert, 1.0, 0.6666666666666666, 0.5135135135135135
syllables.value=syllables.value + 1; ,EXPRESSION_STATEMENT, line no: 77,i.value=i.value + 1; ,EXPRESSION_STATEMENT, line no: 85, 0.0025191387576611614, insert, 1.0, 0.6666666666666666, 0.5135135135135135
output+=(String.format("The number of syllables is %d.\n" syllables.value)); ,EXPRESSION_STATEMENT, line no: 87,if (input[i.value] == 'e') {   syllables.value=syllables.value + 1; } ,IF_STATEMENT, line no: 70, 0.0024906069488222103, insert, 0.6574585635359116, 1.6, 0.4935064935064935
output+=(String.format("The number of syllables is %d.\n" syllables.value)); ,EXPRESSION_STATEMENT, line no: 87,if (input[i.value] == 'o') {   syllables.value=syllables.value + 1; } ,IF_STATEMENT, line no: 76, 0.0024906069488222103, insert, 0.6574585635359116, 1.6, 0.4935064935064935
output+=(String.format("The number of syllables is %d.\n" syllables.value)); ,EXPRESSION_STATEMENT, line no: 87,if (input[i.value] == 'u') {   syllables.value=syllables.value + 1; } ,IF_STATEMENT, line no: 79, 0.0024906069488222103, insert, 0.6574585635359116, 1.6, 0.4935064935064935
syllables.value=syllables.value + 1; ,EXPRESSION_STATEMENT, line no: 71,syllables.value=0; ,EXPRESSION_STATEMENT, line no: 64, 0.002461448557104036, insert, 1.0, 2.0, 0.4864864864864865
syllables.value=syllables.value + 1; ,EXPRESSION_STATEMENT, line no: 77,syllables.value=0; ,EXPRESSION_STATEMENT, line no: 64, 0.002461448557104036, insert, 1.0, 2.0, 0.4864864864864865
output+=(String.format("The number of syllables is %d.\n" syllables.value)); ,EXPRESSION_STATEMENT, line no: 87,if (input[i.value] == 'a') {   syllables.value=syllables.value + 1; } ,IF_STATEMENT, line no: 67, 0.0024558944341094156, insert, 0.6574585635359116, 1.6, 0.4805194805194805
output+=(String.format("The number of syllables is %d.\n" syllables.value)); ,EXPRESSION_STATEMENT, line no: 87,if (input[i.value] == 'i') {   syllables.value=syllables.value + 1; } ,IF_STATEMENT, line no: 73, 0.0024558944341094156, insert, 0.6574585635359116, 1.6, 0.4805194805194805
output+=(String.format("The number of syllables is %d.\n" syllables.value)); ,EXPRESSION_STATEMENT, line no: 87,if (input[i.value] == 'y') {   syllables.value=syllables.value + 1; } ,IF_STATEMENT, line no: 82, 0.0024558944341094156, insert, 0.6574585635359116, 1.6, 0.4805194805194805
input=scanner.next().toCharArray(); ,EXPRESSION_STATEMENT, line no: 63,if (true) return; ,IF_STATEMENT, line no: 89, 0.0024501249968113875, insert, 1.0, 0.0, 0.25
syllables,SIMPLE_NAME, line no: 88,java,SIMPLE_NAME, line no: 44, 0.002427429150124916, insert, 0.010752688172043012, 0.0, 0.1111111111111111
syllables,SIMPLE_NAME, line no: 88,util,SIMPLE_NAME, line no: 44, 0.002427429150124916, insert, 0.010752688172043012, 0.0, 0.1111111111111111
toCharArray,SIMPLE_NAME, line no: 63,i.value,QUALIFIED_NAME, line no: 65, 0.0023990623845889436, insert, 0.9945652173913043, 0.0, 0.09090909090909091
"The number of syllables is %d.\n",STRING_LITERAL, line no: 88,i.value,QUALIFIED_NAME, line no: 65, 0.0023791501373038944, insert, 0.9891891891891892, 0.0, 0.08823529411764706
syllables.value=0; ,EXPRESSION_STATEMENT, line no: 64,if (true) return; ,IF_STATEMENT, line no: 89, 0.0023446172218290783, insert, 1.0, 0.0, 0.21052631578947367
"Please enter a string > ",STRING_LITERAL, line no: 62,i.value,QUALIFIED_NAME, line no: 65, 0.0023431548826054844, insert, 0.9891891891891892, 0.0, 0.07692307692307693
format,SIMPLE_NAME, line no: 62,input.length,QUALIFIED_NAME, line no: 66, 0.0023406190006979026, insert, 0.9783783783783784, 0.0, 0.08333333333333333
format,SIMPLE_NAME, line no: 88,input.length,QUALIFIED_NAME, line no: 66, 0.0023406190006979026, insert, 0.9783783783783784, 0.0, 0.08333333333333333
output+=(String.format("Please enter a string > ")); ,EXPRESSION_STATEMENT, line no: 62,if (true) return; ,IF_STATEMENT, line no: 89, 0.002336654370887018, insert, 1.0, 0.0, 0.20754716981132076
format,SIMPLE_NAME, line no: 62,syllables.value,QUALIFIED_NAME, line no: 64, 0.0023334523779156065, insert, 0.9891891891891892, 0.0, 0.06666666666666667
format,SIMPLE_NAME, line no: 88,syllables.value,QUALIFIED_NAME, line no: 64, 0.0023334523779156065, insert, 0.9891891891891892, 0.0, 0.06666666666666667
next,SIMPLE_NAME, line no: 63,syllables.value,QUALIFIED_NAME, line no: 64, 0.002321985781463933, insert, 0.9891891891891892, 0.0, 0.06666666666666667
syllables.value=syllables.value + 1; ,EXPRESSION_STATEMENT, line no: 71,output+=(String.format("The number of syllables is %d.\n" syllables.value)); ,EXPRESSION_STATEMENT, line no: 87, 0.0021714991075506888, insert, 1.0, 2.0, 0.35064935064935066
syllables.value=syllables.value + 1; ,EXPRESSION_STATEMENT, line no: 77,output+=(String.format("The number of syllables is %d.\n" syllables.value)); ,EXPRESSION_STATEMENT, line no: 87, 0.0021714991075506888, insert, 1.0, 2.0, 0.35064935064935066
toCharArray,SIMPLE_NAME, line no: 63,util,SIMPLE_NAME, line no: 44, 0.0021695042206650024, insert, 0.010869565217391304, 0.0, 0.09090909090909091
output+=(String.format("The number of syllables is %d.\n" syllables.value)); ,EXPRESSION_STATEMENT, line no: 87,if (true) return; ,IF_STATEMENT, line no: 89, 0.002129034235718041, insert, 1.0, 0.0, 0.12987012987012986
value,SIMPLE_NAME, line no: 88,true,BOOLEAN_LITERAL, line no: 89, 0.0020912416938136855, insert, 0.9731182795698925, 0.0, 0.4
"The number of syllables is %d.\n",STRING_LITERAL, line no: 88,Scanner,SIMPLE_NAME, line no: 44, 0.002080942185584033, insert, 0.005405405405405406, 0.0, 0.08823529411764706
"Please enter a string > ",STRING_LITERAL, line no: 62,java,SIMPLE_NAME, line no: 44, 0.0019785759185009864, insert, 0.010810810810810811, 0.0, 0.07692307692307693
"Please enter a string > ",STRING_LITERAL, line no: 62,util,SIMPLE_NAME, line no: 44, 0.0019785759185009864, insert, 0.010810810810810811, 0.0, 0.07692307692307693
syllables.value=syllables.value + 1; ,EXPRESSION_STATEMENT, line no: 71,System.out.println(mainClass.output); ,EXPRESSION_STATEMENT, line no: 56, 0.001978503983434295, insert, 0.9166666666666666, 0.0, 0.3157894736842105
syllables.value=syllables.value + 1; ,EXPRESSION_STATEMENT, line no: 77,System.out.println(mainClass.output); ,EXPRESSION_STATEMENT, line no: 56, 0.001978503983434295, insert, 0.9166666666666666, 0.0, 0.3157894736842105
String,SIMPLE_NAME, line no: 62,true,BOOLEAN_LITERAL, line no: 89, 0.0019652981878405347, insert, 0.9783783783783784, 0.0, 0.3333333333333333
String,SIMPLE_NAME, line no: 88,true,BOOLEAN_LITERAL, line no: 89, 0.0019652981878405347, insert, 0.9783783783783784, 0.0, 0.3333333333333333
syllables.value=syllables.value + 1; ,EXPRESSION_STATEMENT, line no: 71,input=scanner.next().toCharArray(); ,EXPRESSION_STATEMENT, line no: 63, 0.001942236752089903, insert, 1.0, 0.0, 0.24324324324324326
syllables.value=syllables.value + 1; ,EXPRESSION_STATEMENT, line no: 71,i.value=0; ,EXPRESSION_STATEMENT, line no: 65, 0.001942236752089903, insert, 1.0, 0.6666666666666666, 0.24324324324324326
syllables.value=syllables.value + 1; ,EXPRESSION_STATEMENT, line no: 77,input=scanner.next().toCharArray(); ,EXPRESSION_STATEMENT, line no: 63, 0.001942236752089903, insert, 1.0, 0.0, 0.24324324324324326
syllables.value=syllables.value + 1; ,EXPRESSION_STATEMENT, line no: 77,i.value=0; ,EXPRESSION_STATEMENT, line no: 65, 0.001942236752089903, insert, 1.0, 0.6666666666666666, 0.24324324324324326
"Please enter a string > ",STRING_LITERAL, line no: 62,in,SIMPLE_NAME, line no: 53, 0.0019307219893093344, insert, 0.10270270270270271, 0.0, 0.07692307692307693
scanner.next(),METHOD_INVOCATION, line no: 63,java,SIMPLE_NAME, line no: 44, 0.0019108133372101317, insert, 0.010869565217391304, 0.0, 0.07142857142857142
scanner.next(),METHOD_INVOCATION, line no: 63,util,SIMPLE_NAME, line no: 44, 0.0019108133372101317, insert, 0.010869565217391304, 0.0, 0.07142857142857142
syllables.value=syllables.value + 1; ,EXPRESSION_STATEMENT, line no: 74,i.value=i.value + 1; ,EXPRESSION_STATEMENT, line no: 85, 0.0018776551689615752, insert, 1.0, 0.6666666666666666, 0.5135135135135135
syllables.value=syllables.value + 1; ,EXPRESSION_STATEMENT, line no: 71,output+=(String.format("Please enter a string > ")); ,EXPRESSION_STATEMENT, line no: 62, 0.0018660421475804915, insert, 1.0, 0.0, 0.20754716981132076
syllables.value=syllables.value + 1; ,EXPRESSION_STATEMENT, line no: 77,output+=(String.format("Please enter a string > ")); ,EXPRESSION_STATEMENT, line no: 62, 0.0018660421475804915, insert, 1.0, 0.0, 0.20754716981132076
scanner.next(),METHOD_INVOCATION, line no: 63,in,SIMPLE_NAME, line no: 53, 0.0018626993323163515, insert, 0.10326086956521739, 0.0, 0.07142857142857142
output+=(String.format("Please enter a string > ")); ,EXPRESSION_STATEMENT, line no: 62,if (input[i.value] == 'a') {   syllables.value=syllables.value + 1; } ,IF_STATEMENT, line no: 67, 0.0018588391810493566, insert, 0.6574585635359116, 0.0, 0.2571428571428571
output+=(String.format("Please enter a string > ")); ,EXPRESSION_STATEMENT, line no: 62,if (input[i.value] == 'e') {   syllables.value=syllables.value + 1; } ,IF_STATEMENT, line no: 70, 0.0018588391810493566, insert, 0.6574585635359116, 0.0, 0.2571428571428571
syllables.value=0; ,EXPRESSION_STATEMENT, line no: 64,if (input[i.value] == 'a') {   syllables.value=syllables.value + 1; } ,IF_STATEMENT, line no: 67, 0.0018588391810493566, insert, 0.6574585635359116, 2.0, 0.2571428571428571
syllables.value=0; ,EXPRESSION_STATEMENT, line no: 64,if (input[i.value] == 'e') {   syllables.value=syllables.value + 1; } ,IF_STATEMENT, line no: 70, 0.0018588391810493566, insert, 0.6574585635359116, 2.0, 0.2571428571428571
syllables.value=0; ,EXPRESSION_STATEMENT, line no: 64,if (input[i.value] == 'i') {   syllables.value=syllables.value + 1; } ,IF_STATEMENT, line no: 73, 0.0018588391810493566, insert, 0.6574585635359116, 2.0, 0.2571428571428571
syllables.value=0; ,EXPRESSION_STATEMENT, line no: 64,if (input[i.value] == 'o') {   syllables.value=syllables.value + 1; } ,IF_STATEMENT, line no: 76, 0.0018588391810493566, insert, 0.6574585635359116, 2.0, 0.2571428571428571
syllables.value=0; ,EXPRESSION_STATEMENT, line no: 64,if (input[i.value] == 'u') {   syllables.value=syllables.value + 1; } ,IF_STATEMENT, line no: 79, 0.0018588391810493566, insert, 0.6574585635359116, 2.0, 0.2571428571428571
syllables.value=0; ,EXPRESSION_STATEMENT, line no: 64,if (input[i.value] == 'y') {   syllables.value=syllables.value + 1; } ,IF_STATEMENT, line no: 82, 0.0018588391810493566, insert, 0.6574585635359116, 2.0, 0.2571428571428571
syllables.value,QUALIFIED_NAME, line no: 88,util,SIMPLE_NAME, line no: 44, 0.001842376273878593, insert, 0.010810810810810811, 0.0, 0.06666666666666667
syllables.value=syllables.value + 1; ,EXPRESSION_STATEMENT, line no: 74,syllables.value=0; ,EXPRESSION_STATEMENT, line no: 64, 0.001834655432267799, insert, 1.0, 2.0, 0.4864864864864865
syllables.value=syllables.value + 1; ,EXPRESSION_STATEMENT, line no: 71,mainClass.exec(); ,EXPRESSION_STATEMENT, line no: 55, 0.0018236513398335891, insert, 0.9166666666666666, 0.0, 0.24324324324324326
syllables.value=syllables.value + 1; ,EXPRESSION_STATEMENT, line no: 77,mainClass.exec(); ,EXPRESSION_STATEMENT, line no: 55, 0.0018236513398335891, insert, 0.9166666666666666, 0.0, 0.24324324324324326
output+=(String.format("Please enter a string > ")); ,EXPRESSION_STATEMENT, line no: 62,if (input[i.value] == 'i') {   syllables.value=syllables.value + 1; } ,IF_STATEMENT, line no: 73, 0.0018206554148652832, insert, 0.6574585635359116, 0.0, 0.24285714285714285
output+=(String.format("Please enter a string > ")); ,EXPRESSION_STATEMENT, line no: 62,if (input[i.value] == 'o') {   syllables.value=syllables.value + 1; } ,IF_STATEMENT, line no: 76, 0.0018206554148652832, insert, 0.6574585635359116, 0.0, 0.24285714285714285
output+=(String.format("Please enter a string > ")); ,EXPRESSION_STATEMENT, line no: 62,if (input[i.value] == 'u') {   syllables.value=syllables.value + 1; } ,IF_STATEMENT, line no: 79, 0.0018206554148652832, insert, 0.6574585635359116, 0.0, 0.24285714285714285
output+=(String.format("Please enter a string > ")); ,EXPRESSION_STATEMENT, line no: 62,if (input[i.value] == 'y') {   syllables.value=syllables.value + 1; } ,IF_STATEMENT, line no: 82, 0.0018206554148652832, insert, 0.6574585635359116, 0.0, 0.24285714285714285
next,SIMPLE_NAME, line no: 63,true,BOOLEAN_LITERAL, line no: 89, 0.0017991280942616964, insert, 0.9783783783783784, 0.0, 0.25
syllables.value=syllables.value + 1; ,EXPRESSION_STATEMENT, line no: 71,mainClass.scanner=new java.util.Scanner(args[0]); ,EXPRESSION_STATEMENT, line no: 51, 0.001783524600334966, insert, 0.8333333333333334, 0.0, 0.28
syllables.value=syllables.value + 1; ,EXPRESSION_STATEMENT, line no: 77,mainClass.scanner=new java.util.Scanner(args[0]); ,EXPRESSION_STATEMENT, line no: 51, 0.001783524600334966, insert, 0.8333333333333334, 0.0, 0.28
scanner.next(),METHOD_INVOCATION, line no: 63,args.length,QUALIFIED_NAME, line no: 50, 0.0017820408476176498, insert, 0.30434782608695654, 0.0, 0.35714285714285715
input=scanner.next().toCharArray(); ,EXPRESSION_STATEMENT, line no: 63,if (input[i.value] == 'a') {   syllables.value=syllables.value + 1; } ,IF_STATEMENT, line no: 67, 0.0017442878824971359, insert, 0.6574585635359116, 0.8, 0.21428571428571427
input=scanner.next().toCharArray(); ,EXPRESSION_STATEMENT, line no: 63,if (input[i.value] == 'e') {   syllables.value=syllables.value + 1; } ,IF_STATEMENT, line no: 70, 0.0017442878824971359, insert, 0.6574585635359116, 0.8, 0.21428571428571427
input=scanner.next().toCharArray(); ,EXPRESSION_STATEMENT, line no: 63,if (input[i.value] == 'i') {   syllables.value=syllables.value + 1; } ,IF_STATEMENT, line no: 73, 0.0017442878824971359, insert, 0.6574585635359116, 0.8, 0.21428571428571427
input=scanner.next().toCharArray(); ,EXPRESSION_STATEMENT, line no: 63,if (input[i.value] == 'o') {   syllables.value=syllables.value + 1; } ,IF_STATEMENT, line no: 76, 0.0017442878824971359, insert, 0.6574585635359116, 0.8, 0.21428571428571427
input=scanner.next().toCharArray(); ,EXPRESSION_STATEMENT, line no: 63,if (input[i.value] == 'u') {   syllables.value=syllables.value + 1; } ,IF_STATEMENT, line no: 79, 0.0017442878824971359, insert, 0.6574585635359116, 0.8, 0.21428571428571427
input=scanner.next().toCharArray(); ,EXPRESSION_STATEMENT, line no: 63,if (input[i.value] == 'y') {   syllables.value=syllables.value + 1; } ,IF_STATEMENT, line no: 82, 0.0017442878824971359, insert, 0.6574585635359116, 0.8, 0.21428571428571427
"The number of syllables is %d.\n",STRING_LITERAL, line no: 88,util,SIMPLE_NAME, line no: 44, 0.0017382236044614684, insert, 0.010810810810810811, 0.0, 0.058823529411764705
syllables.value,QUALIFIED_NAME, line no: 88,args.length,QUALIFIED_NAME, line no: 50, 0.0017027895730735508, insert, 0.3027027027027027, 0.0, 0.3333333333333333
"The number of syllables is %d.\n",STRING_LITERAL, line no: 88,in,SIMPLE_NAME, line no: 53, 0.0016903696752698168, insert, 0.10270270270270271, 0.0, 0.058823529411764705
toCharArray,SIMPLE_NAME, line no: 63,true,BOOLEAN_LITERAL, line no: 89, 0.001670239320043426, insert, 0.9836956521739131, 0.0, 0.18181818181818182
syllables.value=syllables.value + 1; ,EXPRESSION_STATEMENT, line no: 71,mainClass.scanner=new java.util.Scanner(System.in); ,EXPRESSION_STATEMENT, line no: 53, 0.0016419518620105046, insert, 0.75, 0.0, 0.2692307692307692
syllables.value=syllables.value + 1; ,EXPRESSION_STATEMENT, line no: 77,mainClass.scanner=new java.util.Scanner(System.in); ,EXPRESSION_STATEMENT, line no: 53, 0.0016419518620105046, insert, 0.75, 0.0, 0.2692307692307692
syllables.value,QUALIFIED_NAME, line no: 88,mainClass.output,QUALIFIED_NAME, line no: 56, 0.0016364983123373117, insert, 0.3027027027027027, 0.0, 0.3125
format,SIMPLE_NAME, line no: 62,true,BOOLEAN_LITERAL, line no: 89, 0.0016329580006828577, insert, 0.9783783783783784, 0.0, 0.16666666666666666
format,SIMPLE_NAME, line no: 88,true,BOOLEAN_LITERAL, line no: 89, 0.0016329580006828577, insert, 0.9783783783783784, 0.0, 0.16666666666666666
String,SIMPLE_NAME, line no: 62,System.in,QUALIFIED_NAME, line no: 53, 0.0016206122985032221, insert, 0.0972972972972973, 0.0, 0.4444444444444444
String,SIMPLE_NAME, line no: 88,System.in,QUALIFIED_NAME, line no: 53, 0.0016206122985032221, insert, 0.0972972972972973, 0.0, 0.4444444444444444
syllables.value=syllables.value + 1; ,EXPRESSION_STATEMENT, line no: 74,output+=(String.format("The number of syllables is %d.\n" syllables.value)); ,EXPRESSION_STATEMENT, line no: 87, 0.0016185398725211556, insert, 1.0, 2.0, 0.35064935064935066
scanner.next(),METHOD_INVOCATION, line no: 63,true,BOOLEAN_LITERAL, line no: 89, 0.0015925494061624103, insert, 0.9836956521739131, 0.0, 0.14285714285714285
scanner,SIMPLE_NAME, line no: 63,true,BOOLEAN_LITERAL, line no: 89, 0.0015854808310889036, insert, 0.9783783783783784, 0.0, 0.14285714285714285
syllables.value,QUALIFIED_NAME, line no: 88,true,BOOLEAN_LITERAL, line no: 89, 0.0015664899632513224, insert, 0.9783783783783784, 0.0, 0.13333333333333333
scanner.next(),METHOD_INVOCATION, line no: 63,System.out,QUALIFIED_NAME, line no: 56, 0.0015547565250934026, insert, 0.30434782608695654, 0.0, 0.2857142857142857
i.value=0; ,EXPRESSION_STATEMENT, line no: 65,if (input[i.value] == 'a') {   syllables.value=syllables.value + 1; } ,IF_STATEMENT, line no: 67, 0.001553369051576768, insert, 0.6574585635359116, 2.0, 0.14285714285714285
i.value=0; ,EXPRESSION_STATEMENT, line no: 65,if (input[i.value] == 'e') {   syllables.value=syllables.value + 1; } ,IF_STATEMENT, line no: 70, 0.001553369051576768, insert, 0.6574585635359116, 2.0, 0.14285714285714285
i.value=0; ,EXPRESSION_STATEMENT, line no: 65,if (input[i.value] == 'i') {   syllables.value=syllables.value + 1; } ,IF_STATEMENT, line no: 73, 0.001553369051576768, insert, 0.6574585635359116, 2.0, 0.14285714285714285
i.value=0; ,EXPRESSION_STATEMENT, line no: 65,if (input[i.value] == 'o') {   syllables.value=syllables.value + 1; } ,IF_STATEMENT, line no: 76, 0.001553369051576768, insert, 0.6574585635359116, 2.0, 0.14285714285714285
i.value=0; ,EXPRESSION_STATEMENT, line no: 65,if (input[i.value] == 'u') {   syllables.value=syllables.value + 1; } ,IF_STATEMENT, line no: 79, 0.001553369051576768, insert, 0.6574585635359116, 2.0, 0.14285714285714285
i.value=0; ,EXPRESSION_STATEMENT, line no: 65,if (input[i.value] == 'y') {   syllables.value=syllables.value + 1; } ,IF_STATEMENT, line no: 82, 0.001553369051576768, insert, 0.6574585635359116, 2.0, 0.14285714285714285
syllables,SIMPLE_NAME, line no: 88,true,BOOLEAN_LITERAL, line no: 89, 0.001515185369407045, insert, 0.9731182795698925, 0.0, 0.1111111111111111
String,SIMPLE_NAME, line no: 62,args.length,QUALIFIED_NAME, line no: 50, 0.0015099422691135832, insert, 0.3027027027027027, 0.0, 0.2727272727272727
String,SIMPLE_NAME, line no: 88,args.length,QUALIFIED_NAME, line no: 50, 0.0015099422691135832, insert, 0.3027027027027027, 0.0, 0.2727272727272727
syllables,SIMPLE_NAME, line no: 88,args.length,QUALIFIED_NAME, line no: 50, 0.0015064899605044771, insert, 0.3010752688172043, 0.0, 0.2727272727272727
value,SIMPLE_NAME, line no: 88,args.length,QUALIFIED_NAME, line no: 50, 0.0015064899605044771, insert, 0.3010752688172043, 0.0, 0.2727272727272727
scanner.next(),METHOD_INVOCATION, line no: 63,mainClass.scanner,QUALIFIED_NAME, line no: 51, 0.0015062188245031857, insert, 0.09239130434782608, 1.0, 0.4117647058823529
scanner,SIMPLE_NAME, line no: 63,mainClass.scanner,QUALIFIED_NAME, line no: 51, 0.0015051594107005856, insert, 0.0918918918918919, 1.0, 0.4117647058823529
syllables.value,QUALIFIED_NAME, line no: 88,System.out,QUALIFIED_NAME, line no: 56, 0.0014906575387175866, insert, 0.3027027027027027, 0.0, 0.26666666666666666
syllables.value=syllables.value + 1; ,EXPRESSION_STATEMENT, line no: 74,System.out.println(mainClass.output); ,EXPRESSION_STATEMENT, line no: 56, 0.0014746898002377337, insert, 0.9166666666666666, 0.0, 0.3157894736842105
"Please enter a string > ",STRING_LITERAL, line no: 62,true,BOOLEAN_LITERAL, line no: 89, 0.001454005592213339, insert, 0.9783783783783784, 0.0, 0.07692307692307693
syllables.value=syllables.value + 1; ,EXPRESSION_STATEMENT, line no: 74,input=scanner.next().toCharArray(); ,EXPRESSION_STATEMENT, line no: 63, 0.00144765780202381, insert, 1.0, 0.0, 0.24324324324324326
syllables.value=syllables.value + 1; ,EXPRESSION_STATEMENT, line no: 74,i.value=0; ,EXPRESSION_STATEMENT, line no: 65, 0.00144765780202381, insert, 1.0, 0.6666666666666666, 0.24324324324324326
scanner.next(),METHOD_INVOCATION, line no: 63,mainClass.output,QUALIFIED_NAME, line no: 56, 0.0014411143638312788, insert, 0.30434782608695654, 0.0, 0.25
"The number of syllables is %d.\n",STRING_LITERAL, line no: 88,true,BOOLEAN_LITERAL, line no: 89, 0.0014179143501690664, insert, 0.9783783783783784, 0.0, 0.058823529411764705
syllables.value=syllables.value + 1; ,EXPRESSION_STATEMENT, line no: 74,output+=(String.format("Please enter a string > ")); ,EXPRESSION_STATEMENT, line no: 62, 0.001390865696956558, insert, 1.0, 0.0, 0.20754716981132076
syllables.value=syllables.value + 1; ,EXPRESSION_STATEMENT, line no: 74,mainClass.exec(); ,EXPRESSION_STATEMENT, line no: 55, 0.0013592694543754918, insert, 0.9166666666666666, 0.0, 0.24324324324324326
"The number of syllables is %d.\n",STRING_LITERAL, line no: 88,java,SIMPLE_NAME, line no: 44, 0.0013476510941472517, insert, 0.010810810810810811, 0.0, 0.029411764705882353
scanner.next(),METHOD_INVOCATION, line no: 63,java.util.Scanner,QUALIFIED_NAME, line no: 51, 0.001330572414982103, insert, 0.09782608695652174, 0.0, 0.35294117647058826
scanner,SIMPLE_NAME, line no: 63,java.util.Scanner,QUALIFIED_NAME, line no: 51, 0.0013294506827205264, insert, 0.0972972972972973, 0.0, 0.35294117647058826
syllables.value=syllables.value + 1; ,EXPRESSION_STATEMENT, line no: 74,mainClass.scanner=new java.util.Scanner(args[0]); ,EXPRESSION_STATEMENT, line no: 51, 0.0013293607486307094, insert, 0.8333333333333334, 0.0, 0.28
syllables.value=syllables.value + 1; ,EXPRESSION_STATEMENT, line no: 68,syllables.value=syllables.value + 1; ,EXPRESSION_STATEMENT, line no: 68, 0.0013258252147247765, insert, 1.0, 2.0, 1.0
syllables.value,QUALIFIED_NAME, line no: 88,mainClass.scanner,QUALIFIED_NAME, line no: 51, 0.0013179840862688526, insert, 0.0918918918918919, 0.0, 0.35294117647058826
String,SIMPLE_NAME, line no: 62,System.out,QUALIFIED_NAME, line no: 56, 0.0012785255043616223, insert, 0.3027027027027027, 0.0, 0.2
format,SIMPLE_NAME, line no: 62,System.out,QUALIFIED_NAME, line no: 56, 0.0012785255043616223, insert, 0.3027027027027027, 0.0, 0.2
scanner,SIMPLE_NAME, line no: 63,System.out,QUALIFIED_NAME, line no: 56, 0.0012785255043616223, insert, 0.3027027027027027, 0.0, 0.2
next,SIMPLE_NAME, line no: 63,System.out,QUALIFIED_NAME, line no: 56, 0.0012785255043616223, insert, 0.3027027027027027, 0.0, 0.2
String,SIMPLE_NAME, line no: 88,System.out,QUALIFIED_NAME, line no: 56, 0.0012785255043616223, insert, 0.3027027027027027, 0.0, 0.2
format,SIMPLE_NAME, line no: 88,System.out,QUALIFIED_NAME, line no: 56, 0.0012785255043616223, insert, 0.3027027027027027, 0.0, 0.2
value,SIMPLE_NAME, line no: 88,java.util,QUALIFIED_NAME, line no: 44, 0.001277354185369247, insert, 0.005376344086021506, 0.0, 0.3333333333333333
syllables,SIMPLE_NAME, line no: 88,System.out,QUALIFIED_NAME, line no: 56, 0.0012750731957525162, insert, 0.3010752688172043, 0.0, 0.2
"Please enter a string > ",STRING_LITERAL, line no: 62,args.length,QUALIFIED_NAME, line no: 50, 0.0012540487311667034, insert, 0.3027027027027027, 0.0, 0.19230769230769232
"Please enter a string > ",STRING_LITERAL, line no: 62,mainClass.output,QUALIFIED_NAME, line no: 56, 0.0012540487311667034, insert, 0.3027027027027027, 0.0, 0.19230769230769232
format,SIMPLE_NAME, line no: 62,mainClass.output,QUALIFIED_NAME, line no: 56, 0.001238750747919879, insert, 0.3027027027027027, 0.0, 0.1875
format,SIMPLE_NAME, line no: 88,mainClass.output,QUALIFIED_NAME, line no: 56, 0.001238750747919879, insert, 0.3027027027027027, 0.0, 0.1875
syllables,SIMPLE_NAME, line no: 88,mainClass.output,QUALIFIED_NAME, line no: 56, 0.0012352984393107728, insert, 0.3010752688172043, 0.0, 0.1875
value,SIMPLE_NAME, line no: 88,mainClass.output,QUALIFIED_NAME, line no: 56, 0.0012352984393107728, insert, 0.3010752688172043, 0.0, 0.1875
toCharArray,SIMPLE_NAME, line no: 63,args.length,QUALIFIED_NAME, line no: 50, 0.0012241611468763154, insert, 0.30434782608695654, 0.0, 0.18181818181818182
toCharArray,SIMPLE_NAME, line no: 63,System.out,QUALIFIED_NAME, line no: 56, 0.0012241611468763154, insert, 0.30434782608695654, 0.0, 0.18181818181818182
syllables.value=syllables.value + 1; ,EXPRESSION_STATEMENT, line no: 74,mainClass.scanner=new java.util.Scanner(System.in); ,EXPRESSION_STATEMENT, line no: 53, 0.0012238386597459476, insert, 0.75, 0.0, 0.2692307692307692
format,SIMPLE_NAME, line no: 62,args.length,QUALIFIED_NAME, line no: 50, 0.0012206713131736322, insert, 0.3027027027027027, 0.0, 0.18181818181818182
scanner,SIMPLE_NAME, line no: 63,args.length,QUALIFIED_NAME, line no: 50, 0.0012206713131736322, insert, 0.3027027027027027, 0.0, 0.18181818181818182
next,SIMPLE_NAME, line no: 63,args.length,QUALIFIED_NAME, line no: 50, 0.0012206713131736322, insert, 0.3027027027027027, 0.0, 0.18181818181818182
format,SIMPLE_NAME, line no: 88,args.length,QUALIFIED_NAME, line no: 50, 0.0012206713131736322, insert, 0.3027027027027027, 0.0, 0.18181818181818182
"The number of syllables is %d.\n",STRING_LITERAL, line no: 88,mainClass.output,QUALIFIED_NAME, line no: 56, 0.001203655374588929, insert, 0.3027027027027027, 0.0, 0.17647058823529413
syllables.value,QUALIFIED_NAME, line no: 88,java.util.Scanner,QUALIFIED_NAME, line no: 51, 0.0011422753582887933, insert, 0.0972972972972973, 0.0, 0.29411764705882354
"Please enter a string > ",STRING_LITERAL, line no: 62,System.out,QUALIFIED_NAME, line no: 56, 0.0011316648651921086, insert, 0.3027027027027027, 0.0, 0.15384615384615385
scanner.next(),METHOD_INVOCATION, line no: 63,System.in,QUALIFIED_NAME, line no: 53, 0.0011166577584886936, insert, 0.09782608695652174, 0.0, 0.2857142857142857
"The number of syllables is %d.\n",STRING_LITERAL, line no: 88,args.length,QUALIFIED_NAME, line no: 50, 0.0011100677123730624, insert, 0.3027027027027027, 0.0, 0.14705882352941177
output+=(String.format("The number of syllables is %d.\n" syllables.value)); ,EXPRESSION_STATEMENT, line no: 87,if (args.length > 0) {   mainClass.scanner=new java.util.Scanner(args[0]); }  else {   mainClass.scanner=new java.util.Scanner(System.in); } ,IF_STATEMENT, line no: 50, 0.0011003136760742676, insert, 0.2983425414364641, 0.0, 0.2127659574468085
syllables.value,QUALIFIED_NAME, line no: 88,java.util,QUALIFIED_NAME, line no: 44, 0.001066393470005658, insert, 0.005405405405405406, 0.0, 0.26666666666666666
toCharArray,SIMPLE_NAME, line no: 63,mainClass.output,QUALIFIED_NAME, line no: 56, 0.0010433667994138459, insert, 0.30434782608695654, 0.0, 0.125
String,SIMPLE_NAME, line no: 62,mainClass.output,QUALIFIED_NAME, line no: 56, 0.0010398769657111624, insert, 0.3027027027027027, 0.0, 0.125
scanner,SIMPLE_NAME, line no: 63,mainClass.output,QUALIFIED_NAME, line no: 56, 0.0010398769657111624, insert, 0.3027027027027027, 0.0, 0.125
next,SIMPLE_NAME, line no: 63,mainClass.output,QUALIFIED_NAME, line no: 56, 0.0010398769657111624, insert, 0.3027027027027027, 0.0, 0.125
String,SIMPLE_NAME, line no: 88,mainClass.output,QUALIFIED_NAME, line no: 56, 0.0010398769657111624, insert, 0.3027027027027027, 0.0, 0.125
output+=(String.format("Please enter a string > ")); ,EXPRESSION_STATEMENT, line no: 62,if (args.length > 0) {   mainClass.scanner=new java.util.Scanner(args[0]); }  else {   mainClass.scanner=new java.util.Scanner(System.in); } ,IF_STATEMENT, line no: 50, 0.001024487757410859, insert, 0.2983425414364641, 0.0, 0.18439716312056736
input=scanner.next().toCharArray(); ,EXPRESSION_STATEMENT, line no: 63,if (args.length > 0) {   mainClass.scanner=new java.util.Scanner(args[0]); }  else {   mainClass.scanner=new java.util.Scanner(System.in); } ,IF_STATEMENT, line no: 50, 9.676183184133027E-4, insert, 0.2983425414364641, 0.6666666666666666, 0.16312056737588654
value,SIMPLE_NAME, line no: 88,System.out,QUALIFIED_NAME, line no: 56, 9.568751442185699E-4, insert, 0.3010752688172043, 0.0, 0.1
value,SIMPLE_NAME, line no: 88,java.util.Scanner,QUALIFIED_NAME, line no: 51, 9.539903632327044E-4, insert, 0.0967741935483871, 0.0, 0.23529411764705882
syllables.value=syllables.value + 1; ,EXPRESSION_STATEMENT, line no: 68,i.value=i.value + 1; ,EXPRESSION_STATEMENT, line no: 85, 9.388275844807876E-4, insert, 1.0, 0.6666666666666666, 0.5135135135135135
syllables.value=syllables.value + 1; ,EXPRESSION_STATEMENT, line no: 71,value=i; ,EXPRESSION_STATEMENT, line no: 7, 9.358632534822635E-4, insert, 0.3333333333333333, 0.5, 0.21621621621621623
syllables.value=syllables.value + 1; ,EXPRESSION_STATEMENT, line no: 77,value=i; ,EXPRESSION_STATEMENT, line no: 7, 9.358632534822635E-4, insert, 0.3333333333333333, 0.5, 0.21621621621621623
"Please enter a string > ",STRING_LITERAL, line no: 62,mainClass.scanner,QUALIFIED_NAME, line no: 51, 9.292353355260223E-4, insert, 0.0918918918918919, 0.0, 0.23076923076923078
String,SIMPLE_NAME, line no: 62,java.util,QUALIFIED_NAME, line no: 44, 9.249721137683485E-4, insert, 0.005405405405405406, 0.0, 0.2222222222222222
format,SIMPLE_NAME, line no: 62,java.util,QUALIFIED_NAME, line no: 44, 9.249721137683485E-4, insert, 0.005405405405405406, 0.0, 0.2222222222222222
String,SIMPLE_NAME, line no: 88,java.util,QUALIFIED_NAME, line no: 44, 9.249721137683485E-4, insert, 0.005405405405405406, 0.0, 0.2222222222222222
format,SIMPLE_NAME, line no: 88,java.util,QUALIFIED_NAME, line no: 44, 9.249721137683485E-4, insert, 0.005405405405405406, 0.0, 0.2222222222222222
syllables,SIMPLE_NAME, line no: 88,java.util,QUALIFIED_NAME, line no: 44, 9.238007947759732E-4, insert, 0.005376344086021506, 0.0, 0.2222222222222222
"The number of syllables is %d.\n",STRING_LITERAL, line no: 88,System.out,QUALIFIED_NAME, line no: 56, 9.228923879413294E-4, insert, 0.3027027027027027, 0.0, 0.08823529411764706
syllables.value=syllables.value + 1; ,EXPRESSION_STATEMENT, line no: 68,syllables.value=0; ,EXPRESSION_STATEMENT, line no: 64, 9.173277161338995E-4, insert, 1.0, 2.0, 0.4864864864864865
scanner,SIMPLE_NAME, line no: 63,System.in,QUALIFIED_NAME, line no: 53, 9.135055173166749E-4, insert, 0.0972972972972973, 0.0, 0.2222222222222222
syllables,SIMPLE_NAME, line no: 88,System.in,QUALIFIED_NAME, line no: 53, 9.123958466923193E-4, insert, 0.0967741935483871, 0.0, 0.2222222222222222
scanner.next(),METHOD_INVOCATION, line no: 63,java.util,QUALIFIED_NAME, line no: 44, 9.009023508750965E-4, insert, 0.005434782608695652, 0.0, 0.21428571428571427
"The number of syllables is %d.\n",STRING_LITERAL, line no: 88,mainClass.scanner,QUALIFIED_NAME, line no: 51, 8.500457751895196E-4, insert, 0.0918918918918919, 0.0, 0.20588235294117646
syllables.value,QUALIFIED_NAME, line no: 88,System.in,QUALIFIED_NAME, line no: 53, 8.4279483919802E-4, insert, 0.0972972972972973, 0.0, 0.2
"Please enter a string > ",STRING_LITERAL, line no: 62,java.util.Scanner,QUALIFIED_NAME, line no: 51, 8.183180660031013E-4, insert, 0.0972972972972973, 0.0, 0.19230769230769232
"Please enter a string > ",STRING_LITERAL, line no: 62,System.in,QUALIFIED_NAME, line no: 53, 8.183180660031013E-4, insert, 0.0972972972972973, 0.0, 0.19230769230769232
syllables.value=syllables.value + 1; ,EXPRESSION_STATEMENT, line no: 68,output+=(String.format("The number of syllables is %d.\n" syllables.value)); ,EXPRESSION_STATEMENT, line no: 87, 8.092699362605778E-4, insert, 1.0, 2.0, 0.35064935064935066
toCharArray,SIMPLE_NAME, line no: 63,java.util,QUALIFIED_NAME, line no: 44, 7.975912951822568E-4, insert, 0.005434782608695652, 0.0, 0.18181818181818182
syllables.value=0; ,EXPRESSION_STATEMENT, line no: 64,if (args.length > 0) {   mainClass.scanner=new java.util.Scanner(args[0]); }  else {   mainClass.scanner=new java.util.Scanner(System.in); } ,IF_STATEMENT, line no: 50, 7.970100014206336E-4, insert, 0.2983425414364641, 0.0, 0.09929078014184398
toCharArray,SIMPLE_NAME, line no: 63,java.util.Scanner,QUALIFIED_NAME, line no: 51, 7.690464416869036E-4, insert, 0.09782608695652174, 0.0, 0.17647058823529413
String,SIMPLE_NAME, line no: 62,java.util.Scanner,QUALIFIED_NAME, line no: 51, 7.679247094253269E-4, insert, 0.0972972972972973, 0.0, 0.17647058823529413
String,SIMPLE_NAME, line no: 88,java.util.Scanner,QUALIFIED_NAME, line no: 51, 7.679247094253269E-4, insert, 0.0972972972972973, 0.0, 0.17647058823529413
syllables,SIMPLE_NAME, line no: 88,java.util.Scanner,QUALIFIED_NAME, line no: 51, 7.668150388009712E-4, insert, 0.0967741935483871, 0.0, 0.17647058823529413
toCharArray,SIMPLE_NAME, line no: 63,mainClass.scanner,QUALIFIED_NAME, line no: 51, 7.575175267762533E-4, insert, 0.09239130434782608, 0.0, 0.17647058823529413
syllables,SIMPLE_NAME, line no: 88,mainClass.scanner,QUALIFIED_NAME, line no: 51, 7.554100907173173E-4, insert, 0.0913978494623656, 0.0, 0.17647058823529413
value,SIMPLE_NAME, line no: 88,mainClass.scanner,QUALIFIED_NAME, line no: 51, 7.554100907173173E-4, insert, 0.0913978494623656, 0.0, 0.17647058823529413
syllables.value=syllables.value + 1; ,EXPRESSION_STATEMENT, line no: 68,System.out.println(mainClass.output); ,EXPRESSION_STATEMENT, line no: 56, 7.373449001188668E-4, insert, 0.9166666666666666, 0.0, 0.3157894736842105
syllables.value=syllables.value + 1; ,EXPRESSION_STATEMENT, line no: 68,input=scanner.next().toCharArray(); ,EXPRESSION_STATEMENT, line no: 63, 7.23828901011905E-4, insert, 1.0, 0.0, 0.24324324324324326
syllables.value=syllables.value + 1; ,EXPRESSION_STATEMENT, line no: 68,i.value=0; ,EXPRESSION_STATEMENT, line no: 65, 7.23828901011905E-4, insert, 1.0, 0.6666666666666666, 0.24324324324324326
"Please enter a string > ",STRING_LITERAL, line no: 62,java.util,QUALIFIED_NAME, line no: 44, 7.074007964801802E-4, insert, 0.005405405405405406, 0.0, 0.15384615384615385
i.value=0; ,EXPRESSION_STATEMENT, line no: 65,if (args.length > 0) {   mainClass.scanner=new java.util.Scanner(args[0]); }  else {   mainClass.scanner=new java.util.Scanner(System.in); } ,IF_STATEMENT, line no: 50, 7.02227603091373E-4, insert, 0.2983425414364641, 0.0, 0.06382978723404255
syllables.value=syllables.value + 1; ,EXPRESSION_STATEMENT, line no: 74,value=i; ,EXPRESSION_STATEMENT, line no: 7, 6.975512841434859E-4, insert, 0.3333333333333333, 0.5, 0.21621621621621623
syllables.value=syllables.value + 1; ,EXPRESSION_STATEMENT, line no: 68,output+=(String.format("Please enter a string > ")); ,EXPRESSION_STATEMENT, line no: 62, 6.95432848478279E-4, insert, 1.0, 0.0, 0.20754716981132076
syllables.value=syllables.value + 1; ,EXPRESSION_STATEMENT, line no: 68,mainClass.exec(); ,EXPRESSION_STATEMENT, line no: 55, 6.796347271877459E-4, insert, 0.9166666666666666, 0.0, 0.24324324324324326
syllables.value=syllables.value + 1; ,EXPRESSION_STATEMENT, line no: 68,mainClass.scanner=new java.util.Scanner(args[0]); ,EXPRESSION_STATEMENT, line no: 51, 6.646803743153547E-4, insert, 0.8333333333333334, 0.0, 0.28
syllables.value=syllables.value + 1; ,EXPRESSION_STATEMENT, line no: 68,mainClass.scanner=new java.util.Scanner(System.in); ,EXPRESSION_STATEMENT, line no: 53, 6.119193298729738E-4, insert, 0.75, 0.0, 0.2692307692307692
format,SIMPLE_NAME, line no: 62,java.util.Scanner,QUALIFIED_NAME, line no: 51, 5.807493849935937E-4, insert, 0.0972972972972973, 0.0, 0.11764705882352941
next,SIMPLE_NAME, line no: 63,java.util.Scanner,QUALIFIED_NAME, line no: 51, 5.807493849935937E-4, insert, 0.0972972972972973, 0.0, 0.11764705882352941
format,SIMPLE_NAME, line no: 88,java.util.Scanner,QUALIFIED_NAME, line no: 51, 5.807493849935937E-4, insert, 0.0972972972972973, 0.0, 0.11764705882352941
"The number of syllables is %d.\n",STRING_LITERAL, line no: 88,java.util.Scanner,QUALIFIED_NAME, line no: 51, 5.807493849935937E-4, insert, 0.0972972972972973, 0.0, 0.11764705882352941
"The number of syllables is %d.\n",STRING_LITERAL, line no: 88,System.in,QUALIFIED_NAME, line no: 53, 5.807493849935937E-4, insert, 0.0972972972972973, 0.0, 0.11764705882352941
scanner,SIMPLE_NAME, line no: 63,java.util,QUALIFIED_NAME, line no: 44, 5.714187231750749E-4, insert, 0.005405405405405406, 0.0, 0.1111111111111111
next,SIMPLE_NAME, line no: 63,java.util,QUALIFIED_NAME, line no: 44, 5.714187231750749E-4, insert, 0.005405405405405406, 0.0, 0.1111111111111111
String,SIMPLE_NAME, line no: 62,mainClass.scanner,QUALIFIED_NAME, line no: 51, 5.6928278854192E-4, insert, 0.0918918918918919, 0.0, 0.11764705882352941
format,SIMPLE_NAME, line no: 62,mainClass.scanner,QUALIFIED_NAME, line no: 51, 5.6928278854192E-4, insert, 0.0918918918918919, 0.0, 0.11764705882352941
next,SIMPLE_NAME, line no: 63,mainClass.scanner,QUALIFIED_NAME, line no: 51, 5.6928278854192E-4, insert, 0.0918918918918919, 0.0, 0.11764705882352941
String,SIMPLE_NAME, line no: 88,mainClass.scanner,QUALIFIED_NAME, line no: 51, 5.6928278854192E-4, insert, 0.0918918918918919, 0.0, 0.11764705882352941
format,SIMPLE_NAME, line no: 88,mainClass.scanner,QUALIFIED_NAME, line no: 51, 5.6928278854192E-4, insert, 0.0918918918918919, 0.0, 0.11764705882352941
format,SIMPLE_NAME, line no: 62,System.in,QUALIFIED_NAME, line no: 53, 5.599521267234011E-4, insert, 0.0972972972972973, 0.0, 0.1111111111111111
next,SIMPLE_NAME, line no: 63,System.in,QUALIFIED_NAME, line no: 53, 5.599521267234011E-4, insert, 0.0972972972972973, 0.0, 0.1111111111111111
format,SIMPLE_NAME, line no: 88,System.in,QUALIFIED_NAME, line no: 53, 5.599521267234011E-4, insert, 0.0972972972972973, 0.0, 0.1111111111111111
value,SIMPLE_NAME, line no: 88,System.in,QUALIFIED_NAME, line no: 53, 5.588424560990456E-4, insert, 0.0967741935483871, 0.0, 0.1111111111111111
toCharArray,SIMPLE_NAME, line no: 63,System.in,QUALIFIED_NAME, line no: 53, 4.967914243316553E-4, insert, 0.09782608695652174, 0.0, 0.09090909090909091
"The number of syllables is %d.\n",STRING_LITERAL, line no: 88,java.util,QUALIFIED_NAME, line no: 44, 4.050406570135343E-4, insert, 0.005405405405405406, 0.0, 0.058823529411764705
syllables.value=syllables.value + 1; ,EXPRESSION_STATEMENT, line no: 68,value=i; ,EXPRESSION_STATEMENT, line no: 7, 3.4877564207174295E-4, insert, 0.3333333333333333, 0.5, 0.21621621621621623
