output+=(String.format("Please enter 3 numbers separated by spaces > ")); ,EXPRESSION_STATEMENT, line no: 61,output+=(String.format("Please enter 3 numbers separated by spaces > ")); ,EXPRESSION_STATEMENT, line no: 61, 0.022604032996178088, insert, 1.0, 1.0, 1.0
a.value=scanner.nextInt(); ,EXPRESSION_STATEMENT, line no: 63,a.value=scanner.nextInt(); ,EXPRESSION_STATEMENT, line no: 63, 0.022604032996178088, insert, 1.0, 3.0, 1.0
b.value=scanner.nextInt(); ,EXPRESSION_STATEMENT, line no: 64,b.value=scanner.nextInt(); ,EXPRESSION_STATEMENT, line no: 64, 0.022604032996178088, insert, 1.0, 3.0, 1.0
c.value=scanner.nextInt(); ,EXPRESSION_STATEMENT, line no: 65,c.value=scanner.nextInt(); ,EXPRESSION_STATEMENT, line no: 65, 0.022604032996178088, insert, 1.0, 3.0, 1.0
a.value=scanner.nextInt(); ,EXPRESSION_STATEMENT, line no: 63,b.value=scanner.nextInt(); ,EXPRESSION_STATEMENT, line no: 64, 0.022101721151818573, insert, 1.0, 1.5, 0.9629629629629629
a.value=scanner.nextInt(); ,EXPRESSION_STATEMENT, line no: 63,c.value=scanner.nextInt(); ,EXPRESSION_STATEMENT, line no: 65, 0.022101721151818573, insert, 1.0, 1.5, 0.9629629629629629
b.value=scanner.nextInt(); ,EXPRESSION_STATEMENT, line no: 64,a.value=scanner.nextInt(); ,EXPRESSION_STATEMENT, line no: 63, 0.022101721151818573, insert, 1.0, 1.5, 0.9629629629629629
b.value=scanner.nextInt(); ,EXPRESSION_STATEMENT, line no: 64,c.value=scanner.nextInt(); ,EXPRESSION_STATEMENT, line no: 65, 0.022101721151818573, insert, 1.0, 1.5, 0.9629629629629629
c.value=scanner.nextInt(); ,EXPRESSION_STATEMENT, line no: 65,a.value=scanner.nextInt(); ,EXPRESSION_STATEMENT, line no: 63, 0.022101721151818573, insert, 1.0, 1.5, 0.9629629629629629
c.value=scanner.nextInt(); ,EXPRESSION_STATEMENT, line no: 65,b.value=scanner.nextInt(); ,EXPRESSION_STATEMENT, line no: 64, 0.022101721151818573, insert, 1.0, 1.5, 0.9629629629629629
output+=(String.format("Please enter 3 numbers separated by spaces > ")); ,EXPRESSION_STATEMENT, line no: 61,a.value=scanner.nextInt(); ,EXPRESSION_STATEMENT, line no: 63, 0.011607476403442804, insert, 1.0, 0.0, 0.1891891891891892
output+=(String.format("Please enter 3 numbers separated by spaces > ")); ,EXPRESSION_STATEMENT, line no: 61,b.value=scanner.nextInt(); ,EXPRESSION_STATEMENT, line no: 64, 0.011607476403442804, insert, 1.0, 0.0, 0.1891891891891892
output+=(String.format("Please enter 3 numbers separated by spaces > ")); ,EXPRESSION_STATEMENT, line no: 61,c.value=scanner.nextInt(); ,EXPRESSION_STATEMENT, line no: 65, 0.011607476403442804, insert, 1.0, 0.0, 0.1891891891891892
a.value=scanner.nextInt(); ,EXPRESSION_STATEMENT, line no: 63,output+=(String.format("Please enter 3 numbers separated by spaces > ")); ,EXPRESSION_STATEMENT, line no: 61, 0.011607476403442804, insert, 1.0, 0.0, 0.1891891891891892
b.value=scanner.nextInt(); ,EXPRESSION_STATEMENT, line no: 64,output+=(String.format("Please enter 3 numbers separated by spaces > ")); ,EXPRESSION_STATEMENT, line no: 61, 0.011607476403442804, insert, 1.0, 0.0, 0.1891891891891892
c.value=scanner.nextInt(); ,EXPRESSION_STATEMENT, line no: 65,output+=(String.format("Please enter 3 numbers separated by spaces > ")); ,EXPRESSION_STATEMENT, line no: 61, 0.011607476403442804, insert, 1.0, 0.0, 0.1891891891891892
String,SIMPLE_NAME, line no: 73,String,SIMPLE_NAME, line no: 49, 0.011066221125569469, insert, 0.7647058823529411, 0.0, 1.0
format,SIMPLE_NAME, line no: 73,format,SIMPLE_NAME, line no: 62, 0.011066221125569469, insert, 1.0, 0.0, 1.0
c,SIMPLE_NAME, line no: 73,c,SIMPLE_NAME, line no: 60, 0.011066221125569469, insert, 1.0, 1.0, 1.0
value,SIMPLE_NAME, line no: 73,value,SIMPLE_NAME, line no: 7, 0.011066221125569469, insert, 0.3333333333333333, 1.0, 1.0
c.value,QUALIFIED_NAME, line no: 73,value,SIMPLE_NAME, line no: 7, 0.009169154646900417, insert, 0.35294117647058826, 0.5, 0.7142857142857143
String,SIMPLE_NAME, line no: 62,String,SIMPLE_NAME, line no: 49, 0.008681058070924837, insert, 0.3355263157894737, 0.0, 1.0
format,SIMPLE_NAME, line no: 62,format,SIMPLE_NAME, line no: 62, 0.008681058070924837, insert, 1.0, 0.0, 1.0
scanner,SIMPLE_NAME, line no: 63,scanner,SIMPLE_NAME, line no: 51, 0.008681058070924837, insert, 0.10596026490066225, 1.0, 1.0
nextInt,SIMPLE_NAME, line no: 63,nextInt,SIMPLE_NAME, line no: 63, 0.008681058070924837, insert, 1.0, 0.0, 1.0
scanner,SIMPLE_NAME, line no: 64,scanner,SIMPLE_NAME, line no: 51, 0.008681058070924837, insert, 0.10596026490066225, 1.0, 1.0
nextInt,SIMPLE_NAME, line no: 64,nextInt,SIMPLE_NAME, line no: 63, 0.008681058070924837, insert, 1.0, 0.0, 1.0
scanner,SIMPLE_NAME, line no: 65,scanner,SIMPLE_NAME, line no: 51, 0.008681058070924837, insert, 0.10596026490066225, 1.0, 1.0
nextInt,SIMPLE_NAME, line no: 65,nextInt,SIMPLE_NAME, line no: 63, 0.008681058070924837, insert, 1.0, 0.0, 1.0
a.value=scanner.nextInt(); ,EXPRESSION_STATEMENT, line no: 63,mainClass.exec(); ,EXPRESSION_STATEMENT, line no: 55, 0.008138809478203462, insert, 0.34459459459459457, 0.0, 0.37037037037037035
b.value=scanner.nextInt(); ,EXPRESSION_STATEMENT, line no: 64,mainClass.exec(); ,EXPRESSION_STATEMENT, line no: 55, 0.008138809478203462, insert, 0.34459459459459457, 0.0, 0.37037037037037035
c.value=scanner.nextInt(); ,EXPRESSION_STATEMENT, line no: 65,mainClass.exec(); ,EXPRESSION_STATEMENT, line no: 55, 0.008138809478203462, insert, 0.34459459459459457, 0.0, 0.37037037037037035
output+=(String.format("Please enter 3 numbers separated by spaces > ")); ,EXPRESSION_STATEMENT, line no: 61,output+=(String.format("%d is the median\n" b.value)); ,EXPRESSION_STATEMENT, line no: 71, 0.007941957539197705, insert, 0.08783783783783784, 1.0, 0.527027027027027
output+=(String.format("Please enter 3 numbers separated by spaces > ")); ,EXPRESSION_STATEMENT, line no: 61,output+=(String.format("%d is the median\n" c.value)); ,EXPRESSION_STATEMENT, line no: 73, 0.007941957539197705, insert, 0.08783783783783784, 1.0, 0.527027027027027
output+=(String.format("Please enter 3 numbers separated by spaces > ")); ,EXPRESSION_STATEMENT, line no: 61,output+=(String.format("%d is the median\n" a.value)); ,EXPRESSION_STATEMENT, line no: 68, 0.007880865558126953, insert, 0.08108108108108109, 1.0, 0.527027027027027
c.value,QUALIFIED_NAME, line no: 73,scanner,SIMPLE_NAME, line no: 51, 0.007272088168231366, insert, 0.6470588235294118, 0.0, 0.42857142857142855
a.value=scanner.nextInt(); ,EXPRESSION_STATEMENT, line no: 63,System.out.println(mainClass.output); ,EXPRESSION_STATEMENT, line no: 56, 0.006684748876110134, insert, 0.34459459459459457, 0.0, 0.2631578947368421
b.value=scanner.nextInt(); ,EXPRESSION_STATEMENT, line no: 64,System.out.println(mainClass.output); ,EXPRESSION_STATEMENT, line no: 56, 0.006684748876110134, insert, 0.34459459459459457, 0.0, 0.2631578947368421
c.value=scanner.nextInt(); ,EXPRESSION_STATEMENT, line no: 65,System.out.println(mainClass.output); ,EXPRESSION_STATEMENT, line no: 56, 0.006684748876110134, insert, 0.34459459459459457, 0.0, 0.2631578947368421
format,SIMPLE_NAME, line no: 73,output,SIMPLE_NAME, line no: 49, 0.006639732675341682, insert, 0.7647058823529411, 0.0, 0.3333333333333333
output+=(String.format("Please enter 3 numbers separated by spaces > ")); ,EXPRESSION_STATEMENT, line no: 61,System.out.println(mainClass.output); ,EXPRESSION_STATEMENT, line no: 56, 0.006414658012428917, insert, 0.34459459459459457, 1.0, 0.24324324324324326
String,SIMPLE_NAME, line no: 73,nextInt,SIMPLE_NAME, line no: 63, 0.006323554928896839, insert, 1.0, 0.0, 0.2857142857142857
value,SIMPLE_NAME, line no: 73,scanner,SIMPLE_NAME, line no: 51, 0.006323554928896839, insert, 0.6666666666666666, 0.0, 0.2857142857142857
String,SIMPLE_NAME, line no: 73,println,SIMPLE_NAME, line no: 56, 0.006230561474060121, insert, 0.7647058823529411, 0.0, 0.42857142857142855
value,SIMPLE_NAME, line no: 73,length,SIMPLE_NAME, line no: 50, 0.005901984600303717, insert, 0.8333333333333334, 0.0, 0.3333333333333333
String,SIMPLE_NAME, line no: 73,args,SIMPLE_NAME, line no: 50, 0.005858587654713248, insert, 0.8235294117647058, 0.0, 0.3333333333333333
String,SIMPLE_NAME, line no: 73,length,SIMPLE_NAME, line no: 50, 0.005858587654713248, insert, 0.8235294117647058, 0.0, 0.3333333333333333
"%d is the median\n",STRING_LITERAL, line no: 73,scanner,SIMPLE_NAME, line no: 51, 0.005754434985296124, insert, 0.6470588235294118, 0.0, 0.2
value,SIMPLE_NAME, line no: 73,a,SIMPLE_NAME, line no: 60, 0.005754434985296124, insert, 1.0, 0.0, 0.2
c.value,QUALIFIED_NAME, line no: 73,Scanner,SIMPLE_NAME, line no: 44, 0.005709798126974499, insert, 0.058823529411764705, 0.0, 0.42857142857142855
nextInt,SIMPLE_NAME, line no: 63,IntObj,SIMPLE_NAME, line no: 60, 0.005635706762789615, insert, 0.9801324503311258, 0.0, 0.42857142857142855
nextInt,SIMPLE_NAME, line no: 64,IntObj,SIMPLE_NAME, line no: 60, 0.005635706762789615, insert, 0.9801324503311258, 0.0, 0.42857142857142855
nextInt,SIMPLE_NAME, line no: 65,IntObj,SIMPLE_NAME, line no: 60, 0.005635706762789615, insert, 0.9801324503311258, 0.0, 0.42857142857142855
value,SIMPLE_NAME, line no: 73,java,SIMPLE_NAME, line no: 44, 0.0056068853702885306, insert, 0.1111111111111111, 0.0, 0.4
String,SIMPLE_NAME, line no: 73,System,SIMPLE_NAME, line no: 53, 0.005598205981170437, insert, 0.6470588235294118, 0.0, 0.3333333333333333
format,SIMPLE_NAME, line no: 73,out,SIMPLE_NAME, line no: 56, 0.005598205981170437, insert, 0.7647058823529411, 0.0, 0.3333333333333333
c.value,QUALIFIED_NAME, line no: 73,length,SIMPLE_NAME, line no: 50, 0.0055424099082684065, insert, 0.8235294117647058, 0.0, 0.2857142857142857
String,SIMPLE_NAME, line no: 73,output,SIMPLE_NAME, line no: 49, 0.0055331105627847346, insert, 0.7647058823529411, 0.0, 0.16666666666666666
String,SIMPLE_NAME, line no: 73,IntObj,SIMPLE_NAME, line no: 60, 0.0055331105627847346, insert, 1.0, 0.0, 0.16666666666666666
String,SIMPLE_NAME, line no: 73,format,SIMPLE_NAME, line no: 62, 0.0055331105627847346, insert, 1.0, 0.0, 0.16666666666666666
format,SIMPLE_NAME, line no: 73,value,SIMPLE_NAME, line no: 7, 0.0055331105627847346, insert, 0.35294117647058826, 0.0, 0.16666666666666666
format,SIMPLE_NAME, line no: 73,String,SIMPLE_NAME, line no: 49, 0.0055331105627847346, insert, 0.7647058823529411, 0.0, 0.16666666666666666
format,SIMPLE_NAME, line no: 73,IntObj,SIMPLE_NAME, line no: 60, 0.0055331105627847346, insert, 1.0, 0.0, 0.16666666666666666
format,SIMPLE_NAME, line no: 73,a,SIMPLE_NAME, line no: 60, 0.0055331105627847346, insert, 1.0, 0.0, 0.16666666666666666
value,SIMPLE_NAME, line no: 73,output,SIMPLE_NAME, line no: 49, 0.0055331105627847346, insert, 0.7777777777777778, 0.0, 0.16666666666666666
value,SIMPLE_NAME, line no: 73,format,SIMPLE_NAME, line no: 62, 0.0055331105627847346, insert, 1.0, 0.0, 0.16666666666666666
"%d is the median\n",STRING_LITERAL, line no: 73,String,SIMPLE_NAME, line no: 49, 0.00542244835152904, insert, 0.7647058823529411, 0.0, 0.15
a.value=scanner.nextInt(); ,EXPRESSION_STATEMENT, line no: 63,mainClass.scanner=new java.util.Scanner(args[0]); ,EXPRESSION_STATEMENT, line no: 51, 0.005405418485140101, insert, 0.08783783783783784, 0.5, 0.34
b.value=scanner.nextInt(); ,EXPRESSION_STATEMENT, line no: 64,mainClass.scanner=new java.util.Scanner(args[0]); ,EXPRESSION_STATEMENT, line no: 51, 0.005405418485140101, insert, 0.08783783783783784, 0.5, 0.34
c.value=scanner.nextInt(); ,EXPRESSION_STATEMENT, line no: 65,mainClass.scanner=new java.util.Scanner(args[0]); ,EXPRESSION_STATEMENT, line no: 51, 0.005405418485140101, insert, 0.08783783783783784, 0.5, 0.34
"%d is the median\n",STRING_LITERAL, line no: 73,median_6e464f2b_003,SIMPLE_NAME, line no: 48, 0.005376881558659048, insert, 0.7647058823529411, 0.0, 0.3
String,SIMPLE_NAME, line no: 73,scanner,SIMPLE_NAME, line no: 51, 0.005375021689562313, insert, 0.6470588235294118, 0.0, 0.14285714285714285
format,SIMPLE_NAME, line no: 73,scanner,SIMPLE_NAME, line no: 51, 0.005375021689562313, insert, 0.6470588235294118, 0.0, 0.14285714285714285
format,SIMPLE_NAME, line no: 73,nextInt,SIMPLE_NAME, line no: 63, 0.005375021689562313, insert, 1.0, 0.0, 0.14285714285714285
c.value,QUALIFIED_NAME, line no: 73,output,SIMPLE_NAME, line no: 49, 0.005375021689562313, insert, 0.7647058823529411, 0.0, 0.14285714285714285
c.value,QUALIFIED_NAME, line no: 73,a,SIMPLE_NAME, line no: 60, 0.005375021689562313, insert, 1.0, 0.0, 0.14285714285714285
c.value,QUALIFIED_NAME, line no: 73,c,SIMPLE_NAME, line no: 60, 0.005375021689562313, insert, 1.0, 0.5, 0.14285714285714285
c.value,QUALIFIED_NAME, line no: 73,format,SIMPLE_NAME, line no: 62, 0.005375021689562313, insert, 1.0, 0.0, 0.14285714285714285
c.value,QUALIFIED_NAME, line no: 73,nextInt,SIMPLE_NAME, line no: 63, 0.005375021689562313, insert, 1.0, 0.0, 0.14285714285714285
c,SIMPLE_NAME, line no: 73,scanner,SIMPLE_NAME, line no: 51, 0.005375021689562313, insert, 0.6666666666666666, 0.0, 0.14285714285714285
value,SIMPLE_NAME, line no: 73,nextInt,SIMPLE_NAME, line no: 63, 0.005375021689562313, insert, 1.0, 0.0, 0.14285714285714285
a.value=scanner.nextInt(); ,EXPRESSION_STATEMENT, line no: 63,mainClass.scanner=new java.util.Scanner(System.in); ,EXPRESSION_STATEMENT, line no: 53, 0.005350247726850052, insert, 0.10135135135135136, 0.5, 0.3269230769230769
b.value=scanner.nextInt(); ,EXPRESSION_STATEMENT, line no: 64,mainClass.scanner=new java.util.Scanner(System.in); ,EXPRESSION_STATEMENT, line no: 53, 0.005350247726850052, insert, 0.10135135135135136, 0.5, 0.3269230769230769
c.value=scanner.nextInt(); ,EXPRESSION_STATEMENT, line no: 65,mainClass.scanner=new java.util.Scanner(System.in); ,EXPRESSION_STATEMENT, line no: 53, 0.005350247726850052, insert, 0.10135135135135136, 0.5, 0.3269230769230769
output+=(String.format("Please enter 3 numbers separated by spaces > ")); ,EXPRESSION_STATEMENT, line no: 61,mainClass.exec(); ,EXPRESSION_STATEMENT, line no: 55, 0.005315002353155389, insert, 0.34459459459459457, 0.0, 0.16216216216216217
format,SIMPLE_NAME, line no: 73,println,SIMPLE_NAME, line no: 56, 0.005282028234725595, insert, 0.7647058823529411, 0.0, 0.2857142857142857
format,SIMPLE_NAME, line no: 62,output,SIMPLE_NAME, line no: 49, 0.005162945063234245, insert, 0.3355263157894737, 0.0, 0.3333333333333333
c,SIMPLE_NAME, line no: 73,exec,SIMPLE_NAME, line no: 55, 0.005102757519012588, insert, 0.7777777777777778, 0.0, 0.25
"%d is the median\n",STRING_LITERAL, line no: 73,format,SIMPLE_NAME, line no: 62, 0.005090461717761956, insert, 1.0, 0.0, 0.1
"%d is the median\n",STRING_LITERAL, line no: 73,nextInt,SIMPLE_NAME, line no: 63, 0.005090461717761956, insert, 1.0, 0.0, 0.1
String,SIMPLE_NAME, line no: 73,util,SIMPLE_NAME, line no: 44, 0.005077442634084816, insert, 0.058823529411764705, 0.0, 0.3333333333333333
String,SIMPLE_NAME, line no: 73,in,SIMPLE_NAME, line no: 53, 0.005077442634084816, insert, 0.6470588235294118, 0.0, 0.3333333333333333
value,SIMPLE_NAME, line no: 73,args,SIMPLE_NAME, line no: 50, 0.00501668691025816, insert, 0.8333333333333334, 0.0, 0.2
scanner,SIMPLE_NAME, line no: 63,nextInt,SIMPLE_NAME, line no: 63, 0.00496060461195705, insert, 1.0, 0.0, 0.2857142857142857
nextInt,SIMPLE_NAME, line no: 63,String,SIMPLE_NAME, line no: 49, 0.00496060461195705, insert, 0.33774834437086093, 0.0, 0.2857142857142857
nextInt,SIMPLE_NAME, line no: 63,scanner,SIMPLE_NAME, line no: 51, 0.00496060461195705, insert, 0.10596026490066225, 0.0, 0.2857142857142857
scanner,SIMPLE_NAME, line no: 64,nextInt,SIMPLE_NAME, line no: 63, 0.00496060461195705, insert, 1.0, 0.0, 0.2857142857142857
nextInt,SIMPLE_NAME, line no: 64,String,SIMPLE_NAME, line no: 49, 0.00496060461195705, insert, 0.33774834437086093, 0.0, 0.2857142857142857
nextInt,SIMPLE_NAME, line no: 64,scanner,SIMPLE_NAME, line no: 51, 0.00496060461195705, insert, 0.10596026490066225, 0.0, 0.2857142857142857
scanner,SIMPLE_NAME, line no: 65,nextInt,SIMPLE_NAME, line no: 63, 0.00496060461195705, insert, 1.0, 0.0, 0.2857142857142857
nextInt,SIMPLE_NAME, line no: 65,String,SIMPLE_NAME, line no: 49, 0.00496060461195705, insert, 0.33774834437086093, 0.0, 0.2857142857142857
nextInt,SIMPLE_NAME, line no: 65,scanner,SIMPLE_NAME, line no: 51, 0.00496060461195705, insert, 0.10596026490066225, 0.0, 0.2857142857142857
String,SIMPLE_NAME, line no: 62,nextInt,SIMPLE_NAME, line no: 63, 0.0049377597222967215, insert, 0.993421052631579, 0.0, 0.2857142857142857
scanner,SIMPLE_NAME, line no: 63,value,SIMPLE_NAME, line no: 7, 0.004937608431636719, insert, 0.039735099337748346, 0.0, 0.2857142857142857
nextInt,SIMPLE_NAME, line no: 63,output,SIMPLE_NAME, line no: 49, 0.004937608431636719, insert, 0.33774834437086093, 0.0, 0.2857142857142857
scanner,SIMPLE_NAME, line no: 64,value,SIMPLE_NAME, line no: 7, 0.004937608431636719, insert, 0.039735099337748346, 0.0, 0.2857142857142857
nextInt,SIMPLE_NAME, line no: 64,output,SIMPLE_NAME, line no: 49, 0.004937608431636719, insert, 0.33774834437086093, 0.0, 0.2857142857142857
scanner,SIMPLE_NAME, line no: 65,value,SIMPLE_NAME, line no: 7, 0.004937608431636719, insert, 0.039735099337748346, 0.0, 0.2857142857142857
nextInt,SIMPLE_NAME, line no: 65,output,SIMPLE_NAME, line no: 49, 0.004937608431636719, insert, 0.33774834437086093, 0.0, 0.2857142857142857
value,SIMPLE_NAME, line no: 73,mainClass,SIMPLE_NAME, line no: 48, 0.004918320500253097, insert, 0.7777777777777778, 0.0, 0.2222222222222222
scanner,SIMPLE_NAME, line no: 63,Scanner,SIMPLE_NAME, line no: 44, 0.004901471576847627, insert, 0.006622516556291391, 0.0, 0.8571428571428571
scanner,SIMPLE_NAME, line no: 64,Scanner,SIMPLE_NAME, line no: 44, 0.004901471576847627, insert, 0.006622516556291391, 0.0, 0.8571428571428571
scanner,SIMPLE_NAME, line no: 65,Scanner,SIMPLE_NAME, line no: 44, 0.004901471576847627, insert, 0.006622516556291391, 0.0, 0.8571428571428571
String,SIMPLE_NAME, line no: 73,mainClass,SIMPLE_NAME, line no: 48, 0.004860457906132472, insert, 0.7647058823529411, 0.0, 0.2222222222222222
format,SIMPLE_NAME, line no: 73,mainClass,SIMPLE_NAME, line no: 48, 0.004860457906132472, insert, 0.7647058823529411, 0.0, 0.2222222222222222
c.value,QUALIFIED_NAME, line no: 73,mainClass,SIMPLE_NAME, line no: 48, 0.004860457906132472, insert, 0.7647058823529411, 0.0, 0.2222222222222222
value,SIMPLE_NAME, line no: 73,Scanner,SIMPLE_NAME, line no: 44, 0.00484805877882091, insert, 0.05555555555555555, 0.0, 0.2857142857142857
value,SIMPLE_NAME, line no: 73,exec,SIMPLE_NAME, line no: 55, 0.004770770885245504, insert, 0.7777777777777778, 0.0, 0.2
value,SIMPLE_NAME, line no: 73,out,SIMPLE_NAME, line no: 56, 0.004770770885245504, insert, 0.7777777777777778, 0.0, 0.2
output+=(String.format("Please enter 3 numbers separated by spaces > ")); ,EXPRESSION_STATEMENT, line no: 61,mainClass.scanner=new java.util.Scanner(System.in); ,EXPRESSION_STATEMENT, line no: 53, 0.004765174523518624, insert, 0.10135135135135136, 0.0, 0.28378378378378377
String,SIMPLE_NAME, line no: 73,Scanner,SIMPLE_NAME, line no: 44, 0.004761264887639974, insert, 0.058823529411764705, 0.0, 0.2857142857142857
c.value,QUALIFIED_NAME, line no: 73,java,SIMPLE_NAME, line no: 44, 0.004761264887639974, insert, 0.058823529411764705, 0.0, 0.2857142857142857
"%d is the median\n",STRING_LITERAL, line no: 73,value,SIMPLE_NAME, line no: 7, 0.0047584750839948725, insert, 0.35294117647058826, 0.0, 0.05
"%d is the median\n",STRING_LITERAL, line no: 73,output,SIMPLE_NAME, line no: 49, 0.0047584750839948725, insert, 0.7647058823529411, 0.0, 0.05
"%d is the median\n",STRING_LITERAL, line no: 73,IntObj,SIMPLE_NAME, line no: 60, 0.0047584750839948725, insert, 1.0, 0.0, 0.05
"%d is the median\n",STRING_LITERAL, line no: 73,a,SIMPLE_NAME, line no: 60, 0.0047584750839948725, insert, 1.0, 0.0, 0.05
format,SIMPLE_NAME, line no: 73,args,SIMPLE_NAME, line no: 50, 0.004751965542156301, insert, 0.8235294117647058, 0.0, 0.16666666666666666
format,SIMPLE_NAME, line no: 73,length,SIMPLE_NAME, line no: 50, 0.004751965542156301, insert, 0.8235294117647058, 0.0, 0.16666666666666666
"%d is the median\n",STRING_LITERAL, line no: 73,System,SIMPLE_NAME, line no: 53, 0.00471290829112488, insert, 0.6470588235294118, 0.0, 0.2
c.value,QUALIFIED_NAME, line no: 73,args,SIMPLE_NAME, line no: 50, 0.00459387666893388, insert, 0.8235294117647058, 0.0, 0.14285714285714285
value,SIMPLE_NAME, line no: 73,System,SIMPLE_NAME, line no: 53, 0.004549446462734115, insert, 0.6666666666666666, 0.0, 0.16666666666666666
String,SIMPLE_NAME, line no: 73,out,SIMPLE_NAME, line no: 56, 0.0044915838686134905, insert, 0.7647058823529411, 0.0, 0.16666666666666666
format,SIMPLE_NAME, line no: 73,System,SIMPLE_NAME, line no: 53, 0.0044915838686134905, insert, 0.6470588235294118, 0.0, 0.16666666666666666
output+=(String.format("Please enter 3 numbers separated by spaces > ")); ,EXPRESSION_STATEMENT, line no: 61,mainClass.scanner=new java.util.Scanner(args[0]); ,EXPRESSION_STATEMENT, line no: 51, 0.0044597146181648666, insert, 0.08783783783783784, 0.0, 0.2702702702702703
value,SIMPLE_NAME, line no: 73,println,SIMPLE_NAME, line no: 56, 0.004391357589511694, insert, 0.7777777777777778, 0.0, 0.14285714285714285
"%d is the median\n",STRING_LITERAL, line no: 73,mainClass,SIMPLE_NAME, line no: 48, 0.004380921657357795, insert, 0.7647058823529411, 0.0, 0.15
"%d is the median\n",STRING_LITERAL, line no: 73,println,SIMPLE_NAME, line no: 56, 0.004380921657357795, insert, 0.7647058823529411, 0.0, 0.15
String,SIMPLE_NAME, line no: 62,format,SIMPLE_NAME, line no: 62, 0.004340529035462419, insert, 1.0, 0.0, 0.16666666666666666
format,SIMPLE_NAME, line no: 62,String,SIMPLE_NAME, line no: 49, 0.004340529035462419, insert, 0.3355263157894737, 0.0, 0.16666666666666666
c.value,QUALIFIED_NAME, line no: 73,System,SIMPLE_NAME, line no: 53, 0.004333494995391069, insert, 0.6470588235294118, 0.0, 0.14285714285714285
c.value,QUALIFIED_NAME, line no: 73,exec,SIMPLE_NAME, line no: 55, 0.004333494995391069, insert, 0.7647058823529411, 0.0, 0.14285714285714285
c.value,QUALIFIED_NAME, line no: 73,out,SIMPLE_NAME, line no: 56, 0.004333494995391069, insert, 0.7647058823529411, 0.0, 0.14285714285714285
c.value,QUALIFIED_NAME, line no: 73,println,SIMPLE_NAME, line no: 56, 0.004333494995391069, insert, 0.7647058823529411, 0.0, 0.14285714285714285
"%d is the median\n",STRING_LITERAL, line no: 73,length,SIMPLE_NAME, line no: 50, 0.0043093166971335225, insert, 0.8235294117647058, 0.0, 0.1
String,SIMPLE_NAME, line no: 62,output,SIMPLE_NAME, line no: 49, 0.004294839256141761, insert, 0.3355263157894737, 0.0, 0.16666666666666666
format,SIMPLE_NAME, line no: 62,value,SIMPLE_NAME, line no: 7, 0.004294839256141761, insert, 0.039473684210526314, 0.0, 0.16666666666666666
format,SIMPLE_NAME, line no: 62,a,SIMPLE_NAME, line no: 60, 0.004294839256141761, insert, 0.9736842105263158, 0.0, 0.16666666666666666
value,SIMPLE_NAME, line no: 73,util,SIMPLE_NAME, line no: 44, 0.004278938835220195, insert, 0.1111111111111111, 0.0, 0.2
a.value=scanner.nextInt(); ,EXPRESSION_STATEMENT, line no: 63,value=i; ,EXPRESSION_STATEMENT, line no: 7, 0.00426286267915911, insert, 0.02702702702702703, 0.3333333333333333, 0.2962962962962963
b.value=scanner.nextInt(); ,EXPRESSION_STATEMENT, line no: 64,value=i; ,EXPRESSION_STATEMENT, line no: 7, 0.00426286267915911, insert, 0.02702702702702703, 0.3333333333333333, 0.2962962962962963
c.value=scanner.nextInt(); ,EXPRESSION_STATEMENT, line no: 65,value=i; ,EXPRESSION_STATEMENT, line no: 7, 0.00426286267915911, insert, 0.02702702702702703, 0.3333333333333333, 0.2962962962962963
String,SIMPLE_NAME, line no: 62,IntObj,SIMPLE_NAME, line no: 60, 0.004249149476821105, insert, 0.9736842105263158, 0.0, 0.16666666666666666
format,SIMPLE_NAME, line no: 62,IntObj,SIMPLE_NAME, line no: 60, 0.004249149476821105, insert, 0.9736842105263158, 0.0, 0.16666666666666666
scanner,SIMPLE_NAME, line no: 63,String,SIMPLE_NAME, line no: 49, 0.004216513920163492, insert, 0.33774834437086093, 0.0, 0.14285714285714285
scanner,SIMPLE_NAME, line no: 63,format,SIMPLE_NAME, line no: 62, 0.004216513920163492, insert, 1.0, 0.0, 0.14285714285714285
nextInt,SIMPLE_NAME, line no: 63,format,SIMPLE_NAME, line no: 62, 0.004216513920163492, insert, 1.0, 0.0, 0.14285714285714285
scanner,SIMPLE_NAME, line no: 64,String,SIMPLE_NAME, line no: 49, 0.004216513920163492, insert, 0.33774834437086093, 0.0, 0.14285714285714285
scanner,SIMPLE_NAME, line no: 64,format,SIMPLE_NAME, line no: 62, 0.004216513920163492, insert, 1.0, 0.0, 0.14285714285714285
nextInt,SIMPLE_NAME, line no: 64,format,SIMPLE_NAME, line no: 62, 0.004216513920163492, insert, 1.0, 0.0, 0.14285714285714285
scanner,SIMPLE_NAME, line no: 65,String,SIMPLE_NAME, line no: 49, 0.004216513920163492, insert, 0.33774834437086093, 0.0, 0.14285714285714285
scanner,SIMPLE_NAME, line no: 65,format,SIMPLE_NAME, line no: 62, 0.004216513920163492, insert, 1.0, 0.0, 0.14285714285714285
nextInt,SIMPLE_NAME, line no: 65,format,SIMPLE_NAME, line no: 62, 0.004216513920163492, insert, 1.0, 0.0, 0.14285714285714285
String,SIMPLE_NAME, line no: 62,scanner,SIMPLE_NAME, line no: 51, 0.004193669030503164, insert, 0.10526315789473684, 0.0, 0.14285714285714285
format,SIMPLE_NAME, line no: 62,scanner,SIMPLE_NAME, line no: 51, 0.004193669030503164, insert, 0.10526315789473684, 0.0, 0.14285714285714285
format,SIMPLE_NAME, line no: 62,nextInt,SIMPLE_NAME, line no: 63, 0.004193669030503164, insert, 0.993421052631579, 0.0, 0.14285714285714285
scanner,SIMPLE_NAME, line no: 63,a,SIMPLE_NAME, line no: 60, 0.0041935177398431615, insert, 0.9801324503311258, 0.0, 0.14285714285714285
scanner,SIMPLE_NAME, line no: 63,c,SIMPLE_NAME, line no: 60, 0.0041935177398431615, insert, 0.9801324503311258, 0.0, 0.14285714285714285
nextInt,SIMPLE_NAME, line no: 63,value,SIMPLE_NAME, line no: 7, 0.0041935177398431615, insert, 0.039735099337748346, 0.0, 0.14285714285714285
scanner,SIMPLE_NAME, line no: 64,a,SIMPLE_NAME, line no: 60, 0.0041935177398431615, insert, 0.9801324503311258, 0.0, 0.14285714285714285
scanner,SIMPLE_NAME, line no: 64,c,SIMPLE_NAME, line no: 60, 0.0041935177398431615, insert, 0.9801324503311258, 0.0, 0.14285714285714285
nextInt,SIMPLE_NAME, line no: 64,value,SIMPLE_NAME, line no: 7, 0.0041935177398431615, insert, 0.039735099337748346, 0.0, 0.14285714285714285
scanner,SIMPLE_NAME, line no: 65,a,SIMPLE_NAME, line no: 60, 0.0041935177398431615, insert, 0.9801324503311258, 0.0, 0.14285714285714285
scanner,SIMPLE_NAME, line no: 65,c,SIMPLE_NAME, line no: 60, 0.0041935177398431615, insert, 0.9801324503311258, 0.0, 0.14285714285714285
nextInt,SIMPLE_NAME, line no: 65,value,SIMPLE_NAME, line no: 7, 0.0041935177398431615, insert, 0.039735099337748346, 0.0, 0.14285714285714285
scanner,SIMPLE_NAME, line no: 63,IntObj,SIMPLE_NAME, line no: 60, 0.0041475253792025, insert, 0.9801324503311258, 0.0, 0.14285714285714285
scanner,SIMPLE_NAME, line no: 64,IntObj,SIMPLE_NAME, line no: 60, 0.0041475253792025, insert, 0.9801324503311258, 0.0, 0.14285714285714285
scanner,SIMPLE_NAME, line no: 65,IntObj,SIMPLE_NAME, line no: 60, 0.0041475253792025, insert, 0.9801324503311258, 0.0, 0.14285714285714285
value,SIMPLE_NAME, line no: 73,median_6e464f2b_003,SIMPLE_NAME, line no: 48, 0.004141743579160503, insert, 0.7777777777777778, 0.0, 0.10526315789473684
String,SIMPLE_NAME, line no: 73,median_6e464f2b_003,SIMPLE_NAME, line no: 48, 0.0040838809850398785, insert, 0.7647058823529411, 0.0, 0.10526315789473684
format,SIMPLE_NAME, line no: 73,median_6e464f2b_003,SIMPLE_NAME, line no: 48, 0.0040838809850398785, insert, 0.7647058823529411, 0.0, 0.10526315789473684
c.value,QUALIFIED_NAME, line no: 73,median_6e464f2b_003,SIMPLE_NAME, line no: 48, 0.0040838809850398785, insert, 0.7647058823529411, 0.0, 0.10526315789473684
"%d is the median\n",STRING_LITERAL, line no: 73,exec,SIMPLE_NAME, line no: 55, 0.004048935023590712, insert, 0.7647058823529411, 0.0, 0.1
"Please enter 3 numbers separated by spaces > ",STRING_LITERAL, line no: 62,scanner,SIMPLE_NAME, line no: 51, 0.004003688428343107, insert, 0.10526315789473684, 0.0, 0.10638297872340426
"%d is the median\n",STRING_LITERAL, line no: 73,args,SIMPLE_NAME, line no: 50, 0.003977330063366438, insert, 0.8235294117647058, 0.0, 0.05
format,SIMPLE_NAME, line no: 73,java,SIMPLE_NAME, line no: 44, 0.0039708205215278685, insert, 0.058823529411764705, 0.0, 0.16666666666666666
format,SIMPLE_NAME, line no: 73,util,SIMPLE_NAME, line no: 44, 0.0039708205215278685, insert, 0.058823529411764705, 0.0, 0.16666666666666666
"Please enter 3 numbers separated by spaces > ",STRING_LITERAL, line no: 62,format,SIMPLE_NAME, line no: 62, 0.003915711300076736, insert, 1.0, 0.0, 0.0851063829787234
c,SIMPLE_NAME, line no: 73,Scanner,SIMPLE_NAME, line no: 44, 0.003899525539486384, insert, 0.05555555555555555, 0.0, 0.14285714285714285
"Please enter 3 numbers separated by spaces > ",STRING_LITERAL, line no: 62,nextInt,SIMPLE_NAME, line no: 63, 0.003892866410416407, insert, 0.993421052631579, 0.0, 0.0851063829787234
"%d is the median\n",STRING_LITERAL, line no: 73,Scanner,SIMPLE_NAME, line no: 44, 0.003860158310272174, insert, 0.058823529411764705, 0.0, 0.15
format,SIMPLE_NAME, line no: 73,Scanner,SIMPLE_NAME, line no: 44, 0.0038127316483054473, insert, 0.058823529411764705, 0.0, 0.14285714285714285
c.value,QUALIFIED_NAME, line no: 73,util,SIMPLE_NAME, line no: 44, 0.0038127316483054473, insert, 0.058823529411764705, 0.0, 0.14285714285714285
"Please enter 3 numbers separated by spaces > ",STRING_LITERAL, line no: 62,String,SIMPLE_NAME, line no: 49, 0.003804889282150035, insert, 0.3355263157894737, 0.0, 0.06382978723404255
"Please enter 3 numbers separated by spaces > ",STRING_LITERAL, line no: 62,value,SIMPLE_NAME, line no: 7, 0.003759199502829378, insert, 0.039473684210526314, 0.0, 0.06382978723404255
"Please enter 3 numbers separated by spaces > ",STRING_LITERAL, line no: 62,output,SIMPLE_NAME, line no: 49, 0.003759199502829378, insert, 0.3355263157894737, 0.0, 0.06382978723404255
"%d is the median\n",STRING_LITERAL, line no: 73,out,SIMPLE_NAME, line no: 56, 0.003716948389823628, insert, 0.7647058823529411, 0.0, 0.05
"Please enter 3 numbers separated by spaces > ",STRING_LITERAL, line no: 62,IntObj,SIMPLE_NAME, line no: 60, 0.0037135097235087215, insert, 0.9736842105263158, 0.0, 0.06382978723404255
"Please enter 3 numbers separated by spaces > ",STRING_LITERAL, line no: 62,a,SIMPLE_NAME, line no: 60, 0.0035375554669759782, insert, 0.9736842105263158, 0.0, 0.02127659574468085
"Please enter 3 numbers separated by spaces > ",STRING_LITERAL, line no: 62,b,SIMPLE_NAME, line no: 60, 0.0035375554669759782, insert, 0.9736842105263158, 0.0, 0.02127659574468085
"Please enter 3 numbers separated by spaces > ",STRING_LITERAL, line no: 62,c,SIMPLE_NAME, line no: 60, 0.0035375554669759782, insert, 0.9736842105263158, 0.0, 0.02127659574468085
"%d is the median\n",STRING_LITERAL, line no: 73,util,SIMPLE_NAME, line no: 44, 0.00352817167650509, insert, 0.058823529411764705, 0.0, 0.1
"%d is the median\n",STRING_LITERAL, line no: 73,in,SIMPLE_NAME, line no: 53, 0.00352817167650509, insert, 0.6470588235294118, 0.0, 0.1
a.value=scanner.nextInt(); ,EXPRESSION_STATEMENT, line no: 63,output+=(String.format("%d is the median\n" b.value)); ,EXPRESSION_STATEMENT, line no: 71, 0.0035066797134611413, insert, 0.08783783783783784, 0.6000000000000001, 0.2
a.value=scanner.nextInt(); ,EXPRESSION_STATEMENT, line no: 63,output+=(String.format("%d is the median\n" c.value)); ,EXPRESSION_STATEMENT, line no: 73, 0.0035066797134611413, insert, 0.08783783783783784, 0.6000000000000001, 0.2
b.value=scanner.nextInt(); ,EXPRESSION_STATEMENT, line no: 64,output+=(String.format("%d is the median\n" b.value)); ,EXPRESSION_STATEMENT, line no: 71, 0.0035066797134611413, insert, 0.08783783783783784, 1.5, 0.2
b.value=scanner.nextInt(); ,EXPRESSION_STATEMENT, line no: 64,output+=(String.format("%d is the median\n" c.value)); ,EXPRESSION_STATEMENT, line no: 73, 0.0035066797134611413, insert, 0.08783783783783784, 0.6000000000000001, 0.2
c.value=scanner.nextInt(); ,EXPRESSION_STATEMENT, line no: 65,output+=(String.format("%d is the median\n" b.value)); ,EXPRESSION_STATEMENT, line no: 71, 0.0035066797134611413, insert, 0.08783783783783784, 0.6000000000000001, 0.2
c.value=scanner.nextInt(); ,EXPRESSION_STATEMENT, line no: 65,output+=(String.format("%d is the median\n" c.value)); ,EXPRESSION_STATEMENT, line no: 73, 0.0035066797134611413, insert, 0.08783783783783784, 1.5, 0.2
nextInt,SIMPLE_NAME, line no: 63,length,SIMPLE_NAME, line no: 50, 0.0034740658126785296, insert, 0.3576158940397351, 0.0, 0.42857142857142855
nextInt,SIMPLE_NAME, line no: 64,length,SIMPLE_NAME, line no: 50, 0.0034740658126785296, insert, 0.3576158940397351, 0.0, 0.42857142857142855
nextInt,SIMPLE_NAME, line no: 65,length,SIMPLE_NAME, line no: 50, 0.0034740658126785296, insert, 0.3576158940397351, 0.0, 0.42857142857142855
nextInt,SIMPLE_NAME, line no: 63,println,SIMPLE_NAME, line no: 56, 0.003451069632358199, insert, 0.3509933774834437, 0.0, 0.42857142857142855
nextInt,SIMPLE_NAME, line no: 64,println,SIMPLE_NAME, line no: 56, 0.003451069632358199, insert, 0.3509933774834437, 0.0, 0.42857142857142855
nextInt,SIMPLE_NAME, line no: 65,println,SIMPLE_NAME, line no: 56, 0.003451069632358199, insert, 0.3509933774834437, 0.0, 0.42857142857142855
a.value=scanner.nextInt(); ,EXPRESSION_STATEMENT, line no: 63,output+=(String.format("%d is the median\n" a.value)); ,EXPRESSION_STATEMENT, line no: 68, 0.0034455877323903896, insert, 0.08108108108108109, 1.5, 0.2
b.value=scanner.nextInt(); ,EXPRESSION_STATEMENT, line no: 64,output+=(String.format("%d is the median\n" a.value)); ,EXPRESSION_STATEMENT, line no: 68, 0.0034455877323903896, insert, 0.08108108108108109, 0.6000000000000001, 0.2
c.value=scanner.nextInt(); ,EXPRESSION_STATEMENT, line no: 65,output+=(String.format("%d is the median\n" a.value)); ,EXPRESSION_STATEMENT, line no: 68, 0.0034455877323903896, insert, 0.08108108108108109, 0.6000000000000001, 0.2
String,SIMPLE_NAME, line no: 62,println,SIMPLE_NAME, line no: 56, 0.0034430512273780837, insert, 0.34868421052631576, 0.0, 0.42857142857142855
"%d is the median\n",STRING_LITERAL, line no: 73,java,SIMPLE_NAME, line no: 44, 0.0031961850427380052, insert, 0.058823529411764705, 0.0, 0.05
String,SIMPLE_NAME, line no: 62,args,SIMPLE_NAME, line no: 50, 0.002969835655842707, insert, 0.35526315789473684, 0.0, 0.3333333333333333
String,SIMPLE_NAME, line no: 62,length,SIMPLE_NAME, line no: 50, 0.002969835655842707, insert, 0.35526315789473684, 0.0, 0.3333333333333333
String,SIMPLE_NAME, line no: 62,System,SIMPLE_NAME, line no: 53, 0.002969835655842707, insert, 0.125, 0.0, 0.3333333333333333
format,SIMPLE_NAME, line no: 62,out,SIMPLE_NAME, line no: 56, 0.002969835655842707, insert, 0.35526315789473684, 0.0, 0.3333333333333333
scanner,SIMPLE_NAME, line no: 63,args,SIMPLE_NAME, line no: 50, 0.002729975120884972, insert, 0.3576158940397351, 0.0, 0.2857142857142857
scanner,SIMPLE_NAME, line no: 63,System,SIMPLE_NAME, line no: 53, 0.002729975120884972, insert, 0.12582781456953643, 0.0, 0.2857142857142857
scanner,SIMPLE_NAME, line no: 64,args,SIMPLE_NAME, line no: 50, 0.002729975120884972, insert, 0.3576158940397351, 0.0, 0.2857142857142857
scanner,SIMPLE_NAME, line no: 64,System,SIMPLE_NAME, line no: 53, 0.002729975120884972, insert, 0.12582781456953643, 0.0, 0.2857142857142857
scanner,SIMPLE_NAME, line no: 65,args,SIMPLE_NAME, line no: 50, 0.002729975120884972, insert, 0.3576158940397351, 0.0, 0.2857142857142857
scanner,SIMPLE_NAME, line no: 65,System,SIMPLE_NAME, line no: 53, 0.002729975120884972, insert, 0.12582781456953643, 0.0, 0.2857142857142857
scanner,SIMPLE_NAME, line no: 63,println,SIMPLE_NAME, line no: 56, 0.002706978940564642, insert, 0.3509933774834437, 0.0, 0.2857142857142857
nextInt,SIMPLE_NAME, line no: 63,exec,SIMPLE_NAME, line no: 55, 0.002706978940564642, insert, 0.3509933774834437, 0.0, 0.2857142857142857
scanner,SIMPLE_NAME, line no: 64,println,SIMPLE_NAME, line no: 56, 0.002706978940564642, insert, 0.3509933774834437, 0.0, 0.2857142857142857
nextInt,SIMPLE_NAME, line no: 64,exec,SIMPLE_NAME, line no: 55, 0.002706978940564642, insert, 0.3509933774834437, 0.0, 0.2857142857142857
scanner,SIMPLE_NAME, line no: 65,println,SIMPLE_NAME, line no: 56, 0.002706978940564642, insert, 0.3509933774834437, 0.0, 0.2857142857142857
nextInt,SIMPLE_NAME, line no: 65,exec,SIMPLE_NAME, line no: 55, 0.002706978940564642, insert, 0.3509933774834437, 0.0, 0.2857142857142857
format,SIMPLE_NAME, line no: 62,println,SIMPLE_NAME, line no: 56, 0.0026989605355845258, insert, 0.34868421052631576, 0.0, 0.2857142857142857
String,SIMPLE_NAME, line no: 73,i,SIMPLE_NAME, line no: 7, 0.0026689121538138135, insert, 0.35294117647058826, 0.0, 0.16666666666666666
output+=(String.format("%d is the median\n" c.value)); ,EXPRESSION_STATEMENT, line no: 73,output+=(String.format("%d is the median\n" c.value)); ,EXPRESSION_STATEMENT, line no: 73, 0.002651650429449553, insert, 1.0, 3.0, 1.0
c.value,QUALIFIED_NAME, line no: 73,c.value,QUALIFIED_NAME, line no: 65, 0.002651650429449553, insert, 1.0, 2.0, 1.0
output+=(String.format("%d is the median\n" c.value)); ,EXPRESSION_STATEMENT, line no: 73,output+=(String.format("%d is the median\n" b.value)); ,EXPRESSION_STATEMENT, line no: 71, 0.0026227233338555578, insert, 1.0, 1.5, 0.9818181818181818
output+=(String.format("%d is the median\n" c.value)); ,EXPRESSION_STATEMENT, line no: 73,output+=(String.format("%d is the median\n" a.value)); ,EXPRESSION_STATEMENT, line no: 68, 0.002541134089872495, insert, 0.9230769230769231, 1.5, 0.9818181818181818
c.value,QUALIFIED_NAME, line no: 73,a.value,QUALIFIED_NAME, line no: 63, 0.0024243661069253053, insert, 1.0, 0.6666666666666666, 0.8571428571428571
c.value,QUALIFIED_NAME, line no: 73,b.value,QUALIFIED_NAME, line no: 64, 0.0024243661069253053, insert, 1.0, 0.6666666666666666, 0.8571428571428571
scanner,SIMPLE_NAME, line no: 63,mainClass,SIMPLE_NAME, line no: 48, 0.0023992681467545026, insert, 0.33774834437086093, 0.0, 0.2222222222222222
scanner,SIMPLE_NAME, line no: 64,mainClass,SIMPLE_NAME, line no: 48, 0.0023992681467545026, insert, 0.33774834437086093, 0.0, 0.2222222222222222
scanner,SIMPLE_NAME, line no: 65,mainClass,SIMPLE_NAME, line no: 48, 0.0023992681467545026, insert, 0.33774834437086093, 0.0, 0.2222222222222222
String,SIMPLE_NAME, line no: 62,mainClass,SIMPLE_NAME, line no: 48, 0.002391098451114385, insert, 0.3355263157894737, 0.0, 0.2222222222222222
format,SIMPLE_NAME, line no: 62,mainClass,SIMPLE_NAME, line no: 48, 0.002391098451114385, insert, 0.3355263157894737, 0.0, 0.2222222222222222
value,SIMPLE_NAME, line no: 73,a.value,QUALIFIED_NAME, line no: 63, 0.002197081784401058, insert, 1.0, 1.0, 0.7142857142857143
value,SIMPLE_NAME, line no: 73,b.value,QUALIFIED_NAME, line no: 64, 0.002197081784401058, insert, 1.0, 1.0, 0.7142857142857143
value,SIMPLE_NAME, line no: 73,c.value,QUALIFIED_NAME, line no: 65, 0.002197081784401058, insert, 1.0, 1.0, 0.7142857142857143
String,SIMPLE_NAME, line no: 62,util,SIMPLE_NAME, line no: 44, 0.002193109407391538, insert, 0.013157894736842105, 0.0, 0.3333333333333333
String,SIMPLE_NAME, line no: 62,in,SIMPLE_NAME, line no: 53, 0.0021702645177312093, insert, 0.125, 0.0, 0.3333333333333333
String,SIMPLE_NAME, line no: 62,out,SIMPLE_NAME, line no: 56, 0.0021017298487502234, insert, 0.35526315789473684, 0.0, 0.16666666666666666
format,SIMPLE_NAME, line no: 62,args,SIMPLE_NAME, line no: 50, 0.0021017298487502234, insert, 0.35526315789473684, 0.0, 0.16666666666666666
format,SIMPLE_NAME, line no: 62,length,SIMPLE_NAME, line no: 50, 0.0021017298487502234, insert, 0.35526315789473684, 0.0, 0.16666666666666666
format,SIMPLE_NAME, line no: 62,System,SIMPLE_NAME, line no: 53, 0.0021017298487502234, insert, 0.125, 0.0, 0.16666666666666666
scanner,SIMPLE_NAME, line no: 63,median_6e464f2b_003,SIMPLE_NAME, line no: 48, 0.0019952212241086923, insert, 0.33774834437086093, 0.0, 0.15789473684210525
scanner,SIMPLE_NAME, line no: 64,median_6e464f2b_003,SIMPLE_NAME, line no: 48, 0.0019952212241086923, insert, 0.33774834437086093, 0.0, 0.15789473684210525
scanner,SIMPLE_NAME, line no: 65,median_6e464f2b_003,SIMPLE_NAME, line no: 48, 0.0019952212241086923, insert, 0.33774834437086093, 0.0, 0.15789473684210525
scanner,SIMPLE_NAME, line no: 63,length,SIMPLE_NAME, line no: 50, 0.001985884429091415, insert, 0.3576158940397351, 0.0, 0.14285714285714285
nextInt,SIMPLE_NAME, line no: 63,System,SIMPLE_NAME, line no: 53, 0.001985884429091415, insert, 0.12582781456953643, 0.0, 0.14285714285714285
nextInt,SIMPLE_NAME, line no: 63,out,SIMPLE_NAME, line no: 56, 0.001985884429091415, insert, 0.3576158940397351, 0.0, 0.14285714285714285
scanner,SIMPLE_NAME, line no: 64,length,SIMPLE_NAME, line no: 50, 0.001985884429091415, insert, 0.3576158940397351, 0.0, 0.14285714285714285
nextInt,SIMPLE_NAME, line no: 64,System,SIMPLE_NAME, line no: 53, 0.001985884429091415, insert, 0.12582781456953643, 0.0, 0.14285714285714285
nextInt,SIMPLE_NAME, line no: 64,out,SIMPLE_NAME, line no: 56, 0.001985884429091415, insert, 0.3576158940397351, 0.0, 0.14285714285714285
scanner,SIMPLE_NAME, line no: 65,length,SIMPLE_NAME, line no: 50, 0.001985884429091415, insert, 0.3576158940397351, 0.0, 0.14285714285714285
nextInt,SIMPLE_NAME, line no: 65,System,SIMPLE_NAME, line no: 53, 0.001985884429091415, insert, 0.12582781456953643, 0.0, 0.14285714285714285
nextInt,SIMPLE_NAME, line no: 65,out,SIMPLE_NAME, line no: 56, 0.001985884429091415, insert, 0.3576158940397351, 0.0, 0.14285714285714285
scanner,SIMPLE_NAME, line no: 63,exec,SIMPLE_NAME, line no: 55, 0.0019628882487710843, insert, 0.3509933774834437, 0.0, 0.14285714285714285
scanner,SIMPLE_NAME, line no: 64,exec,SIMPLE_NAME, line no: 55, 0.0019628882487710843, insert, 0.3509933774834437, 0.0, 0.14285714285714285
scanner,SIMPLE_NAME, line no: 65,exec,SIMPLE_NAME, line no: 55, 0.0019628882487710843, insert, 0.3509933774834437, 0.0, 0.14285714285714285
nextInt,SIMPLE_NAME, line no: 63,Scanner,SIMPLE_NAME, line no: 44, 0.001925108809673398, insert, 0.006622516556291391, 0.0, 0.2857142857142857
nextInt,SIMPLE_NAME, line no: 64,Scanner,SIMPLE_NAME, line no: 44, 0.001925108809673398, insert, 0.006622516556291391, 0.0, 0.2857142857142857
nextInt,SIMPLE_NAME, line no: 65,Scanner,SIMPLE_NAME, line no: 44, 0.001925108809673398, insert, 0.006622516556291391, 0.0, 0.2857142857142857
String,SIMPLE_NAME, line no: 62,Scanner,SIMPLE_NAME, line no: 44, 0.0019222342871333567, insert, 0.006578947368421052, 0.0, 0.2857142857142857
output+=(String.format("%d is the median\n" c.value)); ,EXPRESSION_STATEMENT, line no: 73,output+=(String.format("Please enter 3 numbers separated by spaces > ")); ,EXPRESSION_STATEMENT, line no: 61, 0.0018991550373084636, insert, 1.0, 0.3333333333333333, 0.527027027027027
"%d is the median\n",STRING_LITERAL, line no: 73,i,SIMPLE_NAME, line no: 7, 0.0018942766750239507, insert, 0.35294117647058826, 0.0, 0.05
nextInt,SIMPLE_NAME, line no: 63,mainClass,SIMPLE_NAME, line no: 48, 0.0018205309420261803, insert, 0.33774834437086093, 0.0, 0.1111111111111111
nextInt,SIMPLE_NAME, line no: 64,mainClass,SIMPLE_NAME, line no: 48, 0.0018205309420261803, insert, 0.33774834437086093, 0.0, 0.1111111111111111
nextInt,SIMPLE_NAME, line no: 65,mainClass,SIMPLE_NAME, line no: 48, 0.0018205309420261803, insert, 0.33774834437086093, 0.0, 0.1111111111111111
"Please enter 3 numbers separated by spaces > ",STRING_LITERAL, line no: 62,mainClass,SIMPLE_NAME, line no: 48, 0.00178773413129124, insert, 0.3355263157894737, 0.0, 0.10638297872340426
nextInt,SIMPLE_NAME, line no: 63,median_6e464f2b_003,SIMPLE_NAME, line no: 48, 0.0017210825481847496, insert, 0.33774834437086093, 0.0, 0.10526315789473684
nextInt,SIMPLE_NAME, line no: 64,median_6e464f2b_003,SIMPLE_NAME, line no: 48, 0.0017210825481847496, insert, 0.33774834437086093, 0.0, 0.10526315789473684
nextInt,SIMPLE_NAME, line no: 65,median_6e464f2b_003,SIMPLE_NAME, line no: 48, 0.0017210825481847496, insert, 0.33774834437086093, 0.0, 0.10526315789473684
"Please enter 3 numbers separated by spaces > ",STRING_LITERAL, line no: 62,median_6e464f2b_003,SIMPLE_NAME, line no: 48, 0.0017191994623102548, insert, 0.3355263157894737, 0.0, 0.10638297872340426
String,SIMPLE_NAME, line no: 62,median_6e464f2b_003,SIMPLE_NAME, line no: 48, 0.0017133667245246389, insert, 0.3355263157894737, 0.0, 0.10526315789473684
format,SIMPLE_NAME, line no: 62,median_6e464f2b_003,SIMPLE_NAME, line no: 48, 0.0017133667245246389, insert, 0.3355263157894737, 0.0, 0.10526315789473684
"Please enter 3 numbers separated by spaces > ",STRING_LITERAL, line no: 62,length,SIMPLE_NAME, line no: 50, 0.0016769121133645402, insert, 0.35526315789473684, 0.0, 0.0851063829787234
"Please enter 3 numbers separated by spaces > ",STRING_LITERAL, line no: 62,System,SIMPLE_NAME, line no: 53, 0.0016769121133645402, insert, 0.125, 0.0, 0.0851063829787234
"Please enter 3 numbers separated by spaces > ",STRING_LITERAL, line no: 62,args,SIMPLE_NAME, line no: 50, 0.0015660900954378402, insert, 0.35526315789473684, 0.0, 0.06382978723404255
"Please enter 3 numbers separated by spaces > ",STRING_LITERAL, line no: 62,exec,SIMPLE_NAME, line no: 55, 0.0015432452057775115, insert, 0.34868421052631576, 0.0, 0.06382978723404255
"Please enter 3 numbers separated by spaces > ",STRING_LITERAL, line no: 62,println,SIMPLE_NAME, line no: 56, 0.0015432452057775115, insert, 0.34868421052631576, 0.0, 0.06382978723404255
"Please enter 3 numbers separated by spaces > ",STRING_LITERAL, line no: 62,out,SIMPLE_NAME, line no: 56, 0.0014552680775111403, insert, 0.35526315789473684, 0.0, 0.0425531914893617
String,SIMPLE_NAME, line no: 73,System.in,QUALIFIED_NAME, line no: 53, 0.0013934163041029023, insert, 0.6470588235294118, 0.0, 0.4444444444444444
output+=(String.format("%d is the median\n" c.value)); ,EXPRESSION_STATEMENT, line no: 73,a.value=scanner.nextInt(); ,EXPRESSION_STATEMENT, line no: 63, 0.0013788582233137676, insert, 1.0, 0.6000000000000001, 0.2
output+=(String.format("%d is the median\n" c.value)); ,EXPRESSION_STATEMENT, line no: 73,b.value=scanner.nextInt(); ,EXPRESSION_STATEMENT, line no: 64, 0.0013788582233137676, insert, 1.0, 0.6000000000000001, 0.2
output+=(String.format("%d is the median\n" c.value)); ,EXPRESSION_STATEMENT, line no: 73,c.value=scanner.nextInt(); ,EXPRESSION_STATEMENT, line no: 65, 0.0013788582233137676, insert, 1.0, 1.5, 0.2
scanner,SIMPLE_NAME, line no: 63,c.value,QUALIFIED_NAME, line no: 65, 0.001361429502419395, insert, 0.9933774834437086, 0.0, 0.42857142857142855
scanner,SIMPLE_NAME, line no: 64,c.value,QUALIFIED_NAME, line no: 65, 0.001361429502419395, insert, 0.9933774834437086, 0.0, 0.42857142857142855
scanner,SIMPLE_NAME, line no: 65,c.value,QUALIFIED_NAME, line no: 65, 0.001361429502419395, insert, 0.9933774834437086, 0.0, 0.42857142857142855
output+=(String.format("Please enter 3 numbers separated by spaces > ")); ,EXPRESSION_STATEMENT, line no: 61,value=i; ,EXPRESSION_STATEMENT, line no: 7, 0.001344023583556535, insert, 0.02702702702702703, 0.0, 0.08108108108108109
format,SIMPLE_NAME, line no: 62,java,SIMPLE_NAME, line no: 44, 0.001325003600299054, insert, 0.013157894736842105, 0.0, 0.16666666666666666
format,SIMPLE_NAME, line no: 62,util,SIMPLE_NAME, line no: 44, 0.001325003600299054, insert, 0.013157894736842105, 0.0, 0.16666666666666666
value,SIMPLE_NAME, line no: 73,args.length,QUALIFIED_NAME, line no: 50, 0.0013177899103931111, insert, 0.8333333333333334, 0.0, 0.2727272727272727
output+=(String.format("%d is the median\n" c.value)); ,EXPRESSION_STATEMENT, line no: 73,System.out.println(mainClass.output); ,EXPRESSION_STATEMENT, line no: 56, 0.0013076530649285486, insert, 0.7692307692307693, 0.5, 0.3090909090909091
String,SIMPLE_NAME, line no: 73,args.length,QUALIFIED_NAME, line no: 50, 0.001307391281258015, insert, 0.8235294117647058, 0.0, 0.2727272727272727
c.value,QUALIFIED_NAME, line no: 73,args.length,QUALIFIED_NAME, line no: 50, 0.001307391281258015, insert, 0.8235294117647058, 0.0, 0.2727272727272727
format,SIMPLE_NAME, line no: 73,a.value,QUALIFIED_NAME, line no: 63, 0.0012879444943040684, insert, 1.0, 0.0, 0.14285714285714285
format,SIMPLE_NAME, line no: 73,b.value,QUALIFIED_NAME, line no: 64, 0.0012879444943040684, insert, 1.0, 0.0, 0.14285714285714285
format,SIMPLE_NAME, line no: 73,c.value,QUALIFIED_NAME, line no: 65, 0.0012879444943040684, insert, 1.0, 0.0, 0.14285714285714285
c,SIMPLE_NAME, line no: 73,c.value,QUALIFIED_NAME, line no: 65, 0.0012879444943040684, insert, 1.0, 1.0, 0.14285714285714285
value,SIMPLE_NAME, line no: 73,java.util,QUALIFIED_NAME, line no: 44, 0.0012374368670764581, insert, 0.05555555555555555, 0.0, 0.3333333333333333
c.value,QUALIFIED_NAME, line no: 73,java.util,QUALIFIED_NAME, line no: 44, 0.0012166396088062656, insert, 0.058823529411764705, 0.0, 0.3333333333333333
scanner,SIMPLE_NAME, line no: 63,java,SIMPLE_NAME, line no: 44, 0.0012040142982001714, insert, 0.013245033112582781, 0.0, 0.14285714285714285
nextInt,SIMPLE_NAME, line no: 63,util,SIMPLE_NAME, line no: 44, 0.0012040142982001714, insert, 0.013245033112582781, 0.0, 0.14285714285714285
scanner,SIMPLE_NAME, line no: 64,java,SIMPLE_NAME, line no: 44, 0.0012040142982001714, insert, 0.013245033112582781, 0.0, 0.14285714285714285
nextInt,SIMPLE_NAME, line no: 64,util,SIMPLE_NAME, line no: 44, 0.0012040142982001714, insert, 0.013245033112582781, 0.0, 0.14285714285714285
scanner,SIMPLE_NAME, line no: 65,java,SIMPLE_NAME, line no: 44, 0.0012040142982001714, insert, 0.013245033112582781, 0.0, 0.14285714285714285
nextInt,SIMPLE_NAME, line no: 65,util,SIMPLE_NAME, line no: 44, 0.0012040142982001714, insert, 0.013245033112582781, 0.0, 0.14285714285714285
output+=(String.format("%d is the median\n" c.value)); ,EXPRESSION_STATEMENT, line no: 73,mainClass.scanner=new java.util.Scanner(System.in); ,EXPRESSION_STATEMENT, line no: 53, 0.0011971367253514906, insert, 0.6923076923076923, 0.0, 0.2909090909090909
scanner,SIMPLE_NAME, line no: 63,a.value,QUALIFIED_NAME, line no: 63, 0.0011831330107755715, insert, 0.9933774834437086, 0.0, 0.2857142857142857
scanner,SIMPLE_NAME, line no: 63,b.value,QUALIFIED_NAME, line no: 64, 0.0011831330107755715, insert, 0.9933774834437086, 0.0, 0.2857142857142857
scanner,SIMPLE_NAME, line no: 64,a.value,QUALIFIED_NAME, line no: 63, 0.0011831330107755715, insert, 0.9933774834437086, 0.0, 0.2857142857142857
scanner,SIMPLE_NAME, line no: 64,b.value,QUALIFIED_NAME, line no: 64, 0.0011831330107755715, insert, 0.9933774834437086, 0.0, 0.2857142857142857
scanner,SIMPLE_NAME, line no: 65,a.value,QUALIFIED_NAME, line no: 63, 0.0011831330107755715, insert, 0.9933774834437086, 0.0, 0.2857142857142857
scanner,SIMPLE_NAME, line no: 65,b.value,QUALIFIED_NAME, line no: 64, 0.0011831330107755715, insert, 0.9933774834437086, 0.0, 0.2857142857142857
scanner,SIMPLE_NAME, line no: 63,in,SIMPLE_NAME, line no: 53, 0.0011810181178798405, insert, 0.12582781456953643, 0.0, 0.14285714285714285
nextInt,SIMPLE_NAME, line no: 63,in,SIMPLE_NAME, line no: 53, 0.0011810181178798405, insert, 0.12582781456953643, 0.0, 0.14285714285714285
scanner,SIMPLE_NAME, line no: 64,in,SIMPLE_NAME, line no: 53, 0.0011810181178798405, insert, 0.12582781456953643, 0.0, 0.14285714285714285
nextInt,SIMPLE_NAME, line no: 64,in,SIMPLE_NAME, line no: 53, 0.0011810181178798405, insert, 0.12582781456953643, 0.0, 0.14285714285714285
scanner,SIMPLE_NAME, line no: 65,in,SIMPLE_NAME, line no: 53, 0.0011810181178798405, insert, 0.12582781456953643, 0.0, 0.14285714285714285
nextInt,SIMPLE_NAME, line no: 65,in,SIMPLE_NAME, line no: 53, 0.0011810181178798405, insert, 0.12582781456953643, 0.0, 0.14285714285714285
format,SIMPLE_NAME, line no: 62,Scanner,SIMPLE_NAME, line no: 44, 0.0011781435953397994, insert, 0.006578947368421052, 0.0, 0.14285714285714285
"%d is the median\n",STRING_LITERAL, line no: 73,System.in,QUALIFIED_NAME, line no: 53, 0.0011636066002172745, insert, 0.6470588235294118, 0.0, 0.3
format,SIMPLE_NAME, line no: 73,args.length,QUALIFIED_NAME, line no: 50, 0.0011627558032880393, insert, 0.8235294117647058, 0.0, 0.18181818181818182
"%d is the median\n",STRING_LITERAL, line no: 73,a.value,QUALIFIED_NAME, line no: 63, 0.001140209684663308, insert, 1.0, 0.0, 0.05
"%d is the median\n",STRING_LITERAL, line no: 73,b.value,QUALIFIED_NAME, line no: 64, 0.001140209684663308, insert, 1.0, 0.0, 0.05
"%d is the median\n",STRING_LITERAL, line no: 73,c.value,QUALIFIED_NAME, line no: 65, 0.001140209684663308, insert, 1.0, 0.0, 0.05
output+=(String.format("%d is the median\n" c.value)); ,EXPRESSION_STATEMENT, line no: 73,mainClass.scanner=new java.util.Scanner(args[0]); ,EXPRESSION_STATEMENT, line no: 51, 0.0011392825341635002, insert, 0.6923076923076923, 0.0, 0.2545454545454545
String,SIMPLE_NAME, line no: 73,System.out,QUALIFIED_NAME, line no: 56, 0.0011292911240714568, insert, 0.7647058823529411, 0.0, 0.2
format,SIMPLE_NAME, line no: 73,System.out,QUALIFIED_NAME, line no: 56, 0.0011292911240714568, insert, 0.7647058823529411, 0.0, 0.2
"%d is the median\n",STRING_LITERAL, line no: 73,System.out,QUALIFIED_NAME, line no: 56, 0.0011292911240714568, insert, 0.7647058823529411, 0.0, 0.2
c.value,QUALIFIED_NAME, line no: 73,System.out,QUALIFIED_NAME, line no: 56, 0.0011292911240714568, insert, 0.7647058823529411, 0.0, 0.2
value,SIMPLE_NAME, line no: 73,mainClass.output,QUALIFIED_NAME, line no: 56, 0.00112326858469738, insert, 0.7777777777777778, 0.0, 0.1875
"%d is the median\n",STRING_LITERAL, line no: 73,args.length,QUALIFIED_NAME, line no: 50, 0.0011121333859985478, insert, 0.8235294117647058, 0.0, 0.15
format,SIMPLE_NAME, line no: 73,mainClass.output,QUALIFIED_NAME, line no: 56, 0.001109403745850585, insert, 0.7647058823529411, 0.0, 0.1875
c.value,QUALIFIED_NAME, line no: 73,mainClass.output,QUALIFIED_NAME, line no: 56, 0.001109403745850585, insert, 0.7647058823529411, 0.0, 0.1875
output+=(String.format("%d is the median\n" c.value)); ,EXPRESSION_STATEMENT, line no: 73,mainClass.exec(); ,EXPRESSION_STATEMENT, line no: 55, 0.001105163395770583, insert, 0.7692307692307693, 0.0, 0.18181818181818182
"%d is the median\n",STRING_LITERAL, line no: 73,mainClass.scanner,QUALIFIED_NAME, line no: 51, 0.0010840570873337878, insert, 0.6470588235294118, 0.0, 0.25
"%d is the median\n",STRING_LITERAL, line no: 73,java.util.Scanner,QUALIFIED_NAME, line no: 51, 0.0010840570873337878, insert, 0.6470588235294118, 0.0, 0.25
value,SIMPLE_NAME, line no: 73,java.util.Scanner,QUALIFIED_NAME, line no: 51, 0.0010814574300500137, insert, 0.6666666666666666, 0.0, 0.23529411764705882
value,SIMPLE_NAME, line no: 73,true,BOOLEAN_LITERAL, line no: 75, 0.0010634885989045675, insert, 1.0, 0.0, 0.4
c.value,QUALIFIED_NAME, line no: 73,java.util.Scanner,QUALIFIED_NAME, line no: 51, 0.0010606601717798212, insert, 0.6470588235294118, 0.0, 0.23529411764705882
"%d is the median\n",STRING_LITERAL, line no: 73,mainClass.output,QUALIFIED_NAME, line no: 56, 0.0010497416111879701, insert, 0.7647058823529411, 0.0, 0.15
String,SIMPLE_NAME, line no: 73,java.util,QUALIFIED_NAME, line no: 44, 0.0010398629135096287, insert, 0.058823529411764705, 0.0, 0.2222222222222222
format,SIMPLE_NAME, line no: 73,java.util,QUALIFIED_NAME, line no: 44, 0.0010398629135096287, insert, 0.058823529411764705, 0.0, 0.2222222222222222
String,SIMPLE_NAME, line no: 73,mainClass.output,QUALIFIED_NAME, line no: 56, 0.0010099668547462269, insert, 0.7647058823529411, 0.0, 0.125
a.value=scanner.nextInt(); ,EXPRESSION_STATEMENT, line no: 63,if (true) return; ,IF_STATEMENT, line no: 75, 0.001009554357129917, insert, 1.0, 0.0, 0.2962962962962963
b.value=scanner.nextInt(); ,EXPRESSION_STATEMENT, line no: 64,if (true) return; ,IF_STATEMENT, line no: 75, 0.001009554357129917, insert, 1.0, 0.0, 0.2962962962962963
c.value=scanner.nextInt(); ,EXPRESSION_STATEMENT, line no: 65,if (true) return; ,IF_STATEMENT, line no: 75, 0.001009554357129917, insert, 1.0, 0.0, 0.2962962962962963
String,SIMPLE_NAME, line no: 62,i,SIMPLE_NAME, line no: 7, 0.0010051751450544549, insert, 0.039473684210526314, 0.0, 0.16666666666666666
nextInt,SIMPLE_NAME, line no: 63,a.value,QUALIFIED_NAME, line no: 63, 0.0010048365191317478, insert, 0.9933774834437086, 0.0, 0.14285714285714285
nextInt,SIMPLE_NAME, line no: 63,b.value,QUALIFIED_NAME, line no: 64, 0.0010048365191317478, insert, 0.9933774834437086, 0.0, 0.14285714285714285
nextInt,SIMPLE_NAME, line no: 63,c.value,QUALIFIED_NAME, line no: 65, 0.0010048365191317478, insert, 0.9933774834437086, 0.0, 0.14285714285714285
nextInt,SIMPLE_NAME, line no: 64,a.value,QUALIFIED_NAME, line no: 63, 0.0010048365191317478, insert, 0.9933774834437086, 0.0, 0.14285714285714285
nextInt,SIMPLE_NAME, line no: 64,b.value,QUALIFIED_NAME, line no: 64, 0.0010048365191317478, insert, 0.9933774834437086, 0.0, 0.14285714285714285
nextInt,SIMPLE_NAME, line no: 64,c.value,QUALIFIED_NAME, line no: 65, 0.0010048365191317478, insert, 0.9933774834437086, 0.0, 0.14285714285714285
nextInt,SIMPLE_NAME, line no: 65,a.value,QUALIFIED_NAME, line no: 63, 0.0010048365191317478, insert, 0.9933774834437086, 0.0, 0.14285714285714285
nextInt,SIMPLE_NAME, line no: 65,b.value,QUALIFIED_NAME, line no: 64, 0.0010048365191317478, insert, 0.9933774834437086, 0.0, 0.14285714285714285
nextInt,SIMPLE_NAME, line no: 65,c.value,QUALIFIED_NAME, line no: 65, 0.0010048365191317478, insert, 0.9933774834437086, 0.0, 0.14285714285714285
format,SIMPLE_NAME, line no: 62,a.value,QUALIFIED_NAME, line no: 63, 9.993987557930114E-4, insert, 0.9868421052631579, 0.0, 0.14285714285714285
format,SIMPLE_NAME, line no: 62,b.value,QUALIFIED_NAME, line no: 64, 9.993987557930114E-4, insert, 0.9868421052631579, 0.0, 0.14285714285714285
format,SIMPLE_NAME, line no: 62,c.value,QUALIFIED_NAME, line no: 65, 9.993987557930114E-4, insert, 0.9868421052631579, 0.0, 0.14285714285714285
String,SIMPLE_NAME, line no: 73,true,BOOLEAN_LITERAL, line no: 75, 9.970205614730319E-4, insert, 1.0, 0.0, 0.3333333333333333
"Please enter 3 numbers separated by spaces > ",STRING_LITERAL, line no: 62,Scanner,SIMPLE_NAME, line no: 44, 9.881629931797421E-4, insert, 0.006578947368421052, 0.0, 0.10638297872340426
value,SIMPLE_NAME, line no: 73,mainClass.scanner,QUALIFIED_NAME, line no: 51, 9.878697678341471E-4, insert, 0.6666666666666666, 0.0, 0.17647058823529413
value,SIMPLE_NAME, line no: 73,System.out,QUALIFIED_NAME, line no: 56, 9.840569371512785E-4, insert, 0.7777777777777778, 0.0, 0.1
String,SIMPLE_NAME, line no: 73,java.util.Scanner,QUALIFIED_NAME, line no: 51, 9.670725095639546E-4, insert, 0.6470588235294118, 0.0, 0.17647058823529413
c.value,QUALIFIED_NAME, line no: 73,mainClass.scanner,QUALIFIED_NAME, line no: 51, 9.670725095639546E-4, insert, 0.6470588235294118, 0.0, 0.17647058823529413
c.value,QUALIFIED_NAME, line no: 73,true,BOOLEAN_LITERAL, line no: 75, 9.49543391879078E-4, insert, 1.0, 0.0, 0.2857142857142857
output+=(String.format("Please enter 3 numbers separated by spaces > ")); ,EXPRESSION_STATEMENT, line no: 61,if ((b.value > a.value && b.value < c.value) || (b.value < a.value && b.value > c.value)) {   output+=(String.format("%d is the median\n" b.value)); }  else {   output+=(String.format("%d is the median\n" c.value)); } ,IF_STATEMENT, line no: 69, 9.345680507869929E-4, insert, 1.0, 1.0, 0.22477064220183487
"Please enter 3 numbers separated by spaces > ",STRING_LITERAL, line no: 62,a.value,QUALIFIED_NAME, line no: 63, 9.007666540325984E-4, insert, 0.9868421052631579, 0.0, 0.06382978723404255
"Please enter 3 numbers separated by spaces > ",STRING_LITERAL, line no: 62,b.value,QUALIFIED_NAME, line no: 64, 9.007666540325984E-4, insert, 0.9868421052631579, 0.0, 0.06382978723404255
"Please enter 3 numbers separated by spaces > ",STRING_LITERAL, line no: 62,c.value,QUALIFIED_NAME, line no: 65, 9.007666540325984E-4, insert, 0.9868421052631579, 0.0, 0.06382978723404255
value,SIMPLE_NAME, line no: 73,System.in,QUALIFIED_NAME, line no: 53, 8.838834764831843E-4, insert, 0.6666666666666666, 0.0, 0.1111111111111111
String,SIMPLE_NAME, line no: 73,mainClass.scanner,QUALIFIED_NAME, line no: 51, 8.734848473480882E-4, insert, 0.6470588235294118, 0.0, 0.11764705882352941
format,SIMPLE_NAME, line no: 73,mainClass.scanner,QUALIFIED_NAME, line no: 51, 8.734848473480882E-4, insert, 0.6470588235294118, 0.0, 0.11764705882352941
format,SIMPLE_NAME, line no: 73,java.util.Scanner,QUALIFIED_NAME, line no: 51, 8.734848473480882E-4, insert, 0.6470588235294118, 0.0, 0.11764705882352941
output+=(String.format("Please enter 3 numbers separated by spaces > ")); ,EXPRESSION_STATEMENT, line no: 61,if (true) return; ,IF_STATEMENT, line no: 75, 8.689303614382238E-4, insert, 1.0, 0.0, 0.16216216216216217
format,SIMPLE_NAME, line no: 73,System.in,QUALIFIED_NAME, line no: 53, 8.630862182129917E-4, insert, 0.6470588235294118, 0.0, 0.1111111111111111
c.value,QUALIFIED_NAME, line no: 73,System.in,QUALIFIED_NAME, line no: 53, 8.630862182129917E-4, insert, 0.6470588235294118, 0.0, 0.1111111111111111
output+=(String.format("Please enter 3 numbers separated by spaces > ")); ,EXPRESSION_STATEMENT, line no: 61,if ((a.value > b.value && a.value < c.value) || (a.value < b.value && a.value > c.value)) {   output+=(String.format("%d is the median\n" a.value)); }  else if ((b.value > a.value && b.value < c.value) || (b.value < a.value && b.value > c.value)) {   output+=(String.format("%d is the median\n" b.value)); }  else {   output+=(String.format("%d is the median\n" c.value)); } ,IF_STATEMENT, line no: 66, 8.582765196153726E-4, insert, 1.0, 1.0, 0.152
"%d is the median\n",STRING_LITERAL, line no: 73,java.util,QUALIFIED_NAME, line no: 44, 8.454085486833281E-4, insert, 0.058823529411764705, 0.0, 0.1
format,SIMPLE_NAME, line no: 73,true,BOOLEAN_LITERAL, line no: 75, 8.308504678941933E-4, insert, 1.0, 0.0, 0.16666666666666666
c,SIMPLE_NAME, line no: 73,mainClass.scanner,QUALIFIED_NAME, line no: 51, 8.00694443402414E-4, insert, 0.6666666666666666, 0.0, 0.058823529411764705
c,SIMPLE_NAME, line no: 73,java.util.Scanner,QUALIFIED_NAME, line no: 51, 8.00694443402414E-4, insert, 0.6666666666666666, 0.0, 0.058823529411764705
a.value=scanner.nextInt(); ,EXPRESSION_STATEMENT, line no: 63,if ((b.value > a.value && b.value < c.value) || (b.value < a.value && b.value > c.value)) {   output+=(String.format("%d is the median\n" b.value)); }  else {   output+=(String.format("%d is the median\n" c.value)); } ,IF_STATEMENT, line no: 69, 7.99913305905162E-4, insert, 1.0, 1.6666666666666665, 0.0963302752293578
b.value=scanner.nextInt(); ,EXPRESSION_STATEMENT, line no: 64,if ((b.value > a.value && b.value < c.value) || (b.value < a.value && b.value > c.value)) {   output+=(String.format("%d is the median\n" b.value)); }  else {   output+=(String.format("%d is the median\n" c.value)); } ,IF_STATEMENT, line no: 69, 7.99913305905162E-4, insert, 1.0, 1.6666666666666665, 0.0963302752293578
c.value=scanner.nextInt(); ,EXPRESSION_STATEMENT, line no: 65,if ((b.value > a.value && b.value < c.value) || (b.value < a.value && b.value > c.value)) {   output+=(String.format("%d is the median\n" b.value)); }  else {   output+=(String.format("%d is the median\n" c.value)); } ,IF_STATEMENT, line no: 69, 7.99913305905162E-4, insert, 1.0, 1.6666666666666665, 0.0963302752293578
String,SIMPLE_NAME, line no: 62,true,BOOLEAN_LITERAL, line no: 75, 7.684057455077912E-4, insert, 0.9736842105263158, 0.0, 0.3333333333333333
a.value=scanner.nextInt(); ,EXPRESSION_STATEMENT, line no: 63,if ((a.value > b.value && a.value < c.value) || (a.value < b.value && a.value > c.value)) {   output+=(String.format("%d is the median\n" a.value)); }  else if ((b.value > a.value && b.value < c.value) || (b.value < a.value && b.value > c.value)) {   output+=(String.format("%d is the median\n" b.value)); }  else {   output+=(String.format("%d is the median\n" c.value)); } ,IF_STATEMENT, line no: 66, 7.660187829791925E-4, insert, 1.0, 1.6666666666666665, 0.064
b.value=scanner.nextInt(); ,EXPRESSION_STATEMENT, line no: 64,if ((a.value > b.value && a.value < c.value) || (a.value < b.value && a.value > c.value)) {   output+=(String.format("%d is the median\n" a.value)); }  else if ((b.value > a.value && b.value < c.value) || (b.value < a.value && b.value > c.value)) {   output+=(String.format("%d is the median\n" b.value)); }  else {   output+=(String.format("%d is the median\n" c.value)); } ,IF_STATEMENT, line no: 66, 7.660187829791925E-4, insert, 1.0, 1.6666666666666665, 0.064
c.value=scanner.nextInt(); ,EXPRESSION_STATEMENT, line no: 65,if ((a.value > b.value && a.value < c.value) || (a.value < b.value && a.value > c.value)) {   output+=(String.format("%d is the median\n" a.value)); }  else if ((b.value > a.value && b.value < c.value) || (b.value < a.value && b.value > c.value)) {   output+=(String.format("%d is the median\n" b.value)); }  else {   output+=(String.format("%d is the median\n" c.value)); } ,IF_STATEMENT, line no: 66, 7.660187829791925E-4, insert, 1.0, 1.6666666666666665, 0.064
"%d is the median\n",STRING_LITERAL, line no: 73,true,BOOLEAN_LITERAL, line no: 75, 7.643824304626579E-4, insert, 1.0, 0.0, 0.1
"Please enter 3 numbers separated by spaces > ",STRING_LITERAL, line no: 62,java,SIMPLE_NAME, line no: 44, 6.785418290599705E-4, insert, 0.013157894736842105, 0.0, 0.0425531914893617
"Please enter 3 numbers separated by spaces > ",STRING_LITERAL, line no: 62,util,SIMPLE_NAME, line no: 44, 6.785418290599705E-4, insert, 0.013157894736842105, 0.0, 0.0425531914893617
String,SIMPLE_NAME, line no: 62,System.in,QUALIFIED_NAME, line no: 53, 6.532324679231316E-4, insert, 0.11842105263157894, 0.0, 0.4444444444444444
format,SIMPLE_NAME, line no: 62,true,BOOLEAN_LITERAL, line no: 75, 6.380511993948623E-4, insert, 0.9736842105263158, 0.0, 0.16666666666666666
nextInt,SIMPLE_NAME, line no: 63,args.length,QUALIFIED_NAME, line no: 50, 6.324283543657601E-4, insert, 0.3509933774834437, 0.0, 0.2727272727272727
nextInt,SIMPLE_NAME, line no: 64,args.length,QUALIFIED_NAME, line no: 50, 6.324283543657601E-4, insert, 0.3509933774834437, 0.0, 0.2727272727272727
nextInt,SIMPLE_NAME, line no: 65,args.length,QUALIFIED_NAME, line no: 50, 6.324283543657601E-4, insert, 0.3509933774834437, 0.0, 0.2727272727272727
String,SIMPLE_NAME, line no: 62,args.length,QUALIFIED_NAME, line no: 50, 6.305070113194066E-4, insert, 0.34868421052631576, 0.0, 0.2727272727272727
scanner,SIMPLE_NAME, line no: 63,true,BOOLEAN_LITERAL, line no: 75, 6.22791350870663E-4, insert, 0.9801324503311258, 0.0, 0.14285714285714285
nextInt,SIMPLE_NAME, line no: 63,true,BOOLEAN_LITERAL, line no: 75, 6.22791350870663E-4, insert, 0.9801324503311258, 0.0, 0.14285714285714285
scanner,SIMPLE_NAME, line no: 64,true,BOOLEAN_LITERAL, line no: 75, 6.22791350870663E-4, insert, 0.9801324503311258, 0.0, 0.14285714285714285
nextInt,SIMPLE_NAME, line no: 64,true,BOOLEAN_LITERAL, line no: 75, 6.22791350870663E-4, insert, 0.9801324503311258, 0.0, 0.14285714285714285
scanner,SIMPLE_NAME, line no: 65,true,BOOLEAN_LITERAL, line no: 75, 6.22791350870663E-4, insert, 0.9801324503311258, 0.0, 0.14285714285714285
nextInt,SIMPLE_NAME, line no: 65,true,BOOLEAN_LITERAL, line no: 75, 6.22791350870663E-4, insert, 0.9801324503311258, 0.0, 0.14285714285714285
scanner,SIMPLE_NAME, line no: 63,mainClass.scanner,QUALIFIED_NAME, line no: 51, 6.075879535396524E-4, insert, 0.09933774834437085, 1.0, 0.4117647058823529
scanner,SIMPLE_NAME, line no: 64,mainClass.scanner,QUALIFIED_NAME, line no: 51, 6.075879535396524E-4, insert, 0.09933774834437085, 1.0, 0.4117647058823529
scanner,SIMPLE_NAME, line no: 65,mainClass.scanner,QUALIFIED_NAME, line no: 51, 6.075879535396524E-4, insert, 0.09933774834437085, 1.0, 0.4117647058823529
"Please enter 3 numbers separated by spaces > ",STRING_LITERAL, line no: 62,true,BOOLEAN_LITERAL, line no: 75, 5.74260676828961E-4, insert, 0.9736842105263158, 0.0, 0.0851063829787234
"Please enter 3 numbers separated by spaces > ",STRING_LITERAL, line no: 62,in,SIMPLE_NAME, line no: 53, 5.44874921472942E-4, insert, 0.125, 0.0, 0.02127659574468085
scanner,SIMPLE_NAME, line no: 63,System.out,QUALIFIED_NAME, line no: 56, 5.416592313470862E-4, insert, 0.3509933774834437, 0.0, 0.2
nextInt,SIMPLE_NAME, line no: 63,System.out,QUALIFIED_NAME, line no: 56, 5.416592313470862E-4, insert, 0.3509933774834437, 0.0, 0.2
scanner,SIMPLE_NAME, line no: 64,System.out,QUALIFIED_NAME, line no: 56, 5.416592313470862E-4, insert, 0.3509933774834437, 0.0, 0.2
nextInt,SIMPLE_NAME, line no: 64,System.out,QUALIFIED_NAME, line no: 56, 5.416592313470862E-4, insert, 0.3509933774834437, 0.0, 0.2
scanner,SIMPLE_NAME, line no: 65,System.out,QUALIFIED_NAME, line no: 56, 5.416592313470862E-4, insert, 0.3509933774834437, 0.0, 0.2
nextInt,SIMPLE_NAME, line no: 65,System.out,QUALIFIED_NAME, line no: 56, 5.416592313470862E-4, insert, 0.3509933774834437, 0.0, 0.2
String,SIMPLE_NAME, line no: 62,System.out,QUALIFIED_NAME, line no: 56, 5.397378883007328E-4, insert, 0.34868421052631576, 0.0, 0.2
format,SIMPLE_NAME, line no: 62,System.out,QUALIFIED_NAME, line no: 56, 5.397378883007328E-4, insert, 0.34868421052631576, 0.0, 0.2
scanner,SIMPLE_NAME, line no: 63,java.util.Scanner,QUALIFIED_NAME, line no: 51, 5.396820179479975E-4, insert, 0.10596026490066225, 0.0, 0.35294117647058826
scanner,SIMPLE_NAME, line no: 64,java.util.Scanner,QUALIFIED_NAME, line no: 51, 5.396820179479975E-4, insert, 0.10596026490066225, 0.0, 0.35294117647058826
scanner,SIMPLE_NAME, line no: 65,java.util.Scanner,QUALIFIED_NAME, line no: 51, 5.396820179479975E-4, insert, 0.10596026490066225, 0.0, 0.35294117647058826
output+=(String.format("%d is the median\n" c.value)); ,EXPRESSION_STATEMENT, line no: 73,value=i; ,EXPRESSION_STATEMENT, line no: 7, 5.288466450902186E-4, insert, 0.3076923076923077, 0.3333333333333333, 0.12727272727272726
nextInt,SIMPLE_NAME, line no: 63,mainClass.output,QUALIFIED_NAME, line no: 56, 5.260582883282518E-4, insert, 0.3509933774834437, 0.0, 0.1875
nextInt,SIMPLE_NAME, line no: 64,mainClass.output,QUALIFIED_NAME, line no: 56, 5.260582883282518E-4, insert, 0.3509933774834437, 0.0, 0.1875
nextInt,SIMPLE_NAME, line no: 65,mainClass.output,QUALIFIED_NAME, line no: 56, 5.260582883282518E-4, insert, 0.3509933774834437, 0.0, 0.1875
format,SIMPLE_NAME, line no: 62,mainClass.output,QUALIFIED_NAME, line no: 56, 5.241369452818981E-4, insert, 0.34868421052631576, 0.0, 0.1875
scanner,SIMPLE_NAME, line no: 63,args.length,QUALIFIED_NAME, line no: 50, 5.189669505924179E-4, insert, 0.3509933774834437, 0.0, 0.18181818181818182
scanner,SIMPLE_NAME, line no: 64,args.length,QUALIFIED_NAME, line no: 50, 5.189669505924179E-4, insert, 0.3509933774834437, 0.0, 0.18181818181818182
scanner,SIMPLE_NAME, line no: 65,args.length,QUALIFIED_NAME, line no: 50, 5.189669505924179E-4, insert, 0.3509933774834437, 0.0, 0.18181818181818182
format,SIMPLE_NAME, line no: 62,args.length,QUALIFIED_NAME, line no: 50, 5.170456075460643E-4, insert, 0.34868421052631576, 0.0, 0.18181818181818182
output+=(String.format("Please enter 3 numbers separated by spaces > ")); ,EXPRESSION_STATEMENT, line no: 61,if (args.length > 0) {   mainClass.scanner=new java.util.Scanner(args[0]); }  else {   mainClass.scanner=new java.util.Scanner(System.in); } ,IF_STATEMENT, line no: 50, 4.7134046317145095E-4, insert, 0.34459459459459457, 0.0, 0.2198581560283688
"Please enter 3 numbers separated by spaces > ",STRING_LITERAL, line no: 62,mainClass.output,QUALIFIED_NAME, line no: 56, 4.494515797662008E-4, insert, 0.34868421052631576, 0.0, 0.1276595744680851
scanner,SIMPLE_NAME, line no: 63,mainClass.output,QUALIFIED_NAME, line no: 56, 4.4805357323407887E-4, insert, 0.3509933774834437, 0.0, 0.125
scanner,SIMPLE_NAME, line no: 64,mainClass.output,QUALIFIED_NAME, line no: 56, 4.4805357323407887E-4, insert, 0.3509933774834437, 0.0, 0.125
scanner,SIMPLE_NAME, line no: 65,mainClass.output,QUALIFIED_NAME, line no: 56, 4.4805357323407887E-4, insert, 0.3509933774834437, 0.0, 0.125
String,SIMPLE_NAME, line no: 62,mainClass.output,QUALIFIED_NAME, line no: 56, 4.461322301877254E-4, insert, 0.34868421052631576, 0.0, 0.125
"Please enter 3 numbers separated by spaces > ",STRING_LITERAL, line no: 62,args.length,QUALIFIED_NAME, line no: 50, 4.2289678313839726E-4, insert, 0.34868421052631576, 0.0, 0.10638297872340426
"Please enter 3 numbers separated by spaces > ",STRING_LITERAL, line no: 62,System.out,QUALIFIED_NAME, line no: 56, 4.2289678313839726E-4, insert, 0.34868421052631576, 0.0, 0.10638297872340426
a.value=scanner.nextInt(); ,EXPRESSION_STATEMENT, line no: 63,if (args.length > 0) {   mainClass.scanner=new java.util.Scanner(args[0]); }  else {   mainClass.scanner=new java.util.Scanner(System.in); } ,IF_STATEMENT, line no: 50, 3.9698703261360107E-4, insert, 0.34459459459459457, 0.5, 0.14893617021276595
b.value=scanner.nextInt(); ,EXPRESSION_STATEMENT, line no: 64,if (args.length > 0) {   mainClass.scanner=new java.util.Scanner(args[0]); }  else {   mainClass.scanner=new java.util.Scanner(System.in); } ,IF_STATEMENT, line no: 50, 3.895516895578161E-4, insert, 0.34459459459459457, 0.5, 0.14184397163120568
c.value=scanner.nextInt(); ,EXPRESSION_STATEMENT, line no: 65,if (args.length > 0) {   mainClass.scanner=new java.util.Scanner(args[0]); }  else {   mainClass.scanner=new java.util.Scanner(System.in); } ,IF_STATEMENT, line no: 50, 3.895516895578161E-4, insert, 0.34459459459459457, 0.5, 0.14184397163120568
String,SIMPLE_NAME, line no: 62,java.util,QUALIFIED_NAME, line no: 44, 3.8135638490484504E-4, insert, 0.006578947368421052, 0.0, 0.2222222222222222
format,SIMPLE_NAME, line no: 62,java.util,QUALIFIED_NAME, line no: 44, 3.8135638490484504E-4, insert, 0.006578947368421052, 0.0, 0.2222222222222222
scanner,SIMPLE_NAME, line no: 63,System.in,QUALIFIED_NAME, line no: 53, 3.765349014111655E-4, insert, 0.11920529801324503, 0.0, 0.2222222222222222
nextInt,SIMPLE_NAME, line no: 63,System.in,QUALIFIED_NAME, line no: 53, 3.765349014111655E-4, insert, 0.11920529801324503, 0.0, 0.2222222222222222
scanner,SIMPLE_NAME, line no: 64,System.in,QUALIFIED_NAME, line no: 53, 3.765349014111655E-4, insert, 0.11920529801324503, 0.0, 0.2222222222222222
nextInt,SIMPLE_NAME, line no: 64,System.in,QUALIFIED_NAME, line no: 53, 3.765349014111655E-4, insert, 0.11920529801324503, 0.0, 0.2222222222222222
scanner,SIMPLE_NAME, line no: 65,System.in,QUALIFIED_NAME, line no: 53, 3.765349014111655E-4, insert, 0.11920529801324503, 0.0, 0.2222222222222222
nextInt,SIMPLE_NAME, line no: 65,System.in,QUALIFIED_NAME, line no: 53, 3.765349014111655E-4, insert, 0.11920529801324503, 0.0, 0.2222222222222222
String,SIMPLE_NAME, line no: 62,java.util.Scanner,QUALIFIED_NAME, line no: 51, 3.1878087902262585E-4, insert, 0.10526315789473684, 0.0, 0.17647058823529413
"Please enter 3 numbers separated by spaces > ",STRING_LITERAL, line no: 62,mainClass.scanner,QUALIFIED_NAME, line no: 51, 2.789418329981992E-4, insert, 0.09868421052631579, 0.0, 0.14893617021276595
"Please enter 3 numbers separated by spaces > ",STRING_LITERAL, line no: 62,java.util.Scanner,QUALIFIED_NAME, line no: 51, 2.578610514647236E-4, insert, 0.10526315789473684, 0.0, 0.1276595744680851
nextInt,SIMPLE_NAME, line no: 63,java.util.Scanner,QUALIFIED_NAME, line no: 51, 2.460172081816998E-4, insert, 0.10596026490066225, 0.0, 0.11764705882352941
nextInt,SIMPLE_NAME, line no: 64,java.util.Scanner,QUALIFIED_NAME, line no: 51, 2.460172081816998E-4, insert, 0.10596026490066225, 0.0, 0.11764705882352941
nextInt,SIMPLE_NAME, line no: 65,java.util.Scanner,QUALIFIED_NAME, line no: 51, 2.460172081816998E-4, insert, 0.10596026490066225, 0.0, 0.11764705882352941
format,SIMPLE_NAME, line no: 62,java.util.Scanner,QUALIFIED_NAME, line no: 51, 2.453646765810514E-4, insert, 0.10526315789473684, 0.0, 0.11764705882352941
scanner,SIMPLE_NAME, line no: 63,java.util,QUALIFIED_NAME, line no: 44, 2.4337011920477766E-4, insert, 0.006622516556291391, 0.0, 0.1111111111111111
nextInt,SIMPLE_NAME, line no: 63,java.util,QUALIFIED_NAME, line no: 44, 2.4337011920477766E-4, insert, 0.006622516556291391, 0.0, 0.1111111111111111
scanner,SIMPLE_NAME, line no: 64,java.util,QUALIFIED_NAME, line no: 44, 2.4337011920477766E-4, insert, 0.006622516556291391, 0.0, 0.1111111111111111
nextInt,SIMPLE_NAME, line no: 64,java.util,QUALIFIED_NAME, line no: 44, 2.4337011920477766E-4, insert, 0.006622516556291391, 0.0, 0.1111111111111111
scanner,SIMPLE_NAME, line no: 65,java.util,QUALIFIED_NAME, line no: 44, 2.4337011920477766E-4, insert, 0.006622516556291391, 0.0, 0.1111111111111111
nextInt,SIMPLE_NAME, line no: 65,java.util,QUALIFIED_NAME, line no: 44, 2.4337011920477766E-4, insert, 0.006622516556291391, 0.0, 0.1111111111111111
nextInt,SIMPLE_NAME, line no: 63,mainClass.scanner,QUALIFIED_NAME, line no: 51, 2.405069413317803E-4, insert, 0.09933774834437085, 0.0, 0.11764705882352941
nextInt,SIMPLE_NAME, line no: 64,mainClass.scanner,QUALIFIED_NAME, line no: 51, 2.405069413317803E-4, insert, 0.09933774834437085, 0.0, 0.11764705882352941
nextInt,SIMPLE_NAME, line no: 65,mainClass.scanner,QUALIFIED_NAME, line no: 51, 2.405069413317803E-4, insert, 0.09933774834437085, 0.0, 0.11764705882352941
String,SIMPLE_NAME, line no: 62,mainClass.scanner,QUALIFIED_NAME, line no: 51, 2.398906614867235E-4, insert, 0.09868421052631579, 0.0, 0.11764705882352941
format,SIMPLE_NAME, line no: 62,mainClass.scanner,QUALIFIED_NAME, line no: 51, 2.398906614867235E-4, insert, 0.09868421052631579, 0.0, 0.11764705882352941
format,SIMPLE_NAME, line no: 62,System.in,QUALIFIED_NAME, line no: 53, 2.372073207542098E-4, insert, 0.11842105263157894, 0.0, 0.1111111111111111
"Please enter 3 numbers separated by spaces > ",STRING_LITERAL, line no: 62,System.in,QUALIFIED_NAME, line no: 53, 2.0475145820911662E-4, insert, 0.11842105263157894, 0.0, 0.0851063829787234
"Please enter 3 numbers separated by spaces > ",STRING_LITERAL, line no: 62,java.util,QUALIFIED_NAME, line no: 44, 1.8367067667564098E-4, insert, 0.006578947368421052, 0.0, 0.06382978723404255
