output+=(String.format("Please enter 4 numbers separated by spaces > ")); ,EXPRESSION_STATEMENT, line no: 63,output+=(String.format("Please enter 4 numbers separated by spaces > ")); ,EXPRESSION_STATEMENT, line no: 63, 0.05390718296294103, insert, 1.0, 1.0, 1.0
smallest.value=numbers[0]; ,EXPRESSION_STATEMENT, line no: 78,smallest.value=numbers[0]; ,EXPRESSION_STATEMENT, line no: 78, 0.05390718296294103, insert, 1.0, 3.0, 1.0
output+=(String.format("%d is the smallest\n" smallest.value)); ,EXPRESSION_STATEMENT, line no: 79,output+=(String.format("%d is the smallest\n" smallest.value)); ,EXPRESSION_STATEMENT, line no: 79, 0.05390718296294103, insert, 1.0, 3.0, 1.0
output+=(String.format("Please enter 4 numbers separated by spaces > ")); ,EXPRESSION_STATEMENT, line no: 63,output+=(String.format("%d is the smallest\n" smallest.value)); ,EXPRESSION_STATEMENT, line no: 79, 0.03992045441039417, insert, 1.0, 1.0, 0.5675675675675675
output+=(String.format("%d is the smallest\n" smallest.value)); ,EXPRESSION_STATEMENT, line no: 79,output+=(String.format("Please enter 4 numbers separated by spaces > ")); ,EXPRESSION_STATEMENT, line no: 63, 0.03992045441039417, insert, 1.0, 0.3333333333333333, 0.5675675675675675
smallest.value=numbers[0]; ,EXPRESSION_STATEMENT, line no: 78,output+=(String.format("%d is the smallest\n" smallest.value)); ,EXPRESSION_STATEMENT, line no: 79, 0.02964895062961757, insert, 1.0, 1.5, 0.25
output+=(String.format("%d is the smallest\n" smallest.value)); ,EXPRESSION_STATEMENT, line no: 79,smallest.value=numbers[0]; ,EXPRESSION_STATEMENT, line no: 78, 0.02964895062961757, insert, 1.0, 1.5, 0.25
output+=(String.format("Please enter 4 numbers separated by spaces > ")); ,EXPRESSION_STATEMENT, line no: 63,smallest.value=numbers[0]; ,EXPRESSION_STATEMENT, line no: 78, 0.028556237461449845, insert, 1.0, 0.0, 0.21621621621621623
smallest.value=numbers[0]; ,EXPRESSION_STATEMENT, line no: 78,output+=(String.format("Please enter 4 numbers separated by spaces > ")); ,EXPRESSION_STATEMENT, line no: 63, 0.028556237461449845, insert, 1.0, 0.0, 0.21621621621621623
smallest.value=numbers[0]; ,EXPRESSION_STATEMENT, line no: 78,temp.value=numbers[j.value - 1]; ,EXPRESSION_STATEMENT, line no: 72, 0.023569258176738283, insert, 0.22941176470588234, 1.6, 0.5757575757575758
smallest.value=numbers[0]; ,EXPRESSION_STATEMENT, line no: 78,numbers[j.value - 1]=numbers[j.value]; ,EXPRESSION_STATEMENT, line no: 73, 0.022362943592952187, insert, 0.22941176470588234, 1.5, 0.5384615384615384
String,SIMPLE_NAME, line no: 64,String,SIMPLE_NAME, line no: 49, 0.02070300400908042, insert, 0.3160919540229885, 0.0, 1.0
format,SIMPLE_NAME, line no: 64,format,SIMPLE_NAME, line no: 64, 0.02070300400908042, insert, 1.0, 0.0, 1.0
scanner,SIMPLE_NAME, line no: 66,scanner,SIMPLE_NAME, line no: 51, 0.02070300400908042, insert, 0.6363636363636364, 1.0, 1.0
nextInt,SIMPLE_NAME, line no: 66,nextInt,SIMPLE_NAME, line no: 66, 0.02070300400908042, insert, 1.0, 0.0, 1.0
String,SIMPLE_NAME, line no: 79,String,SIMPLE_NAME, line no: 49, 0.02070300400908042, insert, 0.3160919540229885, 0.0, 1.0
format,SIMPLE_NAME, line no: 79,format,SIMPLE_NAME, line no: 64, 0.02070300400908042, insert, 1.0, 0.0, 1.0
smallest,SIMPLE_NAME, line no: 79,smallest,SIMPLE_NAME, line no: 60, 0.02070300400908042, insert, 0.9714285714285714, 1.0, 1.0
value,SIMPLE_NAME, line no: 79,value,SIMPLE_NAME, line no: 7, 0.02070300400908042, insert, 0.03428571428571429, 1.0, 1.0
smallest.value=numbers[0]; ,EXPRESSION_STATEMENT, line no: 78,numbers[j.value]=temp.value; ,EXPRESSION_STATEMENT, line no: 74, 0.020561271165013047, insert, 0.22941176470588234, 1.6, 0.4827586206896552
smallest.value=numbers[0]; ,EXPRESSION_STATEMENT, line no: 78,numbers[i.value]=x.value; ,EXPRESSION_STATEMENT, line no: 67, 0.01918109176799026, insert, 0.11176470588235295, 1.6, 0.5185185185185185
smallest.value=numbers[0]; ,EXPRESSION_STATEMENT, line no: 78,mainClass.exec(); ,EXPRESSION_STATEMENT, line no: 55, 0.01775766027014528, insert, 0.3235294117647059, 0.0, 0.3333333333333333
smallest.value=numbers[0]; ,EXPRESSION_STATEMENT, line no: 78,x.value=scanner.nextInt(); ,EXPRESSION_STATEMENT, line no: 66, 0.016785216969637327, insert, 0.11176470588235295, 0.6000000000000001, 0.4444444444444444
output+=(String.format("%d is the smallest\n" smallest.value)); ,EXPRESSION_STATEMENT, line no: 79,System.out.println(mainClass.output); ,EXPRESSION_STATEMENT, line no: 56, 0.016578440642830948, insert, 0.3235294117647059, 0.5, 0.296875
scanner,SIMPLE_NAME, line no: 66,Scanner,SIMPLE_NAME, line no: 44, 0.015917114770617673, insert, 0.045454545454545456, 0.0, 0.8571428571428571
smallest.value=numbers[0]; ,EXPRESSION_STATEMENT, line no: 78,System.out.println(mainClass.output); ,EXPRESSION_STATEMENT, line no: 56, 0.01548788414538987, insert, 0.3235294117647059, 0.0, 0.2631578947368421
smallest.value,QUALIFIED_NAME, line no: 79,smallest,SIMPLE_NAME, line no: 60, 0.015379374406745456, insert, 0.9770114942528736, 0.5, 0.5714285714285714
output+=(String.format("Please enter 4 numbers separated by spaces > ")); ,EXPRESSION_STATEMENT, line no: 63,System.out.println(mainClass.output); ,EXPRESSION_STATEMENT, line no: 56, 0.014843758488364688, insert, 0.3235294117647059, 1.0, 0.24324324324324326
output+=(String.format("%d is the smallest\n" smallest.value)); ,EXPRESSION_STATEMENT, line no: 79,numbers[j.value - 1]=numbers[j.value]; ,EXPRESSION_STATEMENT, line no: 73, 0.014548993754814343, insert, 0.22941176470588234, 0.6000000000000001, 0.296875
output+=(String.format("%d is the smallest\n" smallest.value)); ,EXPRESSION_STATEMENT, line no: 79,temp.value=numbers[j.value - 1]; ,EXPRESSION_STATEMENT, line no: 72, 0.01404361391453677, insert, 0.22941176470588234, 0.6666666666666666, 0.28125
scanner,SIMPLE_NAME, line no: 66,numbers,SIMPLE_NAME, line no: 62, 0.013604831205967133, insert, 1.0, 0.0, 0.42857142857142855
nextInt,SIMPLE_NAME, line no: 66,IntObj,SIMPLE_NAME, line no: 60, 0.013604831205967133, insert, 1.0, 0.0, 0.42857142857142855
smallest.value=numbers[0]; ,EXPRESSION_STATEMENT, line no: 78,mainClass.scanner=new java.util.Scanner(args[0]); ,EXPRESSION_STATEMENT, line no: 51, 0.013546557977510828, insert, 0.08823529411764706, 0.0, 0.36
output+=(String.format("%d is the smallest\n" smallest.value)); ,EXPRESSION_STATEMENT, line no: 79,numbers[j.value]=temp.value; ,EXPRESSION_STATEMENT, line no: 74, 0.013538234074259196, insert, 0.22941176470588234, 0.6666666666666666, 0.265625
output+=(String.format("Please enter 4 numbers separated by spaces > ")); ,EXPRESSION_STATEMENT, line no: 63,temp.value=numbers[j.value - 1]; ,EXPRESSION_STATEMENT, line no: 72, 0.01325139686761517, insert, 0.22941176470588234, 0.0, 0.25675675675675674
output+=(String.format("Please enter 4 numbers separated by spaces > ")); ,EXPRESSION_STATEMENT, line no: 63,numbers[j.value - 1]=numbers[j.value]; ,EXPRESSION_STATEMENT, line no: 73, 0.01325139686761517, insert, 0.22941176470588234, 0.0, 0.25675675675675674
format,SIMPLE_NAME, line no: 64,smallest,SIMPLE_NAME, line no: 60, 0.012939377505675264, insert, 0.9770114942528736, 0.0, 0.375
scanner,SIMPLE_NAME, line no: 66,smallest,SIMPLE_NAME, line no: 60, 0.012939377505675264, insert, 1.0, 0.0, 0.375
format,SIMPLE_NAME, line no: 79,smallest,SIMPLE_NAME, line no: 60, 0.012939377505675264, insert, 0.9770114942528736, 0.0, 0.375
smallest,SIMPLE_NAME, line no: 79,value,SIMPLE_NAME, line no: 7, 0.012939377505675264, insert, 0.03428571428571429, 0.0, 0.375
value,SIMPLE_NAME, line no: 79,smallest,SIMPLE_NAME, line no: 60, 0.012939377505675264, insert, 0.9714285714285714, 0.0, 0.375
smallest,SIMPLE_NAME, line no: 79,format,SIMPLE_NAME, line no: 64, 0.01289205635365451, insert, 0.9942857142857143, 0.0, 0.375
nextInt,SIMPLE_NAME, line no: 66,length,SIMPLE_NAME, line no: 50, 0.012851994696546028, insert, 0.9090909090909091, 0.0, 0.42857142857142855
nextInt,SIMPLE_NAME, line no: 66,println,SIMPLE_NAME, line no: 56, 0.012851994696546028, insert, 0.9090909090909091, 0.0, 0.42857142857142855
"%d is the smallest\n",STRING_LITERAL, line no: 79,smallest,SIMPLE_NAME, line no: 60, 0.012798220660158805, insert, 0.9770114942528736, 0.0, 0.36363636363636365
smallest,SIMPLE_NAME, line no: 79,numbers,SIMPLE_NAME, line no: 62, 0.012797414049612996, insert, 0.9714285714285714, 0.0, 0.375
smallest.value,QUALIFIED_NAME, line no: 79,value,SIMPLE_NAME, line no: 7, 0.012717559605577973, insert, 0.034482758620689655, 0.5, 0.35714285714285715
output+=(String.format("%d is the smallest\n" smallest.value)); ,EXPRESSION_STATEMENT, line no: 79,mainClass.exec(); ,EXPRESSION_STATEMENT, line no: 55, 0.012535401920610369, insert, 0.3235294117647059, 0.0, 0.171875
format,SIMPLE_NAME, line no: 64,output,SIMPLE_NAME, line no: 49, 0.012326616180119147, insert, 0.3160919540229885, 0.0, 0.3333333333333333
format,SIMPLE_NAME, line no: 79,output,SIMPLE_NAME, line no: 49, 0.012326616180119147, insert, 0.3160919540229885, 0.0, 0.3333333333333333
output+=(String.format("Please enter 4 numbers separated by spaces > ")); ,EXPRESSION_STATEMENT, line no: 63,mainClass.exec(); ,EXPRESSION_STATEMENT, line no: 55, 0.012221246884762149, insert, 0.3235294117647059, 0.0, 0.16216216216216217
scanner,SIMPLE_NAME, line no: 66,value,SIMPLE_NAME, line no: 7, 0.01183028800518881, insert, 0.2727272727272727, 0.0, 0.2857142857142857
scanner,SIMPLE_NAME, line no: 66,nextInt,SIMPLE_NAME, line no: 66, 0.01183028800518881, insert, 1.0, 0.0, 0.2857142857142857
nextInt,SIMPLE_NAME, line no: 66,String,SIMPLE_NAME, line no: 49, 0.01183028800518881, insert, 0.9090909090909091, 0.0, 0.2857142857142857
nextInt,SIMPLE_NAME, line no: 66,output,SIMPLE_NAME, line no: 49, 0.01183028800518881, insert, 0.9090909090909091, 0.0, 0.2857142857142857
nextInt,SIMPLE_NAME, line no: 66,scanner,SIMPLE_NAME, line no: 51, 0.01183028800518881, insert, 0.6363636363636364, 0.0, 0.2857142857142857
nextInt,SIMPLE_NAME, line no: 66,numbers,SIMPLE_NAME, line no: 62, 0.01183028800518881, insert, 1.0, 0.0, 0.2857142857142857
value,SIMPLE_NAME, line no: 79,numbers,SIMPLE_NAME, line no: 62, 0.011688324549126546, insert, 0.9714285714285714, 0.0, 0.2857142857142857
output+=(String.format("Please enter 4 numbers separated by spaces > ")); ,EXPRESSION_STATEMENT, line no: 63,numbers[j.value]=temp.value; ,EXPRESSION_STATEMENT, line no: 74, 0.011503055798546814, insert, 0.22941176470588234, 0.0, 0.20270270270270271
nextInt,SIMPLE_NAME, line no: 66,smallest,SIMPLE_NAME, line no: 60, 0.011386652204994232, insert, 1.0, 0.0, 0.25
smallest.value=numbers[0]; ,EXPRESSION_STATEMENT, line no: 78,mainClass.scanner=new java.util.Scanner(System.in); ,EXPRESSION_STATEMENT, line no: 53, 0.011232695816486128, insert, 0.08823529411764706, 0.0, 0.28846153846153844
output+=(String.format("Please enter 4 numbers separated by spaces > ")); ,EXPRESSION_STATEMENT, line no: 63,mainClass.scanner=new java.util.Scanner(System.in); ,EXPRESSION_STATEMENT, line no: 53, 0.011081397070124444, insert, 0.08823529411764706, 0.0, 0.28378378378378377
scanner,SIMPLE_NAME, line no: 66,args,SIMPLE_NAME, line no: 50, 0.011077451495767705, insert, 0.9090909090909091, 0.0, 0.2857142857142857
scanner,SIMPLE_NAME, line no: 66,System,SIMPLE_NAME, line no: 53, 0.011077451495767705, insert, 0.6363636363636364, 0.0, 0.2857142857142857
scanner,SIMPLE_NAME, line no: 66,println,SIMPLE_NAME, line no: 56, 0.011077451495767705, insert, 0.9090909090909091, 0.0, 0.2857142857142857
nextInt,SIMPLE_NAME, line no: 66,exec,SIMPLE_NAME, line no: 55, 0.011077451495767705, insert, 0.9090909090909091, 0.0, 0.2857142857142857
smallest.value,QUALIFIED_NAME, line no: 79,format,SIMPLE_NAME, line no: 64, 0.010943016404799652, insert, 1.0, 0.0, 0.21428571428571427
smallest.value,QUALIFIED_NAME, line no: 79,numbers,SIMPLE_NAME, line no: 62, 0.010847830179470547, insert, 0.9770114942528736, 0.0, 0.21428571428571427
output+=(String.format("Please enter 4 numbers separated by spaces > ")); ,EXPRESSION_STATEMENT, line no: 63,mainClass.scanner=new java.util.Scanner(args[0]); ,EXPRESSION_STATEMENT, line no: 51, 0.010644311802857355, insert, 0.08823529411764706, 0.0, 0.2702702702702703
value,SIMPLE_NAME, line no: 79,temp,SIMPLE_NAME, line no: 61, 0.010528956324618043, insert, 0.9714285714285714, 0.0, 0.2
output+=(String.format("%d is the smallest\n" smallest.value)); ,EXPRESSION_STATEMENT, line no: 79,mainClass.scanner=new java.util.Scanner(System.in); ,EXPRESSION_STATEMENT, line no: 53, 0.010494063742234293, insert, 0.08823529411764706, 0.0, 0.265625
String,SIMPLE_NAME, line no: 64,format,SIMPLE_NAME, line no: 64, 0.01035150200454021, insert, 1.0, 0.0, 0.16666666666666666
format,SIMPLE_NAME, line no: 64,value,SIMPLE_NAME, line no: 7, 0.01035150200454021, insert, 0.034482758620689655, 0.0, 0.16666666666666666
format,SIMPLE_NAME, line no: 64,String,SIMPLE_NAME, line no: 49, 0.01035150200454021, insert, 0.3160919540229885, 0.0, 0.16666666666666666
String,SIMPLE_NAME, line no: 79,format,SIMPLE_NAME, line no: 64, 0.01035150200454021, insert, 1.0, 0.0, 0.16666666666666666
format,SIMPLE_NAME, line no: 79,value,SIMPLE_NAME, line no: 7, 0.01035150200454021, insert, 0.034482758620689655, 0.0, 0.16666666666666666
format,SIMPLE_NAME, line no: 79,String,SIMPLE_NAME, line no: 49, 0.01035150200454021, insert, 0.3160919540229885, 0.0, 0.16666666666666666
value,SIMPLE_NAME, line no: 79,format,SIMPLE_NAME, line no: 64, 0.010304180852519456, insert, 0.9942857142857143, 0.0, 0.16666666666666666
scanner,SIMPLE_NAME, line no: 66,mainClass,SIMPLE_NAME, line no: 48, 0.010288765628755117, insert, 0.9090909090909091, 0.0, 0.2222222222222222
String,SIMPLE_NAME, line no: 64,output,SIMPLE_NAME, line no: 49, 0.010256315779211106, insert, 0.3160919540229885, 0.0, 0.16666666666666666
String,SIMPLE_NAME, line no: 79,output,SIMPLE_NAME, line no: 49, 0.010256315779211106, insert, 0.3160919540229885, 0.0, 0.16666666666666666
value,SIMPLE_NAME, line no: 79,output,SIMPLE_NAME, line no: 49, 0.010209538548477944, insert, 0.3142857142857143, 0.0, 0.16666666666666666
String,SIMPLE_NAME, line no: 64,i,SIMPLE_NAME, line no: 7, 0.010208722666546552, insert, 0.034482758620689655, 0.0, 0.16666666666666666
String,SIMPLE_NAME, line no: 79,i,SIMPLE_NAME, line no: 7, 0.010208722666546552, insert, 0.034482758620689655, 0.0, 0.16666666666666666
String,SIMPLE_NAME, line no: 64,IntObj,SIMPLE_NAME, line no: 60, 0.010161129553881999, insert, 0.9770114942528736, 0.0, 0.16666666666666666
String,SIMPLE_NAME, line no: 64,temp,SIMPLE_NAME, line no: 61, 0.010161129553881999, insert, 0.9770114942528736, 0.0, 0.16666666666666666
format,SIMPLE_NAME, line no: 64,IntObj,SIMPLE_NAME, line no: 60, 0.010161129553881999, insert, 0.9770114942528736, 0.0, 0.16666666666666666
format,SIMPLE_NAME, line no: 64,temp,SIMPLE_NAME, line no: 61, 0.010161129553881999, insert, 0.9770114942528736, 0.0, 0.16666666666666666
String,SIMPLE_NAME, line no: 79,IntObj,SIMPLE_NAME, line no: 60, 0.010161129553881999, insert, 0.9770114942528736, 0.0, 0.16666666666666666
String,SIMPLE_NAME, line no: 79,temp,SIMPLE_NAME, line no: 61, 0.010161129553881999, insert, 0.9770114942528736, 0.0, 0.16666666666666666
format,SIMPLE_NAME, line no: 79,IntObj,SIMPLE_NAME, line no: 60, 0.010161129553881999, insert, 0.9770114942528736, 0.0, 0.16666666666666666
format,SIMPLE_NAME, line no: 79,temp,SIMPLE_NAME, line no: 61, 0.010161129553881999, insert, 0.9770114942528736, 0.0, 0.16666666666666666
smallest.value=numbers[0]; ,EXPRESSION_STATEMENT, line no: 78,value=i; ,EXPRESSION_STATEMENT, line no: 7, 0.010090860915415887, insert, 0.023529411764705882, 0.3333333333333333, 0.2962962962962963
scanner,SIMPLE_NAME, line no: 66,String,SIMPLE_NAME, line no: 49, 0.01005574480441049, insert, 0.9090909090909091, 0.0, 0.14285714285714285
scanner,SIMPLE_NAME, line no: 66,IntObj,SIMPLE_NAME, line no: 60, 0.01005574480441049, insert, 1.0, 0.0, 0.14285714285714285
scanner,SIMPLE_NAME, line no: 66,temp,SIMPLE_NAME, line no: 61, 0.01005574480441049, insert, 1.0, 0.0, 0.14285714285714285
scanner,SIMPLE_NAME, line no: 66,format,SIMPLE_NAME, line no: 64, 0.01005574480441049, insert, 1.0, 0.0, 0.14285714285714285
nextInt,SIMPLE_NAME, line no: 66,value,SIMPLE_NAME, line no: 7, 0.01005574480441049, insert, 0.2727272727272727, 0.0, 0.14285714285714285
nextInt,SIMPLE_NAME, line no: 66,x,SIMPLE_NAME, line no: 60, 0.01005574480441049, insert, 1.0, 0.0, 0.14285714285714285
nextInt,SIMPLE_NAME, line no: 66,temp,SIMPLE_NAME, line no: 61, 0.01005574480441049, insert, 1.0, 0.0, 0.14285714285714285
nextInt,SIMPLE_NAME, line no: 66,format,SIMPLE_NAME, line no: 64, 0.01005574480441049, insert, 1.0, 0.0, 0.14285714285714285
"Please enter 4 numbers separated by spaces > ",STRING_LITERAL, line no: 64,numbers,SIMPLE_NAME, line no: 62, 0.010036071055710251, insert, 0.9770114942528736, 0.0, 0.14893617021276595
output+=(String.format("%d is the smallest\n" smallest.value)); ,EXPRESSION_STATEMENT, line no: 79,numbers[i.value]=x.value; ,EXPRESSION_STATEMENT, line no: 67, 0.0099906657836833, insert, 0.11176470588235295, 0.6666666666666666, 0.234375
output+=(String.format("%d is the smallest\n" smallest.value)); ,EXPRESSION_STATEMENT, line no: 79,mainClass.scanner=new java.util.Scanner(args[0]); ,EXPRESSION_STATEMENT, line no: 51, 0.009988683901956721, insert, 0.08823529411764706, 0.0, 0.25
"%d is the smallest\n",STRING_LITERAL, line no: 79,value,SIMPLE_NAME, line no: 7, 0.009975083749829658, insert, 0.034482758620689655, 0.0, 0.13636363636363635
"%d is the smallest\n",STRING_LITERAL, line no: 79,format,SIMPLE_NAME, line no: 64, 0.009975083749829658, insert, 1.0, 0.0, 0.13636363636363635
String,SIMPLE_NAME, line no: 64,numbers,SIMPLE_NAME, line no: 62, 0.009960558579081385, insert, 0.9770114942528736, 0.0, 0.14285714285714285
format,SIMPLE_NAME, line no: 64,numbers,SIMPLE_NAME, line no: 62, 0.009960558579081385, insert, 0.9770114942528736, 0.0, 0.14285714285714285
String,SIMPLE_NAME, line no: 79,numbers,SIMPLE_NAME, line no: 62, 0.009960558579081385, insert, 0.9770114942528736, 0.0, 0.14285714285714285
format,SIMPLE_NAME, line no: 79,numbers,SIMPLE_NAME, line no: 62, 0.009960558579081385, insert, 0.9770114942528736, 0.0, 0.14285714285714285
smallest.value,QUALIFIED_NAME, line no: 79,output,SIMPLE_NAME, line no: 49, 0.009960558579081385, insert, 0.3160919540229885, 0.0, 0.14285714285714285
"%d is the smallest\n",STRING_LITERAL, line no: 79,numbers,SIMPLE_NAME, line no: 62, 0.009879897524500553, insert, 0.9770114942528736, 0.0, 0.13636363636363635
smallest.value,QUALIFIED_NAME, line no: 79,temp,SIMPLE_NAME, line no: 61, 0.00986537235375228, insert, 0.9770114942528736, 0.0, 0.14285714285714285
String,SIMPLE_NAME, line no: 64,smallest,SIMPLE_NAME, line no: 60, 0.0098339269043132, insert, 0.9770114942528736, 0.0, 0.125
String,SIMPLE_NAME, line no: 79,smallest,SIMPLE_NAME, line no: 60, 0.0098339269043132, insert, 0.9770114942528736, 0.0, 0.125
smallest,SIMPLE_NAME, line no: 79,String,SIMPLE_NAME, line no: 49, 0.009786605752292446, insert, 0.3142857142857143, 0.0, 0.125
"%d is the smallest\n",STRING_LITERAL, line no: 79,temp,SIMPLE_NAME, line no: 61, 0.009784711299171446, insert, 0.9770114942528736, 0.0, 0.13636363636363635
smallest,SIMPLE_NAME, line no: 79,output,SIMPLE_NAME, line no: 49, 0.009691963448250936, insert, 0.3142857142857143, 0.0, 0.125
"Please enter 4 numbers separated by spaces > ",STRING_LITERAL, line no: 64,smallest,SIMPLE_NAME, line no: 60, 0.009602669944637302, insert, 0.9770114942528736, 0.0, 0.10638297872340426
smallest,SIMPLE_NAME, line no: 79,IntObj,SIMPLE_NAME, line no: 60, 0.009597321144209425, insert, 0.9714285714285714, 0.0, 0.125
smallest,SIMPLE_NAME, line no: 79,temp,SIMPLE_NAME, line no: 61, 0.009597321144209425, insert, 0.9714285714285714, 0.0, 0.125
"%d is the smallest\n",STRING_LITERAL, line no: 79,String,SIMPLE_NAME, line no: 49, 0.00941045636776383, insert, 0.3160919540229885, 0.0, 0.09090909090909091
"Please enter 4 numbers separated by spaces > ",STRING_LITERAL, line no: 64,format,SIMPLE_NAME, line no: 64, 0.009338376276436276, insert, 1.0, 0.0, 0.0851063829787234
"%d is the smallest\n",STRING_LITERAL, line no: 79,output,SIMPLE_NAME, line no: 49, 0.009315270142434724, insert, 0.3160919540229885, 0.0, 0.09090909090909091
scanner,SIMPLE_NAME, line no: 66,smallest_c868b30a_000,SIMPLE_NAME, line no: 48, 0.009302908294989384, insert, 0.9090909090909091, 0.0, 0.14285714285714285
scanner,SIMPLE_NAME, line no: 66,length,SIMPLE_NAME, line no: 50, 0.009302908294989384, insert, 0.9090909090909091, 0.0, 0.14285714285714285
scanner,SIMPLE_NAME, line no: 66,exec,SIMPLE_NAME, line no: 55, 0.009302908294989384, insert, 0.9090909090909091, 0.0, 0.14285714285714285
nextInt,SIMPLE_NAME, line no: 66,System,SIMPLE_NAME, line no: 53, 0.009302908294989384, insert, 0.6363636363636364, 0.0, 0.14285714285714285
nextInt,SIMPLE_NAME, line no: 66,out,SIMPLE_NAME, line no: 56, 0.009302908294989384, insert, 0.9090909090909091, 0.0, 0.14285714285714285
smallest.value,QUALIFIED_NAME, line no: 79,String,SIMPLE_NAME, line no: 49, 0.00916847320402133, insert, 0.3160919540229885, 0.0, 0.07142857142857142
"Please enter 4 numbers separated by spaces > ",STRING_LITERAL, line no: 64,temp,SIMPLE_NAME, line no: 61, 0.009148003825778066, insert, 0.9770114942528736, 0.0, 0.0851063829787234
"Please enter 4 numbers separated by spaces > ",STRING_LITERAL, line no: 64,value,SIMPLE_NAME, line no: 7, 0.00907408260823525, insert, 0.034482758620689655, 0.0, 0.06382978723404255
"Please enter 4 numbers separated by spaces > ",STRING_LITERAL, line no: 64,String,SIMPLE_NAME, line no: 49, 0.00907408260823525, insert, 0.3160919540229885, 0.0, 0.06382978723404255
"Please enter 4 numbers separated by spaces > ",STRING_LITERAL, line no: 64,output,SIMPLE_NAME, line no: 49, 0.008978896382906144, insert, 0.3160919540229885, 0.0, 0.06382978723404255
smallest.value,QUALIFIED_NAME, line no: 79,IntObj,SIMPLE_NAME, line no: 60, 0.00897810075336312, insert, 0.9770114942528736, 0.0, 0.07142857142857142
nextInt,SIMPLE_NAME, line no: 66,mainClass,SIMPLE_NAME, line no: 48, 0.00890856536148309, insert, 0.9090909090909091, 0.0, 0.1111111111111111
"Please enter 4 numbers separated by spaces > ",STRING_LITERAL, line no: 64,IntObj,SIMPLE_NAME, line no: 60, 0.008883710157577038, insert, 0.9770114942528736, 0.0, 0.06382978723404255
nextInt,SIMPLE_NAME, line no: 66,Scanner,SIMPLE_NAME, line no: 44, 0.008818941967504388, insert, 0.045454545454545456, 0.0, 0.2857142857142857
nextInt,SIMPLE_NAME, line no: 66,smallest_c868b30a_000,SIMPLE_NAME, line no: 48, 0.008711393894729944, insert, 0.9090909090909091, 0.0, 0.09523809523809523
"%d is the smallest\n",STRING_LITERAL, line no: 79,i,SIMPLE_NAME, line no: 7, 0.00870304964770434, insert, 0.034482758620689655, 0.0, 0.045454545454545456
"%d is the smallest\n",STRING_LITERAL, line no: 79,IntObj,SIMPLE_NAME, line no: 60, 0.008655456535039787, insert, 0.9770114942528736, 0.0, 0.045454545454545456
output+=(String.format("Please enter 4 numbers separated by spaces > ")); ,EXPRESSION_STATEMENT, line no: 63,x.value=scanner.nextInt(); ,EXPRESSION_STATEMENT, line no: 66, 0.008529161921258969, insert, 0.11176470588235295, 0.0, 0.1891891891891892
output+=(String.format("%d is the smallest\n" smallest.value)); ,EXPRESSION_STATEMENT, line no: 79,x.value=scanner.nextInt(); ,EXPRESSION_STATEMENT, line no: 66, 0.008474526262850583, insert, 0.11176470588235295, 0.6000000000000001, 0.1875
smallest,SIMPLE_NAME, line no: 79,mainClass,SIMPLE_NAME, line no: 48, 0.008265427886291917, insert, 0.3142857142857143, 0.0, 0.4444444444444444
output+=(String.format("Please enter 4 numbers separated by spaces > ")); ,EXPRESSION_STATEMENT, line no: 63,numbers[i.value]=x.value; ,EXPRESSION_STATEMENT, line no: 67, 0.00809207665399188, insert, 0.11176470588235295, 0.0, 0.17567567567567569
String,SIMPLE_NAME, line no: 64,println,SIMPLE_NAME, line no: 56, 0.00803643702421447, insert, 0.3275862068965517, 0.0, 0.42857142857142855
String,SIMPLE_NAME, line no: 79,println,SIMPLE_NAME, line no: 56, 0.00803643702421447, insert, 0.3275862068965517, 0.0, 0.42857142857142855
smallest.value,QUALIFIED_NAME, line no: 79,smallest_c868b30a_000,SIMPLE_NAME, line no: 48, 0.007988843911549916, insert, 0.3160919540229885, 0.0, 0.42857142857142855
smallest,SIMPLE_NAME, line no: 79,length,SIMPLE_NAME, line no: 50, 0.007402802719246898, insert, 0.3314285714285714, 0.0, 0.375
smallest,SIMPLE_NAME, line no: 79,smallest_c868b30a_000,SIMPLE_NAME, line no: 48, 0.007382099715237818, insert, 0.3142857142857143, 0.0, 0.38095238095238093
"%d is the smallest\n",STRING_LITERAL, line no: 79,smallest_c868b30a_000,SIMPLE_NAME, line no: 48, 0.007182233365741587, insert, 0.3160919540229885, 0.0, 0.36363636363636365
scanner,SIMPLE_NAME, line no: 66,java,SIMPLE_NAME, line no: 44, 0.007044398766726066, insert, 0.09090909090909091, 0.0, 0.14285714285714285
scanner,SIMPLE_NAME, line no: 66,in,SIMPLE_NAME, line no: 53, 0.007044398766726066, insert, 0.6363636363636364, 0.0, 0.14285714285714285
nextInt,SIMPLE_NAME, line no: 66,util,SIMPLE_NAME, line no: 44, 0.007044398766726066, insert, 0.09090909090909091, 0.0, 0.14285714285714285
nextInt,SIMPLE_NAME, line no: 66,in,SIMPLE_NAME, line no: 53, 0.007044398766726066, insert, 0.6363636363636364, 0.0, 0.14285714285714285
String,SIMPLE_NAME, line no: 64,args,SIMPLE_NAME, line no: 50, 0.00690100133636014, insert, 0.3333333333333333, 0.0, 0.3333333333333333
String,SIMPLE_NAME, line no: 64,length,SIMPLE_NAME, line no: 50, 0.00690100133636014, insert, 0.3333333333333333, 0.0, 0.3333333333333333
String,SIMPLE_NAME, line no: 64,System,SIMPLE_NAME, line no: 53, 0.00690100133636014, insert, 0.10919540229885058, 0.0, 0.3333333333333333
format,SIMPLE_NAME, line no: 64,out,SIMPLE_NAME, line no: 56, 0.00690100133636014, insert, 0.3333333333333333, 0.0, 0.3333333333333333
String,SIMPLE_NAME, line no: 79,args,SIMPLE_NAME, line no: 50, 0.00690100133636014, insert, 0.3333333333333333, 0.0, 0.3333333333333333
String,SIMPLE_NAME, line no: 79,length,SIMPLE_NAME, line no: 50, 0.00690100133636014, insert, 0.3333333333333333, 0.0, 0.3333333333333333
String,SIMPLE_NAME, line no: 79,System,SIMPLE_NAME, line no: 53, 0.00690100133636014, insert, 0.10919540229885058, 0.0, 0.3333333333333333
format,SIMPLE_NAME, line no: 79,out,SIMPLE_NAME, line no: 56, 0.00690100133636014, insert, 0.3333333333333333, 0.0, 0.3333333333333333
value,SIMPLE_NAME, line no: 79,length,SIMPLE_NAME, line no: 50, 0.006885227619019887, insert, 0.3314285714285714, 0.0, 0.3333333333333333
smallest.value,QUALIFIED_NAME, line no: 79,mainClass,SIMPLE_NAME, line no: 48, 0.006309486936100699, insert, 0.3160919540229885, 0.0, 0.2857142857142857
format,SIMPLE_NAME, line no: 64,println,SIMPLE_NAME, line no: 56, 0.006261893823436147, insert, 0.3275862068965517, 0.0, 0.2857142857142857
format,SIMPLE_NAME, line no: 79,println,SIMPLE_NAME, line no: 56, 0.006261893823436147, insert, 0.3275862068965517, 0.0, 0.2857142857142857
value,SIMPLE_NAME, line no: 79,java,SIMPLE_NAME, line no: 44, 0.005915144002594405, insert, 0.011428571428571429, 0.0, 0.4
smallest,SIMPLE_NAME, line no: 79,args,SIMPLE_NAME, line no: 50, 0.005850077418565868, insert, 0.3314285714285714, 0.0, 0.25
smallest,SIMPLE_NAME, line no: 79,System,SIMPLE_NAME, line no: 53, 0.005850077418565868, insert, 0.10857142857142857, 0.0, 0.25
smallest,SIMPLE_NAME, line no: 79,scanner,SIMPLE_NAME, line no: 51, 0.005699241246499709, insert, 0.10285714285714286, 0.0, 0.375
String,SIMPLE_NAME, line no: 64,mainClass,SIMPLE_NAME, line no: 48, 0.0055208010690881125, insert, 0.3160919540229885, 0.0, 0.2222222222222222
format,SIMPLE_NAME, line no: 64,mainClass,SIMPLE_NAME, line no: 48, 0.0055208010690881125, insert, 0.3160919540229885, 0.0, 0.2222222222222222
String,SIMPLE_NAME, line no: 79,mainClass,SIMPLE_NAME, line no: 48, 0.0055208010690881125, insert, 0.3160919540229885, 0.0, 0.2222222222222222
format,SIMPLE_NAME, line no: 79,mainClass,SIMPLE_NAME, line no: 48, 0.0055208010690881125, insert, 0.3160919540229885, 0.0, 0.2222222222222222
value,SIMPLE_NAME, line no: 79,mainClass,SIMPLE_NAME, line no: 48, 0.00550502735174786, insert, 0.3142857142857143, 0.0, 0.2222222222222222
smallest.value,QUALIFIED_NAME, line no: 79,length,SIMPLE_NAME, line no: 50, 0.005422215335711538, insert, 0.3333333333333333, 0.0, 0.21428571428571427
smallest.value,QUALIFIED_NAME, line no: 79,System,SIMPLE_NAME, line no: 53, 0.005422215335711538, insert, 0.10919540229885058, 0.0, 0.21428571428571427
value,SIMPLE_NAME, line no: 79,args,SIMPLE_NAME, line no: 50, 0.005228987298293454, insert, 0.3314285714285714, 0.0, 0.2
value,SIMPLE_NAME, line no: 79,out,SIMPLE_NAME, line no: 56, 0.005228987298293454, insert, 0.3314285714285714, 0.0, 0.2
value,SIMPLE_NAME, line no: 79,exec,SIMPLE_NAME, line no: 55, 0.0051816661462727, insert, 0.32571428571428573, 0.0, 0.2
String,SIMPLE_NAME, line no: 64,util,SIMPLE_NAME, line no: 44, 0.005092463055107138, insert, 0.011494252873563218, 0.0, 0.3333333333333333
String,SIMPLE_NAME, line no: 79,util,SIMPLE_NAME, line no: 44, 0.005092463055107138, insert, 0.011494252873563218, 0.0, 0.3333333333333333
String,SIMPLE_NAME, line no: 64,in,SIMPLE_NAME, line no: 53, 0.005044869942442585, insert, 0.10919540229885058, 0.0, 0.3333333333333333
String,SIMPLE_NAME, line no: 79,in,SIMPLE_NAME, line no: 53, 0.005044869942442585, insert, 0.10919540229885058, 0.0, 0.3333333333333333
"%d is the smallest\n",STRING_LITERAL, line no: 79,mainClass,SIMPLE_NAME, line no: 48, 0.005018910062807375, insert, 0.3160919540229885, 0.0, 0.18181818181818182
"%d is the smallest\n",STRING_LITERAL, line no: 79,System,SIMPLE_NAME, line no: 53, 0.005018910062807375, insert, 0.10919540229885058, 0.0, 0.18181818181818182
"%d is the smallest\n",STRING_LITERAL, line no: 79,println,SIMPLE_NAME, line no: 56, 0.004971316950142823, insert, 0.3275862068965517, 0.0, 0.18181818181818182
smallest.value,QUALIFIED_NAME, line no: 79,smallest.value,QUALIFIED_NAME, line no: 78, 0.004960783708246107, insert, 0.9885057471264368, 2.0, 1.0
String,SIMPLE_NAME, line no: 64,out,SIMPLE_NAME, line no: 56, 0.004830700935452098, insert, 0.3333333333333333, 0.0, 0.16666666666666666
format,SIMPLE_NAME, line no: 64,args,SIMPLE_NAME, line no: 50, 0.004830700935452098, insert, 0.3333333333333333, 0.0, 0.16666666666666666
format,SIMPLE_NAME, line no: 64,length,SIMPLE_NAME, line no: 50, 0.004830700935452098, insert, 0.3333333333333333, 0.0, 0.16666666666666666
format,SIMPLE_NAME, line no: 64,System,SIMPLE_NAME, line no: 53, 0.004830700935452098, insert, 0.10919540229885058, 0.0, 0.16666666666666666
String,SIMPLE_NAME, line no: 79,out,SIMPLE_NAME, line no: 56, 0.004830700935452098, insert, 0.3333333333333333, 0.0, 0.16666666666666666
format,SIMPLE_NAME, line no: 79,args,SIMPLE_NAME, line no: 50, 0.004830700935452098, insert, 0.3333333333333333, 0.0, 0.16666666666666666
format,SIMPLE_NAME, line no: 79,length,SIMPLE_NAME, line no: 50, 0.004830700935452098, insert, 0.3333333333333333, 0.0, 0.16666666666666666
format,SIMPLE_NAME, line no: 79,System,SIMPLE_NAME, line no: 53, 0.004830700935452098, insert, 0.10919540229885058, 0.0, 0.16666666666666666
value,SIMPLE_NAME, line no: 79,System,SIMPLE_NAME, line no: 53, 0.0048149272181118455, insert, 0.10857142857142857, 0.0, 0.16666666666666666
String,SIMPLE_NAME, line no: 64,nextInt,SIMPLE_NAME, line no: 66, 0.004596134880176802, insert, 0.12643678160919541, 0.0, 0.2857142857142857
String,SIMPLE_NAME, line no: 79,nextInt,SIMPLE_NAME, line no: 66, 0.004596134880176802, insert, 0.12643678160919541, 0.0, 0.2857142857142857
value,SIMPLE_NAME, line no: 79,scanner,SIMPLE_NAME, line no: 51, 0.004590151746013259, insert, 0.10285714285714286, 0.0, 0.2857142857142857
temp.value=numbers[j.value - 1]; ,EXPRESSION_STATEMENT, line no: 72,temp.value=numbers[j.value - 1]; ,EXPRESSION_STATEMENT, line no: 72, 0.004545686450484948, insert, 1.0, 4.0, 1.0
numbers[j.value - 1]=numbers[j.value]; ,EXPRESSION_STATEMENT, line no: 73,numbers[j.value - 1]=numbers[j.value]; ,EXPRESSION_STATEMENT, line no: 73, 0.004545686450484948, insert, 1.0, 3.0, 1.0
numbers[j.value]=temp.value; ,EXPRESSION_STATEMENT, line no: 74,numbers[j.value]=temp.value; ,EXPRESSION_STATEMENT, line no: 74, 0.004545686450484948, insert, 1.0, 4.0, 1.0
smallest.value,QUALIFIED_NAME, line no: 79,args,SIMPLE_NAME, line no: 50, 0.004534943735322378, insert, 0.3333333333333333, 0.0, 0.14285714285714285
"Please enter 4 numbers separated by spaces > ",STRING_LITERAL, line no: 64,smallest_c868b30a_000,SIMPLE_NAME, line no: 48, 0.004515269986622137, insert, 0.3160919540229885, 0.0, 0.14893617021276595
smallest.value,QUALIFIED_NAME, line no: 79,exec,SIMPLE_NAME, line no: 55, 0.004487350622657826, insert, 0.3275862068965517, 0.0, 0.14285714285714285
smallest.value,QUALIFIED_NAME, line no: 79,println,SIMPLE_NAME, line no: 56, 0.004487350622657826, insert, 0.3275862068965517, 0.0, 0.14285714285714285
value,SIMPLE_NAME, line no: 79,println,SIMPLE_NAME, line no: 56, 0.004471848865961372, insert, 0.32571428571428573, 0.0, 0.14285714285714285
"%d is the smallest\n",STRING_LITERAL, line no: 79,length,SIMPLE_NAME, line no: 50, 0.004454282680741545, insert, 0.3333333333333333, 0.0, 0.13636363636363635
String,SIMPLE_NAME, line no: 64,Scanner,SIMPLE_NAME, line no: 44, 0.004453355542183145, insert, 0.005747126436781609, 0.0, 0.2857142857142857
String,SIMPLE_NAME, line no: 79,Scanner,SIMPLE_NAME, line no: 44, 0.004453355542183145, insert, 0.005747126436781609, 0.0, 0.2857142857142857
value,SIMPLE_NAME, line no: 79,Scanner,SIMPLE_NAME, line no: 44, 0.0044481882899509925, insert, 0.005714285714285714, 0.0, 0.2857142857142857
format,SIMPLE_NAME, line no: 64,smallest_c868b30a_000,SIMPLE_NAME, line no: 48, 0.004439757509993272, insert, 0.3160919540229885, 0.0, 0.14285714285714285
format,SIMPLE_NAME, line no: 79,smallest_c868b30a_000,SIMPLE_NAME, line no: 48, 0.004439757509993272, insert, 0.3160919540229885, 0.0, 0.14285714285714285
value,SIMPLE_NAME, line no: 79,smallest_c868b30a_000,SIMPLE_NAME, line no: 48, 0.004424527713940615, insert, 0.3142857142857143, 0.0, 0.14285714285714285
smallest,SIMPLE_NAME, line no: 79,out,SIMPLE_NAME, line no: 56, 0.004297352117884836, insert, 0.3314285714285714, 0.0, 0.125
smallest,SIMPLE_NAME, line no: 79,exec,SIMPLE_NAME, line no: 55, 0.004250030965864081, insert, 0.32571428571428573, 0.0, 0.125
smallest,SIMPLE_NAME, line no: 79,println,SIMPLE_NAME, line no: 56, 0.004250030965864081, insert, 0.32571428571428573, 0.0, 0.125
smallest,SIMPLE_NAME, line no: 79,nextInt,SIMPLE_NAME, line no: 66, 0.0041465159458186785, insert, 0.12571428571428572, 0.0, 0.25
"Please enter 4 numbers separated by spaces > ",STRING_LITERAL, line no: 64,mainClass,SIMPLE_NAME, line no: 48, 0.004081868875549189, insert, 0.3160919540229885, 0.0, 0.10638297872340426
value,SIMPLE_NAME, line no: 79,i.value,QUALIFIED_NAME, line no: 65, 0.0040650079072142385, insert, 0.9771428571428571, 1.0, 0.7142857142857143
value,SIMPLE_NAME, line no: 79,k.value,QUALIFIED_NAME, line no: 69, 0.0040650079072142385, insert, 0.9771428571428571, 1.0, 0.7142857142857143
output+=(String.format("%d is the smallest\n" smallest.value)); ,EXPRESSION_STATEMENT, line no: 79,value=i; ,EXPRESSION_STATEMENT, line no: 7, 0.004045020603947156, insert, 0.023529411764705882, 0.3333333333333333, 0.109375
smallest,SIMPLE_NAME, line no: 79,Scanner,SIMPLE_NAME, line no: 44, 0.004004552489756413, insert, 0.005714285714285714, 0.0, 0.25
"%d is the smallest\n",STRING_LITERAL, line no: 79,args,SIMPLE_NAME, line no: 50, 0.0038896552986757153, insert, 0.3333333333333333, 0.0, 0.09090909090909091
"%d is the smallest\n",STRING_LITERAL, line no: 79,exec,SIMPLE_NAME, line no: 55, 0.003842062186011163, insert, 0.3275862068965517, 0.0, 0.09090909090909091
"Please enter 4 numbers separated by spaces > ",STRING_LITERAL, line no: 64,length,SIMPLE_NAME, line no: 50, 0.0038175752073481626, insert, 0.3333333333333333, 0.0, 0.0851063829787234
"Please enter 4 numbers separated by spaces > ",STRING_LITERAL, line no: 64,System,SIMPLE_NAME, line no: 53, 0.0038175752073481626, insert, 0.10919540229885058, 0.0, 0.0851063829787234
smallest.value,QUALIFIED_NAME, line no: 79,scanner,SIMPLE_NAME, line no: 51, 0.0037088632797876416, insert, 0.10344827586206896, 0.0, 0.21428571428571427
smallest,SIMPLE_NAME, line no: 79,smallest.value,QUALIFIED_NAME, line no: 78, 0.003673814677649688, insert, 0.9828571428571429, 1.0, 0.5714285714285714
smallest.value,QUALIFIED_NAME, line no: 79,out,SIMPLE_NAME, line no: 56, 0.0036476721349332168, insert, 0.3333333333333333, 0.0, 0.07142857142857142
temp.value=numbers[j.value - 1]; ,EXPRESSION_STATEMENT, line no: 72,numbers[j.value - 1]=numbers[j.value]; ,EXPRESSION_STATEMENT, line no: 73, 0.0036365491603879588, insert, 1.0, 2.25, 0.6666666666666666
numbers[j.value - 1]=numbers[j.value]; ,EXPRESSION_STATEMENT, line no: 73,temp.value=numbers[j.value - 1]; ,EXPRESSION_STATEMENT, line no: 72, 0.0036365491603879588, insert, 1.0, 3.0, 0.6666666666666666
numbers[j.value - 1]=numbers[j.value]; ,EXPRESSION_STATEMENT, line no: 73,numbers[j.value]=temp.value; ,EXPRESSION_STATEMENT, line no: 74, 0.0036365491603879588, insert, 1.0, 3.0, 0.6666666666666666
numbers[j.value]=temp.value; ,EXPRESSION_STATEMENT, line no: 74,numbers[j.value - 1]=numbers[j.value]; ,EXPRESSION_STATEMENT, line no: 73, 0.0036365491603879588, insert, 1.0, 2.25, 0.6666666666666666
smallest.value,QUALIFIED_NAME, line no: 79,java,SIMPLE_NAME, line no: 44, 0.0036136770544585362, insert, 0.011494252873563218, 0.0, 0.21428571428571427
"Please enter 4 numbers separated by spaces > ",STRING_LITERAL, line no: 64,args,SIMPLE_NAME, line no: 50, 0.003553281539147136, insert, 0.3333333333333333, 0.0, 0.06382978723404255
"Please enter 4 numbers separated by spaces > ",STRING_LITERAL, line no: 64,exec,SIMPLE_NAME, line no: 55, 0.0035056884264825835, insert, 0.3275862068965517, 0.0, 0.06382978723404255
"Please enter 4 numbers separated by spaces > ",STRING_LITERAL, line no: 64,println,SIMPLE_NAME, line no: 56, 0.0035056884264825835, insert, 0.3275862068965517, 0.0, 0.06382978723404255
value,SIMPLE_NAME, line no: 79,util,SIMPLE_NAME, line no: 44, 0.0034307835215047554, insert, 0.011428571428571429, 0.0, 0.2
temp.value=numbers[j.value - 1]; ,EXPRESSION_STATEMENT, line no: 72,smallest.value=numbers[0]; ,EXPRESSION_STATEMENT, line no: 78, 0.0033886026267251432, insert, 1.0, 1.2000000000000002, 0.5757575757575758
"%d is the smallest\n",STRING_LITERAL, line no: 79,out,SIMPLE_NAME, line no: 56, 0.003325027916609886, insert, 0.3333333333333333, 0.0, 0.045454545454545456
temp.value=numbers[j.value - 1]; ,EXPRESSION_STATEMENT, line no: 72,numbers[j.value]=temp.value; ,EXPRESSION_STATEMENT, line no: 74, 0.0033059537821708714, insert, 1.0, 4.0, 0.5454545454545454
numbers[j.value]=temp.value; ,EXPRESSION_STATEMENT, line no: 74,temp.value=numbers[j.value - 1]; ,EXPRESSION_STATEMENT, line no: 72, 0.0033059537821708714, insert, 1.0, 4.0, 0.5454545454545454
"Please enter 4 numbers separated by spaces > ",STRING_LITERAL, line no: 64,out,SIMPLE_NAME, line no: 56, 0.0032889878709461097, insert, 0.3333333333333333, 0.0, 0.0425531914893617
numbers[j.value - 1]=numbers[j.value]; ,EXPRESSION_STATEMENT, line no: 73,smallest.value=numbers[0]; ,EXPRESSION_STATEMENT, line no: 78, 0.0032868809718891163, insert, 1.0, 1.5, 0.5384615384615384
String,SIMPLE_NAME, line no: 64,smallest_c868b30a_000,SIMPLE_NAME, line no: 48, 0.0032567287094743915, insert, 0.3160919540229885, 0.0, 0.047619047619047616
String,SIMPLE_NAME, line no: 79,smallest_c868b30a_000,SIMPLE_NAME, line no: 48, 0.0032567287094743915, insert, 0.3160919540229885, 0.0, 0.047619047619047616
smallest.value,QUALIFIED_NAME, line no: 79,i.value,QUALIFIED_NAME, line no: 65, 0.0032257312782684043, insert, 0.9827586206896551, 0.6666666666666666, 0.42857142857142855
smallest.value,QUALIFIED_NAME, line no: 79,k.value,QUALIFIED_NAME, line no: 69, 0.0032257312782684043, insert, 0.9827586206896551, 0.6666666666666666, 0.42857142857142855
numbers[j.value]=temp.value; ,EXPRESSION_STATEMENT, line no: 74,smallest.value=numbers[0]; ,EXPRESSION_STATEMENT, line no: 78, 0.00313495617274824, insert, 1.0, 1.2000000000000002, 0.4827586206896552
output+=(String.format("Please enter 4 numbers separated by spaces > ")); ,EXPRESSION_STATEMENT, line no: 63,value=i; ,EXPRESSION_STATEMENT, line no: 7, 0.003129873325606688, insert, 0.023529411764705882, 0.0, 0.08108108108108109
numbers[j.value]=temp.value; ,EXPRESSION_STATEMENT, line no: 74,numbers[i.value]=x.value; ,EXPRESSION_STATEMENT, line no: 67, 0.003096372096775954, insert, 0.46153846153846156, 1.3333333333333333, 0.8275862068965517
"%d is the smallest\n",STRING_LITERAL, line no: 79,smallest.value,QUALIFIED_NAME, line no: 78, 0.0030666662923703202, insert, 0.9885057471264368, 0.0, 0.36363636363636365
smallest,SIMPLE_NAME, line no: 79,i.value,QUALIFIED_NAME, line no: 65, 0.0030551340808927093, insert, 0.9771428571428571, 0.0, 0.375
smallest,SIMPLE_NAME, line no: 79,k.value,QUALIFIED_NAME, line no: 69, 0.0030551340808927093, insert, 0.9771428571428571, 0.0, 0.375
value,SIMPLE_NAME, line no: 79,smallest.value,QUALIFIED_NAME, line no: 78, 0.0030359996294466174, insert, 0.9828571428571429, 1.0, 0.35714285714285715
format,SIMPLE_NAME, line no: 64,java,SIMPLE_NAME, line no: 44, 0.0030221626541990956, insert, 0.011494252873563218, 0.0, 0.16666666666666666
format,SIMPLE_NAME, line no: 64,util,SIMPLE_NAME, line no: 44, 0.0030221626541990956, insert, 0.011494252873563218, 0.0, 0.16666666666666666
format,SIMPLE_NAME, line no: 79,java,SIMPLE_NAME, line no: 44, 0.0030221626541990956, insert, 0.011494252873563218, 0.0, 0.16666666666666666
format,SIMPLE_NAME, line no: 79,util,SIMPLE_NAME, line no: 44, 0.0030221626541990956, insert, 0.011494252873563218, 0.0, 0.16666666666666666
value,SIMPLE_NAME, line no: 79,j.value,QUALIFIED_NAME, line no: 70, 0.0029197755539962797, insert, 0.4, 1.0, 0.7142857142857143
scanner,SIMPLE_NAME, line no: 66,i.value,QUALIFIED_NAME, line no: 65, 0.0028347335475692034, insert, 1.0, 0.0, 0.2857142857142857
scanner,SIMPLE_NAME, line no: 66,k.value,QUALIFIED_NAME, line no: 69, 0.0028347335475692034, insert, 1.0, 0.0, 0.2857142857142857
String,SIMPLE_NAME, line no: 64,scanner,SIMPLE_NAME, line no: 51, 0.002821591679398481, insert, 0.10344827586206896, 0.0, 0.14285714285714285
format,SIMPLE_NAME, line no: 64,scanner,SIMPLE_NAME, line no: 51, 0.002821591679398481, insert, 0.10344827586206896, 0.0, 0.14285714285714285
format,SIMPLE_NAME, line no: 64,nextInt,SIMPLE_NAME, line no: 66, 0.002821591679398481, insert, 0.12643678160919541, 0.0, 0.14285714285714285
String,SIMPLE_NAME, line no: 79,scanner,SIMPLE_NAME, line no: 51, 0.002821591679398481, insert, 0.10344827586206896, 0.0, 0.14285714285714285
format,SIMPLE_NAME, line no: 79,scanner,SIMPLE_NAME, line no: 51, 0.002821591679398481, insert, 0.10344827586206896, 0.0, 0.14285714285714285
format,SIMPLE_NAME, line no: 79,nextInt,SIMPLE_NAME, line no: 66, 0.002821591679398481, insert, 0.12643678160919541, 0.0, 0.14285714285714285
smallest.value,QUALIFIED_NAME, line no: 79,nextInt,SIMPLE_NAME, line no: 66, 0.002821591679398481, insert, 0.12643678160919541, 0.0, 0.14285714285714285
value,SIMPLE_NAME, line no: 79,nextInt,SIMPLE_NAME, line no: 66, 0.0028156085452349373, insert, 0.12571428571428572, 0.0, 0.14285714285714285
scanner,SIMPLE_NAME, line no: 66,x.value,QUALIFIED_NAME, line no: 66, 0.002744537480146547, insert, 0.9545454545454546, 0.0, 0.2857142857142857
"%d is the smallest\n",STRING_LITERAL, line no: 79,scanner,SIMPLE_NAME, line no: 51, 0.002740930624817648, insert, 0.10344827586206896, 0.0, 0.13636363636363635
"%d is the smallest\n",STRING_LITERAL, line no: 79,nextInt,SIMPLE_NAME, line no: 66, 0.002740930624817648, insert, 0.12643678160919541, 0.0, 0.13636363636363635
smallest.value,QUALIFIED_NAME, line no: 79,util,SIMPLE_NAME, line no: 44, 0.002726405454069375, insert, 0.011494252873563218, 0.0, 0.14285714285714285
format,SIMPLE_NAME, line no: 64,Scanner,SIMPLE_NAME, line no: 44, 0.002678812341404823, insert, 0.005747126436781609, 0.0, 0.14285714285714285
format,SIMPLE_NAME, line no: 79,Scanner,SIMPLE_NAME, line no: 44, 0.002678812341404823, insert, 0.005747126436781609, 0.0, 0.14285714285714285
smallest.value,QUALIFIED_NAME, line no: 79,Scanner,SIMPLE_NAME, line no: 44, 0.002678812341404823, insert, 0.005747126436781609, 0.0, 0.14285714285714285
scanner,SIMPLE_NAME, line no: 66,j.value,QUALIFIED_NAME, line no: 70, 0.0026543414127238904, insert, 0.9090909090909091, 0.0, 0.2857142857142857
numbers[j.value - 1]=numbers[j.value]; ,EXPRESSION_STATEMENT, line no: 73,output+=(String.format("%d is the smallest\n" smallest.value)); ,EXPRESSION_STATEMENT, line no: 79, 0.0026279749791866106, insert, 1.0, 0.6000000000000001, 0.296875
format,SIMPLE_NAME, line no: 64,smallest.value,QUALIFIED_NAME, line no: 78, 0.0026221285315015134, insert, 0.9885057471264368, 0.0, 0.21428571428571427
scanner,SIMPLE_NAME, line no: 66,smallest.value,QUALIFIED_NAME, line no: 78, 0.0026221285315015134, insert, 1.0, 0.0, 0.21428571428571427
format,SIMPLE_NAME, line no: 79,smallest.value,QUALIFIED_NAME, line no: 78, 0.0026221285315015134, insert, 0.9885057471264368, 0.0, 0.21428571428571427
nextInt,SIMPLE_NAME, line no: 66,args.length,QUALIFIED_NAME, line no: 50, 0.002615685955257038, insert, 0.9090909090909091, 0.0, 0.2727272727272727
temp.value=numbers[j.value - 1]; ,EXPRESSION_STATEMENT, line no: 72,output+=(String.format("%d is the smallest\n" smallest.value)); ,EXPRESSION_STATEMENT, line no: 79, 0.0025853591687133143, insert, 1.0, 0.5, 0.28125
numbers[j.value]=temp.value; ,EXPRESSION_STATEMENT, line no: 74,output+=(String.format("%d is the smallest\n" smallest.value)); ,EXPRESSION_STATEMENT, line no: 79, 0.0025427433582400176, insert, 1.0, 0.5, 0.265625
temp.value=numbers[j.value - 1]; ,EXPRESSION_STATEMENT, line no: 72,output+=(String.format("Please enter 4 numbers separated by spaces > ")); ,EXPRESSION_STATEMENT, line no: 63, 0.0025185560063497687, insert, 1.0, 0.0, 0.25675675675675674
numbers[j.value - 1]=numbers[j.value]; ,EXPRESSION_STATEMENT, line no: 73,output+=(String.format("Please enter 4 numbers separated by spaces > ")); ,EXPRESSION_STATEMENT, line no: 63, 0.0025185560063497687, insert, 1.0, 0.0, 0.25675675675675674
numbers[j.value - 1]=numbers[j.value]; ,EXPRESSION_STATEMENT, line no: 73,numbers[i.value]=x.value; ,EXPRESSION_STATEMENT, line no: 67, 0.0025176109571916636, insert, 0.46153846153846156, 1.6, 0.6153846153846154
smallest,SIMPLE_NAME, line no: 79,java,SIMPLE_NAME, line no: 44, 0.0024991483410961367, insert, 0.011428571428571429, 0.0, 0.125
smallest,SIMPLE_NAME, line no: 79,util,SIMPLE_NAME, line no: 44, 0.0024991483410961367, insert, 0.011428571428571429, 0.0, 0.125
"%d is the smallest\n",STRING_LITERAL, line no: 79,i.value,QUALIFIED_NAME, line no: 65, 0.0024912775863982018, insert, 0.9827586206896551, 0.0, 0.18181818181818182
scanner,SIMPLE_NAME, line no: 66,mainClass.scanner,QUALIFIED_NAME, line no: 51, 0.0024883503306603466, insert, 0.6363636363636364, 1.0, 0.4117647058823529
"Please enter 4 numbers separated by spaces > ",STRING_LITERAL, line no: 64,smallest.value,QUALIFIED_NAME, line no: 78, 0.002427617559354478, insert, 0.9885057471264368, 0.0, 0.14893617021276595
nextInt,SIMPLE_NAME, line no: 66,i.value,QUALIFIED_NAME, line no: 65, 0.002409523515433823, insert, 1.0, 0.0, 0.14285714285714285
nextInt,SIMPLE_NAME, line no: 66,k.value,QUALIFIED_NAME, line no: 69, 0.002409523515433823, insert, 1.0, 0.0, 0.14285714285714285
nextInt,SIMPLE_NAME, line no: 66,smallest.value,QUALIFIED_NAME, line no: 78, 0.002409523515433823, insert, 1.0, 0.0, 0.14285714285714285
scanner,SIMPLE_NAME, line no: 66,System.out,QUALIFIED_NAME, line no: 56, 0.0023992153934426627, insert, 0.9090909090909091, 0.0, 0.2
scanner,SIMPLE_NAME, line no: 66,temp.value,QUALIFIED_NAME, line no: 72, 0.0023992153934426627, insert, 0.9090909090909091, 0.0, 0.2
nextInt,SIMPLE_NAME, line no: 66,System.out,QUALIFIED_NAME, line no: 56, 0.0023992153934426627, insert, 0.9090909090909091, 0.0, 0.2
String,SIMPLE_NAME, line no: 64,i.value,QUALIFIED_NAME, line no: 65, 0.002375311213997643, insert, 0.9827586206896551, 0.0, 0.14285714285714285
format,SIMPLE_NAME, line no: 64,i.value,QUALIFIED_NAME, line no: 65, 0.002375311213997643, insert, 0.9827586206896551, 0.0, 0.14285714285714285
format,SIMPLE_NAME, line no: 64,k.value,QUALIFIED_NAME, line no: 69, 0.002375311213997643, insert, 0.9827586206896551, 0.0, 0.14285714285714285
String,SIMPLE_NAME, line no: 79,i.value,QUALIFIED_NAME, line no: 65, 0.002375311213997643, insert, 0.9827586206896551, 0.0, 0.14285714285714285
format,SIMPLE_NAME, line no: 79,i.value,QUALIFIED_NAME, line no: 65, 0.002375311213997643, insert, 0.9827586206896551, 0.0, 0.14285714285714285
format,SIMPLE_NAME, line no: 79,k.value,QUALIFIED_NAME, line no: 69, 0.002375311213997643, insert, 0.9827586206896551, 0.0, 0.14285714285714285
numbers[j.value]=temp.value; ,EXPRESSION_STATEMENT, line no: 74,output+=(String.format("Please enter 4 numbers separated by spaces > ")); ,EXPRESSION_STATEMENT, line no: 63, 0.002371128337685392, insert, 1.0, 0.0, 0.20270270270270271
"Please enter 4 numbers separated by spaces > ",STRING_LITERAL, line no: 64,scanner,SIMPLE_NAME, line no: 51, 0.0023685168196252927, insert, 0.10344827586206896, 0.0, 0.10638297872340426
value,SIMPLE_NAME, line no: 79,x.value,QUALIFIED_NAME, line no: 66, 0.0023641677786727156, insert, 0.12, 1.0, 0.7142857142857143
nextInt,SIMPLE_NAME, line no: 66,mainClass.output,QUALIFIED_NAME, line no: 56, 0.0023620095156308167, insert, 0.9090909090909091, 0.0, 0.1875
"%d is the smallest\n",STRING_LITERAL, line no: 79,k.value,QUALIFIED_NAME, line no: 69, 0.0023559834852642167, insert, 0.9827586206896551, 0.0, 0.13636363636363635
temp.value=numbers[j.value - 1]; ,EXPRESSION_STATEMENT, line no: 72,System.out.println(mainClass.output); ,EXPRESSION_STATEMENT, line no: 56, 0.00235320556330098, insert, 0.8205128205128205, 0.0, 0.3157894736842105
scanner,SIMPLE_NAME, line no: 66,args.length,QUALIFIED_NAME, line no: 50, 0.0023450977529890686, insert, 0.9090909090909091, 0.0, 0.18181818181818182
nextInt,SIMPLE_NAME, line no: 66,x.value,QUALIFIED_NAME, line no: 66, 0.0023193274480111667, insert, 0.9545454545454546, 0.0, 0.14285714285714285
smallest.value=numbers[0]; ,EXPRESSION_STATEMENT, line no: 78,if (true) return; ,IF_STATEMENT, line no: 80, 0.0023150323971815167, insert, 1.0, 0.0, 0.25925925925925924
scanner,SIMPLE_NAME, line no: 66,java.util.Scanner,QUALIFIED_NAME, line no: 51, 0.002313263846839896, insert, 0.6363636363636364, 0.0, 0.35294117647058826
temp.value=numbers[j.value - 1]; ,EXPRESSION_STATEMENT, line no: 72,numbers[i.value]=x.value; ,EXPRESSION_STATEMENT, line no: 67, 0.0022442340098198415, insert, 0.46153846153846156, 1.3333333333333333, 0.5151515151515151
nextInt,SIMPLE_NAME, line no: 66,j.value,QUALIFIED_NAME, line no: 70, 0.00222913138058851, insert, 0.9090909090909091, 0.0, 0.14285714285714285
"Please enter 4 numbers separated by spaces > ",STRING_LITERAL, line no: 64,Scanner,SIMPLE_NAME, line no: 44, 0.002225737481631634, insert, 0.005747126436781609, 0.0, 0.10638297872340426
numbers[j.value]=temp.value; ,EXPRESSION_STATEMENT, line no: 74,System.out.println(mainClass.output); ,EXPRESSION_STATEMENT, line no: 56, 0.002209657570127771, insert, 0.8205128205128205, 0.0, 0.2631578947368421
String,SIMPLE_NAME, line no: 64,smallest.value,QUALIFIED_NAME, line no: 78, 0.002196918499366133, insert, 0.9885057471264368, 0.0, 0.07142857142857142
String,SIMPLE_NAME, line no: 79,smallest.value,QUALIFIED_NAME, line no: 78, 0.002196918499366133, insert, 0.9885057471264368, 0.0, 0.07142857142857142
numbers[j.value - 1]=numbers[j.value]; ,EXPRESSION_STATEMENT, line no: 73,System.out.println(mainClass.output); ,EXPRESSION_STATEMENT, line no: 56, 0.0021912539812594107, insert, 0.8205128205128205, 0.0, 0.2564102564102564
scanner,SIMPLE_NAME, line no: 66,mainClass.output,QUALIFIED_NAME, line no: 56, 0.002175980126571588, insert, 0.9090909090909091, 0.0, 0.125
temp.value=numbers[j.value - 1]; ,EXPRESSION_STATEMENT, line no: 72,mainClass.exec(); ,EXPRESSION_STATEMENT, line no: 55, 0.0021531083606959006, insert, 0.8205128205128205, 0.0, 0.24242424242424243
numbers[j.value]=temp.value; ,EXPRESSION_STATEMENT, line no: 74,mainClass.exec(); ,EXPRESSION_STATEMENT, line no: 55, 0.0021502584005388572, insert, 0.8205128205128205, 0.0, 0.2413793103448276
"Please enter 4 numbers separated by spaces > ",STRING_LITERAL, line no: 64,i.value,QUALIFIED_NAME, line no: 65, 0.0021400886430291348, insert, 0.9827586206896551, 0.0, 0.06382978723404255
"Please enter 4 numbers separated by spaces > ",STRING_LITERAL, line no: 64,k.value,QUALIFIED_NAME, line no: 69, 0.0021400886430291348, insert, 0.9827586206896551, 0.0, 0.06382978723404255
"Please enter 4 numbers separated by spaces > ",STRING_LITERAL, line no: 64,nextInt,SIMPLE_NAME, line no: 66, 0.002104223151424266, insert, 0.12643678160919541, 0.0, 0.0851063829787234
nextInt,SIMPLE_NAME, line no: 66,temp.value,QUALIFIED_NAME, line no: 72, 0.002101568370947896, insert, 0.9090909090909091, 0.0, 0.1
output+=(String.format("%d is the smallest\n" smallest.value)); ,EXPRESSION_STATEMENT, line no: 79,if (true) return; ,IF_STATEMENT, line no: 80, 0.0020965512146975114, insert, 1.0, 0.0, 0.171875
"%d is the smallest\n",STRING_LITERAL, line no: 79,util,SIMPLE_NAME, line no: 44, 0.002081117017422713, insert, 0.011494252873563218, 0.0, 0.09090909090909091
smallest.value,QUALIFIED_NAME, line no: 79,j.value,QUALIFIED_NAME, line no: 70, 0.002073917129917009, insert, 0.40229885057471265, 0.6666666666666666, 0.42857142857142855
output+=(String.format("Please enter 4 numbers separated by spaces > ")); ,EXPRESSION_STATEMENT, line no: 63,if (true) return; ,IF_STATEMENT, line no: 80, 0.002072266837693293, insert, 1.0, 0.0, 0.16216216216216217
numbers[j.value - 1]=numbers[j.value]; ,EXPRESSION_STATEMENT, line no: 73,mainClass.exec(); ,EXPRESSION_STATEMENT, line no: 55, 0.002051386705859874, insert, 0.8205128205128205, 0.0, 0.20512820512820512
"%d is the smallest\n",STRING_LITERAL, line no: 79,Scanner,SIMPLE_NAME, line no: 44, 0.0020335239047581605, insert, 0.005747126436781609, 0.0, 0.09090909090909091
"%d is the smallest\n",STRING_LITERAL, line no: 79,in,SIMPLE_NAME, line no: 53, 0.0020335239047581605, insert, 0.10919540229885058, 0.0, 0.09090909090909091
temp.value=numbers[j.value - 1]; ,EXPRESSION_STATEMENT, line no: 72,x.value=scanner.nextInt(); ,EXPRESSION_STATEMENT, line no: 66, 0.001996287476157026, insert, 0.46153846153846156, 0.5, 0.42424242424242425
numbers[j.value]=temp.value; ,EXPRESSION_STATEMENT, line no: 74,x.value=scanner.nextInt(); ,EXPRESSION_STATEMENT, line no: 66, 0.0019677878745865875, insert, 0.46153846153846156, 0.5, 0.41379310344827586
smallest.value,QUALIFIED_NAME, line no: 79,temp.value,QUALIFIED_NAME, line no: 72, 0.001955803232101626, insert, 0.23563218390804597, 0.6666666666666666, 0.5
value,SIMPLE_NAME, line no: 79,true,BOOLEAN_LITERAL, line no: 80, 0.0019540763254577045, insert, 0.9714285714285714, 0.0, 0.4
value,SIMPLE_NAME, line no: 79,temp.value,QUALIFIED_NAME, line no: 72, 0.0019531314142751813, insert, 0.2342857142857143, 1.0, 0.5
scanner,SIMPLE_NAME, line no: 66,System.in,QUALIFIED_NAME, line no: 53, 0.0019241827716833385, insert, 0.6363636363636364, 0.0, 0.2222222222222222
nextInt,SIMPLE_NAME, line no: 66,System.in,QUALIFIED_NAME, line no: 53, 0.0019241827716833385, insert, 0.6363636363636364, 0.0, 0.2222222222222222
smallest,SIMPLE_NAME, line no: 79,j.value,QUALIFIED_NAME, line no: 70, 0.001909901727674751, insert, 0.4, 0.0, 0.375
String,SIMPLE_NAME, line no: 64,true,BOOLEAN_LITERAL, line no: 80, 0.0018366683957671947, insert, 0.9770114942528736, 0.0, 0.3333333333333333
String,SIMPLE_NAME, line no: 79,true,BOOLEAN_LITERAL, line no: 80, 0.0018366683957671947, insert, 0.9770114942528736, 0.0, 0.3333333333333333
numbers[j.value - 1]=numbers[j.value]; ,EXPRESSION_STATEMENT, line no: 73,x.value=scanner.nextInt(); ,EXPRESSION_STATEMENT, line no: 66, 0.0018182745801939794, insert, 0.46153846153846156, 0.6000000000000001, 0.358974358974359
smallest.value,QUALIFIED_NAME, line no: 79,mainClass.output,QUALIFIED_NAME, line no: 56, 0.0017662100616427949, insert, 0.3275862068965517, 0.0, 0.375
smallest,SIMPLE_NAME, line no: 79,args.length,QUALIFIED_NAME, line no: 50, 0.0017286720579176562, insert, 0.32571428571428573, 0.0, 0.36363636363636365
smallest.value,QUALIFIED_NAME, line no: 79,args.length,QUALIFIED_NAME, line no: 50, 0.0017130588076258724, insert, 0.3275862068965517, 0.0, 0.35714285714285715
smallest,SIMPLE_NAME, line no: 79,temp.value,QUALIFIED_NAME, line no: 72, 0.0016554843917804152, insert, 0.2342857142857143, 0.0, 0.4
smallest.value,QUALIFIED_NAME, line no: 79,true,BOOLEAN_LITERAL, line no: 80, 0.0016146142678742734, insert, 0.9770114942528736, 0.0, 0.21428571428571427
nextInt,SIMPLE_NAME, line no: 66,mainClass.scanner,QUALIFIED_NAME, line no: 51, 0.0016129179115580926, insert, 0.6363636363636364, 0.0, 0.11764705882352941
nextInt,SIMPLE_NAME, line no: 66,java.util.Scanner,QUALIFIED_NAME, line no: 51, 0.0016129179115580926, insert, 0.6363636363636364, 0.0, 0.11764705882352941
scanner,SIMPLE_NAME, line no: 66,java.util,QUALIFIED_NAME, line no: 44, 0.0015934638578002647, insert, 0.045454545454545456, 0.0, 0.1111111111111111
nextInt,SIMPLE_NAME, line no: 66,java.util,QUALIFIED_NAME, line no: 44, 0.0015934638578002647, insert, 0.045454545454545456, 0.0, 0.1111111111111111
smallest,SIMPLE_NAME, line no: 79,mainClass.output,QUALIFIED_NAME, line no: 56, 0.0015764661941419238, insert, 0.32571428571428573, 0.0, 0.3125
smallest,SIMPLE_NAME, line no: 79,System.out,QUALIFIED_NAME, line no: 56, 0.0015392603163300776, insert, 0.32571428571428573, 0.0, 0.3
String,SIMPLE_NAME, line no: 64,System.in,QUALIFIED_NAME, line no: 53, 0.0015281494641493755, insert, 0.10344827586206896, 0.0, 0.4444444444444444
String,SIMPLE_NAME, line no: 79,System.in,QUALIFIED_NAME, line no: 53, 0.0015281494641493755, insert, 0.10344827586206896, 0.0, 0.4444444444444444
format,SIMPLE_NAME, line no: 64,true,BOOLEAN_LITERAL, line no: 80, 0.0015257926167171053, insert, 0.9770114942528736, 0.0, 0.16666666666666666
format,SIMPLE_NAME, line no: 79,true,BOOLEAN_LITERAL, line no: 80, 0.0015257926167171053, insert, 0.9770114942528736, 0.0, 0.16666666666666666
numbers[j.value - 1]=numbers[j.value]; ,EXPRESSION_STATEMENT, line no: 73,mainClass.scanner=new java.util.Scanner(args[0]); ,EXPRESSION_STATEMENT, line no: 51, 0.0015254857503576155, insert, 0.358974358974359, 0.0, 0.32
"%d is the smallest\n",STRING_LITERAL, line no: 79,java,SIMPLE_NAME, line no: 44, 0.0015164896353568834, insert, 0.011494252873563218, 0.0, 0.045454545454545456
smallest.value,QUALIFIED_NAME, line no: 79,x.value,QUALIFIED_NAME, line no: 66, 0.0015151162064594018, insert, 0.1206896551724138, 0.6666666666666666, 0.42857142857142855
scanner,SIMPLE_NAME, line no: 66,true,BOOLEAN_LITERAL, line no: 80, 0.0015099680696718627, insert, 1.0, 0.0, 0.14285714285714285
nextInt,SIMPLE_NAME, line no: 66,true,BOOLEAN_LITERAL, line no: 80, 0.0015099680696718627, insert, 1.0, 0.0, 0.14285714285714285
smallest.value,QUALIFIED_NAME, line no: 79,System.out,QUALIFIED_NAME, line no: 56, 0.001500453791558182, insert, 0.3275862068965517, 0.0, 0.2857142857142857
"Please enter 4 numbers separated by spaces > ",STRING_LITERAL, line no: 64,java,SIMPLE_NAME, line no: 44, 0.001480449589693107, insert, 0.011494252873563218, 0.0, 0.0425531914893617
"Please enter 4 numbers separated by spaces > ",STRING_LITERAL, line no: 64,util,SIMPLE_NAME, line no: 44, 0.001480449589693107, insert, 0.011494252873563218, 0.0, 0.0425531914893617
temp.value=numbers[j.value - 1]; ,EXPRESSION_STATEMENT, line no: 72,mainClass.scanner=new java.util.Scanner(args[0]); ,EXPRESSION_STATEMENT, line no: 51, 0.001470937512951796, insert, 0.358974358974359, 0.0, 0.3
String,SIMPLE_NAME, line no: 64,args.length,QUALIFIED_NAME, line no: 50, 0.001461798334091329, insert, 0.3275862068965517, 0.0, 0.2727272727272727
String,SIMPLE_NAME, line no: 79,args.length,QUALIFIED_NAME, line no: 50, 0.001461798334091329, insert, 0.3275862068965517, 0.0, 0.2727272727272727
value,SIMPLE_NAME, line no: 79,args.length,QUALIFIED_NAME, line no: 50, 0.0014580838556496867, insert, 0.32571428571428573, 0.0, 0.2727272727272727
smallest,SIMPLE_NAME, line no: 79,true,BOOLEAN_LITERAL, line no: 80, 0.0014411312900250571, insert, 0.9714285714285714, 0.0, 0.125
numbers[j.value - 1]=numbers[j.value]; ,EXPRESSION_STATEMENT, line no: 73,mainClass.scanner=new java.util.Scanner(System.in); ,EXPRESSION_STATEMENT, line no: 53, 0.0014394673759869, insert, 0.358974358974359, 0.0, 0.28846153846153844
smallest.value,QUALIFIED_NAME, line no: 79,mainClass.scanner,QUALIFIED_NAME, line no: 51, 0.0014194750948815092, insert, 0.09770114942528736, 0.0, 0.4117647058823529
temp.value=numbers[j.value - 1]; ,EXPRESSION_STATEMENT, line no: 72,mainClass.scanner=new java.util.Scanner(System.in); ,EXPRESSION_STATEMENT, line no: 53, 0.001387017147712074, insert, 0.358974358974359, 0.0, 0.2692307692307692
numbers[j.value]=temp.value; ,EXPRESSION_STATEMENT, line no: 74,mainClass.scanner=new java.util.Scanner(System.in); ,EXPRESSION_STATEMENT, line no: 53, 0.001387017147712074, insert, 0.358974358974359, 0.0, 0.2692307692307692
"%d is the smallest\n",STRING_LITERAL, line no: 79,true,BOOLEAN_LITERAL, line no: 80, 0.0013844854444216102, insert, 0.9770114942528736, 0.0, 0.09090909090909091
"Please enter 4 numbers separated by spaces > ",STRING_LITERAL, line no: 64,true,BOOLEAN_LITERAL, line no: 80, 0.0013736619163308916, insert, 0.9770114942528736, 0.0, 0.0851063829787234
numbers[j.value]=temp.value; ,EXPRESSION_STATEMENT, line no: 74,mainClass.scanner=new java.util.Scanner(args[0]); ,EXPRESSION_STATEMENT, line no: 51, 0.0013618410381401574, insert, 0.358974358974359, 0.0, 0.26
smallest,SIMPLE_NAME, line no: 79,x.value,QUALIFIED_NAME, line no: 66, 0.001354293952351187, insert, 0.12, 0.0, 0.375
"%d is the smallest\n",STRING_LITERAL, line no: 79,System.out,QUALIFIED_NAME, line no: 56, 0.0013265042329573447, insert, 0.3275862068965517, 0.0, 0.22727272727272727
"%d is the smallest\n",STRING_LITERAL, line no: 79,mainClass.output,QUALIFIED_NAME, line no: 56, 0.0013265042329573447, insert, 0.3275862068965517, 0.0, 0.22727272727272727
"%d is the smallest\n",STRING_LITERAL, line no: 79,temp.value,QUALIFIED_NAME, line no: 72, 0.0012793327264317023, insert, 0.23563218390804597, 0.0, 0.2727272727272727
String,SIMPLE_NAME, line no: 64,System.out,QUALIFIED_NAME, line no: 56, 0.0012453277722769538, insert, 0.3275862068965517, 0.0, 0.2
format,SIMPLE_NAME, line no: 64,System.out,QUALIFIED_NAME, line no: 56, 0.0012453277722769538, insert, 0.3275862068965517, 0.0, 0.2
String,SIMPLE_NAME, line no: 79,System.out,QUALIFIED_NAME, line no: 56, 0.0012453277722769538, insert, 0.3275862068965517, 0.0, 0.2
format,SIMPLE_NAME, line no: 79,System.out,QUALIFIED_NAME, line no: 56, 0.0012453277722769538, insert, 0.3275862068965517, 0.0, 0.2
format,SIMPLE_NAME, line no: 64,j.value,QUALIFIED_NAME, line no: 70, 0.0012234970656462482, insert, 0.40229885057471265, 0.0, 0.14285714285714285
format,SIMPLE_NAME, line no: 79,j.value,QUALIFIED_NAME, line no: 70, 0.0012234970656462482, insert, 0.40229885057471265, 0.0, 0.14285714285714285
format,SIMPLE_NAME, line no: 64,mainClass.output,QUALIFIED_NAME, line no: 56, 0.0012081218944651078, insert, 0.3275862068965517, 0.0, 0.1875
format,SIMPLE_NAME, line no: 79,mainClass.output,QUALIFIED_NAME, line no: 56, 0.0012081218944651078, insert, 0.3275862068965517, 0.0, 0.1875
value,SIMPLE_NAME, line no: 79,java.util,QUALIFIED_NAME, line no: 44, 0.0012075964912644807, insert, 0.005714285714285714, 0.0, 0.3333333333333333
value,SIMPLE_NAME, line no: 79,mainClass.output,QUALIFIED_NAME, line no: 56, 0.0012044074160234655, insert, 0.32571428571428573, 0.0, 0.1875
"%d is the smallest\n",STRING_LITERAL, line no: 79,j.value,QUALIFIED_NAME, line no: 70, 0.0012041693369128218, insert, 0.40229885057471265, 0.0, 0.13636363636363635
format,SIMPLE_NAME, line no: 64,args.length,QUALIFIED_NAME, line no: 50, 0.0011912101318233598, insert, 0.3275862068965517, 0.0, 0.18181818181818182
format,SIMPLE_NAME, line no: 79,args.length,QUALIFIED_NAME, line no: 50, 0.0011912101318233598, insert, 0.3275862068965517, 0.0, 0.18181818181818182
"%d is the smallest\n",STRING_LITERAL, line no: 79,args.length,QUALIFIED_NAME, line no: 50, 0.0011912101318233598, insert, 0.3275862068965517, 0.0, 0.18181818181818182
"Please enter 4 numbers separated by spaces > ",STRING_LITERAL, line no: 64,in,SIMPLE_NAME, line no: 53, 0.001168562808827528, insert, 0.10919540229885058, 0.0, 0.02127659574468085
output+=(String.format("Please enter 4 numbers separated by spaces > ")); ,EXPRESSION_STATEMENT, line no: 63,if (args.length > 0) {   mainClass.scanner=new java.util.Scanner(args[0]); }  else {   mainClass.scanner=new java.util.Scanner(System.in); } ,IF_STATEMENT, line no: 50, 0.001088963424476472, insert, 0.3235294117647059, 0.0, 0.2198581560283688
smallest.value,QUALIFIED_NAME, line no: 79,java.util.Scanner,QUALIFIED_NAME, line no: 51, 0.0010807062277193343, insert, 0.10344827586206896, 0.0, 0.29411764705882354
output+=(String.format("Please enter 4 numbers separated by spaces > ")); ,EXPRESSION_STATEMENT, line no: 63,if (numbers[j.value - 1] > numbers[j.value]) {   temp.value=numbers[j.value - 1];   numbers[j.value - 1]=numbers[j.value];   numbers[j.value]=temp.value; } ,IF_STATEMENT, line no: 71, 0.0010708019986637512, insert, 0.3058823529411765, 0.0, 0.22435897435897437
smallest.value,QUALIFIED_NAME, line no: 79,java.util,QUALIFIED_NAME, line no: 44, 0.001067097973366568, insert, 0.005747126436781609, 0.0, 0.2857142857142857
format,SIMPLE_NAME, line no: 64,temp.value,QUALIFIED_NAME, line no: 72, 0.0010628621646173266, insert, 0.23563218390804597, 0.0, 0.2
format,SIMPLE_NAME, line no: 79,temp.value,QUALIFIED_NAME, line no: 72, 0.0010628621646173266, insert, 0.23563218390804597, 0.0, 0.2
"Please enter 4 numbers separated by spaces > ",STRING_LITERAL, line no: 64,mainClass.output,QUALIFIED_NAME, line no: 56, 0.001030008649621165, insert, 0.3275862068965517, 0.0, 0.1276595744680851
String,SIMPLE_NAME, line no: 64,mainClass.output,QUALIFIED_NAME, line no: 56, 0.0010220925054058789, insert, 0.3275862068965517, 0.0, 0.125
String,SIMPLE_NAME, line no: 79,mainClass.output,QUALIFIED_NAME, line no: 56, 0.0010220925054058789, insert, 0.3275862068965517, 0.0, 0.125
output+=(String.format("%d is the smallest\n" smallest.value)); ,EXPRESSION_STATEMENT, line no: 79,if (args.length > 0) {   mainClass.scanner=new java.util.Scanner(args[0]); }  else {   mainClass.scanner=new java.util.Scanner(System.in); } ,IF_STATEMENT, line no: 50, 0.0010180347723075065, insert, 0.3235294117647059, 0.0, 0.19148936170212766
output+=(String.format("%d is the smallest\n" smallest.value)); ,EXPRESSION_STATEMENT, line no: 79,if (numbers[j.value - 1] > numbers[j.value]) {   temp.value=numbers[j.value - 1];   numbers[j.value - 1]=numbers[j.value];   numbers[j.value]=temp.value; } ,IF_STATEMENT, line no: 71, 9.906662618382371E-4, insert, 0.3058823529411765, 0.6666666666666666, 0.19230769230769232
"Please enter 4 numbers separated by spaces > ",STRING_LITERAL, line no: 64,j.value,QUALIFIED_NAME, line no: 70, 9.8827449467774E-4, insert, 0.40229885057471265, 0.0, 0.06382978723404255
"Please enter 4 numbers separated by spaces > ",STRING_LITERAL, line no: 64,args.length,QUALIFIED_NAME, line no: 50, 9.666794958988746E-4, insert, 0.3275862068965517, 0.0, 0.10638297872340426
"Please enter 4 numbers separated by spaces > ",STRING_LITERAL, line no: 64,System.out,QUALIFIED_NAME, line no: 56, 9.666794958988746E-4, insert, 0.3275862068965517, 0.0, 0.10638297872340426
value,SIMPLE_NAME, line no: 79,System.out,QUALIFIED_NAME, line no: 56, 9.439662713405449E-4, insert, 0.32571428571428573, 0.0, 0.1
numbers[j.value]=temp.value; ,EXPRESSION_STATEMENT, line no: 74,value=i; ,EXPRESSION_STATEMENT, line no: 7, 9.388791819922934E-4, insert, 0.10256410256410256, 0.25, 0.27586206896551724
smallest.value=numbers[0]; ,EXPRESSION_STATEMENT, line no: 78,if (numbers[j.value - 1] > numbers[j.value]) {   temp.value=numbers[j.value - 1];   numbers[j.value - 1]=numbers[j.value];   numbers[j.value]=temp.value; } ,IF_STATEMENT, line no: 71, 9.105305250127231E-4, insert, 0.3058823529411765, 1.6, 0.16025641025641027
value,SIMPLE_NAME, line no: 79,java.util.Scanner,QUALIFIED_NAME, line no: 51, 9.04446750706786E-4, insert, 0.10285714285714286, 0.0, 0.23529411764705882
smallest,SIMPLE_NAME, line no: 79,mainClass.scanner,QUALIFIED_NAME, line no: 51, 8.931078165165092E-4, insert, 0.09714285714285714, 0.0, 0.23529411764705882
"%d is the smallest\n",STRING_LITERAL, line no: 79,System.in,QUALIFIED_NAME, line no: 53, 8.817443142870038E-4, insert, 0.10344827586206896, 0.0, 0.22727272727272727
String,SIMPLE_NAME, line no: 64,java.util,QUALIFIED_NAME, line no: 44, 8.781157368619545E-4, insert, 0.005747126436781609, 0.0, 0.2222222222222222
format,SIMPLE_NAME, line no: 64,java.util,QUALIFIED_NAME, line no: 44, 8.781157368619545E-4, insert, 0.005747126436781609, 0.0, 0.2222222222222222
String,SIMPLE_NAME, line no: 79,java.util,QUALIFIED_NAME, line no: 44, 8.781157368619545E-4, insert, 0.005747126436781609, 0.0, 0.2222222222222222
format,SIMPLE_NAME, line no: 79,java.util,QUALIFIED_NAME, line no: 44, 8.781157368619545E-4, insert, 0.005747126436781609, 0.0, 0.2222222222222222
smallest,SIMPLE_NAME, line no: 79,java.util,QUALIFIED_NAME, line no: 44, 8.76877577381407E-4, insert, 0.005714285714285714, 0.0, 0.2222222222222222
smallest.value=numbers[0]; ,EXPRESSION_STATEMENT, line no: 78,if (args.length > 0) {   mainClass.scanner=new java.util.Scanner(args[0]); }  else {   mainClass.scanner=new java.util.Scanner(System.in); } ,IF_STATEMENT, line no: 50, 8.761774679695752E-4, insert, 0.3235294117647059, 0.0, 0.1347517730496454
"%d is the smallest\n",STRING_LITERAL, line no: 79,mainClass.scanner,QUALIFIED_NAME, line no: 51, 8.703402138082772E-4, insert, 0.09770114942528736, 0.0, 0.22727272727272727
smallest,SIMPLE_NAME, line no: 79,System.in,QUALIFIED_NAME, line no: 53, 8.655386431911302E-4, insert, 0.10285714285714286, 0.0, 0.2222222222222222
temp.value=numbers[j.value - 1]; ,EXPRESSION_STATEMENT, line no: 72,value=i; ,EXPRESSION_STATEMENT, line no: 7, 8.476804569668901E-4, insert, 0.10256410256410256, 0.25, 0.24242424242424243
"Please enter 4 numbers separated by spaces > ",STRING_LITERAL, line no: 64,temp.value,QUALIFIED_NAME, line no: 72, 8.475430419615382E-4, insert, 0.23563218390804597, 0.0, 0.1276595744680851
smallest.value,QUALIFIED_NAME, line no: 79,System.in,QUALIFIED_NAME, line no: 53, 8.43088856820151E-4, insert, 0.10344827586206896, 0.0, 0.21428571428571427
String,SIMPLE_NAME, line no: 64,temp.value,QUALIFIED_NAME, line no: 72, 7.652151421225602E-4, insert, 0.23563218390804597, 0.0, 0.1
String,SIMPLE_NAME, line no: 79,temp.value,QUALIFIED_NAME, line no: 72, 7.652151421225602E-4, insert, 0.23563218390804597, 0.0, 0.1
numbers[j.value - 1]=numbers[j.value]; ,EXPRESSION_STATEMENT, line no: 73,value=i; ,EXPRESSION_STATEMENT, line no: 7, 7.459588021308633E-4, insert, 0.10256410256410256, 0.3333333333333333, 0.20512820512820512
String,SIMPLE_NAME, line no: 64,java.util.Scanner,QUALIFIED_NAME, line no: 51, 7.305332600784326E-4, insert, 0.10344827586206896, 0.0, 0.17647058823529413
String,SIMPLE_NAME, line no: 79,java.util.Scanner,QUALIFIED_NAME, line no: 51, 7.305332600784326E-4, insert, 0.10344827586206896, 0.0, 0.17647058823529413
smallest,SIMPLE_NAME, line no: 79,java.util.Scanner,QUALIFIED_NAME, line no: 51, 7.293602668863353E-4, insert, 0.10285714285714286, 0.0, 0.17647058823529413
value,SIMPLE_NAME, line no: 79,mainClass.scanner,QUALIFIED_NAME, line no: 51, 7.180213326960583E-4, insert, 0.09714285714285714, 0.0, 0.17647058823529413
format,SIMPLE_NAME, line no: 64,x.value,QUALIFIED_NAME, line no: 66, 6.646961421886408E-4, insert, 0.1206896551724138, 0.0, 0.14285714285714285
format,SIMPLE_NAME, line no: 79,x.value,QUALIFIED_NAME, line no: 66, 6.646961421886408E-4, insert, 0.1206896551724138, 0.0, 0.14285714285714285
"%d is the smallest\n",STRING_LITERAL, line no: 79,x.value,QUALIFIED_NAME, line no: 66, 6.453684134552144E-4, insert, 0.1206896551724138, 0.0, 0.13636363636363635
"Please enter 4 numbers separated by spaces > ",STRING_LITERAL, line no: 64,mainClass.scanner,QUALIFIED_NAME, line no: 51, 6.371737841943887E-4, insert, 0.09770114942528736, 0.0, 0.14893617021276595
"%d is the smallest\n",STRING_LITERAL, line no: 79,java.util.Scanner,QUALIFIED_NAME, line no: 51, 6.111561120190344E-4, insert, 0.10344827586206896, 0.0, 0.13636363636363635
"Please enter 4 numbers separated by spaces > ",STRING_LITERAL, line no: 64,java.util.Scanner,QUALIFIED_NAME, line no: 51, 5.852487309508245E-4, insert, 0.10344827586206896, 0.0, 0.1276595744680851
format,SIMPLE_NAME, line no: 64,java.util.Scanner,QUALIFIED_NAME, line no: 51, 5.55446776257982E-4, insert, 0.10344827586206896, 0.0, 0.11764705882352941
format,SIMPLE_NAME, line no: 79,java.util.Scanner,QUALIFIED_NAME, line no: 51, 5.55446776257982E-4, insert, 0.10344827586206896, 0.0, 0.11764705882352941
String,SIMPLE_NAME, line no: 64,mainClass.scanner,QUALIFIED_NAME, line no: 51, 5.440426757792553E-4, insert, 0.09770114942528736, 0.0, 0.11764705882352941
format,SIMPLE_NAME, line no: 64,mainClass.scanner,QUALIFIED_NAME, line no: 51, 5.440426757792553E-4, insert, 0.09770114942528736, 0.0, 0.11764705882352941
String,SIMPLE_NAME, line no: 79,mainClass.scanner,QUALIFIED_NAME, line no: 51, 5.440426757792553E-4, insert, 0.09770114942528736, 0.0, 0.11764705882352941
format,SIMPLE_NAME, line no: 79,mainClass.scanner,QUALIFIED_NAME, line no: 51, 5.440426757792553E-4, insert, 0.09770114942528736, 0.0, 0.11764705882352941
format,SIMPLE_NAME, line no: 64,System.in,QUALIFIED_NAME, line no: 53, 5.35992722500154E-4, insert, 0.10344827586206896, 0.0, 0.1111111111111111
format,SIMPLE_NAME, line no: 79,System.in,QUALIFIED_NAME, line no: 53, 5.35992722500154E-4, insert, 0.10344827586206896, 0.0, 0.1111111111111111
value,SIMPLE_NAME, line no: 79,System.in,QUALIFIED_NAME, line no: 53, 5.348197293080565E-4, insert, 0.10285714285714286, 0.0, 0.1111111111111111
"%d is the smallest\n",STRING_LITERAL, line no: 79,java.util,QUALIFIED_NAME, line no: 44, 4.872661113637764E-4, insert, 0.005747126436781609, 0.0, 0.09090909090909091
"Please enter 4 numbers separated by spaces > ",STRING_LITERAL, line no: 64,System.in,QUALIFIED_NAME, line no: 53, 4.5859042350624313E-4, insert, 0.10344827586206896, 0.0, 0.0851063829787234
"Please enter 4 numbers separated by spaces > ",STRING_LITERAL, line no: 64,x.value,QUALIFIED_NAME, line no: 66, 4.294735712201325E-4, insert, 0.1206896551724138, 0.0, 0.06382978723404255
"Please enter 4 numbers separated by spaces > ",STRING_LITERAL, line no: 64,java.util,QUALIFIED_NAME, line no: 44, 4.0666537026267914E-4, insert, 0.005747126436781609, 0.0, 0.06382978723404255
