output+=(String.format("Enter an integer > ")); ,EXPRESSION_STATEMENT, line no: 61,output+=(String.format("Enter an integer > ")); ,EXPRESSION_STATEMENT, line no: 61, 0.024298605355497715, insert, 1.0, 1.0, 1.0
in.value=scanner.nextInt(); ,EXPRESSION_STATEMENT, line no: 62,in.value=scanner.nextInt(); ,EXPRESSION_STATEMENT, line no: 62, 0.024298605355497715, insert, 1.0, 3.0, 1.0
output+=(String.format("%d\n" in.value)); ,EXPRESSION_STATEMENT, line no: 70,output+=(String.format("%d\n" in.value)); ,EXPRESSION_STATEMENT, line no: 70, 0.024298605355497715, insert, 1.0, 3.0, 1.0
output+=(String.format("That's all  have a nice day!")); ,EXPRESSION_STATEMENT, line no: 71,output+=(String.format("That's all  have a nice day!")); ,EXPRESSION_STATEMENT, line no: 71, 0.024298605355497715, insert, 1.0, 1.0, 1.0
output+=(String.format("Enter an integer > ")); ,EXPRESSION_STATEMENT, line no: 61,output+=(String.format("%d\n" in.value)); ,EXPRESSION_STATEMENT, line no: 70, 0.019438884284398175, insert, 1.0, 1.0, 0.6666666666666666
output+=(String.format("%d\n" in.value)); ,EXPRESSION_STATEMENT, line no: 70,output+=(String.format("Enter an integer > ")); ,EXPRESSION_STATEMENT, line no: 61, 0.019438884284398175, insert, 1.0, 0.3333333333333333, 0.6666666666666666
output+=(String.format("Enter an integer > ")); ,EXPRESSION_STATEMENT, line no: 61,output+=(String.format("That's all  have a nice day!")); ,EXPRESSION_STATEMENT, line no: 71, 0.019183109491182408, insert, 1.0, 1.0, 0.6491228070175439
output+=(String.format("That's all  have a nice day!")); ,EXPRESSION_STATEMENT, line no: 71,output+=(String.format("Enter an integer > ")); ,EXPRESSION_STATEMENT, line no: 61, 0.019183109491182408, insert, 1.0, 1.0, 0.6491228070175439
output+=(String.format("%d\n" in.value)); ,EXPRESSION_STATEMENT, line no: 70,output+=(String.format("That's all  have a nice day!")); ,EXPRESSION_STATEMENT, line no: 71, 0.017904235525103583, insert, 1.0, 0.3333333333333333, 0.5614035087719298
output+=(String.format("That's all  have a nice day!")); ,EXPRESSION_STATEMENT, line no: 71,output+=(String.format("%d\n" in.value)); ,EXPRESSION_STATEMENT, line no: 70, 0.017904235525103583, insert, 1.0, 1.0, 0.5614035087719298
output+=(String.format("%d\n" in.value)); ,EXPRESSION_STATEMENT, line no: 70,output+=(String.format("%d\n" in.value % 10)); ,EXPRESSION_STATEMENT, line no: 67, 0.015536431536843975, insert, 0.25806451612903225, 3.0, 0.8936170212765957
output+=(String.format("Enter an integer > ")); ,EXPRESSION_STATEMENT, line no: 61,in.value=scanner.nextInt(); ,EXPRESSION_STATEMENT, line no: 62, 0.013667965512467465, insert, 1.0, 0.0, 0.2708333333333333
in.value=scanner.nextInt(); ,EXPRESSION_STATEMENT, line no: 62,output+=(String.format("Enter an integer > ")); ,EXPRESSION_STATEMENT, line no: 61, 0.013667965512467465, insert, 1.0, 0.0, 0.2708333333333333
in.value=scanner.nextInt(); ,EXPRESSION_STATEMENT, line no: 62,output+=(String.format("%d\n" in.value)); ,EXPRESSION_STATEMENT, line no: 70, 0.013537794412348727, insert, 1.0, 1.5, 0.2619047619047619
output+=(String.format("%d\n" in.value)); ,EXPRESSION_STATEMENT, line no: 70,in.value=scanner.nextInt(); ,EXPRESSION_STATEMENT, line no: 62, 0.013537794412348727, insert, 1.0, 1.5, 0.2619047619047619
output+=(String.format("Enter an integer > ")); ,EXPRESSION_STATEMENT, line no: 61,output+=(String.format("%d\n" in.value % 10)); ,EXPRESSION_STATEMENT, line no: 67, 0.01283515040955726, insert, 0.25806451612903225, 1.0, 0.7083333333333334
in.value=scanner.nextInt(); ,EXPRESSION_STATEMENT, line no: 62,output+=(String.format("That's all  have a nice day!")); ,EXPRESSION_STATEMENT, line no: 71, 0.01278873966078827, insert, 1.0, 0.0, 0.21052631578947367
output+=(String.format("That's all  have a nice day!")); ,EXPRESSION_STATEMENT, line no: 71,in.value=scanner.nextInt(); ,EXPRESSION_STATEMENT, line no: 62, 0.01278873966078827, insert, 1.0, 0.0, 0.21052631578947367
in.value=scanner.nextInt(); ,EXPRESSION_STATEMENT, line no: 62,mainClass.exec(); ,EXPRESSION_STATEMENT, line no: 55, 0.010953034933288485, insert, 0.5376344086021505, 0.0, 0.39285714285714285
output+=(String.format("That's all  have a nice day!")); ,EXPRESSION_STATEMENT, line no: 71,output+=(String.format("%d\n" in.value % 10)); ,EXPRESSION_STATEMENT, line no: 67, 0.010948811309590991, insert, 0.25806451612903225, 1.0, 0.5789473684210527
output+=(String.format("%d\n" in.value)); ,EXPRESSION_STATEMENT, line no: 70,System.out.println(mainClass.output); ,EXPRESSION_STATEMENT, line no: 56, 0.010779473466463503, insert, 0.5376344086021505, 0.5, 0.38095238095238093
output+=(String.format("Enter an integer > ")); ,EXPRESSION_STATEMENT, line no: 61,System.out.println(mainClass.output); ,EXPRESSION_STATEMENT, line no: 56, 0.010085227599163568, insert, 0.5376344086021505, 1.0, 0.3333333333333333
String,SIMPLE_NAME, line no: 67,String,SIMPLE_NAME, line no: 49, 0.010024022428198455, insert, 0.7857142857142857, 0.0, 1.0
format,SIMPLE_NAME, line no: 67,format,SIMPLE_NAME, line no: 61, 0.010024022428198455, insert, 1.0, 0.0, 1.0
in,SIMPLE_NAME, line no: 67,in,SIMPLE_NAME, line no: 53, 0.010024022428198455, insert, 0.5, 0.0, 1.0
value,SIMPLE_NAME, line no: 67,value,SIMPLE_NAME, line no: 7, 0.010024022428198455, insert, 0.2, 1.0, 1.0
in.value=scanner.nextInt(); ,EXPRESSION_STATEMENT, line no: 62,in.value=in.value / 10; ,EXPRESSION_STATEMENT, line no: 68, 0.009797824740120045, insert, 0.25806451612903225, 1.3333333333333333, 0.5
in.value=scanner.nextInt(); ,EXPRESSION_STATEMENT, line no: 62,in.value=in.value * (-1); ,EXPRESSION_STATEMENT, line no: 64, 0.009689582104895861, insert, 0.13978494623655913, 1.3333333333333333, 0.5714285714285714
in.value=scanner.nextInt(); ,EXPRESSION_STATEMENT, line no: 62,System.out.println(mainClass.output); ,EXPRESSION_STATEMENT, line no: 56, 0.009445790616124154, insert, 0.5376344086021505, 0.0, 0.2894736842105263
String,SIMPLE_NAME, line no: 61,String,SIMPLE_NAME, line no: 49, 0.009331857026099124, insert, 0.5154639175257731, 0.0, 1.0
format,SIMPLE_NAME, line no: 61,format,SIMPLE_NAME, line no: 61, 0.009331857026099124, insert, 1.0, 0.0, 1.0
scanner,SIMPLE_NAME, line no: 62,scanner,SIMPLE_NAME, line no: 51, 0.009331857026099124, insert, 0.17708333333333334, 1.0, 1.0
nextInt,SIMPLE_NAME, line no: 62,nextInt,SIMPLE_NAME, line no: 62, 0.009331857026099124, insert, 1.0, 0.0, 1.0
String,SIMPLE_NAME, line no: 70,String,SIMPLE_NAME, line no: 49, 0.009331857026099124, insert, 0.5154639175257731, 0.0, 1.0
format,SIMPLE_NAME, line no: 70,format,SIMPLE_NAME, line no: 61, 0.009331857026099124, insert, 1.0, 0.0, 1.0
in,SIMPLE_NAME, line no: 70,in,SIMPLE_NAME, line no: 53, 0.009331857026099124, insert, 0.1836734693877551, 0.0, 1.0
value,SIMPLE_NAME, line no: 70,value,SIMPLE_NAME, line no: 7, 0.009331857026099124, insert, 0.061224489795918366, 1.0, 1.0
String,SIMPLE_NAME, line no: 71,String,SIMPLE_NAME, line no: 49, 0.009331857026099124, insert, 0.5154639175257731, 0.0, 1.0
format,SIMPLE_NAME, line no: 71,format,SIMPLE_NAME, line no: 61, 0.009331857026099124, insert, 1.0, 0.0, 1.0
output+=(String.format("That's all  have a nice day!")); ,EXPRESSION_STATEMENT, line no: 71,System.out.println(mainClass.output); ,EXPRESSION_STATEMENT, line no: 56, 0.009062128426300506, insert, 0.5376344086021505, 1.0, 0.2631578947368421
output+=(String.format("%d\n" in.value)); ,EXPRESSION_STATEMENT, line no: 70,mainClass.exec(); ,EXPRESSION_STATEMENT, line no: 55, 0.00834961293091373, insert, 0.5376344086021505, 0.0, 0.21428571428571427
output+=(String.format("Enter an integer > ")); ,EXPRESSION_STATEMENT, line no: 61,mainClass.exec(); ,EXPRESSION_STATEMENT, line no: 55, 0.007959099630557517, insert, 0.5376344086021505, 0.0, 0.1875
in.value,QUALIFIED_NAME, line no: 67,value,SIMPLE_NAME, line no: 7, 0.007768617381853802, insert, 0.20689655172413793, 0.5, 0.625
output+=(String.format("That's all  have a nice day!")); ,EXPRESSION_STATEMENT, line no: 71,mainClass.exec(); ,EXPRESSION_STATEMENT, line no: 55, 0.007527479667005913, insert, 0.5376344086021505, 0.0, 0.15789473684210525
output+=(String.format("%d\n" in.value)); ,EXPRESSION_STATEMENT, line no: 70,in.value=in.value / 10; ,EXPRESSION_STATEMENT, line no: 68, 0.007367964204570275, insert, 0.25806451612903225, 1.3333333333333333, 0.3333333333333333
in.value,QUALIFIED_NAME, line no: 70,value,SIMPLE_NAME, line no: 7, 0.007232189195226821, insert, 0.061855670103092786, 0.5, 0.625
in.value=scanner.nextInt(); ,EXPRESSION_STATEMENT, line no: 62,mainClass.scanner=new java.util.Scanner(args[0]); ,EXPRESSION_STATEMENT, line no: 51, 0.006711640584645433, insert, 0.15053763440860216, 0.5, 0.36
in.value=scanner.nextInt(); ,EXPRESSION_STATEMENT, line no: 62,mainClass.scanner=new java.util.Scanner(System.in); ,EXPRESSION_STATEMENT, line no: 53, 0.006614285378407194, insert, 0.16129032258064516, 0.5, 0.34615384615384615
output+=(String.format("%d\n" in.value)); ,EXPRESSION_STATEMENT, line no: 70,in.value=in.value * (-1); ,EXPRESSION_STATEMENT, line no: 64, 0.006565475702046157, insert, 0.13978494623655913, 1.3333333333333333, 0.35714285714285715
in.value % 10,INFIX_EXPRESSION, line no: 67,value,SIMPLE_NAME, line no: 7, 0.006322844916248255, insert, 0.21428571428571427, 0.5, 0.38461538461538464
output+=(String.format("Enter an integer > ")); ,EXPRESSION_STATEMENT, line no: 61,in.value=in.value / 10; ,EXPRESSION_STATEMENT, line no: 68, 0.006153033936795389, insert, 0.25806451612903225, 0.0, 0.25
output+=(String.format("Enter an integer > ")); ,EXPRESSION_STATEMENT, line no: 61,mainClass.scanner=new java.util.Scanner(args[0]); ,EXPRESSION_STATEMENT, line no: 51, 0.006128474056113489, insert, 0.15053763440860216, 0.0, 0.32
output+=(String.format("Enter an integer > ")); ,EXPRESSION_STATEMENT, line no: 61,mainClass.scanner=new java.util.Scanner(System.in); ,EXPRESSION_STATEMENT, line no: 53, 0.006053548331741863, insert, 0.16129032258064516, 0.0, 0.3076923076923077
nextInt,SIMPLE_NAME, line no: 62,IntObj,SIMPLE_NAME, line no: 60, 0.006015714975753184, insert, 0.96875, 0.0, 0.42857142857142855
String,SIMPLE_NAME, line no: 67,in,SIMPLE_NAME, line no: 53, 0.006014413456919073, insert, 0.5, 0.0, 0.3333333333333333
format,SIMPLE_NAME, line no: 67,output,SIMPLE_NAME, line no: 49, 0.006014413456919073, insert, 0.7857142857142857, 0.0, 0.3333333333333333
in,SIMPLE_NAME, line no: 67,String,SIMPLE_NAME, line no: 49, 0.006014413456919073, insert, 0.7666666666666667, 0.0, 0.3333333333333333
in.value=scanner.nextInt(); ,EXPRESSION_STATEMENT, line no: 62,output+=(String.format("%d\n" in.value % 10)); ,EXPRESSION_STATEMENT, line no: 67, 0.005920387715306582, insert, 0.25806451612903225, 1.5, 0.23404255319148937
String,SIMPLE_NAME, line no: 67,println,SIMPLE_NAME, line no: 56, 0.005728012816113402, insert, 0.7857142857142857, 0.0, 0.42857142857142855
String,SIMPLE_NAME, line no: 67,nextInt,SIMPLE_NAME, line no: 62, 0.005728012816113402, insert, 1.0, 0.0, 0.2857142857142857
value,SIMPLE_NAME, line no: 67,scanner,SIMPLE_NAME, line no: 51, 0.005728012816113402, insert, 0.5, 0.0, 0.2857142857142857
output+=(String.format("That's all  have a nice day!")); ,EXPRESSION_STATEMENT, line no: 71,mainClass.scanner=new java.util.Scanner(System.in); ,EXPRESSION_STATEMENT, line no: 53, 0.005660048649871454, insert, 0.16129032258064516, 0.0, 0.2807017543859649
String,SIMPLE_NAME, line no: 61,in,SIMPLE_NAME, line no: 53, 0.005599114215659474, insert, 0.18556701030927836, 0.0, 0.3333333333333333
String,SIMPLE_NAME, line no: 70,in,SIMPLE_NAME, line no: 53, 0.005599114215659474, insert, 0.18556701030927836, 0.0, 0.3333333333333333
String,SIMPLE_NAME, line no: 71,in,SIMPLE_NAME, line no: 53, 0.005599114215659474, insert, 0.18556701030927836, 0.0, 0.3333333333333333
output+=(String.format("That's all  have a nice day!")); ,EXPRESSION_STATEMENT, line no: 71,in.value=in.value / 10; ,EXPRESSION_STATEMENT, line no: 68, 0.005577540652059917, insert, 0.25806451612903225, 0.0, 0.21052631578947367
in,SIMPLE_NAME, line no: 70,String,SIMPLE_NAME, line no: 49, 0.00556102500330805, insert, 0.5204081632653061, 0.0, 0.3333333333333333
output+=(String.format("That's all  have a nice day!")); ,EXPRESSION_STATEMENT, line no: 71,mainClass.scanner=new java.util.Scanner(args[0]); ,EXPRESSION_STATEMENT, line no: 51, 0.0055555385193101735, insert, 0.15053763440860216, 0.0, 0.2807017543859649
format,SIMPLE_NAME, line no: 61,output,SIMPLE_NAME, line no: 49, 0.005522150446372059, insert, 0.5154639175257731, 0.0, 0.3333333333333333
format,SIMPLE_NAME, line no: 70,output,SIMPLE_NAME, line no: 49, 0.005522150446372059, insert, 0.5154639175257731, 0.0, 0.3333333333333333
format,SIMPLE_NAME, line no: 71,output,SIMPLE_NAME, line no: 49, 0.005522150446372059, insert, 0.5154639175257731, 0.0, 0.3333333333333333
in.value,QUALIFIED_NAME, line no: 67,String,SIMPLE_NAME, line no: 49, 0.005513212335509151, insert, 0.7586206896551724, 0.0, 0.25
in.value,QUALIFIED_NAME, line no: 67,scanner,SIMPLE_NAME, line no: 51, 0.005513212335509151, insert, 0.4827586206896552, 0.0, 0.25
in.value,QUALIFIED_NAME, line no: 67,in,SIMPLE_NAME, line no: 53, 0.005513212335509151, insert, 0.4827586206896552, 0.0, 0.25
in.value,QUALIFIED_NAME, line no: 67,nextInt,SIMPLE_NAME, line no: 62, 0.005513212335509151, insert, 1.0, 0.0, 0.25
scanner,SIMPLE_NAME, line no: 62,Scanner,SIMPLE_NAME, line no: 44, 0.005499130033236982, insert, 0.010416666666666666, 0.0, 0.8571428571428571
scanner,SIMPLE_NAME, line no: 62,value,SIMPLE_NAME, line no: 7, 0.005332489729199499, insert, 0.0625, 0.0, 0.2857142857142857
scanner,SIMPLE_NAME, line no: 62,nextInt,SIMPLE_NAME, line no: 62, 0.005332489729199499, insert, 1.0, 0.0, 0.2857142857142857
nextInt,SIMPLE_NAME, line no: 62,String,SIMPLE_NAME, line no: 49, 0.005332489729199499, insert, 0.5208333333333334, 0.0, 0.2857142857142857
nextInt,SIMPLE_NAME, line no: 62,scanner,SIMPLE_NAME, line no: 51, 0.005332489729199499, insert, 0.17708333333333334, 0.0, 0.2857142857142857
output+=(String.format("Enter an integer > ")); ,EXPRESSION_STATEMENT, line no: 61,in.value=in.value * (-1); ,EXPRESSION_STATEMENT, line no: 64, 0.005307155067565025, insert, 0.13978494623655913, 0.0, 0.2708333333333333
String,SIMPLE_NAME, line no: 67,args,SIMPLE_NAME, line no: 50, 0.005298411854904897, insert, 0.8214285714285714, 0.0, 0.3333333333333333
String,SIMPLE_NAME, line no: 67,length,SIMPLE_NAME, line no: 50, 0.005298411854904897, insert, 0.8214285714285714, 0.0, 0.3333333333333333
in.value,QUALIFIED_NAME, line no: 67,println,SIMPLE_NAME, line no: 56, 0.005297177369384184, insert, 0.7586206896551724, 0.0, 0.375
String,SIMPLE_NAME, line no: 61,nextInt,SIMPLE_NAME, line no: 62, 0.0052940078445557915, insert, 0.9896907216494846, 0.0, 0.2857142857142857
String,SIMPLE_NAME, line no: 70,nextInt,SIMPLE_NAME, line no: 62, 0.0052940078445557915, insert, 0.9896907216494846, 0.0, 0.2857142857142857
String,SIMPLE_NAME, line no: 71,nextInt,SIMPLE_NAME, line no: 62, 0.0052940078445557915, insert, 0.9896907216494846, 0.0, 0.2857142857142857
nextInt,SIMPLE_NAME, line no: 62,output,SIMPLE_NAME, line no: 49, 0.005293606991590752, insert, 0.5208333333333334, 0.0, 0.2857142857142857
value,SIMPLE_NAME, line no: 70,scanner,SIMPLE_NAME, line no: 51, 0.005256311304496649, insert, 0.17346938775510204, 0.0, 0.2857142857142857
output+=(String.format("%d\n" in.value)); ,EXPRESSION_STATEMENT, line no: 70,mainClass.scanner=new java.util.Scanner(args[0]); ,EXPRESSION_STATEMENT, line no: 51, 0.00525372426331557, insert, 0.15053763440860216, 0.0, 0.26
value,SIMPLE_NAME, line no: 67,length,SIMPLE_NAME, line no: 50, 0.0052124916626631965, insert, 0.8, 0.0, 0.3333333333333333
output+=(String.format("%d\n" in.value)); ,EXPRESSION_STATEMENT, line no: 70,mainClass.scanner=new java.util.Scanner(System.in); ,EXPRESSION_STATEMENT, line no: 53, 0.0052124427617438645, insert, 0.16129032258064516, 0.0, 0.25
String,SIMPLE_NAME, line no: 67,System,SIMPLE_NAME, line no: 53, 0.005155211534502062, insert, 0.5, 0.0, 0.3333333333333333
format,SIMPLE_NAME, line no: 67,out,SIMPLE_NAME, line no: 56, 0.005155211534502062, insert, 0.7857142857142857, 0.0, 0.3333333333333333
in.value,QUALIFIED_NAME, line no: 70,String,SIMPLE_NAME, line no: 49, 0.005132521364354518, insert, 0.5154639175257731, 0.0, 0.25
in.value,QUALIFIED_NAME, line no: 70,in,SIMPLE_NAME, line no: 53, 0.005132521364354518, insert, 0.18556701030927836, 0.0, 0.25
in.value,QUALIFIED_NAME, line no: 70,scanner,SIMPLE_NAME, line no: 51, 0.005094039479710811, insert, 0.17525773195876287, 0.0, 0.25
in.value,QUALIFIED_NAME, line no: 70,nextInt,SIMPLE_NAME, line no: 62, 0.005094039479710811, insert, 0.9896907216494846, 0.0, 0.25
"Enter an integer > ",STRING_LITERAL, line no: 61,String,SIMPLE_NAME, line no: 49, 0.005065865242739525, insert, 0.5154639175257731, 0.0, 0.23809523809523808
in.value,QUALIFIED_NAME, line no: 67,mainClass,SIMPLE_NAME, line no: 48, 0.005046576808679222, insert, 0.7586206896551724, 0.0, 0.3333333333333333
"Enter an integer > ",STRING_LITERAL, line no: 61,scanner,SIMPLE_NAME, line no: 51, 0.005027383358095818, insert, 0.17525773195876287, 0.0, 0.23809523809523808
String,SIMPLE_NAME, line no: 67,output,SIMPLE_NAME, line no: 49, 0.005012011214099227, insert, 0.7857142857142857, 0.0, 0.16666666666666666
String,SIMPLE_NAME, line no: 67,IntObj,SIMPLE_NAME, line no: 60, 0.005012011214099227, insert, 1.0, 0.0, 0.16666666666666666
String,SIMPLE_NAME, line no: 67,format,SIMPLE_NAME, line no: 61, 0.005012011214099227, insert, 1.0, 0.0, 0.16666666666666666
format,SIMPLE_NAME, line no: 67,value,SIMPLE_NAME, line no: 7, 0.005012011214099227, insert, 0.21428571428571427, 0.0, 0.16666666666666666
format,SIMPLE_NAME, line no: 67,String,SIMPLE_NAME, line no: 49, 0.005012011214099227, insert, 0.7857142857142857, 0.0, 0.16666666666666666
format,SIMPLE_NAME, line no: 67,IntObj,SIMPLE_NAME, line no: 60, 0.005012011214099227, insert, 1.0, 0.0, 0.16666666666666666
"%d\n",STRING_LITERAL, line no: 67,String,SIMPLE_NAME, line no: 49, 0.005012011214099227, insert, 0.7857142857142857, 0.0, 0.16666666666666666
"%d\n",STRING_LITERAL, line no: 67,in,SIMPLE_NAME, line no: 53, 0.005012011214099227, insert, 0.5, 0.0, 0.16666666666666666
"%d\n",STRING_LITERAL, line no: 67,IntObj,SIMPLE_NAME, line no: 60, 0.005012011214099227, insert, 1.0, 0.0, 0.16666666666666666
in,SIMPLE_NAME, line no: 67,IntObj,SIMPLE_NAME, line no: 60, 0.005012011214099227, insert, 1.0, 0.0, 0.16666666666666666
value,SIMPLE_NAME, line no: 67,output,SIMPLE_NAME, line no: 49, 0.005012011214099227, insert, 0.7666666666666667, 0.0, 0.16666666666666666
value,SIMPLE_NAME, line no: 67,format,SIMPLE_NAME, line no: 61, 0.005012011214099227, insert, 1.0, 0.0, 0.16666666666666666
in.value % 10,INFIX_EXPRESSION, line no: 67,String,SIMPLE_NAME, line no: 49, 0.004934903349266931, insert, 0.7857142857142857, 0.0, 0.15384615384615385
in.value % 10,INFIX_EXPRESSION, line no: 67,scanner,SIMPLE_NAME, line no: 51, 0.004934903349266931, insert, 0.5, 0.0, 0.15384615384615385
in.value % 10,INFIX_EXPRESSION, line no: 67,in,SIMPLE_NAME, line no: 53, 0.004934903349266931, insert, 0.5, 0.0, 0.15384615384615385
in.value % 10,INFIX_EXPRESSION, line no: 67,nextInt,SIMPLE_NAME, line no: 62, 0.004934903349266931, insert, 1.0, 0.0, 0.15384615384615385
String,SIMPLE_NAME, line no: 67,scanner,SIMPLE_NAME, line no: 51, 0.004868810893696392, insert, 0.5, 0.0, 0.14285714285714285
format,SIMPLE_NAME, line no: 67,scanner,SIMPLE_NAME, line no: 51, 0.004868810893696392, insert, 0.5, 0.0, 0.14285714285714285
format,SIMPLE_NAME, line no: 67,nextInt,SIMPLE_NAME, line no: 62, 0.004868810893696392, insert, 1.0, 0.0, 0.14285714285714285
"%d\n",STRING_LITERAL, line no: 67,scanner,SIMPLE_NAME, line no: 51, 0.004868810893696392, insert, 0.5, 0.0, 0.14285714285714285
"%d\n",STRING_LITERAL, line no: 67,nextInt,SIMPLE_NAME, line no: 62, 0.004868810893696392, insert, 1.0, 0.0, 0.14285714285714285
in,SIMPLE_NAME, line no: 67,scanner,SIMPLE_NAME, line no: 51, 0.004868810893696392, insert, 0.5, 0.0, 0.14285714285714285
in,SIMPLE_NAME, line no: 67,nextInt,SIMPLE_NAME, line no: 62, 0.004868810893696392, insert, 1.0, 0.0, 0.14285714285714285
value,SIMPLE_NAME, line no: 67,nextInt,SIMPLE_NAME, line no: 62, 0.004868810893696392, insert, 1.0, 0.0, 0.14285714285714285
format,SIMPLE_NAME, line no: 67,println,SIMPLE_NAME, line no: 56, 0.0048688108936963915, insert, 0.7857142857142857, 0.0, 0.2857142857142857
in,SIMPLE_NAME, line no: 67,println,SIMPLE_NAME, line no: 56, 0.004792437389481547, insert, 0.7666666666666667, 0.0, 0.2857142857142857
in.value,QUALIFIED_NAME, line no: 67,output,SIMPLE_NAME, line no: 49, 0.004761410653394266, insert, 0.7586206896551724, 0.0, 0.125
in.value,QUALIFIED_NAME, line no: 67,IntObj,SIMPLE_NAME, line no: 60, 0.004761410653394266, insert, 1.0, 0.0, 0.125
in.value,QUALIFIED_NAME, line no: 67,format,SIMPLE_NAME, line no: 61, 0.004761410653394266, insert, 1.0, 0.0, 0.125
"Enter an integer > ",STRING_LITERAL, line no: 61,nextInt,SIMPLE_NAME, line no: 62, 0.004760758871635841, insert, 0.9896907216494846, 0.0, 0.19047619047619047
output+=(String.format("That's all  have a nice day!")); ,EXPRESSION_STATEMENT, line no: 71,in.value=in.value * (-1); ,EXPRESSION_STATEMENT, line no: 64, 0.0046837040091015966, insert, 0.13978494623655913, 0.0, 0.22807017543859648
in.value,QUALIFIED_NAME, line no: 67,length,SIMPLE_NAME, line no: 50, 0.0046836380655892774, insert, 0.7931034482758621, 0.0, 0.25
String,SIMPLE_NAME, line no: 61,format,SIMPLE_NAME, line no: 61, 0.004665928513049562, insert, 1.0, 0.0, 0.16666666666666666
format,SIMPLE_NAME, line no: 61,value,SIMPLE_NAME, line no: 7, 0.004665928513049562, insert, 0.061855670103092786, 0.0, 0.16666666666666666
format,SIMPLE_NAME, line no: 61,String,SIMPLE_NAME, line no: 49, 0.004665928513049562, insert, 0.5154639175257731, 0.0, 0.16666666666666666
String,SIMPLE_NAME, line no: 70,format,SIMPLE_NAME, line no: 61, 0.004665928513049562, insert, 1.0, 0.0, 0.16666666666666666
format,SIMPLE_NAME, line no: 70,value,SIMPLE_NAME, line no: 7, 0.004665928513049562, insert, 0.061855670103092786, 0.0, 0.16666666666666666
format,SIMPLE_NAME, line no: 70,String,SIMPLE_NAME, line no: 49, 0.004665928513049562, insert, 0.5154639175257731, 0.0, 0.16666666666666666
"%d\n",STRING_LITERAL, line no: 70,String,SIMPLE_NAME, line no: 49, 0.004665928513049562, insert, 0.5154639175257731, 0.0, 0.16666666666666666
"%d\n",STRING_LITERAL, line no: 70,in,SIMPLE_NAME, line no: 53, 0.004665928513049562, insert, 0.18556701030927836, 0.0, 0.16666666666666666
String,SIMPLE_NAME, line no: 71,format,SIMPLE_NAME, line no: 61, 0.004665928513049562, insert, 1.0, 0.0, 0.16666666666666666
format,SIMPLE_NAME, line no: 71,value,SIMPLE_NAME, line no: 7, 0.004665928513049562, insert, 0.061855670103092786, 0.0, 0.16666666666666666
format,SIMPLE_NAME, line no: 71,String,SIMPLE_NAME, line no: 49, 0.004665928513049562, insert, 0.5154639175257731, 0.0, 0.16666666666666666
value,SIMPLE_NAME, line no: 70,format,SIMPLE_NAME, line no: 61, 0.0046278393006981364, insert, 0.9897959183673469, 0.0, 0.16666666666666666
String,SIMPLE_NAME, line no: 61,output,SIMPLE_NAME, line no: 49, 0.004588964743762146, insert, 0.5154639175257731, 0.0, 0.16666666666666666
String,SIMPLE_NAME, line no: 70,output,SIMPLE_NAME, line no: 49, 0.004588964743762146, insert, 0.5154639175257731, 0.0, 0.16666666666666666
String,SIMPLE_NAME, line no: 71,output,SIMPLE_NAME, line no: 49, 0.004588964743762146, insert, 0.5154639175257731, 0.0, 0.16666666666666666
in.value=scanner.nextInt(); ,EXPRESSION_STATEMENT, line no: 62,value=i; ,EXPRESSION_STATEMENT, line no: 7, 0.00458351572604473, insert, 0.043010752688172046, 0.3333333333333333, 0.2857142857142857
value,SIMPLE_NAME, line no: 70,output,SIMPLE_NAME, line no: 49, 0.004551660875995287, insert, 0.5204081632653061, 0.0, 0.16666666666666666
in.value % 10,INFIX_EXPRESSION, line no: 67,mainClass,SIMPLE_NAME, line no: 48, 0.004538348615843696, insert, 0.7857142857142857, 0.0, 0.23076923076923078
in.value % 10,INFIX_EXPRESSION, line no: 67,println,SIMPLE_NAME, line no: 56, 0.004538348615843696, insert, 0.7857142857142857, 0.0, 0.23076923076923078
"Enter an integer > ",STRING_LITERAL, line no: 61,format,SIMPLE_NAME, line no: 61, 0.004532616269819574, insert, 1.0, 0.0, 0.14285714285714285
scanner,SIMPLE_NAME, line no: 62,String,SIMPLE_NAME, line no: 49, 0.004532616269819574, insert, 0.5208333333333334, 0.0, 0.14285714285714285
scanner,SIMPLE_NAME, line no: 62,in,SIMPLE_NAME, line no: 53, 0.004532616269819574, insert, 0.1875, 0.0, 0.14285714285714285
scanner,SIMPLE_NAME, line no: 62,format,SIMPLE_NAME, line no: 61, 0.004532616269819574, insert, 1.0, 0.0, 0.14285714285714285
nextInt,SIMPLE_NAME, line no: 62,value,SIMPLE_NAME, line no: 7, 0.004532616269819574, insert, 0.0625, 0.0, 0.14285714285714285
nextInt,SIMPLE_NAME, line no: 62,in,SIMPLE_NAME, line no: 53, 0.004532616269819574, insert, 0.1875, 0.0, 0.14285714285714285
nextInt,SIMPLE_NAME, line no: 62,format,SIMPLE_NAME, line no: 61, 0.004532616269819574, insert, 1.0, 0.0, 0.14285714285714285
String,SIMPLE_NAME, line no: 61,IntObj,SIMPLE_NAME, line no: 60, 0.004512000974474731, insert, 0.9587628865979382, 0.0, 0.16666666666666666
format,SIMPLE_NAME, line no: 61,IntObj,SIMPLE_NAME, line no: 60, 0.004512000974474731, insert, 0.9587628865979382, 0.0, 0.16666666666666666
String,SIMPLE_NAME, line no: 70,IntObj,SIMPLE_NAME, line no: 60, 0.004512000974474731, insert, 0.9587628865979382, 0.0, 0.16666666666666666
format,SIMPLE_NAME, line no: 70,IntObj,SIMPLE_NAME, line no: 60, 0.004512000974474731, insert, 0.9587628865979382, 0.0, 0.16666666666666666
"%d\n",STRING_LITERAL, line no: 70,IntObj,SIMPLE_NAME, line no: 60, 0.004512000974474731, insert, 0.9587628865979382, 0.0, 0.16666666666666666
String,SIMPLE_NAME, line no: 71,IntObj,SIMPLE_NAME, line no: 60, 0.004512000974474731, insert, 0.9587628865979382, 0.0, 0.16666666666666666
format,SIMPLE_NAME, line no: 71,IntObj,SIMPLE_NAME, line no: 60, 0.004512000974474731, insert, 0.9587628865979382, 0.0, 0.16666666666666666
String,SIMPLE_NAME, line no: 61,scanner,SIMPLE_NAME, line no: 51, 0.004494134385175866, insert, 0.17525773195876287, 0.0, 0.14285714285714285
format,SIMPLE_NAME, line no: 61,scanner,SIMPLE_NAME, line no: 51, 0.004494134385175866, insert, 0.17525773195876287, 0.0, 0.14285714285714285
format,SIMPLE_NAME, line no: 61,nextInt,SIMPLE_NAME, line no: 62, 0.004494134385175866, insert, 0.9896907216494846, 0.0, 0.14285714285714285
String,SIMPLE_NAME, line no: 70,scanner,SIMPLE_NAME, line no: 51, 0.004494134385175866, insert, 0.17525773195876287, 0.0, 0.14285714285714285
format,SIMPLE_NAME, line no: 70,scanner,SIMPLE_NAME, line no: 51, 0.004494134385175866, insert, 0.17525773195876287, 0.0, 0.14285714285714285
format,SIMPLE_NAME, line no: 70,nextInt,SIMPLE_NAME, line no: 62, 0.004494134385175866, insert, 0.9896907216494846, 0.0, 0.14285714285714285
"%d\n",STRING_LITERAL, line no: 70,scanner,SIMPLE_NAME, line no: 51, 0.004494134385175866, insert, 0.17525773195876287, 0.0, 0.14285714285714285
"%d\n",STRING_LITERAL, line no: 70,nextInt,SIMPLE_NAME, line no: 62, 0.004494134385175866, insert, 0.9896907216494846, 0.0, 0.14285714285714285
String,SIMPLE_NAME, line no: 71,scanner,SIMPLE_NAME, line no: 51, 0.004494134385175866, insert, 0.17525773195876287, 0.0, 0.14285714285714285
format,SIMPLE_NAME, line no: 71,scanner,SIMPLE_NAME, line no: 51, 0.004494134385175866, insert, 0.17525773195876287, 0.0, 0.14285714285714285
format,SIMPLE_NAME, line no: 71,nextInt,SIMPLE_NAME, line no: 62, 0.004494134385175866, insert, 0.9896907216494846, 0.0, 0.14285714285714285
String,SIMPLE_NAME, line no: 67,mainClass,SIMPLE_NAME, line no: 48, 0.004486943372622165, insert, 0.7857142857142857, 0.0, 0.2222222222222222
format,SIMPLE_NAME, line no: 67,mainClass,SIMPLE_NAME, line no: 48, 0.004486943372622165, insert, 0.7857142857142857, 0.0, 0.2222222222222222
in,SIMPLE_NAME, line no: 70,IntObj,SIMPLE_NAME, line no: 60, 0.004475482451292437, insert, 0.9489795918367347, 0.0, 0.16666666666666666
in.value % 10,INFIX_EXPRESSION, line no: 67,output,SIMPLE_NAME, line no: 49, 0.004472256160273157, insert, 0.7857142857142857, 0.0, 0.07692307692307693
in.value % 10,INFIX_EXPRESSION, line no: 67,IntObj,SIMPLE_NAME, line no: 60, 0.004472256160273157, insert, 1.0, 0.0, 0.07692307692307693
in.value % 10,INFIX_EXPRESSION, line no: 67,format,SIMPLE_NAME, line no: 61, 0.004472256160273157, insert, 1.0, 0.0, 0.07692307692307693
in,SIMPLE_NAME, line no: 70,scanner,SIMPLE_NAME, line no: 51, 0.004456437845116725, insert, 0.17346938775510204, 0.0, 0.14285714285714285
in,SIMPLE_NAME, line no: 70,nextInt,SIMPLE_NAME, line no: 62, 0.004456437845116725, insert, 0.9795918367346939, 0.0, 0.14285714285714285
value,SIMPLE_NAME, line no: 70,nextInt,SIMPLE_NAME, line no: 62, 0.004456437845116725, insert, 0.9795918367346939, 0.0, 0.14285714285714285
"That's all  have a nice day!",STRING_LITERAL, line no: 71,scanner,SIMPLE_NAME, line no: 51, 0.004440809487883872, insert, 0.17525773195876287, 0.0, 0.13333333333333333
in.value,QUALIFIED_NAME, line no: 70,format,SIMPLE_NAME, line no: 61, 0.004432632087397084, insert, 1.0, 0.0, 0.125
nextInt,SIMPLE_NAME, line no: 62,length,SIMPLE_NAME, line no: 50, 0.004421522733794585, insert, 0.5416666666666666, 0.0, 0.42857142857142855
nextInt,SIMPLE_NAME, line no: 62,println,SIMPLE_NAME, line no: 56, 0.004421522733794585, insert, 0.5416666666666666, 0.0, 0.42857142857142855
scanner,SIMPLE_NAME, line no: 62,IntObj,SIMPLE_NAME, line no: 60, 0.004415968056993335, insert, 0.96875, 0.0, 0.14285714285714285
in,SIMPLE_NAME, line no: 67,mainClass,SIMPLE_NAME, line no: 48, 0.0044105698684073205, insert, 0.7666666666666667, 0.0, 0.2222222222222222
value,SIMPLE_NAME, line no: 67,java,SIMPLE_NAME, line no: 44, 0.0044105698684073205, insert, 0.06666666666666667, 0.0, 0.4
value,SIMPLE_NAME, line no: 67,mainClass,SIMPLE_NAME, line no: 48, 0.0044105698684073205, insert, 0.7666666666666667, 0.0, 0.2222222222222222
value,SIMPLE_NAME, line no: 67,args,SIMPLE_NAME, line no: 50, 0.0044105698684073205, insert, 0.8, 0.0, 0.2
String,SIMPLE_NAME, line no: 61,println,SIMPLE_NAME, line no: 56, 0.0044006783796125765, insert, 0.5360824742268041, 0.0, 0.42857142857142855
String,SIMPLE_NAME, line no: 70,println,SIMPLE_NAME, line no: 56, 0.0044006783796125765, insert, 0.5360824742268041, 0.0, 0.42857142857142855
String,SIMPLE_NAME, line no: 71,println,SIMPLE_NAME, line no: 56, 0.0044006783796125765, insert, 0.5360824742268041, 0.0, 0.42857142857142855
in.value,QUALIFIED_NAME, line no: 70,output,SIMPLE_NAME, line no: 49, 0.004355668318109668, insert, 0.5154639175257731, 0.0, 0.125
in.value=in.value * (-1); ,EXPRESSION_STATEMENT, line no: 64,in.value=in.value * (-1); ,EXPRESSION_STATEMENT, line no: 64, 0.004330127018922193, insert, 1.0, 2.0, 1.0
format,SIMPLE_NAME, line no: 67,args,SIMPLE_NAME, line no: 50, 0.004296009612085052, insert, 0.8214285714285714, 0.0, 0.16666666666666666
format,SIMPLE_NAME, line no: 67,length,SIMPLE_NAME, line no: 50, 0.004296009612085052, insert, 0.8214285714285714, 0.0, 0.16666666666666666
"%d\n",STRING_LITERAL, line no: 67,length,SIMPLE_NAME, line no: 50, 0.004296009612085052, insert, 0.8214285714285714, 0.0, 0.16666666666666666
"That's all  have a nice day!",STRING_LITERAL, line no: 71,value,SIMPLE_NAME, line no: 7, 0.004292654232005597, insert, 0.061855670103092786, 0.0, 0.1
in.value,QUALIFIED_NAME, line no: 70,IntObj,SIMPLE_NAME, line no: 60, 0.004278704548822253, insert, 0.9587628865979382, 0.0, 0.125
value,SIMPLE_NAME, line no: 67,exec,SIMPLE_NAME, line no: 55, 0.004276916236031341, insert, 0.7666666666666667, 0.0, 0.2
value,SIMPLE_NAME, line no: 67,out,SIMPLE_NAME, line no: 56, 0.004276916236031341, insert, 0.7666666666666667, 0.0, 0.2
"Enter an integer > ",STRING_LITERAL, line no: 61,value,SIMPLE_NAME, line no: 7, 0.0042659917833596, insert, 0.061855670103092786, 0.0, 0.09523809523809523
"Enter an integer > ",STRING_LITERAL, line no: 61,in,SIMPLE_NAME, line no: 53, 0.0042659917833596, insert, 0.18556701030927836, 0.0, 0.09523809523809523
in.value % 10,INFIX_EXPRESSION, line no: 67,length,SIMPLE_NAME, line no: 50, 0.004218901747252756, insert, 0.8214285714285714, 0.0, 0.15384615384615385
in,SIMPLE_NAME, line no: 67,length,SIMPLE_NAME, line no: 50, 0.004210089419843351, insert, 0.8, 0.0, 0.16666666666666666
"Enter an integer > ",STRING_LITERAL, line no: 61,output,SIMPLE_NAME, line no: 49, 0.0041890280140721835, insert, 0.5154639175257731, 0.0, 0.09523809523809523
String,SIMPLE_NAME, line no: 67,out,SIMPLE_NAME, line no: 56, 0.004152809291682217, insert, 0.7857142857142857, 0.0, 0.16666666666666666
format,SIMPLE_NAME, line no: 67,System,SIMPLE_NAME, line no: 53, 0.004152809291682217, insert, 0.5, 0.0, 0.16666666666666666
"Enter an integer > ",STRING_LITERAL, line no: 61,IntObj,SIMPLE_NAME, line no: 60, 0.004112064244784768, insert, 0.9587628865979382, 0.0, 0.09523809523809523
"That's all  have a nice day!",STRING_LITERAL, line no: 71,String,SIMPLE_NAME, line no: 49, 0.004106017091483614, insert, 0.5154639175257731, 0.0, 0.06666666666666667
"That's all  have a nice day!",STRING_LITERAL, line no: 71,format,SIMPLE_NAME, line no: 61, 0.004106017091483614, insert, 1.0, 0.0, 0.06666666666666667
in.value,QUALIFIED_NAME, line no: 70,println,SIMPLE_NAME, line no: 56, 0.004100725832345105, insert, 0.5360824742268041, 0.0, 0.375
in.value % 10,INFIX_EXPRESSION, line no: 67,digits_ca505766_003,SIMPLE_NAME, line no: 48, 0.004100051278902225, insert, 0.7857142857142857, 0.0, 0.15789473684210525
value,SIMPLE_NAME, line no: 67,System,SIMPLE_NAME, line no: 53, 0.0040764357874673715, insert, 0.5, 0.0, 0.16666666666666666
"That's all  have a nice day!",STRING_LITERAL, line no: 71,nextInt,SIMPLE_NAME, line no: 62, 0.004067535206839907, insert, 0.9896907216494846, 0.0, 0.06666666666666667
String,SIMPLE_NAME, line no: 67,util,SIMPLE_NAME, line no: 44, 0.004009608971279382, insert, 0.07142857142857142, 0.0, 0.3333333333333333
"%d\n",STRING_LITERAL, line no: 67,println,SIMPLE_NAME, line no: 56, 0.004009608971279381, insert, 0.7857142857142857, 0.0, 0.14285714285714285
value,SIMPLE_NAME, line no: 67,println,SIMPLE_NAME, line no: 56, 0.0039332354670645366, insert, 0.7666666666666667, 0.0, 0.14285714285714285
in.value,QUALIFIED_NAME, line no: 67,args,SIMPLE_NAME, line no: 50, 0.003931836383474394, insert, 0.7931034482758621, 0.0, 0.125
"That's all  have a nice day!",STRING_LITERAL, line no: 71,in,SIMPLE_NAME, line no: 53, 0.003919379950961632, insert, 0.18556701030927836, 0.0, 0.03333333333333333
value,SIMPLE_NAME, line no: 70,length,SIMPLE_NAME, line no: 50, 0.0038850996598453493, insert, 0.5408163265306123, 0.0, 0.3333333333333333
String,SIMPLE_NAME, line no: 61,args,SIMPLE_NAME, line no: 50, 0.003867429406692626, insert, 0.5360824742268041, 0.0, 0.3333333333333333
String,SIMPLE_NAME, line no: 61,length,SIMPLE_NAME, line no: 50, 0.003867429406692626, insert, 0.5360824742268041, 0.0, 0.3333333333333333
String,SIMPLE_NAME, line no: 61,System,SIMPLE_NAME, line no: 53, 0.003867429406692626, insert, 0.18556701030927836, 0.0, 0.3333333333333333
format,SIMPLE_NAME, line no: 61,out,SIMPLE_NAME, line no: 56, 0.003867429406692626, insert, 0.5360824742268041, 0.0, 0.3333333333333333
String,SIMPLE_NAME, line no: 70,args,SIMPLE_NAME, line no: 50, 0.003867429406692626, insert, 0.5360824742268041, 0.0, 0.3333333333333333
String,SIMPLE_NAME, line no: 70,length,SIMPLE_NAME, line no: 50, 0.003867429406692626, insert, 0.5360824742268041, 0.0, 0.3333333333333333
String,SIMPLE_NAME, line no: 70,System,SIMPLE_NAME, line no: 53, 0.003867429406692626, insert, 0.18556701030927836, 0.0, 0.3333333333333333
format,SIMPLE_NAME, line no: 70,out,SIMPLE_NAME, line no: 56, 0.003867429406692626, insert, 0.5360824742268041, 0.0, 0.3333333333333333
in.value,QUALIFIED_NAME, line no: 70,mainClass,SIMPLE_NAME, line no: 48, 0.003867429406692626, insert, 0.5154639175257731, 0.0, 0.3333333333333333
String,SIMPLE_NAME, line no: 71,args,SIMPLE_NAME, line no: 50, 0.003867429406692626, insert, 0.5360824742268041, 0.0, 0.3333333333333333
String,SIMPLE_NAME, line no: 71,length,SIMPLE_NAME, line no: 50, 0.003867429406692626, insert, 0.5360824742268041, 0.0, 0.3333333333333333
String,SIMPLE_NAME, line no: 71,System,SIMPLE_NAME, line no: 53, 0.003867429406692626, insert, 0.18556701030927836, 0.0, 0.3333333333333333
format,SIMPLE_NAME, line no: 71,out,SIMPLE_NAME, line no: 56, 0.003867429406692626, insert, 0.5360824742268041, 0.0, 0.3333333333333333
"That's all  have a nice day!",STRING_LITERAL, line no: 71,output,SIMPLE_NAME, line no: 49, 0.0038424161816742164, insert, 0.5154639175257731, 0.0, 0.03333333333333333
"%d\n",STRING_LITERAL, line no: 67,mainClass,SIMPLE_NAME, line no: 48, 0.0038186752107422684, insert, 0.7857142857142857, 0.0, 0.1111111111111111
in,SIMPLE_NAME, line no: 67,i,SIMPLE_NAME, line no: 7, 0.003809128522715413, insert, 0.2, 0.0, 0.5
in.value,QUALIFIED_NAME, line no: 67,System,SIMPLE_NAME, line no: 53, 0.003793574005154415, insert, 0.4827586206896552, 0.0, 0.125
in.value,QUALIFIED_NAME, line no: 67,exec,SIMPLE_NAME, line no: 55, 0.003793574005154415, insert, 0.7586206896551724, 0.0, 0.125
in.value,QUALIFIED_NAME, line no: 67,out,SIMPLE_NAME, line no: 56, 0.003793574005154415, insert, 0.7586206896551724, 0.0, 0.125
String,SIMPLE_NAME, line no: 67,digits_ca505766_003,SIMPLE_NAME, line no: 48, 0.0037835032022222733, insert, 0.7857142857142857, 0.0, 0.10526315789473684
"That's all  have a nice day!",STRING_LITERAL, line no: 71,IntObj,SIMPLE_NAME, line no: 60, 0.0037654524123868012, insert, 0.9587628865979382, 0.0, 0.03333333333333333
in.value % 10,INFIX_EXPRESSION, line no: 67,args,SIMPLE_NAME, line no: 50, 0.0037562545582589812, insert, 0.8214285714285714, 0.0, 0.07692307692307693
String,SIMPLE_NAME, line no: 67,Scanner,SIMPLE_NAME, line no: 44, 0.0037232083304737118, insert, 0.03571428571428571, 0.0, 0.2857142857142857
value,SIMPLE_NAME, line no: 67,Scanner,SIMPLE_NAME, line no: 44, 0.0037232083304737118, insert, 0.03333333333333333, 0.0, 0.2857142857142857
in.value,QUALIFIED_NAME, line no: 67,digits_ca505766_003,SIMPLE_NAME, line no: 48, 0.0036748684763994333, insert, 0.7586206896551724, 0.0, 0.10526315789473684
in.value=in.value * (-1); ,EXPRESSION_STATEMENT, line no: 64,in.value=in.value / 10; ,EXPRESSION_STATEMENT, line no: 68, 0.003663953631395702, insert, 0.8461538461538461, 2.0, 0.8461538461538461
scanner,SIMPLE_NAME, line no: 62,args,SIMPLE_NAME, line no: 50, 0.0036216492744146596, insert, 0.5416666666666666, 0.0, 0.2857142857142857
scanner,SIMPLE_NAME, line no: 62,System,SIMPLE_NAME, line no: 53, 0.0036216492744146596, insert, 0.1875, 0.0, 0.2857142857142857
scanner,SIMPLE_NAME, line no: 62,println,SIMPLE_NAME, line no: 56, 0.0036216492744146596, insert, 0.5416666666666666, 0.0, 0.2857142857142857
nextInt,SIMPLE_NAME, line no: 62,exec,SIMPLE_NAME, line no: 55, 0.0036216492744146596, insert, 0.5416666666666666, 0.0, 0.2857142857142857
in,SIMPLE_NAME, line no: 70,println,SIMPLE_NAME, line no: 56, 0.003618475173385374, insert, 0.5408163265306123, 0.0, 0.2857142857142857
in.value % 10,INFIX_EXPRESSION, line no: 67,System,SIMPLE_NAME, line no: 53, 0.0036130542378561463, insert, 0.5, 0.0, 0.07692307692307693
in.value % 10,INFIX_EXPRESSION, line no: 67,exec,SIMPLE_NAME, line no: 55, 0.0036130542378561463, insert, 0.7857142857142857, 0.0, 0.07692307692307693
in.value % 10,INFIX_EXPRESSION, line no: 67,out,SIMPLE_NAME, line no: 56, 0.0036130542378561463, insert, 0.7857142857142857, 0.0, 0.07692307692307693
format,SIMPLE_NAME, line no: 61,println,SIMPLE_NAME, line no: 56, 0.0036008049202326513, insert, 0.5360824742268041, 0.0, 0.2857142857142857
format,SIMPLE_NAME, line no: 70,println,SIMPLE_NAME, line no: 56, 0.0036008049202326513, insert, 0.5360824742268041, 0.0, 0.2857142857142857
format,SIMPLE_NAME, line no: 71,println,SIMPLE_NAME, line no: 56, 0.0036008049202326513, insert, 0.5360824742268041, 0.0, 0.2857142857142857
in,SIMPLE_NAME, line no: 67,util,SIMPLE_NAME, line no: 44, 0.003508407849869459, insert, 0.06666666666666667, 0.0, 0.25
format,SIMPLE_NAME, line no: 67,digits_ca505766_003,SIMPLE_NAME, line no: 48, 0.0034669551255423225, insert, 0.7857142857142857, 0.0, 0.05263157894736842
"%d\n",STRING_LITERAL, line no: 67,digits_ca505766_003,SIMPLE_NAME, line no: 48, 0.0034669551255423225, insert, 0.7857142857142857, 0.0, 0.05263157894736842
in.value,QUALIFIED_NAME, line no: 67,java,SIMPLE_NAME, line no: 44, 0.00343927666070947, insert, 0.06896551724137931, 0.0, 0.25
in.value,QUALIFIED_NAME, line no: 67,util,SIMPLE_NAME, line no: 44, 0.00343927666070947, insert, 0.06896551724137931, 0.0, 0.25
in.value,QUALIFIED_NAME, line no: 67,Scanner,SIMPLE_NAME, line no: 44, 0.00343927666070947, insert, 0.034482758620689655, 0.0, 0.25
in.value,QUALIFIED_NAME, line no: 70,length,SIMPLE_NAME, line no: 50, 0.0034008365553876707, insert, 0.5360824742268041, 0.0, 0.25
in,SIMPLE_NAME, line no: 67,digits_ca505766_003,SIMPLE_NAME, line no: 48, 0.0033905816213274775, insert, 0.7666666666666667, 0.0, 0.05263157894736842
value,SIMPLE_NAME, line no: 67,digits_ca505766_003,SIMPLE_NAME, line no: 48, 0.0033905816213274775, insert, 0.7666666666666667, 0.0, 0.05263157894736842
10,NUMBER_LITERAL, line no: 67,digits_ca505766_003,SIMPLE_NAME, line no: 48, 0.003358320399719482, insert, 0.7586206896551724, 0.0, 0.05263157894736842
scanner,SIMPLE_NAME, line no: 62,mainClass,SIMPLE_NAME, line no: 48, 0.003266149959134693, insert, 0.5208333333333334, 0.0, 0.2222222222222222
in,SIMPLE_NAME, line no: 70,mainClass,SIMPLE_NAME, line no: 48, 0.003262975858105408, insert, 0.5204081632653061, 0.0, 0.2222222222222222
value,SIMPLE_NAME, line no: 70,mainClass,SIMPLE_NAME, line no: 48, 0.003262975858105408, insert, 0.5204081632653061, 0.0, 0.2222222222222222
String,SIMPLE_NAME, line no: 61,mainClass,SIMPLE_NAME, line no: 48, 0.0032453056049526847, insert, 0.5154639175257731, 0.0, 0.2222222222222222
format,SIMPLE_NAME, line no: 61,mainClass,SIMPLE_NAME, line no: 48, 0.0032453056049526847, insert, 0.5154639175257731, 0.0, 0.2222222222222222
String,SIMPLE_NAME, line no: 70,mainClass,SIMPLE_NAME, line no: 48, 0.0032453056049526847, insert, 0.5154639175257731, 0.0, 0.2222222222222222
format,SIMPLE_NAME, line no: 70,mainClass,SIMPLE_NAME, line no: 48, 0.0032453056049526847, insert, 0.5154639175257731, 0.0, 0.2222222222222222
String,SIMPLE_NAME, line no: 71,mainClass,SIMPLE_NAME, line no: 48, 0.0032453056049526847, insert, 0.5154639175257731, 0.0, 0.2222222222222222
format,SIMPLE_NAME, line no: 71,mainClass,SIMPLE_NAME, line no: 48, 0.0032453056049526847, insert, 0.5154639175257731, 0.0, 0.2222222222222222
in.value=in.value * (-1); ,EXPRESSION_STATEMENT, line no: 64,in.value=scanner.nextInt(); ,EXPRESSION_STATEMENT, line no: 62, 0.003216665785485058, insert, 1.0, 2.0, 0.5714285714285714
value,SIMPLE_NAME, line no: 67,util,SIMPLE_NAME, line no: 44, 0.0032076871770235055, insert, 0.06666666666666667, 0.0, 0.2
value,SIMPLE_NAME, line no: 70,args,SIMPLE_NAME, line no: 50, 0.00313855109775742, insert, 0.5408163265306123, 0.0, 0.2
value,SIMPLE_NAME, line no: 70,exec,SIMPLE_NAME, line no: 55, 0.00313855109775742, insert, 0.5408163265306123, 0.0, 0.2
value,SIMPLE_NAME, line no: 70,out,SIMPLE_NAME, line no: 56, 0.00313855109775742, insert, 0.5408163265306123, 0.0, 0.2
"Enter an integer > ",STRING_LITERAL, line no: 61,println,SIMPLE_NAME, line no: 56, 0.0030675559473127014, insert, 0.5360824742268041, 0.0, 0.19047619047619047
in,SIMPLE_NAME, line no: 70,i,SIMPLE_NAME, line no: 7, 0.003028092381938287, insert, 0.061224489795918366, 0.0, 0.5
format,SIMPLE_NAME, line no: 67,java,SIMPLE_NAME, line no: 44, 0.0030072067284595363, insert, 0.07142857142857142, 0.0, 0.16666666666666666
format,SIMPLE_NAME, line no: 67,util,SIMPLE_NAME, line no: 44, 0.0030072067284595363, insert, 0.07142857142857142, 0.0, 0.16666666666666666
value,SIMPLE_NAME, line no: 70,java,SIMPLE_NAME, line no: 44, 0.0029633407209408644, insert, 0.02040816326530612, 0.0, 0.4
in,SIMPLE_NAME, line no: 70,length,SIMPLE_NAME, line no: 50, 0.002951913957235437, insert, 0.5408163265306123, 0.0, 0.16666666666666666
value,SIMPLE_NAME, line no: 70,System,SIMPLE_NAME, line no: 53, 0.002951913957235437, insert, 0.1836734693877551, 0.0, 0.16666666666666666
String,SIMPLE_NAME, line no: 61,out,SIMPLE_NAME, line no: 56, 0.002934243704082714, insert, 0.5360824742268041, 0.0, 0.16666666666666666
format,SIMPLE_NAME, line no: 61,args,SIMPLE_NAME, line no: 50, 0.002934243704082714, insert, 0.5360824742268041, 0.0, 0.16666666666666666
format,SIMPLE_NAME, line no: 61,length,SIMPLE_NAME, line no: 50, 0.002934243704082714, insert, 0.5360824742268041, 0.0, 0.16666666666666666
format,SIMPLE_NAME, line no: 61,System,SIMPLE_NAME, line no: 53, 0.002934243704082714, insert, 0.18556701030927836, 0.0, 0.16666666666666666
String,SIMPLE_NAME, line no: 70,out,SIMPLE_NAME, line no: 56, 0.002934243704082714, insert, 0.5360824742268041, 0.0, 0.16666666666666666
format,SIMPLE_NAME, line no: 70,args,SIMPLE_NAME, line no: 50, 0.002934243704082714, insert, 0.5360824742268041, 0.0, 0.16666666666666666
format,SIMPLE_NAME, line no: 70,length,SIMPLE_NAME, line no: 50, 0.002934243704082714, insert, 0.5360824742268041, 0.0, 0.16666666666666666
format,SIMPLE_NAME, line no: 70,System,SIMPLE_NAME, line no: 53, 0.002934243704082714, insert, 0.18556701030927836, 0.0, 0.16666666666666666
"%d\n",STRING_LITERAL, line no: 70,length,SIMPLE_NAME, line no: 50, 0.002934243704082714, insert, 0.5360824742268041, 0.0, 0.16666666666666666
String,SIMPLE_NAME, line no: 71,out,SIMPLE_NAME, line no: 56, 0.002934243704082714, insert, 0.5360824742268041, 0.0, 0.16666666666666666
format,SIMPLE_NAME, line no: 71,args,SIMPLE_NAME, line no: 50, 0.002934243704082714, insert, 0.5360824742268041, 0.0, 0.16666666666666666
format,SIMPLE_NAME, line no: 71,length,SIMPLE_NAME, line no: 50, 0.002934243704082714, insert, 0.5360824742268041, 0.0, 0.16666666666666666
format,SIMPLE_NAME, line no: 71,System,SIMPLE_NAME, line no: 53, 0.002934243704082714, insert, 0.18556701030927836, 0.0, 0.16666666666666666
in.value % 10,INFIX_EXPRESSION, line no: 67,java,SIMPLE_NAME, line no: 44, 0.002930098863627241, insert, 0.07142857142857142, 0.0, 0.15384615384615385
in.value % 10,INFIX_EXPRESSION, line no: 67,util,SIMPLE_NAME, line no: 44, 0.002930098863627241, insert, 0.07142857142857142, 0.0, 0.15384615384615385
in.value % 10,INFIX_EXPRESSION, line no: 67,Scanner,SIMPLE_NAME, line no: 44, 0.002930098863627241, insert, 0.03571428571428571, 0.0, 0.15384615384615385
format,SIMPLE_NAME, line no: 67,Scanner,SIMPLE_NAME, line no: 44, 0.002864006408056701, insert, 0.03571428571428571, 0.0, 0.14285714285714285
"%d\n",STRING_LITERAL, line no: 67,Scanner,SIMPLE_NAME, line no: 44, 0.002864006408056701, insert, 0.03571428571428571, 0.0, 0.14285714285714285
in,SIMPLE_NAME, line no: 67,Scanner,SIMPLE_NAME, line no: 44, 0.002864006408056701, insert, 0.03333333333333333, 0.0, 0.14285714285714285
output+=(String.format("%d\n" in.value)); ,EXPRESSION_STATEMENT, line no: 70,value=i; ,EXPRESSION_STATEMENT, line no: 7, 0.0028479010577948933, insert, 0.043010752688172046, 0.3333333333333333, 0.16666666666666666
scanner,SIMPLE_NAME, line no: 62,digits_ca505766_003,SIMPLE_NAME, line no: 48, 0.0028282075460677606, insert, 0.5208333333333334, 0.0, 0.15789473684210525
scanner,SIMPLE_NAME, line no: 62,length,SIMPLE_NAME, line no: 50, 0.002821775815034735, insert, 0.5416666666666666, 0.0, 0.14285714285714285
scanner,SIMPLE_NAME, line no: 62,exec,SIMPLE_NAME, line no: 55, 0.002821775815034735, insert, 0.5416666666666666, 0.0, 0.14285714285714285
nextInt,SIMPLE_NAME, line no: 62,System,SIMPLE_NAME, line no: 53, 0.002821775815034735, insert, 0.1875, 0.0, 0.14285714285714285
nextInt,SIMPLE_NAME, line no: 62,out,SIMPLE_NAME, line no: 56, 0.002821775815034735, insert, 0.5416666666666666, 0.0, 0.14285714285714285
value,SIMPLE_NAME, line no: 70,println,SIMPLE_NAME, line no: 56, 0.00281860171400545, insert, 0.5408163265306123, 0.0, 0.14285714285714285
"Enter an integer > ",STRING_LITERAL, line no: 61,mainClass,SIMPLE_NAME, line no: 48, 0.0028009314608527266, insert, 0.5154639175257731, 0.0, 0.14285714285714285
"Enter an integer > ",STRING_LITERAL, line no: 61,length,SIMPLE_NAME, line no: 50, 0.0028009314608527266, insert, 0.5360824742268041, 0.0, 0.14285714285714285
"%d\n",STRING_LITERAL, line no: 70,println,SIMPLE_NAME, line no: 56, 0.0028009314608527266, insert, 0.5360824742268041, 0.0, 0.14285714285714285
in.value,QUALIFIED_NAME, line no: 70,args,SIMPLE_NAME, line no: 50, 0.0027009472784302363, insert, 0.5360824742268041, 0.0, 0.125
in.value,QUALIFIED_NAME, line no: 70,System,SIMPLE_NAME, line no: 53, 0.0027009472784302363, insert, 0.18556701030927836, 0.0, 0.125
in.value,QUALIFIED_NAME, line no: 70,exec,SIMPLE_NAME, line no: 55, 0.0027009472784302363, insert, 0.5360824742268041, 0.0, 0.125
in.value,QUALIFIED_NAME, line no: 70,out,SIMPLE_NAME, line no: 56, 0.0027009472784302363, insert, 0.5360824742268041, 0.0, 0.125
"That's all  have a nice day!",STRING_LITERAL, line no: 71,digits_ca505766_003,SIMPLE_NAME, line no: 48, 0.0026706427942733164, insert, 0.5154639175257731, 0.0, 0.13333333333333333
in.value=in.value * (-1); ,EXPRESSION_STATEMENT, line no: 64,output+=(String.format("%d\n" in.value)); ,EXPRESSION_STATEMENT, line no: 70, 0.0026599351687664904, insert, 1.0, 2.0, 0.35714285714285715
nextInt,SIMPLE_NAME, line no: 62,mainClass,SIMPLE_NAME, line no: 48, 0.0026440261573947516, insert, 0.5208333333333334, 0.0, 0.1111111111111111
"%d\n",STRING_LITERAL, line no: 70,mainClass,SIMPLE_NAME, line no: 48, 0.0026231818032127433, insert, 0.5154639175257731, 0.0, 0.1111111111111111
String,SIMPLE_NAME, line no: 61,util,SIMPLE_NAME, line no: 44, 0.0025975272134502714, insert, 0.020618556701030927, 0.0, 0.3333333333333333
String,SIMPLE_NAME, line no: 70,util,SIMPLE_NAME, line no: 44, 0.0025975272134502714, insert, 0.020618556701030927, 0.0, 0.3333333333333333
String,SIMPLE_NAME, line no: 71,util,SIMPLE_NAME, line no: 44, 0.0025975272134502714, insert, 0.020618556701030927, 0.0, 0.3333333333333333
"That's all  have a nice day!",STRING_LITERAL, line no: 71,mainClass,SIMPLE_NAME, line no: 48, 0.002560969423038749, insert, 0.5154639175257731, 0.0, 0.1
"That's all  have a nice day!",STRING_LITERAL, line no: 71,length,SIMPLE_NAME, line no: 50, 0.002560969423038749, insert, 0.5360824742268041, 0.0, 0.1
"That's all  have a nice day!",STRING_LITERAL, line no: 71,println,SIMPLE_NAME, line no: 56, 0.002560969423038749, insert, 0.5360824742268041, 0.0, 0.1
"Enter an integer > ",STRING_LITERAL, line no: 61,args,SIMPLE_NAME, line no: 50, 0.002534306974392752, insert, 0.5360824742268041, 0.0, 0.09523809523809523
"Enter an integer > ",STRING_LITERAL, line no: 61,System,SIMPLE_NAME, line no: 53, 0.002534306974392752, insert, 0.18556701030927836, 0.0, 0.09523809523809523
"Enter an integer > ",STRING_LITERAL, line no: 61,exec,SIMPLE_NAME, line no: 55, 0.002534306974392752, insert, 0.5360824742268041, 0.0, 0.09523809523809523
String,SIMPLE_NAME, line no: 61,digits_ca505766_003,SIMPLE_NAME, line no: 48, 0.0025134746759390147, insert, 0.5154639175257731, 0.0, 0.10526315789473684
String,SIMPLE_NAME, line no: 70,digits_ca505766_003,SIMPLE_NAME, line no: 48, 0.0025134746759390147, insert, 0.5154639175257731, 0.0, 0.10526315789473684
in.value,QUALIFIED_NAME, line no: 70,digits_ca505766_003,SIMPLE_NAME, line no: 48, 0.0025134746759390147, insert, 0.5154639175257731, 0.0, 0.10526315789473684
String,SIMPLE_NAME, line no: 71,digits_ca505766_003,SIMPLE_NAME, line no: 48, 0.0025134746759390147, insert, 0.5154639175257731, 0.0, 0.10526315789473684
in.value=in.value * (-1); ,EXPRESSION_STATEMENT, line no: 64,output+=(String.format("%d\n" in.value % 10)); ,EXPRESSION_STATEMENT, line no: 67, 0.002460589363289338, insert, 0.8461538461538461, 2.0, 0.3829787234042553
"Enter an integer > ",STRING_LITERAL, line no: 61,digits_ca505766_003,SIMPLE_NAME, line no: 48, 0.0024573432051053358, insert, 0.5154639175257731, 0.0, 0.09523809523809523
in.value=in.value * (-1); ,EXPRESSION_STATEMENT, line no: 64,output+=(String.format("Enter an integer > ")); ,EXPRESSION_STATEMENT, line no: 61, 0.0024356964481437337, insert, 1.0, 0.0, 0.2708333333333333
in.value,QUALIFIED_NAME, line no: 67,in.value,QUALIFIED_NAME, line no: 62, 0.002401922307076307, insert, 1.0, 2.0, 1.0
"That's all  have a nice day!",STRING_LITERAL, line no: 71,args,SIMPLE_NAME, line no: 50, 0.0023743322825167668, insert, 0.5360824742268041, 0.0, 0.06666666666666667
"That's all  have a nice day!",STRING_LITERAL, line no: 71,System,SIMPLE_NAME, line no: 53, 0.0023743322825167668, insert, 0.18556701030927836, 0.0, 0.06666666666666667
"That's all  have a nice day!",STRING_LITERAL, line no: 71,exec,SIMPLE_NAME, line no: 55, 0.0023743322825167668, insert, 0.5360824742268041, 0.0, 0.06666666666666667
in.value=in.value * (-1); ,EXPRESSION_STATEMENT, line no: 64,mainClass.exec(); ,EXPRESSION_STATEMENT, line no: 55, 0.0023649155257190442, insert, 0.8461538461538461, 0.0, 0.34615384615384615
in.value=in.value * (-1); ,EXPRESSION_STATEMENT, line no: 64,output+=(String.format("That's all  have a nice day!")); ,EXPRESSION_STATEMENT, line no: 71, 0.002324594504895072, insert, 1.0, 0.0, 0.22807017543859648
nextInt,SIMPLE_NAME, line no: 62,Scanner,SIMPLE_NAME, line no: 44, 0.002299636195717284, insert, 0.010416666666666666, 0.0, 0.2857142857142857
String,SIMPLE_NAME, line no: 61,Scanner,SIMPLE_NAME, line no: 44, 0.0022924208423465886, insert, 0.010309278350515464, 0.0, 0.2857142857142857
String,SIMPLE_NAME, line no: 70,Scanner,SIMPLE_NAME, line no: 44, 0.0022924208423465886, insert, 0.010309278350515464, 0.0, 0.2857142857142857
String,SIMPLE_NAME, line no: 71,Scanner,SIMPLE_NAME, line no: 44, 0.0022924208423465886, insert, 0.010309278350515464, 0.0, 0.2857142857142857
value,SIMPLE_NAME, line no: 70,Scanner,SIMPLE_NAME, line no: 44, 0.0022853527410854994, insert, 0.01020408163265306, 0.0, 0.2857142857142857
"Enter an integer > ",STRING_LITERAL, line no: 61,out,SIMPLE_NAME, line no: 56, 0.002267682487932777, insert, 0.5360824742268041, 0.0, 0.047619047619047616
nextInt,SIMPLE_NAME, line no: 62,digits_ca505766_003,SIMPLE_NAME, line no: 48, 0.002238827102314132, insert, 0.5208333333333334, 0.0, 0.05263157894736842
in,SIMPLE_NAME, line no: 70,digits_ca505766_003,SIMPLE_NAME, line no: 48, 0.0022372400517994893, insert, 0.5204081632653061, 0.0, 0.05263157894736842
value,SIMPLE_NAME, line no: 70,digits_ca505766_003,SIMPLE_NAME, line no: 48, 0.0022372400517994893, insert, 0.5204081632653061, 0.0, 0.05263157894736842
in.value,QUALIFIED_NAME, line no: 70,in.value,QUALIFIED_NAME, line no: 62, 0.00223606797749979, insert, 0.979381443298969, 2.0, 1.0
format,SIMPLE_NAME, line no: 61,digits_ca505766_003,SIMPLE_NAME, line no: 48, 0.0022187844540622007, insert, 0.5154639175257731, 0.0, 0.05263157894736842
format,SIMPLE_NAME, line no: 70,digits_ca505766_003,SIMPLE_NAME, line no: 48, 0.0022187844540622007, insert, 0.5154639175257731, 0.0, 0.05263157894736842
"%d\n",STRING_LITERAL, line no: 70,digits_ca505766_003,SIMPLE_NAME, line no: 48, 0.0022187844540622007, insert, 0.5154639175257731, 0.0, 0.05263157894736842
format,SIMPLE_NAME, line no: 71,digits_ca505766_003,SIMPLE_NAME, line no: 48, 0.0022187844540622007, insert, 0.5154639175257731, 0.0, 0.05263157894736842
"That's all  have a nice day!",STRING_LITERAL, line no: 71,out,SIMPLE_NAME, line no: 56, 0.0021876951419947843, insert, 0.5360824742268041, 0.0, 0.03333333333333333
in.value=in.value * (-1); ,EXPRESSION_STATEMENT, line no: 64,System.out.println(mainClass.output); ,EXPRESSION_STATEMENT, line no: 56, 0.00214928571870389, insert, 0.8461538461538461, 0.0, 0.2631578947368421
in.value,QUALIFIED_NAME, line no: 70,java,SIMPLE_NAME, line no: 44, 0.002130934362145315, insert, 0.020618556701030927, 0.0, 0.25
in.value,QUALIFIED_NAME, line no: 70,util,SIMPLE_NAME, line no: 44, 0.002130934362145315, insert, 0.020618556701030927, 0.0, 0.25
in,SIMPLE_NAME, line no: 70,util,SIMPLE_NAME, line no: 44, 0.0021234735885919437, insert, 0.02040816326530612, 0.0, 0.25
in.value=in.value * (-1); ,EXPRESSION_STATEMENT, line no: 64,mainClass.scanner=new java.util.Scanner(args[0]); ,EXPRESSION_STATEMENT, line no: 51, 0.0021117696384589774, insert, 0.7692307692307693, 0.0, 0.3
in.value,QUALIFIED_NAME, line no: 70,Scanner,SIMPLE_NAME, line no: 44, 0.0020924524775016076, insert, 0.010309278350515464, 0.0, 0.25
"Enter an integer > ",STRING_LITERAL, line no: 61,Scanner,SIMPLE_NAME, line no: 44, 0.002025796355886614, insert, 0.010309278350515464, 0.0, 0.23809523809523808
output+=(String.format("That's all  have a nice day!")); ,EXPRESSION_STATEMENT, line no: 71,value=i; ,EXPRESSION_STATEMENT, line no: 7, 0.0019526892815397144, insert, 0.043010752688172046, 0.0, 0.10526315789473684
in.value=in.value * (-1); ,EXPRESSION_STATEMENT, line no: 64,mainClass.scanner=new java.util.Scanner(System.in); ,EXPRESSION_STATEMENT, line no: 53, 0.0019485571585149868, insert, 0.6923076923076923, 0.0, 0.28846153846153844
output+=(String.format("Enter an integer > ")); ,EXPRESSION_STATEMENT, line no: 61,value=i; ,EXPRESSION_STATEMENT, line no: 7, 0.0019367033569637293, insert, 0.043010752688172046, 0.0, 0.10416666666666667
String,SIMPLE_NAME, line no: 67,i,SIMPLE_NAME, line no: 7, 0.0018616041652368559, insert, 0.21428571428571427, 0.0, 0.16666666666666666
value,SIMPLE_NAME, line no: 67,in.value,QUALIFIED_NAME, line no: 62, 0.001861489787984138, insert, 1.0, 1.0, 0.625
in.value % 10,INFIX_EXPRESSION, line no: 67,in.value,QUALIFIED_NAME, line no: 62, 0.0018476325439048516, insert, 1.0, 2.0, 0.6153846153846154
value,SIMPLE_NAME, line no: 70,util,SIMPLE_NAME, line no: 44, 0.0018435178778089696, insert, 0.02040816326530612, 0.0, 0.2
value,SIMPLE_NAME, line no: 70,in.value,QUALIFIED_NAME, line no: 62, 0.0017238258744909096, insert, 0.9693877551020408, 1.0, 0.625
format,SIMPLE_NAME, line no: 61,java,SIMPLE_NAME, line no: 44, 0.001664341510840359, insert, 0.020618556701030927, 0.0, 0.16666666666666666
format,SIMPLE_NAME, line no: 61,util,SIMPLE_NAME, line no: 44, 0.001664341510840359, insert, 0.020618556701030927, 0.0, 0.16666666666666666
format,SIMPLE_NAME, line no: 70,java,SIMPLE_NAME, line no: 44, 0.001664341510840359, insert, 0.020618556701030927, 0.0, 0.16666666666666666
format,SIMPLE_NAME, line no: 70,util,SIMPLE_NAME, line no: 44, 0.001664341510840359, insert, 0.020618556701030927, 0.0, 0.16666666666666666
format,SIMPLE_NAME, line no: 71,java,SIMPLE_NAME, line no: 44, 0.001664341510840359, insert, 0.020618556701030927, 0.0, 0.16666666666666666
format,SIMPLE_NAME, line no: 71,util,SIMPLE_NAME, line no: 44, 0.001664341510840359, insert, 0.020618556701030927, 0.0, 0.16666666666666666
in.value,QUALIFIED_NAME, line no: 67,i,SIMPLE_NAME, line no: 7, 0.0015813759520347562, insert, 0.20689655172413793, 0.0, 0.125
scanner,SIMPLE_NAME, line no: 62,java,SIMPLE_NAME, line no: 44, 0.0015386454739461052, insert, 0.020833333333333332, 0.0, 0.14285714285714285
nextInt,SIMPLE_NAME, line no: 62,util,SIMPLE_NAME, line no: 44, 0.0015386454739461052, insert, 0.020833333333333332, 0.0, 0.14285714285714285
format,SIMPLE_NAME, line no: 61,Scanner,SIMPLE_NAME, line no: 44, 0.001492547382966664, insert, 0.010309278350515464, 0.0, 0.14285714285714285
format,SIMPLE_NAME, line no: 70,Scanner,SIMPLE_NAME, line no: 44, 0.001492547382966664, insert, 0.010309278350515464, 0.0, 0.14285714285714285
"%d\n",STRING_LITERAL, line no: 70,Scanner,SIMPLE_NAME, line no: 44, 0.001492547382966664, insert, 0.010309278350515464, 0.0, 0.14285714285714285
format,SIMPLE_NAME, line no: 71,Scanner,SIMPLE_NAME, line no: 44, 0.001492547382966664, insert, 0.010309278350515464, 0.0, 0.14285714285714285
in,SIMPLE_NAME, line no: 70,Scanner,SIMPLE_NAME, line no: 44, 0.0014854792817055747, insert, 0.01020408163265306, 0.0, 0.14285714285714285
in.value=in.value * (-1); ,EXPRESSION_STATEMENT, line no: 64,value=i; ,EXPRESSION_STATEMENT, line no: 7, 0.0014322727831819562, insert, 0.3076923076923077, 0.5, 0.34615384615384615
in.value % 10,INFIX_EXPRESSION, line no: 67,i,SIMPLE_NAME, line no: 7, 0.0013218491114107853, insert, 0.21428571428571427, 0.0, 0.07692307692307693
String,SIMPLE_NAME, line no: 67,in.value,QUALIFIED_NAME, line no: 62, 0.0013210572688919689, insert, 1.0, 0.0, 0.25
in,SIMPLE_NAME, line no: 67,in.value,QUALIFIED_NAME, line no: 62, 0.0013210572688919689, insert, 1.0, 1.0, 0.25
"That's all  have a nice day!",STRING_LITERAL, line no: 71,java,SIMPLE_NAME, line no: 44, 0.0012910672297963943, insert, 0.020618556701030927, 0.0, 0.1
"Enter an integer > ",STRING_LITERAL, line no: 61,util,SIMPLE_NAME, line no: 44, 0.0012644047811503965, insert, 0.020618556701030927, 0.0, 0.09523809523809523
"That's all  have a nice day!",STRING_LITERAL, line no: 71,Scanner,SIMPLE_NAME, line no: 44, 0.0012525853451526867, insert, 0.010309278350515464, 0.0, 0.1
String,SIMPLE_NAME, line no: 61,in.value,QUALIFIED_NAME, line no: 62, 0.0012298373876248846, insert, 0.979381443298969, 0.0, 0.25
scanner,SIMPLE_NAME, line no: 62,in.value,QUALIFIED_NAME, line no: 62, 0.0012298373876248846, insert, 0.9895833333333334, 0.0, 0.25
nextInt,SIMPLE_NAME, line no: 62,in.value,QUALIFIED_NAME, line no: 62, 0.0012298373876248846, insert, 0.9895833333333334, 0.0, 0.25
String,SIMPLE_NAME, line no: 70,in.value,QUALIFIED_NAME, line no: 62, 0.0012298373876248846, insert, 0.979381443298969, 0.0, 0.25
String,SIMPLE_NAME, line no: 71,in.value,QUALIFIED_NAME, line no: 62, 0.0012298373876248846, insert, 0.979381443298969, 0.0, 0.25
in,SIMPLE_NAME, line no: 70,in.value,QUALIFIED_NAME, line no: 62, 0.0012207105795534567, insert, 0.9693877551020408, 1.0, 0.25
String,SIMPLE_NAME, line no: 67,args.length,QUALIFIED_NAME, line no: 50, 0.0011822448758206758, insert, 0.8214285714285714, 0.0, 0.2727272727272727
String,SIMPLE_NAME, line no: 61,i,SIMPLE_NAME, line no: 7, 0.0011640770104721586, insert, 0.061855670103092786, 0.0, 0.16666666666666666
String,SIMPLE_NAME, line no: 70,i,SIMPLE_NAME, line no: 7, 0.0011640770104721586, insert, 0.061855670103092786, 0.0, 0.16666666666666666
String,SIMPLE_NAME, line no: 71,i,SIMPLE_NAME, line no: 7, 0.0011640770104721586, insert, 0.061855670103092786, 0.0, 0.16666666666666666
value,SIMPLE_NAME, line no: 67,args.length,QUALIFIED_NAME, line no: 50, 0.0011616569703314502, insert, 0.8, 0.0, 0.2727272727272727
in.value,QUALIFIED_NAME, line no: 67,args.length,QUALIFIED_NAME, line no: 50, 0.0011550309777602053, insert, 0.7931034482758621, 0.0, 0.2727272727272727
format,SIMPLE_NAME, line no: 67,in.value,QUALIFIED_NAME, line no: 62, 0.001140913095861246, insert, 1.0, 0.0, 0.125
"%d\n",STRING_LITERAL, line no: 67,in.value,QUALIFIED_NAME, line no: 62, 0.001140913095861246, insert, 1.0, 0.0, 0.125
output+=(String.format("Enter an integer > ")); ,EXPRESSION_STATEMENT, line no: 61,if (in.value < 0) {   in.value=in.value * (-1); } ,IF_STATEMENT, line no: 63, 0.0011344914490642936, insert, 1.0, 0.0, 0.34
output+=(String.format("%d\n" in.value)); ,EXPRESSION_STATEMENT, line no: 70,if (in.value < 0) {   in.value=in.value * (-1); } ,IF_STATEMENT, line no: 63, 0.0011344914490642936, insert, 1.0, 1.3333333333333333, 0.34
in.value % 10,INFIX_EXPRESSION, line no: 67,args.length,QUALIFIED_NAME, line no: 50, 0.001121776901656517, insert, 0.8214285714285714, 0.0, 0.23076923076923078
String,SIMPLE_NAME, line no: 67,System.in,QUALIFIED_NAME, line no: 53, 0.00112089707663561, insert, 0.5, 0.0, 0.4444444444444444
in.value % 10,INFIX_EXPRESSION, line no: 67,mainClass.output,QUALIFIED_NAME, line no: 56, 0.001115178213999714, insert, 0.7857142857142857, 0.0, 0.25
in.value=scanner.nextInt(); ,EXPRESSION_STATEMENT, line no: 62,if (true) return; ,IF_STATEMENT, line no: 72, 0.0011135618527948954, insert, 1.0, 0.0, 0.32142857142857145
in.value=scanner.nextInt(); ,EXPRESSION_STATEMENT, line no: 62,if (in.value < 0) {   in.value=in.value * (-1); } ,IF_STATEMENT, line no: 63, 0.0011119518838510957, insert, 1.0, 1.3333333333333333, 0.32
"That's all  have a nice day!",STRING_LITERAL, line no: 71,util,SIMPLE_NAME, line no: 44, 0.0011044300892744119, insert, 0.020618556701030927, 0.0, 0.06666666666666667
in.value,QUALIFIED_NAME, line no: 67,mainClass.output,QUALIFIED_NAME, line no: 56, 0.0010891475288983942, insert, 0.7586206896551724, 0.0, 0.25
"Enter an integer > ",STRING_LITERAL, line no: 61,in.value,QUALIFIED_NAME, line no: 62, 0.001086090160499898, insert, 0.979381443298969, 0.0, 0.14285714285714285
output+=(String.format("That's all  have a nice day!")); ,EXPRESSION_STATEMENT, line no: 71,if (in.value < 0) {   in.value=in.value * (-1); } ,IF_STATEMENT, line no: 63, 0.001067663615362005, insert, 1.0, 0.0, 0.2807017543859649
format,SIMPLE_NAME, line no: 61,in.value,QUALIFIED_NAME, line no: 62, 0.0010621322893124003, insert, 0.979381443298969, 0.0, 0.125
format,SIMPLE_NAME, line no: 70,in.value,QUALIFIED_NAME, line no: 62, 0.0010621322893124003, insert, 0.979381443298969, 0.0, 0.125
"%d\n",STRING_LITERAL, line no: 70,in.value,QUALIFIED_NAME, line no: 62, 0.0010621322893124003, insert, 0.979381443298969, 0.0, 0.125
format,SIMPLE_NAME, line no: 71,in.value,QUALIFIED_NAME, line no: 62, 0.0010621322893124003, insert, 0.979381443298969, 0.0, 0.125
format,SIMPLE_NAME, line no: 67,args.length,QUALIFIED_NAME, line no: 50, 0.0010512309317983316, insert, 0.8214285714285714, 0.0, 0.18181818181818182
String,SIMPLE_NAME, line no: 67,System.out,QUALIFIED_NAME, line no: 56, 0.0010431205447874248, insert, 0.7857142857142857, 0.0, 0.2
format,SIMPLE_NAME, line no: 67,System.out,QUALIFIED_NAME, line no: 56, 0.0010431205447874248, insert, 0.7857142857142857, 0.0, 0.2
"That's all  have a nice day!",STRING_LITERAL, line no: 71,in.value,QUALIFIED_NAME, line no: 62, 0.0010285912696499035, insert, 0.979381443298969, 0.0, 0.1
format,SIMPLE_NAME, line no: 67,mainClass.output,QUALIFIED_NAME, line no: 56, 0.0010251061274843523, insert, 0.7857142857142857, 0.0, 0.1875
in.value,QUALIFIED_NAME, line no: 67,System.out,QUALIFIED_NAME, line no: 56, 0.0010170898596861052, insert, 0.7586206896551724, 0.0, 0.2
value,SIMPLE_NAME, line no: 67,mainClass.output,QUALIFIED_NAME, line no: 56, 0.0010068057670494855, insert, 0.7666666666666667, 0.0, 0.1875
"Enter an integer > ",STRING_LITERAL, line no: 61,java,SIMPLE_NAME, line no: 44, 9.977802946904218E-4, insert, 0.020618556701030927, 0.0, 0.047619047619047616
output+=(String.format("Enter an integer > ")); ,EXPRESSION_STATEMENT, line no: 61,if (true) return; ,IF_STATEMENT, line no: 72, 9.861059780774074E-4, insert, 1.0, 0.0, 0.20833333333333334
in.value % 10,INFIX_EXPRESSION, line no: 67,System.out,QUALIFIED_NAME, line no: 56, 9.7660577320685E-4, insert, 0.7857142857142857, 0.0, 0.15384615384615385
output+=(String.format("%d\n" in.value)); ,EXPRESSION_STATEMENT, line no: 70,if (true) return; ,IF_STATEMENT, line no: 72, 9.659813662799092E-4, insert, 1.0, 0.0, 0.19047619047619047
value,SIMPLE_NAME, line no: 67,true,BOOLEAN_LITERAL, line no: 72, 9.633309732914042E-4, insert, 1.0, 0.0, 0.4
value,SIMPLE_NAME, line no: 67,java.util,QUALIFIED_NAME, line no: 44, 9.607689228305228E-4, insert, 0.03333333333333333, 0.0, 0.3333333333333333
in.value,QUALIFIED_NAME, line no: 67,java.util,QUALIFIED_NAME, line no: 44, 9.442039414024104E-4, insert, 0.034482758620689655, 0.0, 0.3333333333333333
String,SIMPLE_NAME, line no: 67,mainClass.output,QUALIFIED_NAME, line no: 56, 9.35034040968991E-4, insert, 0.7857142857142857, 0.0, 0.125
in.value,QUALIFIED_NAME, line no: 70,i,SIMPLE_NAME, line no: 7, 9.307805848196807E-4, insert, 0.061855670103092786, 0.0, 0.125
output+=(String.format("That's all  have a nice day!")); ,EXPRESSION_STATEMENT, line no: 71,if (true) return; ,IF_STATEMENT, line no: 72, 9.292627763335968E-4, insert, 1.0, 0.0, 0.15789473684210525
"%d\n",STRING_LITERAL, line no: 67,args.length,QUALIFIED_NAME, line no: 50, 9.202169877759878E-4, insert, 0.8214285714285714, 0.0, 0.09090909090909091
in,SIMPLE_NAME, line no: 67,mainClass.output,QUALIFIED_NAME, line no: 56, 9.167336805341239E-4, insert, 0.7666666666666667, 0.0, 0.125
in.value % 10,INFIX_EXPRESSION, line no: 67,mainClass.scanner,QUALIFIED_NAME, line no: 51, 9.04253103840492E-4, insert, 0.5, 0.0, 0.29411764705882354
String,SIMPLE_NAME, line no: 67,true,BOOLEAN_LITERAL, line no: 72, 9.031227874606914E-4, insert, 1.0, 0.0, 0.3333333333333333
in,SIMPLE_NAME, line no: 67,args.length,QUALIFIED_NAME, line no: 50, 8.996290822867625E-4, insert, 0.8, 0.0, 0.09090909090909091
in.value,QUALIFIED_NAME, line no: 67,mainClass.scanner,QUALIFIED_NAME, line no: 51, 8.876881224123797E-4, insert, 0.4827586206896552, 0.0, 0.29411764705882354
value,SIMPLE_NAME, line no: 67,System.out,QUALIFIED_NAME, line no: 56, 8.807048459279793E-4, insert, 0.7666666666666667, 0.0, 0.1
value,SIMPLE_NAME, line no: 70,true,BOOLEAN_LITERAL, line no: 72, 8.682149982187756E-4, insert, 0.9489795918367347, 0.0, 0.4
nextInt,SIMPLE_NAME, line no: 62,args.length,QUALIFIED_NAME, line no: 50, 8.503834278067382E-4, insert, 0.5416666666666666, 0.0, 0.2727272727272727
value,SIMPLE_NAME, line no: 70,args.length,QUALIFIED_NAME, line no: 50, 8.496228604674526E-4, insert, 0.5408163265306123, 0.0, 0.2727272727272727
String,SIMPLE_NAME, line no: 61,args.length,QUALIFIED_NAME, line no: 50, 8.45388774248749E-4, insert, 0.5360824742268041, 0.0, 0.2727272727272727
String,SIMPLE_NAME, line no: 70,args.length,QUALIFIED_NAME, line no: 50, 8.45388774248749E-4, insert, 0.5360824742268041, 0.0, 0.2727272727272727
in.value,QUALIFIED_NAME, line no: 70,args.length,QUALIFIED_NAME, line no: 50, 8.45388774248749E-4, insert, 0.5360824742268041, 0.0, 0.2727272727272727
String,SIMPLE_NAME, line no: 71,args.length,QUALIFIED_NAME, line no: 50, 8.45388774248749E-4, insert, 0.5360824742268041, 0.0, 0.2727272727272727
"%d\n",STRING_LITERAL, line no: 67,mainClass.output,QUALIFIED_NAME, line no: 56, 8.449619544536294E-4, insert, 0.7857142857142857, 0.0, 0.0625
in.value,QUALIFIED_NAME, line no: 67,true,BOOLEAN_LITERAL, line no: 72, 8.278625551723006E-4, insert, 1.0, 0.0, 0.25
in.value % 10,INFIX_EXPRESSION, line no: 67,java.util.Scanner,QUALIFIED_NAME, line no: 51, 8.19479375355446E-4, insert, 0.5, 0.0, 0.23529411764705882
value,SIMPLE_NAME, line no: 67,java.util.Scanner,QUALIFIED_NAME, line no: 51, 8.19479375355446E-4, insert, 0.4666666666666667, 0.0, 0.23529411764705882
String,SIMPLE_NAME, line no: 61,true,BOOLEAN_LITERAL, line no: 72, 8.176478396900263E-4, insert, 0.9587628865979382, 0.0, 0.3333333333333333
String,SIMPLE_NAME, line no: 70,true,BOOLEAN_LITERAL, line no: 72, 8.176478396900263E-4, insert, 0.9587628865979382, 0.0, 0.3333333333333333
String,SIMPLE_NAME, line no: 71,true,BOOLEAN_LITERAL, line no: 72, 8.176478396900263E-4, insert, 0.9587628865979382, 0.0, 0.3333333333333333
in.value,QUALIFIED_NAME, line no: 70,mainClass.output,QUALIFIED_NAME, line no: 56, 8.148969381919338E-4, insert, 0.5360824742268041, 0.0, 0.25
in.value % 10,INFIX_EXPRESSION, line no: 67,java.util,QUALIFIED_NAME, line no: 44, 8.129583193181347E-4, insert, 0.03571428571428571, 0.0, 0.23076923076923078
in.value,QUALIFIED_NAME, line no: 67,java.util.Scanner,QUALIFIED_NAME, line no: 51, 8.029143939273334E-4, insert, 0.4827586206896552, 0.0, 0.23529411764705882
String,SIMPLE_NAME, line no: 67,java.util,QUALIFIED_NAME, line no: 44, 8.006407690254357E-4, insert, 0.03571428571428571, 0.0, 0.2222222222222222
format,SIMPLE_NAME, line no: 67,java.util,QUALIFIED_NAME, line no: 44, 8.006407690254357E-4, insert, 0.03571428571428571, 0.0, 0.2222222222222222
in,SIMPLE_NAME, line no: 67,System.in,QUALIFIED_NAME, line no: 53, 8.006407690254357E-4, insert, 0.5, 0.0, 0.2222222222222222
in.value,QUALIFIED_NAME, line no: 67,System.in,QUALIFIED_NAME, line no: 53, 7.840757875973233E-4, insert, 0.4827586206896552, 0.0, 0.2222222222222222
String,SIMPLE_NAME, line no: 61,System.in,QUALIFIED_NAME, line no: 53, 7.530400748968365E-4, insert, 0.17525773195876287, 0.0, 0.4444444444444444
String,SIMPLE_NAME, line no: 70,System.in,QUALIFIED_NAME, line no: 53, 7.530400748968365E-4, insert, 0.17525773195876287, 0.0, 0.4444444444444444
String,SIMPLE_NAME, line no: 71,System.in,QUALIFIED_NAME, line no: 53, 7.530400748968365E-4, insert, 0.17525773195876287, 0.0, 0.4444444444444444
scanner,SIMPLE_NAME, line no: 62,System.out,QUALIFIED_NAME, line no: 56, 7.528095524249293E-4, insert, 0.5416666666666666, 0.0, 0.2
nextInt,SIMPLE_NAME, line no: 62,System.out,QUALIFIED_NAME, line no: 56, 7.528095524249293E-4, insert, 0.5416666666666666, 0.0, 0.2
format,SIMPLE_NAME, line no: 67,true,BOOLEAN_LITERAL, line no: 72, 7.526023228839095E-4, insert, 1.0, 0.0, 0.16666666666666666
String,SIMPLE_NAME, line no: 61,System.out,QUALIFIED_NAME, line no: 56, 7.4781489886694E-4, insert, 0.5360824742268041, 0.0, 0.2
format,SIMPLE_NAME, line no: 61,System.out,QUALIFIED_NAME, line no: 56, 7.4781489886694E-4, insert, 0.5360824742268041, 0.0, 0.2
String,SIMPLE_NAME, line no: 70,System.out,QUALIFIED_NAME, line no: 56, 7.4781489886694E-4, insert, 0.5360824742268041, 0.0, 0.2
format,SIMPLE_NAME, line no: 70,System.out,QUALIFIED_NAME, line no: 56, 7.4781489886694E-4, insert, 0.5360824742268041, 0.0, 0.2
in.value,QUALIFIED_NAME, line no: 70,System.out,QUALIFIED_NAME, line no: 56, 7.4781489886694E-4, insert, 0.5360824742268041, 0.0, 0.2
String,SIMPLE_NAME, line no: 71,System.out,QUALIFIED_NAME, line no: 56, 7.4781489886694E-4, insert, 0.5360824742268041, 0.0, 0.2
format,SIMPLE_NAME, line no: 71,System.out,QUALIFIED_NAME, line no: 56, 7.4781489886694E-4, insert, 0.5360824742268041, 0.0, 0.2
in.value,QUALIFIED_NAME, line no: 70,true,BOOLEAN_LITERAL, line no: 72, 7.475843763950328E-4, insert, 0.9587628865979382, 0.0, 0.25
in.value % 10,INFIX_EXPRESSION, line no: 67,true,BOOLEAN_LITERAL, line no: 72, 7.410238256087725E-4, insert, 1.0, 0.0, 0.15384615384615385
nextInt,SIMPLE_NAME, line no: 62,mainClass.output,QUALIFIED_NAME, line no: 56, 7.360390425936808E-4, insert, 0.5416666666666666, 0.0, 0.1875
value,SIMPLE_NAME, line no: 70,mainClass.output,QUALIFIED_NAME, line no: 56, 7.352784752543952E-4, insert, 0.5408163265306123, 0.0, 0.1875
"Enter an integer > ",STRING_LITERAL, line no: 61,mainClass.output,QUALIFIED_NAME, line no: 56, 7.350373675669412E-4, insert, 0.5360824742268041, 0.0, 0.19047619047619047
String,SIMPLE_NAME, line no: 67,java.util.Scanner,QUALIFIED_NAME, line no: 51, 7.347056468703998E-4, insert, 0.5, 0.0, 0.17647058823529413
value,SIMPLE_NAME, line no: 67,mainClass.scanner,QUALIFIED_NAME, line no: 51, 7.347056468703998E-4, insert, 0.4666666666666667, 0.0, 0.17647058823529413
format,SIMPLE_NAME, line no: 61,mainClass.output,QUALIFIED_NAME, line no: 56, 7.310443890356916E-4, insert, 0.5360824742268041, 0.0, 0.1875
format,SIMPLE_NAME, line no: 70,mainClass.output,QUALIFIED_NAME, line no: 56, 7.310443890356916E-4, insert, 0.5360824742268041, 0.0, 0.1875
format,SIMPLE_NAME, line no: 71,mainClass.output,QUALIFIED_NAME, line no: 56, 7.310443890356916E-4, insert, 0.5360824742268041, 0.0, 0.1875
scanner,SIMPLE_NAME, line no: 62,args.length,QUALIFIED_NAME, line no: 50, 7.28416083579477E-4, insert, 0.5416666666666666, 0.0, 0.18181818181818182
format,SIMPLE_NAME, line no: 61,args.length,QUALIFIED_NAME, line no: 50, 7.234214300214877E-4, insert, 0.5360824742268041, 0.0, 0.18181818181818182
format,SIMPLE_NAME, line no: 70,args.length,QUALIFIED_NAME, line no: 50, 7.234214300214877E-4, insert, 0.5360824742268041, 0.0, 0.18181818181818182
format,SIMPLE_NAME, line no: 71,args.length,QUALIFIED_NAME, line no: 50, 7.234214300214877E-4, insert, 0.5360824742268041, 0.0, 0.18181818181818182
scanner,SIMPLE_NAME, line no: 62,mainClass.scanner,QUALIFIED_NAME, line no: 51, 7.108284722591243E-4, insert, 0.16666666666666666, 1.0, 0.4117647058823529
"That's all  have a nice day!",STRING_LITERAL, line no: 71,args.length,QUALIFIED_NAME, line no: 50, 7.030935393169442E-4, insert, 0.5360824742268041, 0.0, 0.16666666666666666
in.value % 10,INFIX_EXPRESSION, line no: 67,System.in,QUALIFIED_NAME, line no: 53, 7.021003666838437E-4, insert, 0.5, 0.0, 0.15384615384615385
format,SIMPLE_NAME, line no: 61,true,BOOLEAN_LITERAL, line no: 72, 6.775209131000394E-4, insert, 0.9587628865979382, 0.0, 0.16666666666666666
format,SIMPLE_NAME, line no: 70,true,BOOLEAN_LITERAL, line no: 72, 6.775209131000394E-4, insert, 0.9587628865979382, 0.0, 0.16666666666666666
format,SIMPLE_NAME, line no: 71,true,BOOLEAN_LITERAL, line no: 72, 6.775209131000394E-4, insert, 0.9587628865979382, 0.0, 0.16666666666666666
"Enter an integer > ",STRING_LITERAL, line no: 61,args.length,QUALIFIED_NAME, line no: 50, 6.711497110669472E-4, insert, 0.5360824742268041, 0.0, 0.14285714285714285
"Enter an integer > ",STRING_LITERAL, line no: 61,System.out,QUALIFIED_NAME, line no: 56, 6.711497110669472E-4, insert, 0.5360824742268041, 0.0, 0.14285714285714285
scanner,SIMPLE_NAME, line no: 62,true,BOOLEAN_LITERAL, line no: 72, 6.631006347561876E-4, insert, 0.96875, 0.0, 0.14285714285714285
nextInt,SIMPLE_NAME, line no: 62,true,BOOLEAN_LITERAL, line no: 72, 6.631006347561876E-4, insert, 0.96875, 0.0, 0.14285714285714285
"Enter an integer > ",STRING_LITERAL, line no: 61,true,BOOLEAN_LITERAL, line no: 72, 6.575027807300413E-4, insert, 0.9587628865979382, 0.0, 0.14285714285714285
scanner,SIMPLE_NAME, line no: 62,mainClass.output,QUALIFIED_NAME, line no: 56, 6.521864934374387E-4, insert, 0.5416666666666666, 0.0, 0.125
in,SIMPLE_NAME, line no: 70,mainClass.output,QUALIFIED_NAME, line no: 56, 6.514259260981532E-4, insert, 0.5408163265306123, 0.0, 0.125
String,SIMPLE_NAME, line no: 67,mainClass.scanner,QUALIFIED_NAME, line no: 51, 6.499319183853537E-4, insert, 0.5, 0.0, 0.11764705882352941
format,SIMPLE_NAME, line no: 67,mainClass.scanner,QUALIFIED_NAME, line no: 51, 6.499319183853537E-4, insert, 0.5, 0.0, 0.11764705882352941
format,SIMPLE_NAME, line no: 67,java.util.Scanner,QUALIFIED_NAME, line no: 51, 6.499319183853537E-4, insert, 0.5, 0.0, 0.11764705882352941
in,SIMPLE_NAME, line no: 67,mainClass.scanner,QUALIFIED_NAME, line no: 51, 6.499319183853537E-4, insert, 0.4666666666666667, 0.0, 0.11764705882352941
in,SIMPLE_NAME, line no: 67,java.util.Scanner,QUALIFIED_NAME, line no: 51, 6.499319183853537E-4, insert, 0.4666666666666667, 0.0, 0.11764705882352941
String,SIMPLE_NAME, line no: 61,mainClass.output,QUALIFIED_NAME, line no: 56, 6.471918398794496E-4, insert, 0.5360824742268041, 0.0, 0.125
String,SIMPLE_NAME, line no: 70,mainClass.output,QUALIFIED_NAME, line no: 56, 6.471918398794496E-4, insert, 0.5360824742268041, 0.0, 0.125
String,SIMPLE_NAME, line no: 71,mainClass.output,QUALIFIED_NAME, line no: 56, 6.471918398794496E-4, insert, 0.5360824742268041, 0.0, 0.125
format,SIMPLE_NAME, line no: 67,System.in,QUALIFIED_NAME, line no: 53, 6.405126152203485E-4, insert, 0.5, 0.0, 0.1111111111111111
"%d\n",STRING_LITERAL, line no: 67,System.in,QUALIFIED_NAME, line no: 53, 6.405126152203485E-4, insert, 0.5, 0.0, 0.1111111111111111
in,SIMPLE_NAME, line no: 67,java.util,QUALIFIED_NAME, line no: 44, 6.405126152203485E-4, insert, 0.03333333333333333, 0.0, 0.1111111111111111
value,SIMPLE_NAME, line no: 67,System.in,QUALIFIED_NAME, line no: 53, 6.405126152203485E-4, insert, 0.5, 0.0, 0.1111111111111111
scanner,SIMPLE_NAME, line no: 62,java.util.Scanner,QUALIFIED_NAME, line no: 51, 6.319084259944259E-4, insert, 0.16666666666666666, 0.0, 0.35294117647058826
value,SIMPLE_NAME, line no: 70,System.out,QUALIFIED_NAME, line no: 56, 6.178849064356563E-4, insert, 0.5408163265306123, 0.0, 0.1
"That's all  have a nice day!",STRING_LITERAL, line no: 71,mainClass.output,QUALIFIED_NAME, line no: 56, 6.136508202169527E-4, insert, 0.5360824742268041, 0.0, 0.1
in.value,QUALIFIED_NAME, line no: 70,java.util,QUALIFIED_NAME, line no: 44, 6.131897752731382E-4, insert, 0.010309278350515464, 0.0, 0.3333333333333333
value,SIMPLE_NAME, line no: 70,java.util,QUALIFIED_NAME, line no: 44, 6.114961407856568E-4, insert, 0.01020408163265306, 0.0, 0.3333333333333333
in,SIMPLE_NAME, line no: 70,args.length,QUALIFIED_NAME, line no: 50, 6.056881720129302E-4, insert, 0.5408163265306123, 0.0, 0.09090909090909091
output+=(String.format("That's all  have a nice day!")); ,EXPRESSION_STATEMENT, line no: 71,if (args.length > 0) {   mainClass.scanner=new java.util.Scanner(args[0]); }  else {   mainClass.scanner=new java.util.Scanner(System.in); } ,IF_STATEMENT, line no: 50, 6.037537009941094E-4, insert, 0.5376344086021505, 0.0, 0.1773049645390071
"%d\n",STRING_LITERAL, line no: 70,args.length,QUALIFIED_NAME, line no: 50, 6.014540857942266E-4, insert, 0.5360824742268041, 0.0, 0.09090909090909091
"That's all  have a nice day!",STRING_LITERAL, line no: 71,true,BOOLEAN_LITERAL, line no: 72, 5.934447571460473E-4, insert, 0.9587628865979382, 0.0, 0.06666666666666667
output+=(String.format("Enter an integer > ")); ,EXPRESSION_STATEMENT, line no: 61,if (args.length > 0) {   mainClass.scanner=new java.util.Scanner(args[0]); }  else {   mainClass.scanner=new java.util.Scanner(System.in); } ,IF_STATEMENT, line no: 50, 5.797754401290052E-4, insert, 0.5376344086021505, 0.0, 0.15602836879432624
in.value=scanner.nextInt(); ,EXPRESSION_STATEMENT, line no: 62,if (args.length > 0) {   mainClass.scanner=new java.util.Scanner(args[0]); }  else {   mainClass.scanner=new java.util.Scanner(System.in); } ,IF_STATEMENT, line no: 50, 5.797754401290052E-4, insert, 0.5376344086021505, 0.5, 0.15602836879432624
"That's all  have a nice day!",STRING_LITERAL, line no: 71,System.out,QUALIFIED_NAME, line no: 56, 5.689294606669569E-4, insert, 0.5360824742268041, 0.0, 0.06666666666666667
"%d\n",STRING_LITERAL, line no: 67,mainClass.scanner,QUALIFIED_NAME, line no: 51, 5.651581899003076E-4, insert, 0.5, 0.0, 0.058823529411764705
"%d\n",STRING_LITERAL, line no: 67,java.util.Scanner,QUALIFIED_NAME, line no: 51, 5.651581899003076E-4, insert, 0.5, 0.0, 0.058823529411764705
"%d\n",STRING_LITERAL, line no: 70,mainClass.output,QUALIFIED_NAME, line no: 56, 5.633392907232074E-4, insert, 0.5360824742268041, 0.0, 0.0625
output+=(String.format("%d\n" in.value)); ,EXPRESSION_STATEMENT, line no: 70,if (args.length > 0) {   mainClass.scanner=new java.util.Scanner(args[0]); }  else {   mainClass.scanner=new java.util.Scanner(System.in); } ,IF_STATEMENT, line no: 50, 5.55797179263901E-4, insert, 0.5376344086021505, 0.0, 0.1347517730496454
in.value,QUALIFIED_NAME, line no: 70,mainClass.scanner,QUALIFIED_NAME, line no: 51, 5.513555122203848E-4, insert, 0.16494845360824742, 0.0, 0.29411764705882354
"Enter an integer > ",STRING_LITERAL, line no: 61,mainClass.scanner,QUALIFIED_NAME, line no: 51, 5.400812198968565E-4, insert, 0.16494845360824742, 0.0, 0.2857142857142857
"Enter an integer > ",STRING_LITERAL, line no: 61,java.util.Scanner,QUALIFIED_NAME, line no: 51, 5.400812198968565E-4, insert, 0.16494845360824742, 0.0, 0.2857142857142857
"Enter an integer > ",STRING_LITERAL, line no: 61,i,SIMPLE_NAME, line no: 7, 4.975157943222213E-4, insert, 0.061855670103092786, 0.0, 0.047619047619047616
in.value,QUALIFIED_NAME, line no: 70,java.util.Scanner,QUALIFIED_NAME, line no: 51, 4.7243546595568636E-4, insert, 0.16494845360824742, 0.0, 0.23529411764705882
value,SIMPLE_NAME, line no: 70,java.util.Scanner,QUALIFIED_NAME, line no: 51, 4.70835922273065E-4, insert, 0.16326530612244897, 0.0, 0.23529411764705882
String,SIMPLE_NAME, line no: 61,java.util,QUALIFIED_NAME, line no: 44, 4.641185767731522E-4, insert, 0.010309278350515464, 0.0, 0.2222222222222222
format,SIMPLE_NAME, line no: 61,java.util,QUALIFIED_NAME, line no: 44, 4.641185767731522E-4, insert, 0.010309278350515464, 0.0, 0.2222222222222222
String,SIMPLE_NAME, line no: 70,java.util,QUALIFIED_NAME, line no: 44, 4.641185767731522E-4, insert, 0.010309278350515464, 0.0, 0.2222222222222222
format,SIMPLE_NAME, line no: 70,java.util,QUALIFIED_NAME, line no: 44, 4.641185767731522E-4, insert, 0.010309278350515464, 0.0, 0.2222222222222222
String,SIMPLE_NAME, line no: 71,java.util,QUALIFIED_NAME, line no: 44, 4.641185767731522E-4, insert, 0.010309278350515464, 0.0, 0.2222222222222222
format,SIMPLE_NAME, line no: 71,java.util,QUALIFIED_NAME, line no: 44, 4.641185767731522E-4, insert, 0.010309278350515464, 0.0, 0.2222222222222222
scanner,SIMPLE_NAME, line no: 62,System.in,QUALIFIED_NAME, line no: 53, 4.565305454062071E-4, insert, 0.17708333333333334, 0.0, 0.2222222222222222
nextInt,SIMPLE_NAME, line no: 62,System.in,QUALIFIED_NAME, line no: 53, 4.565305454062071E-4, insert, 0.17708333333333334, 0.0, 0.2222222222222222
in.value,QUALIFIED_NAME, line no: 70,System.in,QUALIFIED_NAME, line no: 53, 4.5489767789686446E-4, insert, 0.17525773195876287, 0.0, 0.2222222222222222
in,SIMPLE_NAME, line no: 70,System.in,QUALIFIED_NAME, line no: 53, 4.532981342142431E-4, insert, 0.17346938775510204, 0.0, 0.2222222222222222
"That's all  have a nice day!",STRING_LITERAL, line no: 71,mainClass.scanner,QUALIFIED_NAME, line no: 51, 4.250834381968673E-4, insert, 0.16494845360824742, 0.0, 0.2
"That's all  have a nice day!",STRING_LITERAL, line no: 71,java.util.Scanner,QUALIFIED_NAME, line no: 51, 4.250834381968673E-4, insert, 0.16494845360824742, 0.0, 0.2
"That's all  have a nice day!",STRING_LITERAL, line no: 71,i,SIMPLE_NAME, line no: 7, 4.175284483842288E-4, insert, 0.061855670103092786, 0.0, 0.03333333333333333
"Enter an integer > ",STRING_LITERAL, line no: 61,System.in,QUALIFIED_NAME, line no: 53, 4.1230590689686844E-4, insert, 0.17525773195876287, 0.0, 0.19047619047619047
String,SIMPLE_NAME, line no: 61,java.util.Scanner,QUALIFIED_NAME, line no: 51, 3.9351541969098784E-4, insert, 0.16494845360824742, 0.0, 0.17647058823529413
String,SIMPLE_NAME, line no: 70,java.util.Scanner,QUALIFIED_NAME, line no: 51, 3.9351541969098784E-4, insert, 0.16494845360824742, 0.0, 0.17647058823529413
String,SIMPLE_NAME, line no: 71,java.util.Scanner,QUALIFIED_NAME, line no: 51, 3.9351541969098784E-4, insert, 0.16494845360824742, 0.0, 0.17647058823529413
value,SIMPLE_NAME, line no: 70,mainClass.scanner,QUALIFIED_NAME, line no: 51, 3.9191587600836654E-4, insert, 0.16326530612244897, 0.0, 0.17647058823529413
"That's all  have a nice day!",STRING_LITERAL, line no: 71,java.util,QUALIFIED_NAME, line no: 44, 3.448616179731635E-4, insert, 0.010309278350515464, 0.0, 0.13333333333333333
scanner,SIMPLE_NAME, line no: 62,java.util,QUALIFIED_NAME, line no: 44, 3.167762968124702E-4, insert, 0.010416666666666666, 0.0, 0.1111111111111111
nextInt,SIMPLE_NAME, line no: 62,java.util,QUALIFIED_NAME, line no: 44, 3.167762968124702E-4, insert, 0.010416666666666666, 0.0, 0.1111111111111111
nextInt,SIMPLE_NAME, line no: 62,mainClass.scanner,QUALIFIED_NAME, line no: 51, 3.1622824093563206E-4, insert, 0.16666666666666666, 0.0, 0.11764705882352941
nextInt,SIMPLE_NAME, line no: 62,java.util.Scanner,QUALIFIED_NAME, line no: 51, 3.1622824093563206E-4, insert, 0.16666666666666666, 0.0, 0.11764705882352941
String,SIMPLE_NAME, line no: 61,mainClass.scanner,QUALIFIED_NAME, line no: 51, 3.1459537342628944E-4, insert, 0.16494845360824742, 0.0, 0.11764705882352941
format,SIMPLE_NAME, line no: 61,mainClass.scanner,QUALIFIED_NAME, line no: 51, 3.1459537342628944E-4, insert, 0.16494845360824742, 0.0, 0.11764705882352941
format,SIMPLE_NAME, line no: 61,java.util.Scanner,QUALIFIED_NAME, line no: 51, 3.1459537342628944E-4, insert, 0.16494845360824742, 0.0, 0.11764705882352941
String,SIMPLE_NAME, line no: 70,mainClass.scanner,QUALIFIED_NAME, line no: 51, 3.1459537342628944E-4, insert, 0.16494845360824742, 0.0, 0.11764705882352941
format,SIMPLE_NAME, line no: 70,mainClass.scanner,QUALIFIED_NAME, line no: 51, 3.1459537342628944E-4, insert, 0.16494845360824742, 0.0, 0.11764705882352941
format,SIMPLE_NAME, line no: 70,java.util.Scanner,QUALIFIED_NAME, line no: 51, 3.1459537342628944E-4, insert, 0.16494845360824742, 0.0, 0.11764705882352941
String,SIMPLE_NAME, line no: 71,mainClass.scanner,QUALIFIED_NAME, line no: 51, 3.1459537342628944E-4, insert, 0.16494845360824742, 0.0, 0.11764705882352941
format,SIMPLE_NAME, line no: 71,mainClass.scanner,QUALIFIED_NAME, line no: 51, 3.1459537342628944E-4, insert, 0.16494845360824742, 0.0, 0.11764705882352941
format,SIMPLE_NAME, line no: 71,java.util.Scanner,QUALIFIED_NAME, line no: 51, 3.1459537342628944E-4, insert, 0.16494845360824742, 0.0, 0.11764705882352941
in,SIMPLE_NAME, line no: 70,java.util,QUALIFIED_NAME, line no: 44, 3.1335374378568484E-4, insert, 0.01020408163265306, 0.0, 0.1111111111111111
in,SIMPLE_NAME, line no: 70,mainClass.scanner,QUALIFIED_NAME, line no: 51, 3.129958297436681E-4, insert, 0.16326530612244897, 0.0, 0.11764705882352941
in,SIMPLE_NAME, line no: 70,java.util.Scanner,QUALIFIED_NAME, line no: 51, 3.129958297436681E-4, insert, 0.16326530612244897, 0.0, 0.11764705882352941
format,SIMPLE_NAME, line no: 61,System.in,QUALIFIED_NAME, line no: 53, 3.058264793968785E-4, insert, 0.17525773195876287, 0.0, 0.1111111111111111
format,SIMPLE_NAME, line no: 70,System.in,QUALIFIED_NAME, line no: 53, 3.058264793968785E-4, insert, 0.17525773195876287, 0.0, 0.1111111111111111
"%d\n",STRING_LITERAL, line no: 70,System.in,QUALIFIED_NAME, line no: 53, 3.058264793968785E-4, insert, 0.17525773195876287, 0.0, 0.1111111111111111
format,SIMPLE_NAME, line no: 71,System.in,QUALIFIED_NAME, line no: 53, 3.058264793968785E-4, insert, 0.17525773195876287, 0.0, 0.1111111111111111
value,SIMPLE_NAME, line no: 70,System.in,QUALIFIED_NAME, line no: 53, 3.042269357142571E-4, insert, 0.17346938775510204, 0.0, 0.1111111111111111
"Enter an integer > ",STRING_LITERAL, line no: 61,java.util,QUALIFIED_NAME, line no: 44, 2.937514927731682E-4, insert, 0.010309278350515464, 0.0, 0.09523809523809523
"That's all  have a nice day!",STRING_LITERAL, line no: 71,System.in,QUALIFIED_NAME, line no: 53, 2.909193595468799E-4, insert, 0.17525773195876287, 0.0, 0.1
"%d\n",STRING_LITERAL, line no: 70,mainClass.scanner,QUALIFIED_NAME, line no: 51, 2.3567532716159095E-4, insert, 0.16494845360824742, 0.0, 0.058823529411764705
"%d\n",STRING_LITERAL, line no: 70,java.util.Scanner,QUALIFIED_NAME, line no: 51, 2.3567532716159095E-4, insert, 0.16494845360824742, 0.0, 0.058823529411764705
