output+=(String.format("\nEnter an integer > ")); ,EXPRESSION_STATEMENT, line no: 61,output+=(String.format("\nEnter an integer > ")); ,EXPRESSION_STATEMENT, line no: 61, 0.024298605355497715, insert, 1.0, 1.0, 1.0
number.value=scanner.nextInt(); ,EXPRESSION_STATEMENT, line no: 62,number.value=scanner.nextInt(); ,EXPRESSION_STATEMENT, line no: 62, 0.024298605355497715, insert, 1.0, 3.0, 1.0
output+=(String.format("\n")); ,EXPRESSION_STATEMENT, line no: 63,output+=(String.format("\n")); ,EXPRESSION_STATEMENT, line no: 63, 0.024298605355497715, insert, 1.0, 1.0, 1.0
output+=(String.format("\nEnter an integer > ")); ,EXPRESSION_STATEMENT, line no: 61,output+=(String.format("\n")); ,EXPRESSION_STATEMENT, line no: 63, 0.018758523334444235, insert, 1.0, 1.0, 0.62
output+=(String.format("\n")); ,EXPRESSION_STATEMENT, line no: 63,output+=(String.format("\nEnter an integer > ")); ,EXPRESSION_STATEMENT, line no: 61, 0.018758523334444235, insert, 1.0, 1.0, 0.62
number.value=scanner.nextInt(); ,EXPRESSION_STATEMENT, line no: 62,output+=(String.format("\n")); ,EXPRESSION_STATEMENT, line no: 63, 0.01427543064635491, insert, 1.0, 0.0, 0.3125
output+=(String.format("\n")); ,EXPRESSION_STATEMENT, line no: 63,number.value=scanner.nextInt(); ,EXPRESSION_STATEMENT, line no: 62, 0.01427543064635491, insert, 1.0, 0.0, 0.3125
output+=(String.format("\nEnter an integer > ")); ,EXPRESSION_STATEMENT, line no: 61,number.value=scanner.nextInt(); ,EXPRESSION_STATEMENT, line no: 62, 0.013801607841922704, insert, 1.0, 0.0, 0.28
number.value=scanner.nextInt(); ,EXPRESSION_STATEMENT, line no: 62,output+=(String.format("\nEnter an integer > ")); ,EXPRESSION_STATEMENT, line no: 61, 0.013801607841922704, insert, 1.0, 0.0, 0.28
number.value=scanner.nextInt(); ,EXPRESSION_STATEMENT, line no: 62,number.value=Math.abs(number.value); ,EXPRESSION_STATEMENT, line no: 65, 0.013163933631106805, insert, 0.4625, 1.3333333333333333, 0.5945945945945946
output+=(String.format("\n")); ,EXPRESSION_STATEMENT, line no: 63,output+=(String.format("%d\n" rem.value)); ,EXPRESSION_STATEMENT, line no: 68, 0.012515194467695013, insert, 0.20625, 1.0, 0.7209302325581395
output+=(String.format("\nEnter an integer > ")); ,EXPRESSION_STATEMENT, line no: 61,output+=(String.format("%d\nThat's all  have a nice day!\n" number.value)); ,EXPRESSION_STATEMENT, line no: 72, 0.011976654692328217, insert, 0.4625, 1.0, 0.5131578947368421
output+=(String.format("\nEnter an integer > ")); ,EXPRESSION_STATEMENT, line no: 61,output+=(String.format("That's all  have a nice day!\n")); ,EXPRESSION_STATEMENT, line no: 80, 0.011937204681849174, insert, 0.2875, 1.0, 0.6271186440677966
output+=(String.format("\nEnter an integer > ")); ,EXPRESSION_STATEMENT, line no: 61,output+=(String.format("%d\n" rem.value)); ,EXPRESSION_STATEMENT, line no: 68, 0.011626882662605658, insert, 0.20625, 1.0, 0.66
number.value=scanner.nextInt(); ,EXPRESSION_STATEMENT, line no: 62,number.value=number.value - 2 * number.value; ,EXPRESSION_STATEMENT, line no: 71, 0.011150946935968626, insert, 0.4625, 1.3333333333333333, 0.45652173913043476
number.value=scanner.nextInt(); ,EXPRESSION_STATEMENT, line no: 62,number.value=number.value / 10; ,EXPRESSION_STATEMENT, line no: 69, 0.011116611950140205, insert, 0.20625, 1.3333333333333333, 0.625
output+=(String.format("\n")); ,EXPRESSION_STATEMENT, line no: 63,output+=(String.format("That's all  have a nice day!\n")); ,EXPRESSION_STATEMENT, line no: 80, 0.010454577914395077, insert, 0.2875, 1.0, 0.5254237288135594
output+=(String.format("\n")); ,EXPRESSION_STATEMENT, line no: 63,output+=(String.format("%d\nThat's all  have a nice day!\n" number.value)); ,EXPRESSION_STATEMENT, line no: 72, 0.010442005933033625, insert, 0.4625, 1.0, 0.40789473684210525
String,SIMPLE_NAME, line no: 80,String,SIMPLE_NAME, line no: 49, 0.009659389707626954, insert, 0.72, 0.0, 1.0
format,SIMPLE_NAME, line no: 80,format,SIMPLE_NAME, line no: 61, 0.009659389707626954, insert, 1.0, 0.0, 1.0
String,SIMPLE_NAME, line no: 61,String,SIMPLE_NAME, line no: 49, 0.009331857026099124, insert, 0.3170731707317073, 0.0, 1.0
format,SIMPLE_NAME, line no: 61,format,SIMPLE_NAME, line no: 61, 0.009331857026099124, insert, 1.0, 0.0, 1.0
scanner,SIMPLE_NAME, line no: 62,scanner,SIMPLE_NAME, line no: 51, 0.009331857026099124, insert, 0.10429447852760736, 1.0, 1.0
nextInt,SIMPLE_NAME, line no: 62,nextInt,SIMPLE_NAME, line no: 62, 0.009331857026099124, insert, 1.0, 0.0, 1.0
String,SIMPLE_NAME, line no: 63,String,SIMPLE_NAME, line no: 49, 0.009331857026099124, insert, 0.3170731707317073, 0.0, 1.0
format,SIMPLE_NAME, line no: 63,format,SIMPLE_NAME, line no: 61, 0.009331857026099124, insert, 1.0, 0.0, 1.0
output+=(String.format("\nEnter an integer > ")); ,EXPRESSION_STATEMENT, line no: 61,number.value=Math.abs(number.value); ,EXPRESSION_STATEMENT, line no: 65, 0.008868990954756666, insert, 0.4625, 0.0, 0.3
number.value=scanner.nextInt(); ,EXPRESSION_STATEMENT, line no: 62,rem.value=number.value % 10; ,EXPRESSION_STATEMENT, line no: 67, 0.008838617698062294, insert, 0.20625, 1.5, 0.46875
output+=(String.format("\n")); ,EXPRESSION_STATEMENT, line no: 63,number.value=Math.abs(number.value); ,EXPRESSION_STATEMENT, line no: 65, 0.00882958781093694, insert, 0.4625, 0.0, 0.2972972972972973
output+=(String.format("\nEnter an integer > ")); ,EXPRESSION_STATEMENT, line no: 61,number.value=number.value - 2 * number.value; ,EXPRESSION_STATEMENT, line no: 71, 0.008577407690490695, insert, 0.4625, 0.0, 0.28
output+=(String.format("\n")); ,EXPRESSION_STATEMENT, line no: 63,System.out.println(mainClass.output); ,EXPRESSION_STATEMENT, line no: 56, 0.008530089353745777, insert, 0.325, 1.0, 0.3684210526315789
number.value=scanner.nextInt(); ,EXPRESSION_STATEMENT, line no: 62,mainClass.exec(); ,EXPRESSION_STATEMENT, line no: 55, 0.008170406050786106, insert, 0.325, 0.0, 0.34375
output+=(String.format("\nEnter an integer > ")); ,EXPRESSION_STATEMENT, line no: 61,System.out.println(mainClass.output); ,EXPRESSION_STATEMENT, line no: 56, 0.007824150924470264, insert, 0.325, 1.0, 0.32
number.value=scanner.nextInt(); ,EXPRESSION_STATEMENT, line no: 62,output+=(String.format("%d\nThat's all  have a nice day!\n" number.value)); ,EXPRESSION_STATEMENT, line no: 72, 0.007756370604268087, insert, 0.4625, 1.5, 0.2236842105263158
number.value=scanner.nextInt(); ,EXPRESSION_STATEMENT, line no: 62,System.out.println(mainClass.output); ,EXPRESSION_STATEMENT, line no: 56, 0.007379102784274832, insert, 0.325, 0.0, 0.2894736842105263
output+=(String.format("\n")); ,EXPRESSION_STATEMENT, line no: 63,number.value=number.value - 2 * number.value; ,EXPRESSION_STATEMENT, line no: 71, 0.007347686967282028, insert, 0.4625, 0.0, 0.1956521739130435
output+=(String.format("\n")); ,EXPRESSION_STATEMENT, line no: 63,mainClass.exec(); ,EXPRESSION_STATEMENT, line no: 55, 0.006450887808895039, insert, 0.325, 0.0, 0.22580645161290322
scanner,SIMPLE_NAME, line no: 62,number,SIMPLE_NAME, line no: 60, 0.00610946292593869, insert, 0.9815950920245399, 0.0, 0.42857142857142855
number.value=scanner.nextInt(); ,EXPRESSION_STATEMENT, line no: 62,mainClass.scanner=new java.util.Scanner(args[0]); ,EXPRESSION_STATEMENT, line no: 51, 0.006098949944229926, insert, 0.0875, 0.5, 0.36
number.value=scanner.nextInt(); ,EXPRESSION_STATEMENT, line no: 62,output+=(String.format("%d\n" rem.value)); ,EXPRESSION_STATEMENT, line no: 68, 0.006073238629260737, insert, 0.20625, 0.6000000000000001, 0.27906976744186046
nextInt,SIMPLE_NAME, line no: 62,IntObj,SIMPLE_NAME, line no: 60, 0.006063662400657221, insert, 0.9815950920245399, 0.0, 0.42857142857142855
number.value=scanner.nextInt(); ,EXPRESSION_STATEMENT, line no: 62,output+=(String.format("That's all  have a nice day!\n")); ,EXPRESSION_STATEMENT, line no: 80, 0.006006697612032782, insert, 0.2875, 0.0, 0.22033898305084745
number.value=scanner.nextInt(); ,EXPRESSION_STATEMENT, line no: 62,mainClass.scanner=new java.util.Scanner(System.in); ,EXPRESSION_STATEMENT, line no: 53, 0.005957831120819151, insert, 0.09375, 0.5, 0.34615384615384615
output+=(String.format("\nEnter an integer > ")); ,EXPRESSION_STATEMENT, line no: 61,mainClass.scanner=new java.util.Scanner(args[0]); ,EXPRESSION_STATEMENT, line no: 51, 0.0058073666799639545, insert, 0.0875, 0.0, 0.34
format,SIMPLE_NAME, line no: 80,output,SIMPLE_NAME, line no: 49, 0.005795633824576173, insert, 0.72, 0.0, 0.3333333333333333
format,SIMPLE_NAME, line no: 80,rem,SIMPLE_NAME, line no: 60, 0.005795633824576173, insert, 1.0, 0.0, 0.3333333333333333
output+=(String.format("\nEnter an integer > ")); ,EXPRESSION_STATEMENT, line no: 61,number.value=number.value / 10; ,EXPRESSION_STATEMENT, line no: 69, 0.005795217377286205, insert, 0.20625, 0.0, 0.26
output+=(String.format("\nEnter an integer > ")); ,EXPRESSION_STATEMENT, line no: 61,mainClass.exec(); ,EXPRESSION_STATEMENT, line no: 55, 0.005783068074608456, insert, 0.325, 0.0, 0.18
format,SIMPLE_NAME, line no: 80,Math,SIMPLE_NAME, line no: 65, 0.005718358706915156, insert, 0.98, 0.0, 0.3333333333333333
output+=(String.format("\nEnter an integer > ")); ,EXPRESSION_STATEMENT, line no: 61,mainClass.scanner=new java.util.Scanner(System.in); ,EXPRESSION_STATEMENT, line no: 53, 0.005677462597486486, insert, 0.09375, 0.0, 0.3269230769230769
output+=(String.format("\n")); ,EXPRESSION_STATEMENT, line no: 63,number.value=number.value / 10; ,EXPRESSION_STATEMENT, line no: 69, 0.005649425745153218, insert, 0.20625, 0.0, 0.25
format,SIMPLE_NAME, line no: 61,output,SIMPLE_NAME, line no: 49, 0.005553592961873625, insert, 0.3170731707317073, 0.0, 0.3333333333333333
format,SIMPLE_NAME, line no: 63,output,SIMPLE_NAME, line no: 49, 0.005553592961873625, insert, 0.3170731707317073, 0.0, 0.3333333333333333
String,SIMPLE_NAME, line no: 80,nextInt,SIMPLE_NAME, line no: 62, 0.005519651261501116, insert, 1.0, 0.0, 0.2857142857142857
format,SIMPLE_NAME, line no: 61,rem,SIMPLE_NAME, line no: 60, 0.005508071708087775, insert, 0.975609756097561, 0.0, 0.3333333333333333
format,SIMPLE_NAME, line no: 63,rem,SIMPLE_NAME, line no: 60, 0.005508071708087775, insert, 0.975609756097561, 0.0, 0.3333333333333333
output+=(String.format("\nEnter an integer > ")); ,EXPRESSION_STATEMENT, line no: 61,rem.value=number.value % 10; ,EXPRESSION_STATEMENT, line no: 67, 0.005503634113020232, insert, 0.20625, 0.0, 0.24
String,SIMPLE_NAME, line no: 80,println,SIMPLE_NAME, line no: 56, 0.005420297538794097, insert, 0.76, 0.0, 0.42857142857142855
scanner,SIMPLE_NAME, line no: 62,nextInt,SIMPLE_NAME, line no: 62, 0.005332489729199499, insert, 1.0, 0.0, 0.2857142857142857
nextInt,SIMPLE_NAME, line no: 62,String,SIMPLE_NAME, line no: 49, 0.005332489729199499, insert, 0.31901840490797545, 0.0, 0.2857142857142857
nextInt,SIMPLE_NAME, line no: 62,scanner,SIMPLE_NAME, line no: 51, 0.005332489729199499, insert, 0.10429447852760736, 0.0, 0.2857142857142857
String,SIMPLE_NAME, line no: 61,nextInt,SIMPLE_NAME, line no: 62, 0.005309729102306574, insert, 0.9939024390243902, 0.0, 0.2857142857142857
String,SIMPLE_NAME, line no: 63,nextInt,SIMPLE_NAME, line no: 62, 0.005309729102306574, insert, 0.9939024390243902, 0.0, 0.2857142857142857
scanner,SIMPLE_NAME, line no: 62,value,SIMPLE_NAME, line no: 7, 0.005309589466558765, insert, 0.03680981595092025, 0.0, 0.2857142857142857
nextInt,SIMPLE_NAME, line no: 62,output,SIMPLE_NAME, line no: 49, 0.005309589466558765, insert, 0.31901840490797545, 0.0, 0.2857142857142857
nextInt,SIMPLE_NAME, line no: 62,number,SIMPLE_NAME, line no: 60, 0.005309589466558765, insert, 0.9815950920245399, 0.0, 0.2857142857142857
output+=(String.format("\n")); ,EXPRESSION_STATEMENT, line no: 63,rem.value=number.value % 10; ,EXPRESSION_STATEMENT, line no: 67, 0.005296704054508897, insert, 0.20625, 0.0, 0.22580645161290322
scanner,SIMPLE_NAME, line no: 62,Scanner,SIMPLE_NAME, line no: 44, 0.005234345746453495, insert, 0.006134969325153374, 0.0, 0.8571428571428571
String,SIMPLE_NAME, line no: 77,String,SIMPLE_NAME, line no: 49, 0.005012011214099227, insert, 0.8108108108108109, 0.0, 1.0
format,SIMPLE_NAME, line no: 77,format,SIMPLE_NAME, line no: 61, 0.005012011214099227, insert, 1.0, 0.0, 1.0
rem,SIMPLE_NAME, line no: 77,rem,SIMPLE_NAME, line no: 60, 0.005012011214099227, insert, 1.0, 1.0, 1.0
value,SIMPLE_NAME, line no: 77,value,SIMPLE_NAME, line no: 7, 0.005012011214099227, insert, 0.15789473684210525, 1.0, 1.0
"\nEnter an integer > ",STRING_LITERAL, line no: 61,String,SIMPLE_NAME, line no: 49, 0.0049499415529743185, insert, 0.3170731707317073, 0.0, 0.21739130434782608
"\nEnter an integer > ",STRING_LITERAL, line no: 61,scanner,SIMPLE_NAME, line no: 51, 0.004927180926081394, insert, 0.10365853658536585, 0.0, 0.21739130434782608
String,SIMPLE_NAME, line no: 80,System,SIMPLE_NAME, line no: 53, 0.004868332412643985, insert, 0.34, 0.0, 0.3333333333333333
format,SIMPLE_NAME, line no: 80,out,SIMPLE_NAME, line no: 56, 0.004868332412643985, insert, 0.76, 0.0, 0.3333333333333333
String,SIMPLE_NAME, line no: 80,output,SIMPLE_NAME, line no: 49, 0.004829694853813477, insert, 0.72, 0.0, 0.16666666666666666
String,SIMPLE_NAME, line no: 80,IntObj,SIMPLE_NAME, line no: 60, 0.004829694853813477, insert, 1.0, 0.0, 0.16666666666666666
String,SIMPLE_NAME, line no: 80,number,SIMPLE_NAME, line no: 60, 0.004829694853813477, insert, 1.0, 0.0, 0.16666666666666666
String,SIMPLE_NAME, line no: 80,rem,SIMPLE_NAME, line no: 60, 0.004829694853813477, insert, 1.0, 0.0, 0.16666666666666666
String,SIMPLE_NAME, line no: 80,format,SIMPLE_NAME, line no: 61, 0.004829694853813477, insert, 1.0, 0.0, 0.16666666666666666
format,SIMPLE_NAME, line no: 80,value,SIMPLE_NAME, line no: 7, 0.004829694853813477, insert, 0.12, 0.0, 0.16666666666666666
format,SIMPLE_NAME, line no: 80,String,SIMPLE_NAME, line no: 49, 0.004829694853813477, insert, 0.72, 0.0, 0.16666666666666666
format,SIMPLE_NAME, line no: 80,IntObj,SIMPLE_NAME, line no: 60, 0.004829694853813477, insert, 1.0, 0.0, 0.16666666666666666
format,SIMPLE_NAME, line no: 80,number,SIMPLE_NAME, line no: 60, 0.004829694853813477, insert, 1.0, 0.0, 0.16666666666666666
String,SIMPLE_NAME, line no: 80,args,SIMPLE_NAME, line no: 50, 0.004791057294982969, insert, 0.74, 0.0, 0.3333333333333333
String,SIMPLE_NAME, line no: 80,length,SIMPLE_NAME, line no: 50, 0.004791057294982969, insert, 0.74, 0.0, 0.3333333333333333
String,SIMPLE_NAME, line no: 80,Math,SIMPLE_NAME, line no: 65, 0.004752419736152462, insert, 0.98, 0.0, 0.16666666666666666
format,SIMPLE_NAME, line no: 80,abs,SIMPLE_NAME, line no: 65, 0.004752419736152462, insert, 0.98, 0.0, 0.16666666666666666
String,SIMPLE_NAME, line no: 80,scanner,SIMPLE_NAME, line no: 51, 0.004691703572275949, insert, 0.32, 0.0, 0.14285714285714285
format,SIMPLE_NAME, line no: 80,scanner,SIMPLE_NAME, line no: 51, 0.004691703572275949, insert, 0.32, 0.0, 0.14285714285714285
format,SIMPLE_NAME, line no: 80,nextInt,SIMPLE_NAME, line no: 62, 0.004691703572275949, insert, 1.0, 0.0, 0.14285714285714285
"\nEnter an integer > ",STRING_LITERAL, line no: 61,nextInt,SIMPLE_NAME, line no: 62, 0.004683741177574459, insert, 0.9939024390243902, 0.0, 0.17391304347826086
String,SIMPLE_NAME, line no: 61,format,SIMPLE_NAME, line no: 61, 0.004665928513049562, insert, 1.0, 0.0, 0.16666666666666666
format,SIMPLE_NAME, line no: 61,String,SIMPLE_NAME, line no: 49, 0.004665928513049562, insert, 0.3170731707317073, 0.0, 0.16666666666666666
String,SIMPLE_NAME, line no: 63,format,SIMPLE_NAME, line no: 61, 0.004665928513049562, insert, 1.0, 0.0, 0.16666666666666666
format,SIMPLE_NAME, line no: 63,String,SIMPLE_NAME, line no: 49, 0.004665928513049562, insert, 0.3170731707317073, 0.0, 0.16666666666666666
"\n",STRING_LITERAL, line no: 63,String,SIMPLE_NAME, line no: 49, 0.004665928513049562, insert, 0.3170731707317073, 0.0, 0.16666666666666666
String,SIMPLE_NAME, line no: 61,output,SIMPLE_NAME, line no: 49, 0.004620407259263712, insert, 0.3170731707317073, 0.0, 0.16666666666666666
String,SIMPLE_NAME, line no: 61,number,SIMPLE_NAME, line no: 60, 0.004620407259263712, insert, 0.975609756097561, 0.0, 0.16666666666666666
format,SIMPLE_NAME, line no: 61,value,SIMPLE_NAME, line no: 7, 0.004620407259263712, insert, 0.036585365853658534, 0.0, 0.16666666666666666
format,SIMPLE_NAME, line no: 61,number,SIMPLE_NAME, line no: 60, 0.004620407259263712, insert, 0.975609756097561, 0.0, 0.16666666666666666
String,SIMPLE_NAME, line no: 63,output,SIMPLE_NAME, line no: 49, 0.004620407259263712, insert, 0.3170731707317073, 0.0, 0.16666666666666666
String,SIMPLE_NAME, line no: 63,number,SIMPLE_NAME, line no: 60, 0.004620407259263712, insert, 0.975609756097561, 0.0, 0.16666666666666666
format,SIMPLE_NAME, line no: 63,value,SIMPLE_NAME, line no: 7, 0.004620407259263712, insert, 0.036585365853658534, 0.0, 0.16666666666666666
format,SIMPLE_NAME, line no: 63,number,SIMPLE_NAME, line no: 60, 0.004620407259263712, insert, 0.975609756097561, 0.0, 0.16666666666666666
"\n",STRING_LITERAL, line no: 63,number,SIMPLE_NAME, line no: 60, 0.004620407259263712, insert, 0.975609756097561, 0.0, 0.16666666666666666
format,SIMPLE_NAME, line no: 80,println,SIMPLE_NAME, line no: 56, 0.004592349849568929, insert, 0.76, 0.0, 0.2857142857142857
"That's all  have a nice day!\n",STRING_LITERAL, line no: 80,scanner,SIMPLE_NAME, line no: 51, 0.004588210111122803, insert, 0.32, 0.0, 0.125
String,SIMPLE_NAME, line no: 61,IntObj,SIMPLE_NAME, line no: 60, 0.004574886005477863, insert, 0.975609756097561, 0.0, 0.16666666666666666
String,SIMPLE_NAME, line no: 61,rem,SIMPLE_NAME, line no: 60, 0.004574886005477863, insert, 0.975609756097561, 0.0, 0.16666666666666666
format,SIMPLE_NAME, line no: 61,IntObj,SIMPLE_NAME, line no: 60, 0.004574886005477863, insert, 0.975609756097561, 0.0, 0.16666666666666666
String,SIMPLE_NAME, line no: 63,IntObj,SIMPLE_NAME, line no: 60, 0.004574886005477863, insert, 0.975609756097561, 0.0, 0.16666666666666666
String,SIMPLE_NAME, line no: 63,rem,SIMPLE_NAME, line no: 60, 0.004574886005477863, insert, 0.975609756097561, 0.0, 0.16666666666666666
format,SIMPLE_NAME, line no: 63,IntObj,SIMPLE_NAME, line no: 60, 0.004574886005477863, insert, 0.975609756097561, 0.0, 0.16666666666666666
"\n",STRING_LITERAL, line no: 63,IntObj,SIMPLE_NAME, line no: 60, 0.004574886005477863, insert, 0.975609756097561, 0.0, 0.16666666666666666
scanner,SIMPLE_NAME, line no: 62,String,SIMPLE_NAME, line no: 49, 0.004532616269819574, insert, 0.31901840490797545, 0.0, 0.14285714285714285
scanner,SIMPLE_NAME, line no: 62,format,SIMPLE_NAME, line no: 61, 0.004532616269819574, insert, 1.0, 0.0, 0.14285714285714285
nextInt,SIMPLE_NAME, line no: 62,format,SIMPLE_NAME, line no: 61, 0.004532616269819574, insert, 1.0, 0.0, 0.14285714285714285
String,SIMPLE_NAME, line no: 61,scanner,SIMPLE_NAME, line no: 51, 0.0045098556429266495, insert, 0.10365853658536585, 0.0, 0.14285714285714285
format,SIMPLE_NAME, line no: 61,scanner,SIMPLE_NAME, line no: 51, 0.0045098556429266495, insert, 0.10365853658536585, 0.0, 0.14285714285714285
format,SIMPLE_NAME, line no: 61,nextInt,SIMPLE_NAME, line no: 62, 0.0045098556429266495, insert, 0.9939024390243902, 0.0, 0.14285714285714285
String,SIMPLE_NAME, line no: 63,scanner,SIMPLE_NAME, line no: 51, 0.0045098556429266495, insert, 0.10365853658536585, 0.0, 0.14285714285714285
format,SIMPLE_NAME, line no: 63,scanner,SIMPLE_NAME, line no: 51, 0.0045098556429266495, insert, 0.10365853658536585, 0.0, 0.14285714285714285
format,SIMPLE_NAME, line no: 63,nextInt,SIMPLE_NAME, line no: 62, 0.0045098556429266495, insert, 0.9939024390243902, 0.0, 0.14285714285714285
"\n",STRING_LITERAL, line no: 63,scanner,SIMPLE_NAME, line no: 51, 0.0045098556429266495, insert, 0.10365853658536585, 0.0, 0.14285714285714285
"\n",STRING_LITERAL, line no: 63,nextInt,SIMPLE_NAME, line no: 62, 0.0045098556429266495, insert, 0.9939024390243902, 0.0, 0.14285714285714285
nextInt,SIMPLE_NAME, line no: 62,value,SIMPLE_NAME, line no: 7, 0.00450971600717884, insert, 0.03680981595092025, 0.0, 0.14285714285714285
scanner,SIMPLE_NAME, line no: 62,IntObj,SIMPLE_NAME, line no: 60, 0.004463915481897372, insert, 0.9815950920245399, 0.0, 0.14285714285714285
scanner,SIMPLE_NAME, line no: 62,rem,SIMPLE_NAME, line no: 60, 0.004463915481897372, insert, 0.9815950920245399, 0.0, 0.14285714285714285
nextInt,SIMPLE_NAME, line no: 62,rem,SIMPLE_NAME, line no: 60, 0.004463915481897372, insert, 0.9815950920245399, 0.0, 0.14285714285714285
"\nEnter an integer > ",STRING_LITERAL, line no: 61,format,SIMPLE_NAME, line no: 61, 0.004463062055960451, insert, 1.0, 0.0, 0.13043478260869565
"\nEnter an integer > ",STRING_LITERAL, line no: 61,number,SIMPLE_NAME, line no: 60, 0.004417540802174601, insert, 0.975609756097561, 0.0, 0.13043478260869565
"That's all  have a nice day!\n",STRING_LITERAL, line no: 80,value,SIMPLE_NAME, line no: 7, 0.004407096554104799, insert, 0.12, 0.0, 0.09375
"That's all  have a nice day!\n",STRING_LITERAL, line no: 80,String,SIMPLE_NAME, line no: 49, 0.004407096554104799, insert, 0.72, 0.0, 0.09375
"That's all  have a nice day!\n",STRING_LITERAL, line no: 80,nextInt,SIMPLE_NAME, line no: 62, 0.004407096554104799, insert, 1.0, 0.0, 0.09375
"That's all  have a nice day!\n",STRING_LITERAL, line no: 80,Math,SIMPLE_NAME, line no: 65, 0.004329821436443782, insert, 0.98, 0.0, 0.09375
"That's all  have a nice day!\n",STRING_LITERAL, line no: 80,number,SIMPLE_NAME, line no: 60, 0.004225982997086793, insert, 1.0, 0.0, 0.0625
"That's all  have a nice day!\n",STRING_LITERAL, line no: 80,format,SIMPLE_NAME, line no: 61, 0.004225982997086793, insert, 1.0, 0.0, 0.0625
String,SIMPLE_NAME, line no: 80,mainClass,SIMPLE_NAME, line no: 48, 0.004224373098802189, insert, 0.72, 0.0, 0.2222222222222222
format,SIMPLE_NAME, line no: 80,mainClass,SIMPLE_NAME, line no: 48, 0.004224373098802189, insert, 0.72, 0.0, 0.2222222222222222
"\nEnter an integer > ",STRING_LITERAL, line no: 61,value,SIMPLE_NAME, line no: 7, 0.004174101053667667, insert, 0.036585365853658534, 0.0, 0.08695652173913043
"\nEnter an integer > ",STRING_LITERAL, line no: 61,output,SIMPLE_NAME, line no: 49, 0.004174101053667667, insert, 0.3170731707317073, 0.0, 0.08695652173913043
"That's all  have a nice day!\n",STRING_LITERAL, line no: 80,abs,SIMPLE_NAME, line no: 65, 0.004148707879425777, insert, 0.98, 0.0, 0.0625
"\nEnter an integer > ",STRING_LITERAL, line no: 61,IntObj,SIMPLE_NAME, line no: 60, 0.004128579799881818, insert, 0.975609756097561, 0.0, 0.08695652173913043
"\nEnter an integer > ",STRING_LITERAL, line no: 61,rem,SIMPLE_NAME, line no: 60, 0.004128579799881818, insert, 0.975609756097561, 0.0, 0.08695652173913043
"That's all  have a nice day!\n",STRING_LITERAL, line no: 80,output,SIMPLE_NAME, line no: 49, 0.004044869440068787, insert, 0.72, 0.0, 0.03125
"That's all  have a nice day!\n",STRING_LITERAL, line no: 80,IntObj,SIMPLE_NAME, line no: 60, 0.004044869440068787, insert, 1.0, 0.0, 0.03125
"That's all  have a nice day!\n",STRING_LITERAL, line no: 80,rem,SIMPLE_NAME, line no: 60, 0.004044869440068787, insert, 1.0, 0.0, 0.03125
output+=(String.format("\n")); ,EXPRESSION_STATEMENT, line no: 63,mainClass.scanner=new java.util.Scanner(System.in); ,EXPRESSION_STATEMENT, line no: 53, 0.00399525145749049, insert, 0.09375, 0.0, 0.21153846153846154
String,SIMPLE_NAME, line no: 80,out,SIMPLE_NAME, line no: 56, 0.00390239344188129, insert, 0.76, 0.0, 0.16666666666666666
format,SIMPLE_NAME, line no: 80,System,SIMPLE_NAME, line no: 53, 0.00390239344188129, insert, 0.34, 0.0, 0.16666666666666666
number.value=scanner.nextInt(); ,EXPRESSION_STATEMENT, line no: 62,value=i; ,EXPRESSION_STATEMENT, line no: 7, 0.0038877768568796344, insert, 0.025, 0.3333333333333333, 0.25
format,SIMPLE_NAME, line no: 80,args,SIMPLE_NAME, line no: 50, 0.0038251183242202736, insert, 0.74, 0.0, 0.16666666666666666
format,SIMPLE_NAME, line no: 80,length,SIMPLE_NAME, line no: 50, 0.0038251183242202736, insert, 0.74, 0.0, 0.16666666666666666
output+=(String.format("\n")); ,EXPRESSION_STATEMENT, line no: 63,mainClass.scanner=new java.util.Scanner(args[0]); ,EXPRESSION_STATEMENT, line no: 51, 0.003766283830102146, insert, 0.0875, 0.0, 0.2
rem.value,QUALIFIED_NAME, line no: 77,value,SIMPLE_NAME, line no: 7, 0.0036754748903394334, insert, 0.16216216216216217, 0.5, 0.5555555555555556
nextInt,SIMPLE_NAME, line no: 62,length,SIMPLE_NAME, line no: 50, 0.0036591348233801467, insert, 0.3374233128834356, 0.0, 0.42857142857142855
nextInt,SIMPLE_NAME, line no: 62,println,SIMPLE_NAME, line no: 56, 0.003636234560739413, insert, 0.3312883435582822, 0.0, 0.42857142857142855
String,SIMPLE_NAME, line no: 61,println,SIMPLE_NAME, line no: 56, 0.0036286942303577078, insert, 0.32926829268292684, 0.0, 0.42857142857142855
String,SIMPLE_NAME, line no: 63,println,SIMPLE_NAME, line no: 56, 0.0036286942303577078, insert, 0.32926829268292684, 0.0, 0.42857142857142855
format,SIMPLE_NAME, line no: 61,Math,SIMPLE_NAME, line no: 65, 0.0036189396759750262, insert, 0.4695121951219512, 0.0, 0.3333333333333333
format,SIMPLE_NAME, line no: 63,Math,SIMPLE_NAME, line no: 65, 0.0036189396759750262, insert, 0.4695121951219512, 0.0, 0.3333333333333333
"That's all  have a nice day!\n",STRING_LITERAL, line no: 80,mainClass,SIMPLE_NAME, line no: 48, 0.003479795142172611, insert, 0.72, 0.0, 0.09375
"That's all  have a nice day!\n",STRING_LITERAL, line no: 80,println,SIMPLE_NAME, line no: 56, 0.003479795142172611, insert, 0.76, 0.0, 0.09375
"That's all  have a nice day!\n",STRING_LITERAL, line no: 80,length,SIMPLE_NAME, line no: 50, 0.003402520024511594, insert, 0.74, 0.0, 0.09375
String,SIMPLE_NAME, line no: 80,digits_e79f832f_000,SIMPLE_NAME, line no: 48, 0.0033919709541730017, insert, 0.72, 0.0, 0.10526315789473684
"That's all  have a nice day!\n",STRING_LITERAL, line no: 80,digits_e79f832f_000,SIMPLE_NAME, line no: 48, 0.0033252449068505783, insert, 0.72, 0.0, 0.09375
String,SIMPLE_NAME, line no: 80,util,SIMPLE_NAME, line no: 44, 0.003322830059423672, insert, 0.04, 0.0, 0.3333333333333333
"That's all  have a nice day!\n",STRING_LITERAL, line no: 80,System,SIMPLE_NAME, line no: 53, 0.0032986815851546052, insert, 0.34, 0.0, 0.0625
"That's all  have a nice day!\n",STRING_LITERAL, line no: 80,exec,SIMPLE_NAME, line no: 55, 0.0032986815851546052, insert, 0.76, 0.0, 0.0625
String,SIMPLE_NAME, line no: 80,in,SIMPLE_NAME, line no: 53, 0.0032455549417626565, insert, 0.34, 0.0, 0.3333333333333333
"That's all  have a nice day!\n",STRING_LITERAL, line no: 80,args,SIMPLE_NAME, line no: 50, 0.003221406467493589, insert, 0.74, 0.0, 0.0625
String,SIMPLE_NAME, line no: 61,args,SIMPLE_NAME, line no: 50, 0.0031182058843306822, insert, 0.3353658536585366, 0.0, 0.3333333333333333
String,SIMPLE_NAME, line no: 61,length,SIMPLE_NAME, line no: 50, 0.0031182058843306822, insert, 0.3353658536585366, 0.0, 0.3333333333333333
String,SIMPLE_NAME, line no: 61,System,SIMPLE_NAME, line no: 53, 0.0031182058843306822, insert, 0.11585365853658537, 0.0, 0.3333333333333333
format,SIMPLE_NAME, line no: 61,out,SIMPLE_NAME, line no: 56, 0.0031182058843306822, insert, 0.3353658536585366, 0.0, 0.3333333333333333
String,SIMPLE_NAME, line no: 63,args,SIMPLE_NAME, line no: 50, 0.0031182058843306822, insert, 0.3353658536585366, 0.0, 0.3333333333333333
String,SIMPLE_NAME, line no: 63,length,SIMPLE_NAME, line no: 50, 0.0031182058843306822, insert, 0.3353658536585366, 0.0, 0.3333333333333333
String,SIMPLE_NAME, line no: 63,System,SIMPLE_NAME, line no: 53, 0.0031182058843306822, insert, 0.11585365853658537, 0.0, 0.3333333333333333
format,SIMPLE_NAME, line no: 63,out,SIMPLE_NAME, line no: 56, 0.0031182058843306822, insert, 0.3353658536585366, 0.0, 0.3333333333333333
"That's all  have a nice day!\n",STRING_LITERAL, line no: 80,out,SIMPLE_NAME, line no: 56, 0.0031175680281366, insert, 0.76, 0.0, 0.03125
format,SIMPLE_NAME, line no: 80,digits_e79f832f_000,SIMPLE_NAME, line no: 48, 0.003086937594984782, insert, 0.72, 0.0, 0.05263157894736842
format,SIMPLE_NAME, line no: 77,output,SIMPLE_NAME, line no: 49, 0.0030072067284595363, insert, 0.8108108108108109, 0.0, 0.3333333333333333
format,SIMPLE_NAME, line no: 77,rem,SIMPLE_NAME, line no: 60, 0.0030072067284595363, insert, 1.0, 0.0, 0.3333333333333333
format,SIMPLE_NAME, line no: 77,Math,SIMPLE_NAME, line no: 65, 0.0030072067284595363, insert, 1.0, 0.0, 0.3333333333333333
rem.value,QUALIFIED_NAME, line no: 77,rem,SIMPLE_NAME, line no: 60, 0.0030072067284595363, insert, 1.0, 0.5, 0.3333333333333333
rem.value,QUALIFIED_NAME, line no: 77,format,SIMPLE_NAME, line no: 61, 0.0030072067284595363, insert, 1.0, 0.0, 0.3333333333333333
rem,SIMPLE_NAME, line no: 77,format,SIMPLE_NAME, line no: 61, 0.0030072067284595363, insert, 1.0, 0.0, 0.3333333333333333
value,SIMPLE_NAME, line no: 77,number,SIMPLE_NAME, line no: 60, 0.0030072067284595363, insert, 1.0, 0.0, 0.3333333333333333
String,SIMPLE_NAME, line no: 80,Scanner,SIMPLE_NAME, line no: 44, 0.0029695723786876006, insert, 0.02, 0.0, 0.2857142857142857
String,SIMPLE_NAME, line no: 77,println,SIMPLE_NAME, line no: 56, 0.0029143200341441838, insert, 0.8108108108108109, 0.0, 0.42857142857142855
String,SIMPLE_NAME, line no: 77,nextInt,SIMPLE_NAME, line no: 62, 0.002864006408056701, insert, 1.0, 0.0, 0.2857142857142857
value,SIMPLE_NAME, line no: 77,scanner,SIMPLE_NAME, line no: 51, 0.002864006408056701, insert, 0.42105263157894735, 0.0, 0.2857142857142857
scanner,SIMPLE_NAME, line no: 62,args,SIMPLE_NAME, line no: 50, 0.0028592613640002216, insert, 0.3374233128834356, 0.0, 0.2857142857142857
scanner,SIMPLE_NAME, line no: 62,System,SIMPLE_NAME, line no: 53, 0.0028592613640002216, insert, 0.1165644171779141, 0.0, 0.2857142857142857
scanner,SIMPLE_NAME, line no: 62,println,SIMPLE_NAME, line no: 56, 0.002836361101359488, insert, 0.3312883435582822, 0.0, 0.2857142857142857
nextInt,SIMPLE_NAME, line no: 62,exec,SIMPLE_NAME, line no: 55, 0.002836361101359488, insert, 0.3312883435582822, 0.0, 0.2857142857142857
format,SIMPLE_NAME, line no: 61,println,SIMPLE_NAME, line no: 56, 0.0028288207709777826, insert, 0.32926829268292684, 0.0, 0.2857142857142857
format,SIMPLE_NAME, line no: 63,println,SIMPLE_NAME, line no: 56, 0.0028288207709777826, insert, 0.32926829268292684, 0.0, 0.2857142857142857
value,SIMPLE_NAME, line no: 77,length,SIMPLE_NAME, line no: 50, 0.002690658651779585, insert, 0.8421052631578947, 0.0, 0.3333333333333333
String,SIMPLE_NAME, line no: 61,Math,SIMPLE_NAME, line no: 65, 0.0026857539733651133, insert, 0.4695121951219512, 0.0, 0.16666666666666666
format,SIMPLE_NAME, line no: 61,abs,SIMPLE_NAME, line no: 65, 0.0026857539733651133, insert, 0.4695121951219512, 0.0, 0.16666666666666666
String,SIMPLE_NAME, line no: 63,Math,SIMPLE_NAME, line no: 65, 0.0026857539733651133, insert, 0.4695121951219512, 0.0, 0.16666666666666666
format,SIMPLE_NAME, line no: 63,abs,SIMPLE_NAME, line no: 65, 0.0026857539733651133, insert, 0.4695121951219512, 0.0, 0.16666666666666666
String,SIMPLE_NAME, line no: 77,args,SIMPLE_NAME, line no: 50, 0.0026821032983558027, insert, 0.8378378378378378, 0.0, 0.3333333333333333
String,SIMPLE_NAME, line no: 77,length,SIMPLE_NAME, line no: 50, 0.0026821032983558027, insert, 0.8378378378378378, 0.0, 0.3333333333333333
rem.value,QUALIFIED_NAME, line no: 77,scanner,SIMPLE_NAME, line no: 51, 0.0026730726475195877, insert, 0.43243243243243246, 0.0, 0.2222222222222222
rem.value,QUALIFIED_NAME, line no: 77,number,SIMPLE_NAME, line no: 60, 0.0026730726475195877, insert, 1.0, 0.0, 0.2222222222222222
rem,SIMPLE_NAME, line no: 77,System,SIMPLE_NAME, line no: 53, 0.002637900638999593, insert, 0.4473684210526316, 0.0, 0.3333333333333333
String,SIMPLE_NAME, line no: 77,System,SIMPLE_NAME, line no: 53, 0.0026279193933385135, insert, 0.4594594594594595, 0.0, 0.3333333333333333
format,SIMPLE_NAME, line no: 77,out,SIMPLE_NAME, line no: 56, 0.0026279193933385135, insert, 0.8108108108108109, 0.0, 0.3333333333333333
rem.value,QUALIFIED_NAME, line no: 77,mainClass,SIMPLE_NAME, line no: 48, 0.0026279193933385135, insert, 0.8108108108108109, 0.0, 0.3333333333333333
rem,SIMPLE_NAME, line no: 77,value,SIMPLE_NAME, line no: 7, 0.0026062458313315983, insert, 0.15789473684210525, 0.0, 0.2
value,SIMPLE_NAME, line no: 77,rem,SIMPLE_NAME, line no: 60, 0.0026062458313315983, insert, 1.0, 0.0, 0.2
value,SIMPLE_NAME, line no: 77,Math,SIMPLE_NAME, line no: 65, 0.0026062458313315983, insert, 1.0, 0.0, 0.2
value,SIMPLE_NAME, line no: 77,abs,SIMPLE_NAME, line no: 65, 0.0026062458313315983, insert, 1.0, 0.0, 0.2
output+=(String.format("\n")); ,EXPRESSION_STATEMENT, line no: 63,value=i; ,EXPRESSION_STATEMENT, line no: 7, 0.0025944639911837887, insert, 0.025, 0.0, 0.16129032258064516
scanner,SIMPLE_NAME, line no: 62,Math,SIMPLE_NAME, line no: 65, 0.0025631936827164464, insert, 0.4723926380368098, 0.0, 0.14285714285714285
scanner,SIMPLE_NAME, line no: 62,abs,SIMPLE_NAME, line no: 65, 0.0025631936827164464, insert, 0.4723926380368098, 0.0, 0.14285714285714285
nextInt,SIMPLE_NAME, line no: 62,Math,SIMPLE_NAME, line no: 65, 0.0025631936827164464, insert, 0.4723926380368098, 0.0, 0.14285714285714285
String,SIMPLE_NAME, line no: 77,output,SIMPLE_NAME, line no: 49, 0.0025060056070496137, insert, 0.8108108108108109, 0.0, 0.16666666666666666
String,SIMPLE_NAME, line no: 77,IntObj,SIMPLE_NAME, line no: 60, 0.0025060056070496137, insert, 1.0, 0.0, 0.16666666666666666
String,SIMPLE_NAME, line no: 77,number,SIMPLE_NAME, line no: 60, 0.0025060056070496137, insert, 1.0, 0.0, 0.16666666666666666
String,SIMPLE_NAME, line no: 77,rem,SIMPLE_NAME, line no: 60, 0.0025060056070496137, insert, 1.0, 0.0, 0.16666666666666666
String,SIMPLE_NAME, line no: 77,format,SIMPLE_NAME, line no: 61, 0.0025060056070496137, insert, 1.0, 0.0, 0.16666666666666666
String,SIMPLE_NAME, line no: 77,Math,SIMPLE_NAME, line no: 65, 0.0025060056070496137, insert, 1.0, 0.0, 0.16666666666666666
format,SIMPLE_NAME, line no: 77,value,SIMPLE_NAME, line no: 7, 0.0025060056070496137, insert, 0.16216216216216217, 0.0, 0.16666666666666666
format,SIMPLE_NAME, line no: 77,String,SIMPLE_NAME, line no: 49, 0.0025060056070496137, insert, 0.8108108108108109, 0.0, 0.16666666666666666
format,SIMPLE_NAME, line no: 77,IntObj,SIMPLE_NAME, line no: 60, 0.0025060056070496137, insert, 1.0, 0.0, 0.16666666666666666
format,SIMPLE_NAME, line no: 77,number,SIMPLE_NAME, line no: 60, 0.0025060056070496137, insert, 1.0, 0.0, 0.16666666666666666
format,SIMPLE_NAME, line no: 77,abs,SIMPLE_NAME, line no: 65, 0.0025060056070496137, insert, 1.0, 0.0, 0.16666666666666666
"%d\n",STRING_LITERAL, line no: 77,String,SIMPLE_NAME, line no: 49, 0.0025060056070496137, insert, 0.8108108108108109, 0.0, 0.16666666666666666
"%d\n",STRING_LITERAL, line no: 77,IntObj,SIMPLE_NAME, line no: 60, 0.0025060056070496137, insert, 1.0, 0.0, 0.16666666666666666
"%d\n",STRING_LITERAL, line no: 77,number,SIMPLE_NAME, line no: 60, 0.0025060056070496137, insert, 1.0, 0.0, 0.16666666666666666
rem,SIMPLE_NAME, line no: 77,String,SIMPLE_NAME, line no: 49, 0.0025060056070496137, insert, 0.8157894736842105, 0.0, 0.16666666666666666
rem,SIMPLE_NAME, line no: 77,number,SIMPLE_NAME, line no: 60, 0.0025060056070496137, insert, 1.0, 0.0, 0.16666666666666666
value,SIMPLE_NAME, line no: 77,output,SIMPLE_NAME, line no: 49, 0.0025060056070496137, insert, 0.8157894736842105, 0.0, 0.16666666666666666
value,SIMPLE_NAME, line no: 77,format,SIMPLE_NAME, line no: 61, 0.0025060056070496137, insert, 1.0, 0.0, 0.16666666666666666
scanner,SIMPLE_NAME, line no: 62,mainClass,SIMPLE_NAME, line no: 48, 0.0025037620487202553, insert, 0.31901840490797545, 0.0, 0.2222222222222222
String,SIMPLE_NAME, line no: 61,mainClass,SIMPLE_NAME, line no: 48, 0.002496082082590741, insert, 0.3170731707317073, 0.0, 0.2222222222222222
format,SIMPLE_NAME, line no: 61,mainClass,SIMPLE_NAME, line no: 48, 0.002496082082590741, insert, 0.3170731707317073, 0.0, 0.2222222222222222
String,SIMPLE_NAME, line no: 63,mainClass,SIMPLE_NAME, line no: 48, 0.002496082082590741, insert, 0.3170731707317073, 0.0, 0.2222222222222222
format,SIMPLE_NAME, line no: 63,mainClass,SIMPLE_NAME, line no: 48, 0.002496082082590741, insert, 0.3170731707317073, 0.0, 0.2222222222222222
format,SIMPLE_NAME, line no: 77,println,SIMPLE_NAME, line no: 56, 0.0024847190729356786, insert, 0.8108108108108109, 0.0, 0.2857142857142857
rem,SIMPLE_NAME, line no: 77,args,SIMPLE_NAME, line no: 50, 0.0024400580910746237, insert, 0.8421052631578947, 0.0, 0.25
String,SIMPLE_NAME, line no: 77,scanner,SIMPLE_NAME, line no: 51, 0.002434405446848196, insert, 0.43243243243243246, 0.0, 0.14285714285714285
format,SIMPLE_NAME, line no: 77,scanner,SIMPLE_NAME, line no: 51, 0.002434405446848196, insert, 0.43243243243243246, 0.0, 0.14285714285714285
format,SIMPLE_NAME, line no: 77,nextInt,SIMPLE_NAME, line no: 62, 0.002434405446848196, insert, 1.0, 0.0, 0.14285714285714285
"%d\n",STRING_LITERAL, line no: 77,scanner,SIMPLE_NAME, line no: 51, 0.002434405446848196, insert, 0.43243243243243246, 0.0, 0.14285714285714285
"%d\n",STRING_LITERAL, line no: 77,nextInt,SIMPLE_NAME, line no: 62, 0.002434405446848196, insert, 1.0, 0.0, 0.14285714285714285
rem,SIMPLE_NAME, line no: 77,scanner,SIMPLE_NAME, line no: 51, 0.002434405446848196, insert, 0.42105263157894735, 0.0, 0.14285714285714285
rem,SIMPLE_NAME, line no: 77,nextInt,SIMPLE_NAME, line no: 62, 0.002434405446848196, insert, 1.0, 0.0, 0.14285714285714285
value,SIMPLE_NAME, line no: 77,nextInt,SIMPLE_NAME, line no: 62, 0.002434405446848196, insert, 1.0, 0.0, 0.14285714285714285
rem,SIMPLE_NAME, line no: 77,exec,SIMPLE_NAME, line no: 55, 0.0023873000782946322, insert, 0.8157894736842105, 0.0, 0.25
format,SIMPLE_NAME, line no: 80,java,SIMPLE_NAME, line no: 44, 0.002356891088660977, insert, 0.04, 0.0, 0.16666666666666666
format,SIMPLE_NAME, line no: 80,util,SIMPLE_NAME, line no: 44, 0.002356891088660977, insert, 0.04, 0.0, 0.16666666666666666
rem.value,QUALIFIED_NAME, line no: 77,length,SIMPLE_NAME, line no: 50, 0.002347969217415854, insert, 0.8378378378378378, 0.0, 0.2222222222222222
rem.value,QUALIFIED_NAME, line no: 77,String,SIMPLE_NAME, line no: 49, 0.0023389385665796396, insert, 0.8108108108108109, 0.0, 0.1111111111111111
rem.value,QUALIFIED_NAME, line no: 77,output,SIMPLE_NAME, line no: 49, 0.0023389385665796396, insert, 0.8108108108108109, 0.0, 0.1111111111111111
rem.value,QUALIFIED_NAME, line no: 77,nextInt,SIMPLE_NAME, line no: 62, 0.0023389385665796396, insert, 1.0, 0.0, 0.1111111111111111
rem.value,QUALIFIED_NAME, line no: 77,Math,SIMPLE_NAME, line no: 65, 0.0023389385665796396, insert, 1.0, 0.0, 0.1111111111111111
rem.value,QUALIFIED_NAME, line no: 77,abs,SIMPLE_NAME, line no: 65, 0.0023389385665796396, insert, 1.0, 0.0, 0.1111111111111111
String,SIMPLE_NAME, line no: 61,util,SIMPLE_NAME, line no: 44, 0.0023215839430783185, insert, 0.012195121951219513, 0.0, 0.3333333333333333
String,SIMPLE_NAME, line no: 63,util,SIMPLE_NAME, line no: 44, 0.0023215839430783185, insert, 0.012195121951219513, 0.0, 0.3333333333333333
output+=(String.format("That's all  have a nice day!\n")); ,EXPRESSION_STATEMENT, line no: 80,output+=(String.format("That's all  have a nice day!\n")); ,EXPRESSION_STATEMENT, line no: 80, 0.0023145502494313786, insert, 1.0, 1.0, 1.0
value,SIMPLE_NAME, line no: 77,mainClass,SIMPLE_NAME, line no: 48, 0.0023037665580596446, insert, 0.8157894736842105, 0.0, 0.2222222222222222
String,SIMPLE_NAME, line no: 61,in,SIMPLE_NAME, line no: 53, 0.002298823316185394, insert, 0.11585365853658537, 0.0, 0.3333333333333333
String,SIMPLE_NAME, line no: 63,in,SIMPLE_NAME, line no: 53, 0.002298823316185394, insert, 0.11585365853658537, 0.0, 0.3333333333333333
String,SIMPLE_NAME, line no: 77,mainClass,SIMPLE_NAME, line no: 48, 0.0022937853123985654, insert, 0.8108108108108109, 0.0, 0.2222222222222222
format,SIMPLE_NAME, line no: 77,mainClass,SIMPLE_NAME, line no: 48, 0.0022937853123985654, insert, 0.8108108108108109, 0.0, 0.2222222222222222
rem.value,QUALIFIED_NAME, line no: 77,System,SIMPLE_NAME, line no: 53, 0.0022937853123985654, insert, 0.4594594594594595, 0.0, 0.2222222222222222
rem.value,QUALIFIED_NAME, line no: 77,exec,SIMPLE_NAME, line no: 55, 0.0022937853123985654, insert, 0.8108108108108109, 0.0, 0.2222222222222222
rem.value,QUALIFIED_NAME, line no: 77,println,SIMPLE_NAME, line no: 56, 0.0022937853123985654, insert, 0.8108108108108109, 0.0, 0.2222222222222222
value,SIMPLE_NAME, line no: 77,args,SIMPLE_NAME, line no: 50, 0.002289697754651647, insert, 0.8421052631578947, 0.0, 0.2
"\nEnter an integer > ",STRING_LITERAL, line no: 61,Math,SIMPLE_NAME, line no: 65, 0.0022394477677690687, insert, 0.4695121951219512, 0.0, 0.08695652173913043
value,SIMPLE_NAME, line no: 77,exec,SIMPLE_NAME, line no: 55, 0.002236939741871655, insert, 0.8157894736842105, 0.0, 0.2
value,SIMPLE_NAME, line no: 77,out,SIMPLE_NAME, line no: 56, 0.002236939741871655, insert, 0.8157894736842105, 0.0, 0.2
"\nEnter an integer > ",STRING_LITERAL, line no: 61,println,SIMPLE_NAME, line no: 56, 0.002202832846245668, insert, 0.32926829268292684, 0.0, 0.17391304347826086
rem,SIMPLE_NAME, line no: 77,length,SIMPLE_NAME, line no: 50, 0.0021894575303696624, insert, 0.8421052631578947, 0.0, 0.16666666666666666
String,SIMPLE_NAME, line no: 61,out,SIMPLE_NAME, line no: 56, 0.00218502018172077, insert, 0.3353658536585366, 0.0, 0.16666666666666666
format,SIMPLE_NAME, line no: 61,args,SIMPLE_NAME, line no: 50, 0.00218502018172077, insert, 0.3353658536585366, 0.0, 0.16666666666666666
format,SIMPLE_NAME, line no: 61,length,SIMPLE_NAME, line no: 50, 0.00218502018172077, insert, 0.3353658536585366, 0.0, 0.16666666666666666
format,SIMPLE_NAME, line no: 61,System,SIMPLE_NAME, line no: 53, 0.00218502018172077, insert, 0.11585365853658537, 0.0, 0.16666666666666666
String,SIMPLE_NAME, line no: 63,out,SIMPLE_NAME, line no: 56, 0.00218502018172077, insert, 0.3353658536585366, 0.0, 0.16666666666666666
format,SIMPLE_NAME, line no: 63,args,SIMPLE_NAME, line no: 50, 0.00218502018172077, insert, 0.3353658536585366, 0.0, 0.16666666666666666
format,SIMPLE_NAME, line no: 63,length,SIMPLE_NAME, line no: 50, 0.00218502018172077, insert, 0.3353658536585366, 0.0, 0.16666666666666666
format,SIMPLE_NAME, line no: 63,System,SIMPLE_NAME, line no: 53, 0.00218502018172077, insert, 0.11585365853658537, 0.0, 0.16666666666666666
"\n",STRING_LITERAL, line no: 63,length,SIMPLE_NAME, line no: 50, 0.00218502018172077, insert, 0.3353658536585366, 0.0, 0.16666666666666666
format,SIMPLE_NAME, line no: 77,args,SIMPLE_NAME, line no: 50, 0.00218090217694588, insert, 0.8378378378378378, 0.0, 0.16666666666666666
format,SIMPLE_NAME, line no: 77,length,SIMPLE_NAME, line no: 50, 0.00218090217694588, insert, 0.8378378378378378, 0.0, 0.16666666666666666
"%d\n",STRING_LITERAL, line no: 77,length,SIMPLE_NAME, line no: 50, 0.00218090217694588, insert, 0.8378378378378378, 0.0, 0.16666666666666666
value,SIMPLE_NAME, line no: 77,java,SIMPLE_NAME, line no: 44, 0.0021525269214236684, insert, 0.05263157894736842, 0.0, 0.4
format,SIMPLE_NAME, line no: 80,Scanner,SIMPLE_NAME, line no: 44, 0.0021416246894624333, insert, 0.02, 0.0, 0.14285714285714285
value,SIMPLE_NAME, line no: 77,System,SIMPLE_NAME, line no: 53, 0.0021366995175896705, insert, 0.4473684210526316, 0.0, 0.16666666666666666
String,SIMPLE_NAME, line no: 77,out,SIMPLE_NAME, line no: 56, 0.002126718271928591, insert, 0.8108108108108109, 0.0, 0.16666666666666666
format,SIMPLE_NAME, line no: 77,System,SIMPLE_NAME, line no: 53, 0.002126718271928591, insert, 0.4594594594594595, 0.0, 0.16666666666666666
rem,SIMPLE_NAME, line no: 77,println,SIMPLE_NAME, line no: 56, 0.002065099357388253, insert, 0.8157894736842105, 0.0, 0.14285714285714285
value,SIMPLE_NAME, line no: 77,println,SIMPLE_NAME, line no: 56, 0.002065099357388253, insert, 0.8157894736842105, 0.0, 0.14285714285714285
scanner,SIMPLE_NAME, line no: 62,length,SIMPLE_NAME, line no: 50, 0.0020593879046202973, insert, 0.3374233128834356, 0.0, 0.14285714285714285
nextInt,SIMPLE_NAME, line no: 62,System,SIMPLE_NAME, line no: 53, 0.0020593879046202973, insert, 0.1165644171779141, 0.0, 0.14285714285714285
nextInt,SIMPLE_NAME, line no: 62,out,SIMPLE_NAME, line no: 56, 0.0020593879046202973, insert, 0.3374233128834356, 0.0, 0.14285714285714285
"%d\n",STRING_LITERAL, line no: 77,println,SIMPLE_NAME, line no: 56, 0.0020551181117271734, insert, 0.8108108108108109, 0.0, 0.14285714285714285
scanner,SIMPLE_NAME, line no: 62,exec,SIMPLE_NAME, line no: 55, 0.0020364876419795633, insert, 0.3312883435582822, 0.0, 0.14285714285714285
nextInt,SIMPLE_NAME, line no: 62,Scanner,SIMPLE_NAME, line no: 44, 0.0020348519089337966, insert, 0.006134969325153374, 0.0, 0.2857142857142857
String,SIMPLE_NAME, line no: 61,Scanner,SIMPLE_NAME, line no: 44, 0.002032198829725419, insert, 0.006097560975609756, 0.0, 0.2857142857142857
String,SIMPLE_NAME, line no: 63,Scanner,SIMPLE_NAME, line no: 44, 0.002032198829725419, insert, 0.006097560975609756, 0.0, 0.2857142857142857
"\n",STRING_LITERAL, line no: 63,println,SIMPLE_NAME, line no: 56, 0.002028947311597858, insert, 0.32926829268292684, 0.0, 0.14285714285714285
rem.value,QUALIFIED_NAME, line no: 77,args,SIMPLE_NAME, line no: 50, 0.002013835136475906, insert, 0.8378378378378378, 0.0, 0.1111111111111111
output+=(String.format("That's all  have a nice day!\n")); ,EXPRESSION_STATEMENT, line no: 80,output+=(String.format("%d\nThat's all  have a nice day!\n" number.value)); ,EXPRESSION_STATEMENT, line no: 72, 0.0020039132422708513, insert, 1.0, 1.0, 0.7763157894736842
"\nEnter an integer > ",STRING_LITERAL, line no: 61,abs,SIMPLE_NAME, line no: 65, 0.001996008019262135, insert, 0.4695121951219512, 0.0, 0.043478260869565216
"\nEnter an integer > ",STRING_LITERAL, line no: 61,mainClass,SIMPLE_NAME, line no: 48, 0.001982153724631659, insert, 0.3170731707317073, 0.0, 0.13043478260869565
"\nEnter an integer > ",STRING_LITERAL, line no: 61,length,SIMPLE_NAME, line no: 50, 0.001982153724631659, insert, 0.3353658536585366, 0.0, 0.13043478260869565
rem,SIMPLE_NAME, line no: 77,mainClass,SIMPLE_NAME, line no: 48, 0.0019696324771196964, insert, 0.8157894736842105, 0.0, 0.1111111111111111
"%d\n",STRING_LITERAL, line no: 77,mainClass,SIMPLE_NAME, line no: 48, 0.001959651231458617, insert, 0.8108108108108109, 0.0, 0.1111111111111111
rem.value,QUALIFIED_NAME, line no: 77,out,SIMPLE_NAME, line no: 56, 0.001959651231458617, insert, 0.8108108108108109, 0.0, 0.1111111111111111
String,SIMPLE_NAME, line no: 77,digits_e79f832f_000,SIMPLE_NAME, line no: 48, 0.0019420652271986195, insert, 0.8108108108108109, 0.0, 0.10526315789473684
"That's all  have a nice day!\n",STRING_LITERAL, line no: 80,java,SIMPLE_NAME, line no: 44, 0.0019342927889522974, insert, 0.04, 0.0, 0.09375
String,SIMPLE_NAME, line no: 77,util,SIMPLE_NAME, line no: 44, 0.0019235286281137573, insert, 0.05405405405405406, 0.0, 0.3333333333333333
String,SIMPLE_NAME, line no: 77,in,SIMPLE_NAME, line no: 53, 0.0019235286281137573, insert, 0.4594594594594595, 0.0, 0.3333333333333333
"\nEnter an integer > ",STRING_LITERAL, line no: 61,digits_e79f832f_000,SIMPLE_NAME, line no: 48, 0.001913871843952885, insert, 0.3170731707317073, 0.0, 0.13043478260869565
nextInt,SIMPLE_NAME, line no: 62,mainClass,SIMPLE_NAME, line no: 48, 0.001881638246980314, insert, 0.31901840490797545, 0.0, 0.1111111111111111
"\n",STRING_LITERAL, line no: 63,mainClass,SIMPLE_NAME, line no: 48, 0.0018739582808507997, insert, 0.3170731707317073, 0.0, 0.1111111111111111
"That's all  have a nice day!\n",STRING_LITERAL, line no: 80,Scanner,SIMPLE_NAME, line no: 44, 0.001857017671291282, insert, 0.02, 0.0, 0.09375
"\n",STRING_LITERAL, line no: 63,in,SIMPLE_NAME, line no: 53, 0.0018322304648804378, insert, 0.11585365853658537, 0.0, 0.25
output+=(String.format("That's all  have a nice day!\n")); ,EXPRESSION_STATEMENT, line no: 80,output+=(String.format("\nEnter an integer > ")); ,EXPRESSION_STATEMENT, line no: 61, 0.0017967186682026634, insert, 1.0, 1.0, 0.6271186440677966
rem,SIMPLE_NAME, line no: 77,digits_e79f832f_000,SIMPLE_NAME, line no: 48, 0.0017937724345197235, insert, 0.8157894736842105, 0.0, 0.05263157894736842
value,SIMPLE_NAME, line no: 77,digits_e79f832f_000,SIMPLE_NAME, line no: 48, 0.0017937724345197235, insert, 0.8157894736842105, 0.0, 0.05263157894736842
format,SIMPLE_NAME, line no: 77,digits_e79f832f_000,SIMPLE_NAME, line no: 48, 0.0017837911888586439, insert, 0.8108108108108109, 0.0, 0.05263157894736842
"%d\n",STRING_LITERAL, line no: 77,digits_e79f832f_000,SIMPLE_NAME, line no: 48, 0.0017837911888586439, insert, 0.8108108108108109, 0.0, 0.05263157894736842
rem.value,QUALIFIED_NAME, line no: 77,digits_e79f832f_000,SIMPLE_NAME, line no: 48, 0.0017837911888586439, insert, 0.8108108108108109, 0.0, 0.05263157894736842
String,SIMPLE_NAME, line no: 77,Scanner,SIMPLE_NAME, line no: 44, 0.0017803283077109221, insert, 0.02702702702702703, 0.0, 0.2857142857142857
scanner,SIMPLE_NAME, line no: 62,digits_e79f832f_000,SIMPLE_NAME, line no: 48, 0.0017801941010717993, insert, 0.31901840490797545, 0.0, 0.10526315789473684
String,SIMPLE_NAME, line no: 61,digits_e79f832f_000,SIMPLE_NAME, line no: 48, 0.0017729330421857126, insert, 0.3170731707317073, 0.0, 0.10526315789473684
String,SIMPLE_NAME, line no: 63,digits_e79f832f_000,SIMPLE_NAME, line no: 48, 0.0017729330421857126, insert, 0.3170731707317073, 0.0, 0.10526315789473684
value,SIMPLE_NAME, line no: 77,Scanner,SIMPLE_NAME, line no: 44, 0.001756088139676872, insert, 0.02631578947368421, 0.0, 0.2857142857142857
"That's all  have a nice day!\n",STRING_LITERAL, line no: 80,util,SIMPLE_NAME, line no: 44, 0.0017531792319342922, insert, 0.04, 0.0, 0.0625
"\nEnter an integer > ",STRING_LITERAL, line no: 61,args,SIMPLE_NAME, line no: 50, 0.0017387139761247256, insert, 0.3353658536585366, 0.0, 0.08695652173913043
"\nEnter an integer > ",STRING_LITERAL, line no: 61,System,SIMPLE_NAME, line no: 53, 0.0017387139761247256, insert, 0.11585365853658537, 0.0, 0.08695652173913043
"\nEnter an integer > ",STRING_LITERAL, line no: 61,exec,SIMPLE_NAME, line no: 55, 0.0017159533492318007, insert, 0.32926829268292684, 0.0, 0.08695652173913043
output+=(String.format("\nEnter an integer > ")); ,EXPRESSION_STATEMENT, line no: 61,value=i; ,EXPRESSION_STATEMENT, line no: 7, 0.0017009023748848402, insert, 0.025, 0.0, 0.1
"That's all  have a nice day!\n",STRING_LITERAL, line no: 80,in,SIMPLE_NAME, line no: 53, 0.0016759041142732768, insert, 0.34, 0.0, 0.0625
output+=(String.format("That's all  have a nice day!\n")); ,EXPRESSION_STATEMENT, line no: 80,output+=(String.format("\n")); ,EXPRESSION_STATEMENT, line no: 63, 0.0016554918733221048, insert, 1.0, 1.0, 0.5254237288135594
"\nEnter an integer > ",STRING_LITERAL, line no: 61,Scanner,SIMPLE_NAME, line no: 44, 0.0016496506535002375, insert, 0.006097560975609756, 0.0, 0.21739130434782608
rem.value,QUALIFIED_NAME, line no: 77,java,SIMPLE_NAME, line no: 44, 0.001589394547173809, insert, 0.05405405405405406, 0.0, 0.2222222222222222
rem.value,QUALIFIED_NAME, line no: 77,Scanner,SIMPLE_NAME, line no: 44, 0.001589394547173809, insert, 0.02702702702702703, 0.0, 0.2222222222222222
value,SIMPLE_NAME, line no: 77,util,SIMPLE_NAME, line no: 44, 0.001551085575731761, insert, 0.05263157894736842, 0.0, 0.2
"\nEnter an integer > ",STRING_LITERAL, line no: 61,out,SIMPLE_NAME, line no: 56, 0.0014952742276177916, insert, 0.3353658536585366, 0.0, 0.043478260869565216
nextInt,SIMPLE_NAME, line no: 62,digits_e79f832f_000,SIMPLE_NAME, line no: 48, 0.0014855038791949848, insert, 0.31901840490797545, 0.0, 0.05263157894736842
format,SIMPLE_NAME, line no: 61,digits_e79f832f_000,SIMPLE_NAME, line no: 48, 0.0014782428203088983, insert, 0.3170731707317073, 0.0, 0.05263157894736842
format,SIMPLE_NAME, line no: 63,digits_e79f832f_000,SIMPLE_NAME, line no: 48, 0.0014782428203088983, insert, 0.3170731707317073, 0.0, 0.05263157894736842
String,SIMPLE_NAME, line no: 80,i,SIMPLE_NAME, line no: 7, 0.001429589676728789, insert, 0.12, 0.0, 0.16666666666666666
format,SIMPLE_NAME, line no: 77,java,SIMPLE_NAME, line no: 44, 0.0014223275067038346, insert, 0.05405405405405406, 0.0, 0.16666666666666666
format,SIMPLE_NAME, line no: 77,util,SIMPLE_NAME, line no: 44, 0.0014223275067038346, insert, 0.05405405405405406, 0.0, 0.16666666666666666
"%d\n",STRING_LITERAL, line no: 77,in,SIMPLE_NAME, line no: 53, 0.0014223275067038346, insert, 0.4594594594594595, 0.0, 0.16666666666666666
output+=(String.format("That's all  have a nice day!\n")); ,EXPRESSION_STATEMENT, line no: 80,output+=(String.format("%d\n" rem.value)); ,EXPRESSION_STATEMENT, line no: 68, 0.0014173848616635782, insert, 0.717391304347826, 1.0, 0.5423728813559322
format,SIMPLE_NAME, line no: 61,java,SIMPLE_NAME, line no: 44, 0.0013883982404684061, insert, 0.012195121951219513, 0.0, 0.16666666666666666
format,SIMPLE_NAME, line no: 61,util,SIMPLE_NAME, line no: 44, 0.0013883982404684061, insert, 0.012195121951219513, 0.0, 0.16666666666666666
format,SIMPLE_NAME, line no: 63,java,SIMPLE_NAME, line no: 44, 0.0013883982404684061, insert, 0.012195121951219513, 0.0, 0.16666666666666666
format,SIMPLE_NAME, line no: 63,util,SIMPLE_NAME, line no: 44, 0.0013883982404684061, insert, 0.012195121951219513, 0.0, 0.16666666666666666
format,SIMPLE_NAME, line no: 77,Scanner,SIMPLE_NAME, line no: 44, 0.0013507273465024172, insert, 0.02702702702702703, 0.0, 0.14285714285714285
"%d\n",STRING_LITERAL, line no: 77,Scanner,SIMPLE_NAME, line no: 44, 0.0013507273465024172, insert, 0.02702702702702703, 0.0, 0.14285714285714285
rem,SIMPLE_NAME, line no: 77,Scanner,SIMPLE_NAME, line no: 44, 0.0013264871784683667, insert, 0.02631578947368421, 0.0, 0.14285714285714285
output+=(String.format("That's all  have a nice day!\n")); ,EXPRESSION_STATEMENT, line no: 80,number.value=number.value - 2 * number.value; ,EXPRESSION_STATEMENT, line no: 71, 0.001278887086973948, insert, 1.0, 0.0, 0.2542372881355932
scanner,SIMPLE_NAME, line no: 62,java,SIMPLE_NAME, line no: 44, 0.0012578787121946058, insert, 0.012269938650306749, 0.0, 0.14285714285714285
nextInt,SIMPLE_NAME, line no: 62,util,SIMPLE_NAME, line no: 44, 0.0012578787121946058, insert, 0.012269938650306749, 0.0, 0.14285714285714285
output+=(String.format("That's all  have a nice day!\n")); ,EXPRESSION_STATEMENT, line no: 80,number.value=Math.abs(number.value); ,EXPRESSION_STATEMENT, line no: 65, 0.0012553492878271883, insert, 1.0, 0.0, 0.23728813559322035
rem.value,QUALIFIED_NAME, line no: 77,util,SIMPLE_NAME, line no: 44, 0.0012552604662338606, insert, 0.05405405405405406, 0.0, 0.1111111111111111
scanner,SIMPLE_NAME, line no: 62,in,SIMPLE_NAME, line no: 53, 0.0012349784495538716, insert, 0.1165644171779141, 0.0, 0.14285714285714285
nextInt,SIMPLE_NAME, line no: 62,in,SIMPLE_NAME, line no: 53, 0.0012349784495538716, insert, 0.1165644171779141, 0.0, 0.14285714285714285
format,SIMPLE_NAME, line no: 61,Scanner,SIMPLE_NAME, line no: 44, 0.001232325370345494, insert, 0.006097560975609756, 0.0, 0.14285714285714285
format,SIMPLE_NAME, line no: 63,Scanner,SIMPLE_NAME, line no: 44, 0.001232325370345494, insert, 0.006097560975609756, 0.0, 0.14285714285714285
"\n",STRING_LITERAL, line no: 63,Scanner,SIMPLE_NAME, line no: 44, 0.001232325370345494, insert, 0.006097560975609756, 0.0, 0.14285714285714285
output+=(String.format("That's all  have a nice day!\n")); ,EXPRESSION_STATEMENT, line no: 80,number.value=scanner.nextInt(); ,EXPRESSION_STATEMENT, line no: 62, 0.0012318114886804288, insert, 1.0, 0.0, 0.22033898305084745
scanner,SIMPLE_NAME, line no: 62,number.value,QUALIFIED_NAME, line no: 62, 0.001224350104244517, insert, 0.9938650306748467, 0.0, 0.25
rem.value,QUALIFIED_NAME, line no: 77,rem.value,QUALIFIED_NAME, line no: 67, 0.0012009611535381535, insert, 0.9459459459459459, 2.0, 1.0
"\nEnter an integer > ",STRING_LITERAL, line no: 61,number.value,QUALIFIED_NAME, line no: 62, 0.0011751805828726363, insert, 0.9878048780487805, 0.0, 0.21739130434782608
format,SIMPLE_NAME, line no: 80,number.value,QUALIFIED_NAME, line no: 62, 0.0011572751247156893, insert, 1.0, 0.0, 0.16666666666666666
format,SIMPLE_NAME, line no: 80,rem.value,QUALIFIED_NAME, line no: 67, 0.0011480169237179638, insert, 0.7, 0.0, 0.3333333333333333
nextInt,SIMPLE_NAME, line no: 62,number.value,QUALIFIED_NAME, line no: 62, 0.0011125467053695274, insert, 0.9938650306748467, 0.0, 0.16666666666666666
format,SIMPLE_NAME, line no: 61,number.value,QUALIFIED_NAME, line no: 62, 0.0011071263400791642, insert, 0.9878048780487805, 0.0, 0.16666666666666666
format,SIMPLE_NAME, line no: 63,number.value,QUALIFIED_NAME, line no: 62, 0.0011071263400791642, insert, 0.9878048780487805, 0.0, 0.16666666666666666
output+=(String.format("That's all  have a nice day!\n")); ,EXPRESSION_STATEMENT, line no: 80,System.out.println(mainClass.output); ,EXPRESSION_STATEMENT, line no: 56, 0.0010776218478929587, insert, 0.782608695652174, 1.0, 0.2542372881355932
String,SIMPLE_NAME, line no: 61,i,SIMPLE_NAME, line no: 7, 0.0010697494639674604, insert, 0.036585365853658534, 0.0, 0.16666666666666666
String,SIMPLE_NAME, line no: 63,i,SIMPLE_NAME, line no: 7, 0.0010697494639674604, insert, 0.036585365853658534, 0.0, 0.16666666666666666
number.value=scanner.nextInt(); ,EXPRESSION_STATEMENT, line no: 62,if (true) return; ,IF_STATEMENT, line no: 82, 0.0010682814762505246, insert, 1.0, 0.0, 0.28125
String,SIMPLE_NAME, line no: 80,args.length,QUALIFIED_NAME, line no: 50, 0.0010638514601022772, insert, 0.74, 0.0, 0.2727272727272727
"That's all  have a nice day!\n",STRING_LITERAL, line no: 80,number.value,QUALIFIED_NAME, line no: 62, 0.0010560135513030665, insert, 1.0, 0.0, 0.09375
output+=(String.format("\n")); ,EXPRESSION_STATEMENT, line no: 63,if (true) return; ,IF_STATEMENT, line no: 82, 0.0010421519399650633, insert, 1.0, 0.0, 0.25806451612903225
String,SIMPLE_NAME, line no: 80,number.value,QUALIFIED_NAME, line no: 62, 0.0010415476122441205, insert, 1.0, 0.0, 0.08333333333333333
String,SIMPLE_NAME, line no: 61,number.value,QUALIFIED_NAME, line no: 62, 9.953229412041748E-4, insert, 0.9878048780487805, 0.0, 0.08333333333333333
String,SIMPLE_NAME, line no: 63,number.value,QUALIFIED_NAME, line no: 62, 9.953229412041748E-4, insert, 0.9878048780487805, 0.0, 0.08333333333333333
"\n",STRING_LITERAL, line no: 63,number.value,QUALIFIED_NAME, line no: 62, 9.953229412041748E-4, insert, 0.9878048780487805, 0.0, 0.08333333333333333
String,SIMPLE_NAME, line no: 80,System.out,QUALIFIED_NAME, line no: 56, 9.813693057589047E-4, insert, 0.76, 0.0, 0.2
format,SIMPLE_NAME, line no: 80,System.out,QUALIFIED_NAME, line no: 56, 9.813693057589047E-4, insert, 0.76, 0.0, 0.2
output+=(String.format("\nEnter an integer > ")); ,EXPRESSION_STATEMENT, line no: 61,if (true) return; ,IF_STATEMENT, line no: 82, 9.767144925719082E-4, insert, 1.0, 0.0, 0.2
format,SIMPLE_NAME, line no: 80,mainClass.output,QUALIFIED_NAME, line no: 56, 9.640101788881693E-4, insert, 0.76, 0.0, 0.1875
output+=(String.format("That's all  have a nice day!\n")); ,EXPRESSION_STATEMENT, line no: 80,number.value=number.value / 10; ,EXPRESSION_STATEMENT, line no: 69, 9.466288787283826E-4, insert, 0.717391304347826, 0.0, 0.2033898305084746
"\nEnter an integer > ",STRING_LITERAL, line no: 61,util,SIMPLE_NAME, line no: 44, 9.42092034872361E-4, insert, 0.012195121951219513, 0.0, 0.08695652173913043
format,SIMPLE_NAME, line no: 80,args.length,QUALIFIED_NAME, line no: 50, 9.376032646787475E-4, insert, 0.74, 0.0, 0.18181818181818182
output+=(String.format("That's all  have a nice day!\n")); ,EXPRESSION_STATEMENT, line no: 80,mainClass.exec(); ,EXPRESSION_STATEMENT, line no: 55, 9.363950530124002E-4, insert, 0.782608695652174, 0.0, 0.15254237288135594
output+=(String.format("That's all  have a nice day!\n")); ,EXPRESSION_STATEMENT, line no: 80,rem.value=number.value % 10; ,EXPRESSION_STATEMENT, line no: 67, 9.230910795816228E-4, insert, 0.717391304347826, 0.0, 0.1864406779661017
"\nEnter an integer > ",STRING_LITERAL, line no: 61,in,SIMPLE_NAME, line no: 53, 9.193314079794365E-4, insert, 0.11585365853658537, 0.0, 0.08695652173913043
String,SIMPLE_NAME, line no: 80,System.in,QUALIFIED_NAME, line no: 53, 9.134758317755841E-4, insert, 0.32, 0.0, 0.4444444444444444
"That's all  have a nice day!\n",STRING_LITERAL, line no: 80,args.length,QUALIFIED_NAME, line no: 50, 9.020959597158798E-4, insert, 0.74, 0.0, 0.15625
rem.value,QUALIFIED_NAME, line no: 77,number.value,QUALIFIED_NAME, line no: 62, 9.007208651536151E-4, insert, 1.0, 0.6666666666666666, 0.5833333333333334
String,SIMPLE_NAME, line no: 80,mainClass.output,QUALIFIED_NAME, line no: 56, 8.772145445344927E-4, insert, 0.76, 0.0, 0.125
String,SIMPLE_NAME, line no: 80,true,BOOLEAN_LITERAL, line no: 82, 8.702708937861984E-4, insert, 1.0, 0.0, 0.3333333333333333
value,SIMPLE_NAME, line no: 77,rem.value,QUALIFIED_NAME, line no: 67, 8.68063149574946E-4, insert, 0.9210526315789473, 1.0, 0.5555555555555556
output+=(String.format("\nEnter an integer > ")); ,EXPRESSION_STATEMENT, line no: 61,if (number.value < 0) {   number.value=Math.abs(number.value);   while (number.value > 10) {     rem.value=number.value % 10;     output+=(String.format("%d\n" rem.value));     number.value=number.value / 10;   }   number.value=number.value - 2 * number.value;   output+=(String.format("%d\nThat's all  have a nice day!\n" number.value)); }  else {   while (number.value != 0) {     rem.value=number.value % 10;     output+=(String.format("%d\n" rem.value));     number.value=number.value / 10;   }   output+=(String.format("That's all  have a nice day!\n")); } ,IF_STATEMENT, line no: 64, 8.455679120609526E-4, insert, 1.0, 1.0, 0.08362989323843416
String,SIMPLE_NAME, line no: 80,rem.value,QUALIFIED_NAME, line no: 67, 8.394102237937799E-4, insert, 0.7, 0.0, 0.1111111111111111
"That's all  have a nice day!\n",STRING_LITERAL, line no: 80,mainClass.output,QUALIFIED_NAME, line no: 56, 8.338167273576543E-4, insert, 0.76, 0.0, 0.09375
String,SIMPLE_NAME, line no: 61,true,BOOLEAN_LITERAL, line no: 82, 8.270906398726051E-4, insert, 0.975609756097561, 0.0, 0.3333333333333333
String,SIMPLE_NAME, line no: 63,true,BOOLEAN_LITERAL, line no: 82, 8.270906398726051E-4, insert, 0.975609756097561, 0.0, 0.3333333333333333
String,SIMPLE_NAME, line no: 77,i,SIMPLE_NAME, line no: 7, 8.263045515136563E-4, insert, 0.16216216216216217, 0.0, 0.16666666666666666
"That's all  have a nice day!\n",STRING_LITERAL, line no: 80,rem.value,QUALIFIED_NAME, line no: 67, 8.15300325362203E-4, insert, 0.7, 0.0, 0.09375
output+=(String.format("\n")); ,EXPRESSION_STATEMENT, line no: 63,if (number.value < 0) {   number.value=Math.abs(number.value);   while (number.value > 10) {     rem.value=number.value % 10;     output+=(String.format("%d\n" rem.value));     number.value=number.value / 10;   }   number.value=number.value - 2 * number.value;   output+=(String.format("%d\nThat's all  have a nice day!\n" number.value)); }  else {   while (number.value != 0) {     rem.value=number.value % 10;     output+=(String.format("%d\n" rem.value));     number.value=number.value / 10;   }   output+=(String.format("That's all  have a nice day!\n")); } ,IF_STATEMENT, line no: 64, 8.134831217218809E-4, insert, 1.0, 1.0, 0.05516014234875445
number.value=scanner.nextInt(); ,EXPRESSION_STATEMENT, line no: 62,if (number.value < 0) {   number.value=Math.abs(number.value);   while (number.value > 10) {     rem.value=number.value % 10;     output+=(String.format("%d\n" rem.value));     number.value=number.value / 10;   }   number.value=number.value - 2 * number.value;   output+=(String.format("%d\nThat's all  have a nice day!\n" number.value)); }  else {   while (number.value != 0) {     rem.value=number.value % 10;     output+=(String.format("%d\n" rem.value));     number.value=number.value / 10;   }   output+=(String.format("That's all  have a nice day!\n")); } ,IF_STATEMENT, line no: 64, 8.114778223256889E-4, insert, 1.0, 1.6, 0.05338078291814947
"That's all  have a nice day!\n",STRING_LITERAL, line no: 80,System.out,QUALIFIED_NAME, line no: 56, 7.904189101808159E-4, insert, 0.76, 0.0, 0.0625
value,SIMPLE_NAME, line no: 77,number.value,QUALIFIED_NAME, line no: 62, 7.806247497997998E-4, insert, 1.0, 1.0, 0.4166666666666667
format,SIMPLE_NAME, line no: 80,true,BOOLEAN_LITERAL, line no: 82, 7.252257448218321E-4, insert, 1.0, 0.0, 0.16666666666666666
format,SIMPLE_NAME, line no: 77,rem.value,QUALIFIED_NAME, line no: 67, 7.205766921228921E-4, insert, 0.9459459459459459, 0.0, 0.3333333333333333
rem,SIMPLE_NAME, line no: 77,rem.value,QUALIFIED_NAME, line no: 67, 7.079349957698589E-4, insert, 0.9210526315789473, 1.0, 0.3333333333333333
"\nEnter an integer > ",STRING_LITERAL, line no: 61,java,SIMPLE_NAME, line no: 44, 6.986522863654275E-4, insert, 0.012195121951219513, 0.0, 0.043478260869565216
String,SIMPLE_NAME, line no: 61,System.in,QUALIFIED_NAME, line no: 53, 6.944536320365201E-4, insert, 0.10975609756097561, 0.0, 0.4444444444444444
String,SIMPLE_NAME, line no: 63,System.in,QUALIFIED_NAME, line no: 53, 6.944536320365201E-4, insert, 0.10975609756097561, 0.0, 0.4444444444444444
format,SIMPLE_NAME, line no: 61,true,BOOLEAN_LITERAL, line no: 82, 6.869637132826183E-4, insert, 0.975609756097561, 0.0, 0.16666666666666666
format,SIMPLE_NAME, line no: 63,true,BOOLEAN_LITERAL, line no: 82, 6.869637132826183E-4, insert, 0.975609756097561, 0.0, 0.16666666666666666
output+=(String.format("That's all  have a nice day!\n")); ,EXPRESSION_STATEMENT, line no: 80,mainClass.scanner=new java.util.Scanner(System.in); ,EXPRESSION_STATEMENT, line no: 53, 6.819139202083015E-4, insert, 0.30434782608695654, 0.0, 0.288135593220339
rem.value,QUALIFIED_NAME, line no: 77,System.out,QUALIFIED_NAME, line no: 56, 6.777315915101796E-4, insert, 0.8108108108108109, 0.0, 0.4
scanner,SIMPLE_NAME, line no: 62,true,BOOLEAN_LITERAL, line no: 82, 6.703004078248449E-4, insert, 0.9815950920245399, 0.0, 0.14285714285714285
nextInt,SIMPLE_NAME, line no: 62,true,BOOLEAN_LITERAL, line no: 82, 6.703004078248449E-4, insert, 0.9815950920245399, 0.0, 0.14285714285714285
rem.value,QUALIFIED_NAME, line no: 77,args.length,QUALIFIED_NAME, line no: 50, 6.645121665277449E-4, insert, 0.8378378378378378, 0.0, 0.36363636363636365
nextInt,SIMPLE_NAME, line no: 62,args.length,QUALIFIED_NAME, line no: 50, 6.622153352216332E-4, insert, 0.3312883435582822, 0.0, 0.2727272727272727
String,SIMPLE_NAME, line no: 61,args.length,QUALIFIED_NAME, line no: 50, 6.604085467915122E-4, insert, 0.32926829268292684, 0.0, 0.2727272727272727
String,SIMPLE_NAME, line no: 63,args.length,QUALIFIED_NAME, line no: 50, 6.604085467915122E-4, insert, 0.32926829268292684, 0.0, 0.2727272727272727
"\nEnter an integer > ",STRING_LITERAL, line no: 61,true,BOOLEAN_LITERAL, line no: 82, 6.56501337936969E-4, insert, 0.975609756097561, 0.0, 0.13043478260869565
format,SIMPLE_NAME, line no: 61,rem.value,QUALIFIED_NAME, line no: 67, 6.490050959084755E-4, insert, 0.21341463414634146, 0.0, 0.3333333333333333
format,SIMPLE_NAME, line no: 63,rem.value,QUALIFIED_NAME, line no: 67, 6.490050959084755E-4, insert, 0.21341463414634146, 0.0, 0.3333333333333333
scanner,SIMPLE_NAME, line no: 62,mainClass.scanner,QUALIFIED_NAME, line no: 51, 6.457241413191381E-4, insert, 0.09815950920245399, 1.0, 0.4117647058823529
"That's all  have a nice day!\n",STRING_LITERAL, line no: 80,i,SIMPLE_NAME, line no: 7, 6.447642629840993E-4, insert, 0.12, 0.0, 0.03125
output+=(String.format("That's all  have a nice day!\n")); ,EXPRESSION_STATEMENT, line no: 80,mainClass.scanner=new java.util.Scanner(args[0]); ,EXPRESSION_STATEMENT, line no: 51, 6.382495971534428E-4, insert, 0.2826086956521739, 0.0, 0.2711864406779661
"That's all  have a nice day!\n",STRING_LITERAL, line no: 80,true,BOOLEAN_LITERAL, line no: 82, 6.34572526719103E-4, insert, 1.0, 0.0, 0.0625
String,SIMPLE_NAME, line no: 80,java.util,QUALIFIED_NAME, line no: 44, 6.233855338468512E-4, insert, 0.02, 0.0, 0.2222222222222222
format,SIMPLE_NAME, line no: 80,java.util,QUALIFIED_NAME, line no: 44, 6.233855338468512E-4, insert, 0.02, 0.0, 0.2222222222222222
value,SIMPLE_NAME, line no: 77,args.length,QUALIFIED_NAME, line no: 50, 6.010551993305783E-4, insert, 0.8421052631578947, 0.0, 0.2727272727272727
format,SIMPLE_NAME, line no: 77,number.value,QUALIFIED_NAME, line no: 62, 6.004805767690768E-4, insert, 1.0, 0.0, 0.16666666666666666
rem,SIMPLE_NAME, line no: 77,number.value,QUALIFIED_NAME, line no: 62, 6.004805767690768E-4, insert, 1.0, 0.0, 0.16666666666666666
"That's all  have a nice day!\n",STRING_LITERAL, line no: 80,java.util.Scanner,QUALIFIED_NAME, line no: 51, 6.000471521650848E-4, insert, 0.3, 0.0, 0.21875
String,SIMPLE_NAME, line no: 77,args.length,QUALIFIED_NAME, line no: 50, 5.990051945165729E-4, insert, 0.8378378378378378, 0.0, 0.2727272727272727
scanner,SIMPLE_NAME, line no: 62,java.util.Scanner,QUALIFIED_NAME, line no: 51, 5.722913784348073E-4, insert, 0.10429447852760736, 0.0, 0.35294117647058826
rem.value,QUALIFIED_NAME, line no: 77,mainClass.output,QUALIFIED_NAME, line no: 56, 5.696450876917458E-4, insert, 0.8108108108108109, 0.0, 0.25
scanner,SIMPLE_NAME, line no: 62,System.out,QUALIFIED_NAME, line no: 56, 5.646414598398243E-4, insert, 0.3312883435582822, 0.0, 0.2
nextInt,SIMPLE_NAME, line no: 62,System.out,QUALIFIED_NAME, line no: 56, 5.646414598398243E-4, insert, 0.3312883435582822, 0.0, 0.2
String,SIMPLE_NAME, line no: 61,System.out,QUALIFIED_NAME, line no: 56, 5.628346714097032E-4, insert, 0.32926829268292684, 0.0, 0.2
format,SIMPLE_NAME, line no: 61,System.out,QUALIFIED_NAME, line no: 56, 5.628346714097032E-4, insert, 0.32926829268292684, 0.0, 0.2
String,SIMPLE_NAME, line no: 63,System.out,QUALIFIED_NAME, line no: 56, 5.628346714097032E-4, insert, 0.32926829268292684, 0.0, 0.2
format,SIMPLE_NAME, line no: 63,System.out,QUALIFIED_NAME, line no: 56, 5.628346714097032E-4, insert, 0.32926829268292684, 0.0, 0.2
String,SIMPLE_NAME, line no: 77,rem.value,QUALIFIED_NAME, line no: 67, 5.60448538317805E-4, insert, 0.9459459459459459, 0.0, 0.1111111111111111
"That's all  have a nice day!\n",STRING_LITERAL, line no: 80,mainClass.scanner,QUALIFIED_NAME, line no: 51, 5.566493349882465E-4, insert, 0.3, 0.0, 0.1875
nextInt,SIMPLE_NAME, line no: 62,mainClass.output,QUALIFIED_NAME, line no: 56, 5.478709500085757E-4, insert, 0.3312883435582822, 0.0, 0.1875
format,SIMPLE_NAME, line no: 61,mainClass.output,QUALIFIED_NAME, line no: 56, 5.460641615784548E-4, insert, 0.32926829268292684, 0.0, 0.1875
format,SIMPLE_NAME, line no: 63,mainClass.output,QUALIFIED_NAME, line no: 56, 5.460641615784548E-4, insert, 0.32926829268292684, 0.0, 0.1875
String,SIMPLE_NAME, line no: 80,java.util.Scanner,QUALIFIED_NAME, line no: 51, 5.413324583375977E-4, insert, 0.3, 0.0, 0.17647058823529413
String,SIMPLE_NAME, line no: 77,number.value,QUALIFIED_NAME, line no: 62, 5.404325190921691E-4, insert, 1.0, 0.0, 0.08333333333333333
"%d\n",STRING_LITERAL, line no: 77,number.value,QUALIFIED_NAME, line no: 62, 5.404325190921691E-4, insert, 1.0, 0.0, 0.08333333333333333
scanner,SIMPLE_NAME, line no: 62,args.length,QUALIFIED_NAME, line no: 50, 5.40247990994372E-4, insert, 0.3312883435582822, 0.0, 0.18181818181818182
format,SIMPLE_NAME, line no: 61,args.length,QUALIFIED_NAME, line no: 50, 5.384412025642509E-4, insert, 0.32926829268292684, 0.0, 0.18181818181818182
format,SIMPLE_NAME, line no: 63,args.length,QUALIFIED_NAME, line no: 50, 5.384412025642509E-4, insert, 0.32926829268292684, 0.0, 0.18181818181818182
rem,SIMPLE_NAME, line no: 77,System.out,QUALIFIED_NAME, line no: 56, 5.360079253686075E-4, insert, 0.8157894736842105, 0.0, 0.2
rem,SIMPLE_NAME, line no: 77,args.length,QUALIFIED_NAME, line no: 50, 5.355482273194062E-4, insert, 0.8421052631578947, 0.0, 0.18181818181818182
String,SIMPLE_NAME, line no: 77,System.out,QUALIFIED_NAME, line no: 56, 5.336162530856012E-4, insert, 0.8108108108108109, 0.0, 0.2
format,SIMPLE_NAME, line no: 77,System.out,QUALIFIED_NAME, line no: 56, 5.336162530856012E-4, insert, 0.8108108108108109, 0.0, 0.2
format,SIMPLE_NAME, line no: 77,args.length,QUALIFIED_NAME, line no: 50, 5.334982225054009E-4, insert, 0.8378378378378378, 0.0, 0.18181818181818182
String,SIMPLE_NAME, line no: 77,System.in,QUALIFIED_NAME, line no: 53, 5.279901287627198E-4, insert, 0.43243243243243246, 0.0, 0.4444444444444444
"\nEnter an integer > ",STRING_LITERAL, line no: 61,mainClass.output,QUALIFIED_NAME, line no: 56, 5.278353465444891E-4, insert, 0.32926829268292684, 0.0, 0.17391304347826086
value,SIMPLE_NAME, line no: 77,mainClass.output,QUALIFIED_NAME, line no: 56, 5.270007167170713E-4, insert, 0.8157894736842105, 0.0, 0.1875
rem,SIMPLE_NAME, line no: 77,true,BOOLEAN_LITERAL, line no: 82, 5.268216260187366E-4, insert, 1.0, 0.0, 0.5
format,SIMPLE_NAME, line no: 77,mainClass.output,QUALIFIED_NAME, line no: 56, 5.24609044434065E-4, insert, 0.8108108108108109, 0.0, 0.1875
scanner,SIMPLE_NAME, line no: 62,rem.value,QUALIFIED_NAME, line no: 67, 5.011718820735725E-4, insert, 0.2147239263803681, 0.0, 0.2222222222222222
"That's all  have a nice day!\n",STRING_LITERAL, line no: 80,java.util,QUALIFIED_NAME, line no: 44, 4.883701026300209E-4, insert, 0.02, 0.0, 0.125
value,SIMPLE_NAME, line no: 77,true,BOOLEAN_LITERAL, line no: 82, 4.816654866457021E-4, insert, 1.0, 0.0, 0.4
String,SIMPLE_NAME, line no: 77,mainClass.output,QUALIFIED_NAME, line no: 56, 4.795730011763843E-4, insert, 0.8108108108108109, 0.0, 0.125
"That's all  have a nice day!\n",STRING_LITERAL, line no: 80,System.in,QUALIFIED_NAME, line no: 53, 4.698537006345699E-4, insert, 0.32, 0.0, 0.125
"\nEnter an integer > ",STRING_LITERAL, line no: 61,args.length,QUALIFIED_NAME, line no: 50, 4.695031384357989E-4, insert, 0.32926829268292684, 0.0, 0.13043478260869565
"\nEnter an integer > ",STRING_LITERAL, line no: 61,System.out,QUALIFIED_NAME, line no: 56, 4.695031384357989E-4, insert, 0.32926829268292684, 0.0, 0.13043478260869565
"%d\n",STRING_LITERAL, line no: 77,args.length,QUALIFIED_NAME, line no: 50, 4.679912504942289E-4, insert, 0.8378378378378378, 0.0, 0.09090909090909091
scanner,SIMPLE_NAME, line no: 62,mainClass.output,QUALIFIED_NAME, line no: 56, 4.640184008523336E-4, insert, 0.3312883435582822, 0.0, 0.125
value,SIMPLE_NAME, line no: 77,System.out,QUALIFIED_NAME, line no: 56, 4.6395025615631824E-4, insert, 0.8157894736842105, 0.0, 0.1
String,SIMPLE_NAME, line no: 61,mainClass.output,QUALIFIED_NAME, line no: 56, 4.622116124222127E-4, insert, 0.32926829268292684, 0.0, 0.125
String,SIMPLE_NAME, line no: 63,mainClass.output,QUALIFIED_NAME, line no: 56, 4.622116124222127E-4, insert, 0.32926829268292684, 0.0, 0.125
rem.value,QUALIFIED_NAME, line no: 77,java.util,QUALIFIED_NAME, line no: 44, 4.6090941568221024E-4, insert, 0.02702702702702703, 0.0, 0.3333333333333333
String,SIMPLE_NAME, line no: 80,mainClass.scanner,QUALIFIED_NAME, line no: 51, 4.596424495341373E-4, insert, 0.3, 0.0, 0.11764705882352941
format,SIMPLE_NAME, line no: 80,mainClass.scanner,QUALIFIED_NAME, line no: 51, 4.596424495341373E-4, insert, 0.3, 0.0, 0.11764705882352941
format,SIMPLE_NAME, line no: 80,java.util.Scanner,QUALIFIED_NAME, line no: 51, 4.596424495341373E-4, insert, 0.3, 0.0, 0.11764705882352941
value,SIMPLE_NAME, line no: 77,java.util,QUALIFIED_NAME, line no: 44, 4.55101068709195E-4, insert, 0.02631578947368421, 0.0, 0.3333333333333333
String,SIMPLE_NAME, line no: 77,true,BOOLEAN_LITERAL, line no: 82, 4.515613937303457E-4, insert, 1.0, 0.0, 0.3333333333333333
rem.value,QUALIFIED_NAME, line no: 77,true,BOOLEAN_LITERAL, line no: 82, 4.515613937303457E-4, insert, 1.0, 0.0, 0.3333333333333333
format,SIMPLE_NAME, line no: 80,System.in,QUALIFIED_NAME, line no: 53, 4.5056578188930834E-4, insert, 0.32, 0.0, 0.1111111111111111
"\nEnter an integer > ",STRING_LITERAL, line no: 61,java.util.Scanner,QUALIFIED_NAME, line no: 51, 4.481620866887172E-4, insert, 0.10365853658536585, 0.0, 0.2608695652173913
rem.value,QUALIFIED_NAME, line no: 77,System.in,QUALIFIED_NAME, line no: 53, 4.479260518601761E-4, insert, 0.43243243243243246, 0.0, 0.3333333333333333
"\nEnter an integer > ",STRING_LITERAL, line no: 61,mainClass.scanner,QUALIFIED_NAME, line no: 51, 4.427082623533518E-4, insert, 0.0975609756097561, 0.0, 0.2608695652173913
rem,SIMPLE_NAME, line no: 77,mainClass.output,QUALIFIED_NAME, line no: 56, 4.369286302017098E-4, insert, 0.8157894736842105, 0.0, 0.0625
"%d\n",STRING_LITERAL, line no: 77,mainClass.output,QUALIFIED_NAME, line no: 56, 4.345369579187035E-4, insert, 0.8108108108108109, 0.0, 0.0625
output+=(String.format("\nEnter an integer > ")); ,EXPRESSION_STATEMENT, line no: 61,if (args.length > 0) {   mainClass.scanner=new java.util.Scanner(args[0]); }  else {   mainClass.scanner=new java.util.Scanner(System.in); } ,IF_STATEMENT, line no: 50, 4.2801195644210873E-4, insert, 0.325, 0.0, 0.16312056737588654
number.value=scanner.nextInt(); ,EXPRESSION_STATEMENT, line no: 62,if (args.length > 0) {   mainClass.scanner=new java.util.Scanner(args[0]); }  else {   mainClass.scanner=new java.util.Scanner(System.in); } ,IF_STATEMENT, line no: 50, 4.2801195644210873E-4, insert, 0.325, 0.5, 0.16312056737588654
"\n",STRING_LITERAL, line no: 63,args.length,QUALIFIED_NAME, line no: 50, 4.164738583369897E-4, insert, 0.32926829268292684, 0.0, 0.09090909090909091
String,SIMPLE_NAME, line no: 61,java.util,QUALIFIED_NAME, line no: 44, 4.0176505937191347E-4, insert, 0.006097560975609756, 0.0, 0.2222222222222222
format,SIMPLE_NAME, line no: 61,java.util,QUALIFIED_NAME, line no: 44, 4.0176505937191347E-4, insert, 0.006097560975609756, 0.0, 0.2222222222222222
String,SIMPLE_NAME, line no: 63,java.util,QUALIFIED_NAME, line no: 44, 4.0176505937191347E-4, insert, 0.006097560975609756, 0.0, 0.2222222222222222
format,SIMPLE_NAME, line no: 63,java.util,QUALIFIED_NAME, line no: 44, 4.0176505937191347E-4, insert, 0.006097560975609756, 0.0, 0.2222222222222222
scanner,SIMPLE_NAME, line no: 62,System.in,QUALIFIED_NAME, line no: 53, 3.9691349784658843E-4, insert, 0.11042944785276074, 0.0, 0.2222222222222222
nextInt,SIMPLE_NAME, line no: 62,System.in,QUALIFIED_NAME, line no: 53, 3.9691349784658843E-4, insert, 0.11042944785276074, 0.0, 0.2222222222222222
String,SIMPLE_NAME, line no: 77,java.util,QUALIFIED_NAME, line no: 44, 3.808453387796667E-4, insert, 0.02702702702702703, 0.0, 0.2222222222222222
format,SIMPLE_NAME, line no: 77,java.util,QUALIFIED_NAME, line no: 44, 3.808453387796667E-4, insert, 0.02702702702702703, 0.0, 0.2222222222222222
"\nEnter an integer > ",STRING_LITERAL, line no: 61,i,SIMPLE_NAME, line no: 7, 3.800035098644818E-4, insert, 0.036585365853658534, 0.0, 0.043478260869565216
"\n",STRING_LITERAL, line no: 63,mainClass.output,QUALIFIED_NAME, line no: 56, 3.783590632659706E-4, insert, 0.32926829268292684, 0.0, 0.0625
rem.value,QUALIFIED_NAME, line no: 77,mainClass.scanner,QUALIFIED_NAME, line no: 51, 3.7728127812263775E-4, insert, 0.40540540540540543, 0.0, 0.23529411764705882
rem.value,QUALIFIED_NAME, line no: 77,java.util.Scanner,QUALIFIED_NAME, line no: 51, 3.7728127812263775E-4, insert, 0.40540540540540543, 0.0, 0.23529411764705882
"\nEnter an integer > ",STRING_LITERAL, line no: 61,rem.value,QUALIFIED_NAME, line no: 67, 3.767881247345882E-4, insert, 0.21341463414634146, 0.0, 0.13043478260869565
format,SIMPLE_NAME, line no: 77,true,BOOLEAN_LITERAL, line no: 82, 3.7630116144195475E-4, insert, 1.0, 0.0, 0.16666666666666666
output+=(String.format("\n")); ,EXPRESSION_STATEMENT, line no: 63,if (args.length > 0) {   mainClass.scanner=new java.util.Scanner(args[0]); }  else {   mainClass.scanner=new java.util.Scanner(System.in); } ,IF_STATEMENT, line no: 50, 3.720626810901991E-4, insert, 0.325, 0.0, 0.11347517730496454
value,SIMPLE_NAME, line no: 77,java.util.Scanner,QUALIFIED_NAME, line no: 51, 3.718145986186234E-4, insert, 0.39473684210526316, 0.0, 0.23529411764705882
rem,SIMPLE_NAME, line no: 77,System.in,QUALIFIED_NAME, line no: 53, 3.623952954536182E-4, insert, 0.42105263157894735, 0.0, 0.2222222222222222
nextInt,SIMPLE_NAME, line no: 62,rem.value,QUALIFIED_NAME, line no: 67, 3.5210068357358656E-4, insert, 0.2147239263803681, 0.0, 0.1111111111111111
String,SIMPLE_NAME, line no: 61,rem.value,QUALIFIED_NAME, line no: 67, 3.508626989085036E-4, insert, 0.21341463414634146, 0.0, 0.1111111111111111
String,SIMPLE_NAME, line no: 63,rem.value,QUALIFIED_NAME, line no: 67, 3.508626989085036E-4, insert, 0.21341463414634146, 0.0, 0.1111111111111111
String,SIMPLE_NAME, line no: 61,java.util.Scanner,QUALIFIED_NAME, line no: 51, 3.3492897683067154E-4, insert, 0.10365853658536585, 0.0, 0.17647058823529413
String,SIMPLE_NAME, line no: 63,java.util.Scanner,QUALIFIED_NAME, line no: 51, 3.3492897683067154E-4, insert, 0.10365853658536585, 0.0, 0.17647058823529413
String,SIMPLE_NAME, line no: 77,java.util.Scanner,QUALIFIED_NAME, line no: 51, 3.3489441388011466E-4, insert, 0.40540540540540543, 0.0, 0.17647058823529413
"\nEnter an integer > ",STRING_LITERAL, line no: 61,System.in,QUALIFIED_NAME, line no: 53, 3.314976704713368E-4, insert, 0.10975609756097561, 0.0, 0.17391304347826086
value,SIMPLE_NAME, line no: 77,mainClass.scanner,QUALIFIED_NAME, line no: 51, 3.2942773437610027E-4, insert, 0.39473684210526316, 0.0, 0.17647058823529413
String,SIMPLE_NAME, line no: 77,mainClass.scanner,QUALIFIED_NAME, line no: 51, 2.9250754963759164E-4, insert, 0.40540540540540543, 0.0, 0.11764705882352941
format,SIMPLE_NAME, line no: 77,mainClass.scanner,QUALIFIED_NAME, line no: 51, 2.9250754963759164E-4, insert, 0.40540540540540543, 0.0, 0.11764705882352941
format,SIMPLE_NAME, line no: 77,java.util.Scanner,QUALIFIED_NAME, line no: 51, 2.9250754963759164E-4, insert, 0.40540540540540543, 0.0, 0.11764705882352941
format,SIMPLE_NAME, line no: 77,System.in,QUALIFIED_NAME, line no: 53, 2.87797898055089E-4, insert, 0.43243243243243246, 0.0, 0.1111111111111111
"%d\n",STRING_LITERAL, line no: 77,System.in,QUALIFIED_NAME, line no: 53, 2.87797898055089E-4, insert, 0.43243243243243246, 0.0, 0.1111111111111111
value,SIMPLE_NAME, line no: 77,System.in,QUALIFIED_NAME, line no: 53, 2.823312185510747E-4, insert, 0.42105263157894735, 0.0, 0.1111111111111111
nextInt,SIMPLE_NAME, line no: 62,java.util.Scanner,QUALIFIED_NAME, line no: 51, 2.566111933760134E-4, insert, 0.10429447852760736, 0.0, 0.11764705882352941
format,SIMPLE_NAME, line no: 61,java.util.Scanner,QUALIFIED_NAME, line no: 51, 2.560089305659731E-4, insert, 0.10365853658536585, 0.0, 0.11764705882352941
format,SIMPLE_NAME, line no: 63,java.util.Scanner,QUALIFIED_NAME, line no: 51, 2.560089305659731E-4, insert, 0.10365853658536585, 0.0, 0.11764705882352941
scanner,SIMPLE_NAME, line no: 62,java.util,QUALIFIED_NAME, line no: 44, 2.5332958272697003E-4, insert, 0.006134969325153374, 0.0, 0.1111111111111111
nextInt,SIMPLE_NAME, line no: 62,java.util,QUALIFIED_NAME, line no: 44, 2.5332958272697003E-4, insert, 0.006134969325153374, 0.0, 0.1111111111111111
nextInt,SIMPLE_NAME, line no: 62,mainClass.scanner,QUALIFIED_NAME, line no: 51, 2.5112390999564585E-4, insert, 0.09815950920245399, 0.0, 0.11764705882352941
String,SIMPLE_NAME, line no: 61,mainClass.scanner,QUALIFIED_NAME, line no: 51, 2.5055510623060777E-4, insert, 0.0975609756097561, 0.0, 0.11764705882352941
format,SIMPLE_NAME, line no: 61,mainClass.scanner,QUALIFIED_NAME, line no: 51, 2.5055510623060777E-4, insert, 0.0975609756097561, 0.0, 0.11764705882352941
String,SIMPLE_NAME, line no: 63,mainClass.scanner,QUALIFIED_NAME, line no: 51, 2.5055510623060777E-4, insert, 0.0975609756097561, 0.0, 0.11764705882352941
format,SIMPLE_NAME, line no: 63,mainClass.scanner,QUALIFIED_NAME, line no: 51, 2.5055510623060777E-4, insert, 0.0975609756097561, 0.0, 0.11764705882352941
"%d\n",STRING_LITERAL, line no: 77,mainClass.scanner,QUALIFIED_NAME, line no: 51, 2.5012068539506855E-4, insert, 0.40540540540540543, 0.0, 0.058823529411764705
"%d\n",STRING_LITERAL, line no: 77,java.util.Scanner,QUALIFIED_NAME, line no: 51, 2.5012068539506855E-4, insert, 0.40540540540540543, 0.0, 0.058823529411764705
format,SIMPLE_NAME, line no: 61,System.in,QUALIFIED_NAME, line no: 53, 2.472400365365621E-4, insert, 0.10975609756097561, 0.0, 0.1111111111111111
format,SIMPLE_NAME, line no: 63,System.in,QUALIFIED_NAME, line no: 53, 2.472400365365621E-4, insert, 0.10975609756097561, 0.0, 0.1111111111111111
"\n",STRING_LITERAL, line no: 63,System.in,QUALIFIED_NAME, line no: 53, 2.472400365365621E-4, insert, 0.10975609756097561, 0.0, 0.1111111111111111
rem,SIMPLE_NAME, line no: 77,mainClass.scanner,QUALIFIED_NAME, line no: 51, 2.446540058910542E-4, insert, 0.39473684210526316, 0.0, 0.058823529411764705
rem,SIMPLE_NAME, line no: 77,java.util.Scanner,QUALIFIED_NAME, line no: 51, 2.446540058910542E-4, insert, 0.39473684210526316, 0.0, 0.058823529411764705
output+=(String.format("That's all  have a nice day!\n")); ,EXPRESSION_STATEMENT, line no: 80,value=i; ,EXPRESSION_STATEMENT, line no: 7, 2.2173289051295448E-4, insert, 0.08695652173913043, 0.0, 0.1016949152542373
"\nEnter an integer > ",STRING_LITERAL, line no: 61,java.util,QUALIFIED_NAME, line no: 44, 2.2028707858932185E-4, insert, 0.006097560975609756, 0.0, 0.08695652173913043
"\n",STRING_LITERAL, line no: 63,java.util.Scanner,QUALIFIED_NAME, line no: 51, 1.770888843012746E-4, insert, 0.10365853658536585, 0.0, 0.058823529411764705
"\n",STRING_LITERAL, line no: 63,mainClass.scanner,QUALIFIED_NAME, line no: 51, 1.7163505996590925E-4, insert, 0.0975609756097561, 0.0, 0.058823529411764705
