output+=(String.format("Please enter 4 numbers separated by spaces > ")); ,EXPRESSION_STATEMENT, line no: 62,output+=(String.format("Please enter 4 numbers separated by spaces > ")); ,EXPRESSION_STATEMENT, line no: 62, 0.05762920266670362, insert, 1.0, 1.0, 1.0
a.value=scanner.nextInt(); ,EXPRESSION_STATEMENT, line no: 64,a.value=scanner.nextInt(); ,EXPRESSION_STATEMENT, line no: 64, 0.05762920266670362, insert, 1.0, 3.0, 1.0
b.value=scanner.nextInt(); ,EXPRESSION_STATEMENT, line no: 65,b.value=scanner.nextInt(); ,EXPRESSION_STATEMENT, line no: 65, 0.05762920266670362, insert, 1.0, 3.0, 1.0
c.value=scanner.nextInt(); ,EXPRESSION_STATEMENT, line no: 66,c.value=scanner.nextInt(); ,EXPRESSION_STATEMENT, line no: 66, 0.05762920266670362, insert, 1.0, 3.0, 1.0
d.value=scanner.nextInt(); ,EXPRESSION_STATEMENT, line no: 67,d.value=scanner.nextInt(); ,EXPRESSION_STATEMENT, line no: 67, 0.05762920266670362, insert, 1.0, 3.0, 1.0
a.value=scanner.nextInt(); ,EXPRESSION_STATEMENT, line no: 64,b.value=scanner.nextInt(); ,EXPRESSION_STATEMENT, line no: 65, 0.05634855371855465, insert, 1.0, 1.5, 0.9629629629629629
a.value=scanner.nextInt(); ,EXPRESSION_STATEMENT, line no: 64,c.value=scanner.nextInt(); ,EXPRESSION_STATEMENT, line no: 66, 0.05634855371855465, insert, 1.0, 1.5, 0.9629629629629629
a.value=scanner.nextInt(); ,EXPRESSION_STATEMENT, line no: 64,d.value=scanner.nextInt(); ,EXPRESSION_STATEMENT, line no: 67, 0.05634855371855465, insert, 1.0, 1.5, 0.9629629629629629
b.value=scanner.nextInt(); ,EXPRESSION_STATEMENT, line no: 65,a.value=scanner.nextInt(); ,EXPRESSION_STATEMENT, line no: 64, 0.05634855371855465, insert, 1.0, 1.5, 0.9629629629629629
b.value=scanner.nextInt(); ,EXPRESSION_STATEMENT, line no: 65,c.value=scanner.nextInt(); ,EXPRESSION_STATEMENT, line no: 66, 0.05634855371855465, insert, 1.0, 1.5, 0.9629629629629629
b.value=scanner.nextInt(); ,EXPRESSION_STATEMENT, line no: 65,d.value=scanner.nextInt(); ,EXPRESSION_STATEMENT, line no: 67, 0.05634855371855465, insert, 1.0, 1.5, 0.9629629629629629
c.value=scanner.nextInt(); ,EXPRESSION_STATEMENT, line no: 66,a.value=scanner.nextInt(); ,EXPRESSION_STATEMENT, line no: 64, 0.05634855371855465, insert, 1.0, 1.5, 0.9629629629629629
c.value=scanner.nextInt(); ,EXPRESSION_STATEMENT, line no: 66,b.value=scanner.nextInt(); ,EXPRESSION_STATEMENT, line no: 65, 0.05634855371855465, insert, 1.0, 1.5, 0.9629629629629629
c.value=scanner.nextInt(); ,EXPRESSION_STATEMENT, line no: 66,d.value=scanner.nextInt(); ,EXPRESSION_STATEMENT, line no: 67, 0.05634855371855465, insert, 1.0, 1.5, 0.9629629629629629
d.value=scanner.nextInt(); ,EXPRESSION_STATEMENT, line no: 67,a.value=scanner.nextInt(); ,EXPRESSION_STATEMENT, line no: 64, 0.05634855371855465, insert, 1.0, 1.5, 0.9629629629629629
d.value=scanner.nextInt(); ,EXPRESSION_STATEMENT, line no: 67,b.value=scanner.nextInt(); ,EXPRESSION_STATEMENT, line no: 65, 0.05634855371855465, insert, 1.0, 1.5, 0.9629629629629629
d.value=scanner.nextInt(); ,EXPRESSION_STATEMENT, line no: 67,c.value=scanner.nextInt(); ,EXPRESSION_STATEMENT, line no: 66, 0.05634855371855465, insert, 1.0, 1.5, 0.9629629629629629
output+=(String.format("Please enter 4 numbers separated by spaces > ")); ,EXPRESSION_STATEMENT, line no: 62,a.value=scanner.nextInt(); ,EXPRESSION_STATEMENT, line no: 64, 0.029593374342361322, insert, 1.0, 0.0, 0.1891891891891892
output+=(String.format("Please enter 4 numbers separated by spaces > ")); ,EXPRESSION_STATEMENT, line no: 62,b.value=scanner.nextInt(); ,EXPRESSION_STATEMENT, line no: 65, 0.029593374342361322, insert, 1.0, 0.0, 0.1891891891891892
output+=(String.format("Please enter 4 numbers separated by spaces > ")); ,EXPRESSION_STATEMENT, line no: 62,c.value=scanner.nextInt(); ,EXPRESSION_STATEMENT, line no: 66, 0.029593374342361322, insert, 1.0, 0.0, 0.1891891891891892
output+=(String.format("Please enter 4 numbers separated by spaces > ")); ,EXPRESSION_STATEMENT, line no: 62,d.value=scanner.nextInt(); ,EXPRESSION_STATEMENT, line no: 67, 0.029593374342361322, insert, 1.0, 0.0, 0.1891891891891892
a.value=scanner.nextInt(); ,EXPRESSION_STATEMENT, line no: 64,output+=(String.format("Please enter 4 numbers separated by spaces > ")); ,EXPRESSION_STATEMENT, line no: 62, 0.029593374342361322, insert, 1.0, 0.0, 0.1891891891891892
b.value=scanner.nextInt(); ,EXPRESSION_STATEMENT, line no: 65,output+=(String.format("Please enter 4 numbers separated by spaces > ")); ,EXPRESSION_STATEMENT, line no: 62, 0.029593374342361322, insert, 1.0, 0.0, 0.1891891891891892
c.value=scanner.nextInt(); ,EXPRESSION_STATEMENT, line no: 66,output+=(String.format("Please enter 4 numbers separated by spaces > ")); ,EXPRESSION_STATEMENT, line no: 62, 0.029593374342361322, insert, 1.0, 0.0, 0.1891891891891892
d.value=scanner.nextInt(); ,EXPRESSION_STATEMENT, line no: 67,output+=(String.format("Please enter 4 numbers separated by spaces > ")); ,EXPRESSION_STATEMENT, line no: 62, 0.029593374342361322, insert, 1.0, 0.0, 0.1891891891891892
String,SIMPLE_NAME, line no: 63,String,SIMPLE_NAME, line no: 49, 0.022132442251138938, insert, 0.2524752475247525, 0.0, 1.0
format,SIMPLE_NAME, line no: 63,format,SIMPLE_NAME, line no: 63, 0.022132442251138938, insert, 1.0, 0.0, 1.0
scanner,SIMPLE_NAME, line no: 64,scanner,SIMPLE_NAME, line no: 51, 0.022132442251138938, insert, 0.07960199004975124, 1.0, 1.0
nextInt,SIMPLE_NAME, line no: 64,nextInt,SIMPLE_NAME, line no: 64, 0.022132442251138938, insert, 1.0, 0.0, 1.0
scanner,SIMPLE_NAME, line no: 65,scanner,SIMPLE_NAME, line no: 51, 0.022132442251138938, insert, 0.07960199004975124, 1.0, 1.0
nextInt,SIMPLE_NAME, line no: 65,nextInt,SIMPLE_NAME, line no: 64, 0.022132442251138938, insert, 1.0, 0.0, 1.0
scanner,SIMPLE_NAME, line no: 66,scanner,SIMPLE_NAME, line no: 51, 0.022132442251138938, insert, 0.07960199004975124, 1.0, 1.0
nextInt,SIMPLE_NAME, line no: 66,nextInt,SIMPLE_NAME, line no: 64, 0.022132442251138938, insert, 1.0, 0.0, 1.0
scanner,SIMPLE_NAME, line no: 67,scanner,SIMPLE_NAME, line no: 51, 0.022132442251138938, insert, 0.07960199004975124, 1.0, 1.0
nextInt,SIMPLE_NAME, line no: 67,nextInt,SIMPLE_NAME, line no: 64, 0.022132442251138938, insert, 1.0, 0.0, 1.0
output+=(String.format("Please enter 4 numbers separated by spaces > ")); ,EXPRESSION_STATEMENT, line no: 62,output+=(String.format("%d is the smallest\n" d.value)); ,EXPRESSION_STATEMENT, line no: 75, 0.020436891690976795, insert, 0.07575757575757576, 1.0, 0.5405405405405406
output+=(String.format("Please enter 4 numbers separated by spaces > ")); ,EXPRESSION_STATEMENT, line no: 62,output+=(String.format("%d is the smallest\n" b.value)); ,EXPRESSION_STATEMENT, line no: 71, 0.020204046427676984, insert, 0.06565656565656566, 1.0, 0.5405405405405406
output+=(String.format("Please enter 4 numbers separated by spaces > ")); ,EXPRESSION_STATEMENT, line no: 62,output+=(String.format("%d is the smallest\n" c.value)); ,EXPRESSION_STATEMENT, line no: 73, 0.01985320525392118, insert, 0.0707070707070707, 1.0, 0.527027027027027
output+=(String.format("Please enter 4 numbers separated by spaces > ")); ,EXPRESSION_STATEMENT, line no: 62,output+=(String.format("%d is the smallest\n" a.value)); ,EXPRESSION_STATEMENT, line no: 69, 0.019620359990621367, insert, 0.06060606060606061, 1.0, 0.527027027027027
a.value=scanner.nextInt(); ,EXPRESSION_STATEMENT, line no: 64,mainClass.exec(); ,EXPRESSION_STATEMENT, line no: 55, 0.018744043695634913, insert, 0.25757575757575757, 0.0, 0.37037037037037035
b.value=scanner.nextInt(); ,EXPRESSION_STATEMENT, line no: 65,mainClass.exec(); ,EXPRESSION_STATEMENT, line no: 55, 0.018744043695634913, insert, 0.25757575757575757, 0.0, 0.37037037037037035
c.value=scanner.nextInt(); ,EXPRESSION_STATEMENT, line no: 66,mainClass.exec(); ,EXPRESSION_STATEMENT, line no: 55, 0.018744043695634913, insert, 0.25757575757575757, 0.0, 0.37037037037037035
d.value=scanner.nextInt(); ,EXPRESSION_STATEMENT, line no: 67,mainClass.exec(); ,EXPRESSION_STATEMENT, line no: 55, 0.018744043695634913, insert, 0.25757575757575757, 0.0, 0.37037037037037035
a.value=scanner.nextInt(); ,EXPRESSION_STATEMENT, line no: 64,System.out.println(mainClass.output); ,EXPRESSION_STATEMENT, line no: 56, 0.015036902003624739, insert, 0.25757575757575757, 0.0, 0.2631578947368421
b.value=scanner.nextInt(); ,EXPRESSION_STATEMENT, line no: 65,System.out.println(mainClass.output); ,EXPRESSION_STATEMENT, line no: 56, 0.015036902003624739, insert, 0.25757575757575757, 0.0, 0.2631578947368421
c.value=scanner.nextInt(); ,EXPRESSION_STATEMENT, line no: 66,System.out.println(mainClass.output); ,EXPRESSION_STATEMENT, line no: 56, 0.015036902003624739, insert, 0.25757575757575757, 0.0, 0.2631578947368421
d.value=scanner.nextInt(); ,EXPRESSION_STATEMENT, line no: 67,System.out.println(mainClass.output); ,EXPRESSION_STATEMENT, line no: 56, 0.015036902003624739, insert, 0.25757575757575757, 0.0, 0.2631578947368421
nextInt,SIMPLE_NAME, line no: 64,IntObj,SIMPLE_NAME, line no: 60, 0.014412042352873843, insert, 0.9850746268656716, 0.0, 0.42857142857142855
nextInt,SIMPLE_NAME, line no: 65,IntObj,SIMPLE_NAME, line no: 60, 0.014412042352873843, insert, 0.9850746268656716, 0.0, 0.42857142857142855
nextInt,SIMPLE_NAME, line no: 66,IntObj,SIMPLE_NAME, line no: 60, 0.014412042352873843, insert, 0.9850746268656716, 0.0, 0.42857142857142855
nextInt,SIMPLE_NAME, line no: 67,IntObj,SIMPLE_NAME, line no: 60, 0.014412042352873843, insert, 0.9850746268656716, 0.0, 0.42857142857142855
output+=(String.format("Please enter 4 numbers separated by spaces > ")); ,EXPRESSION_STATEMENT, line no: 62,System.out.println(mainClass.output); ,EXPRESSION_STATEMENT, line no: 56, 0.014348302711447913, insert, 0.25757575757575757, 1.0, 0.24324324324324326
a.value=scanner.nextInt(); ,EXPRESSION_STATEMENT, line no: 64,mainClass.scanner=new java.util.Scanner(args[0]); ,EXPRESSION_STATEMENT, line no: 51, 0.01326985155545632, insert, 0.06565656565656566, 0.5, 0.34
b.value=scanner.nextInt(); ,EXPRESSION_STATEMENT, line no: 65,mainClass.scanner=new java.util.Scanner(args[0]); ,EXPRESSION_STATEMENT, line no: 51, 0.01326985155545632, insert, 0.06565656565656566, 0.5, 0.34
c.value=scanner.nextInt(); ,EXPRESSION_STATEMENT, line no: 66,mainClass.scanner=new java.util.Scanner(args[0]); ,EXPRESSION_STATEMENT, line no: 51, 0.01326985155545632, insert, 0.06565656565656566, 0.5, 0.34
d.value=scanner.nextInt(); ,EXPRESSION_STATEMENT, line no: 67,mainClass.scanner=new java.util.Scanner(args[0]); ,EXPRESSION_STATEMENT, line no: 51, 0.01326985155545632, insert, 0.06565656565656566, 0.5, 0.34
format,SIMPLE_NAME, line no: 63,output,SIMPLE_NAME, line no: 49, 0.013191812114045189, insert, 0.2524752475247525, 0.0, 0.3333333333333333
a.value=scanner.nextInt(); ,EXPRESSION_STATEMENT, line no: 64,mainClass.scanner=new java.util.Scanner(System.in); ,EXPRESSION_STATEMENT, line no: 53, 0.013050529228601997, insert, 0.07575757575757576, 0.5, 0.3269230769230769
b.value=scanner.nextInt(); ,EXPRESSION_STATEMENT, line no: 65,mainClass.scanner=new java.util.Scanner(System.in); ,EXPRESSION_STATEMENT, line no: 53, 0.013050529228601997, insert, 0.07575757575757576, 0.5, 0.3269230769230769
c.value=scanner.nextInt(); ,EXPRESSION_STATEMENT, line no: 66,mainClass.scanner=new java.util.Scanner(System.in); ,EXPRESSION_STATEMENT, line no: 53, 0.013050529228601997, insert, 0.07575757575757576, 0.5, 0.3269230769230769
d.value=scanner.nextInt(); ,EXPRESSION_STATEMENT, line no: 67,mainClass.scanner=new java.util.Scanner(System.in); ,EXPRESSION_STATEMENT, line no: 53, 0.013050529228601997, insert, 0.07575757575757576, 0.5, 0.3269230769230769
scanner,SIMPLE_NAME, line no: 64,nextInt,SIMPLE_NAME, line no: 64, 0.012647109857793678, insert, 1.0, 0.0, 0.2857142857142857
nextInt,SIMPLE_NAME, line no: 64,String,SIMPLE_NAME, line no: 49, 0.012647109857793678, insert, 0.2537313432835821, 0.0, 0.2857142857142857
nextInt,SIMPLE_NAME, line no: 64,scanner,SIMPLE_NAME, line no: 51, 0.012647109857793678, insert, 0.07960199004975124, 0.0, 0.2857142857142857
scanner,SIMPLE_NAME, line no: 65,nextInt,SIMPLE_NAME, line no: 64, 0.012647109857793678, insert, 1.0, 0.0, 0.2857142857142857
nextInt,SIMPLE_NAME, line no: 65,String,SIMPLE_NAME, line no: 49, 0.012647109857793678, insert, 0.2537313432835821, 0.0, 0.2857142857142857
nextInt,SIMPLE_NAME, line no: 65,scanner,SIMPLE_NAME, line no: 51, 0.012647109857793678, insert, 0.07960199004975124, 0.0, 0.2857142857142857
scanner,SIMPLE_NAME, line no: 66,nextInt,SIMPLE_NAME, line no: 64, 0.012647109857793678, insert, 1.0, 0.0, 0.2857142857142857
nextInt,SIMPLE_NAME, line no: 66,String,SIMPLE_NAME, line no: 49, 0.012647109857793678, insert, 0.2537313432835821, 0.0, 0.2857142857142857
nextInt,SIMPLE_NAME, line no: 66,scanner,SIMPLE_NAME, line no: 51, 0.012647109857793678, insert, 0.07960199004975124, 0.0, 0.2857142857142857
scanner,SIMPLE_NAME, line no: 67,nextInt,SIMPLE_NAME, line no: 64, 0.012647109857793678, insert, 1.0, 0.0, 0.2857142857142857
nextInt,SIMPLE_NAME, line no: 67,String,SIMPLE_NAME, line no: 49, 0.012647109857793678, insert, 0.2537313432835821, 0.0, 0.2857142857142857
nextInt,SIMPLE_NAME, line no: 67,scanner,SIMPLE_NAME, line no: 51, 0.012647109857793678, insert, 0.07960199004975124, 0.0, 0.2857142857142857
String,SIMPLE_NAME, line no: 63,nextInt,SIMPLE_NAME, line no: 64, 0.012603283239474591, insert, 0.995049504950495, 0.0, 0.2857142857142857
scanner,SIMPLE_NAME, line no: 64,value,SIMPLE_NAME, line no: 7, 0.012603065196597383, insert, 0.029850746268656716, 0.0, 0.2857142857142857
nextInt,SIMPLE_NAME, line no: 64,output,SIMPLE_NAME, line no: 49, 0.012603065196597383, insert, 0.2537313432835821, 0.0, 0.2857142857142857
scanner,SIMPLE_NAME, line no: 65,value,SIMPLE_NAME, line no: 7, 0.012603065196597383, insert, 0.029850746268656716, 0.0, 0.2857142857142857
nextInt,SIMPLE_NAME, line no: 65,output,SIMPLE_NAME, line no: 49, 0.012603065196597383, insert, 0.2537313432835821, 0.0, 0.2857142857142857
scanner,SIMPLE_NAME, line no: 66,value,SIMPLE_NAME, line no: 7, 0.012603065196597383, insert, 0.029850746268656716, 0.0, 0.2857142857142857
nextInt,SIMPLE_NAME, line no: 66,output,SIMPLE_NAME, line no: 49, 0.012603065196597383, insert, 0.2537313432835821, 0.0, 0.2857142857142857
scanner,SIMPLE_NAME, line no: 67,value,SIMPLE_NAME, line no: 7, 0.012603065196597383, insert, 0.029850746268656716, 0.0, 0.2857142857142857
nextInt,SIMPLE_NAME, line no: 67,output,SIMPLE_NAME, line no: 49, 0.012603065196597383, insert, 0.2537313432835821, 0.0, 0.2857142857142857
scanner,SIMPLE_NAME, line no: 64,Scanner,SIMPLE_NAME, line no: 44, 0.012219247434743941, insert, 0.004975124378109453, 0.0, 0.8571428571428571
scanner,SIMPLE_NAME, line no: 65,Scanner,SIMPLE_NAME, line no: 44, 0.012219247434743941, insert, 0.004975124378109453, 0.0, 0.8571428571428571
scanner,SIMPLE_NAME, line no: 66,Scanner,SIMPLE_NAME, line no: 44, 0.012219247434743941, insert, 0.004975124378109453, 0.0, 0.8571428571428571
scanner,SIMPLE_NAME, line no: 67,Scanner,SIMPLE_NAME, line no: 44, 0.012219247434743941, insert, 0.004975124378109453, 0.0, 0.8571428571428571
output+=(String.format("Please enter 4 numbers separated by spaces > ")); ,EXPRESSION_STATEMENT, line no: 62,mainClass.scanner=new java.util.Scanner(System.in); ,EXPRESSION_STATEMENT, line no: 53, 0.0115588793882684, insert, 0.07575757575757576, 0.0, 0.28378378378378377
output+=(String.format("Please enter 4 numbers separated by spaces > ")); ,EXPRESSION_STATEMENT, line no: 62,mainClass.exec(); ,EXPRESSION_STATEMENT, line no: 55, 0.011544719879013681, insert, 0.25757575757575757, 0.0, 0.16216216216216217
String,SIMPLE_NAME, line no: 63,format,SIMPLE_NAME, line no: 63, 0.011066221125569469, insert, 1.0, 0.0, 0.16666666666666666
format,SIMPLE_NAME, line no: 63,String,SIMPLE_NAME, line no: 49, 0.011066221125569469, insert, 0.2524752475247525, 0.0, 0.16666666666666666
String,SIMPLE_NAME, line no: 63,output,SIMPLE_NAME, line no: 49, 0.010978567888931295, insert, 0.2524752475247525, 0.0, 0.16666666666666666
format,SIMPLE_NAME, line no: 63,value,SIMPLE_NAME, line no: 7, 0.010978567888931295, insert, 0.0297029702970297, 0.0, 0.16666666666666666
format,SIMPLE_NAME, line no: 63,a,SIMPLE_NAME, line no: 60, 0.010978567888931295, insert, 0.9801980198019802, 0.0, 0.16666666666666666
String,SIMPLE_NAME, line no: 63,IntObj,SIMPLE_NAME, line no: 60, 0.01089091465229312, insert, 0.9801980198019802, 0.0, 0.16666666666666666
format,SIMPLE_NAME, line no: 63,IntObj,SIMPLE_NAME, line no: 60, 0.01089091465229312, insert, 0.9801980198019802, 0.0, 0.16666666666666666
output+=(String.format("Please enter 4 numbers separated by spaces > ")); ,EXPRESSION_STATEMENT, line no: 62,mainClass.scanner=new java.util.Scanner(args[0]); ,EXPRESSION_STATEMENT, line no: 51, 0.010858770319562883, insert, 0.06565656565656566, 0.0, 0.2702702702702703
scanner,SIMPLE_NAME, line no: 64,String,SIMPLE_NAME, line no: 49, 0.010750043379124627, insert, 0.2537313432835821, 0.0, 0.14285714285714285
scanner,SIMPLE_NAME, line no: 64,format,SIMPLE_NAME, line no: 63, 0.010750043379124627, insert, 1.0, 0.0, 0.14285714285714285
nextInt,SIMPLE_NAME, line no: 64,format,SIMPLE_NAME, line no: 63, 0.010750043379124627, insert, 1.0, 0.0, 0.14285714285714285
scanner,SIMPLE_NAME, line no: 65,String,SIMPLE_NAME, line no: 49, 0.010750043379124627, insert, 0.2537313432835821, 0.0, 0.14285714285714285
scanner,SIMPLE_NAME, line no: 65,format,SIMPLE_NAME, line no: 63, 0.010750043379124627, insert, 1.0, 0.0, 0.14285714285714285
nextInt,SIMPLE_NAME, line no: 65,format,SIMPLE_NAME, line no: 63, 0.010750043379124627, insert, 1.0, 0.0, 0.14285714285714285
scanner,SIMPLE_NAME, line no: 66,String,SIMPLE_NAME, line no: 49, 0.010750043379124627, insert, 0.2537313432835821, 0.0, 0.14285714285714285
scanner,SIMPLE_NAME, line no: 66,format,SIMPLE_NAME, line no: 63, 0.010750043379124627, insert, 1.0, 0.0, 0.14285714285714285
nextInt,SIMPLE_NAME, line no: 66,format,SIMPLE_NAME, line no: 63, 0.010750043379124627, insert, 1.0, 0.0, 0.14285714285714285
scanner,SIMPLE_NAME, line no: 67,String,SIMPLE_NAME, line no: 49, 0.010750043379124627, insert, 0.2537313432835821, 0.0, 0.14285714285714285
scanner,SIMPLE_NAME, line no: 67,format,SIMPLE_NAME, line no: 63, 0.010750043379124627, insert, 1.0, 0.0, 0.14285714285714285
nextInt,SIMPLE_NAME, line no: 67,format,SIMPLE_NAME, line no: 63, 0.010750043379124627, insert, 1.0, 0.0, 0.14285714285714285
a.value=scanner.nextInt(); ,EXPRESSION_STATEMENT, line no: 64,value=i; ,EXPRESSION_STATEMENT, line no: 7, 0.010710882111791378, insert, 0.020202020202020204, 0.3333333333333333, 0.2962962962962963
b.value=scanner.nextInt(); ,EXPRESSION_STATEMENT, line no: 65,value=i; ,EXPRESSION_STATEMENT, line no: 7, 0.010710882111791378, insert, 0.020202020202020204, 0.3333333333333333, 0.2962962962962963
c.value=scanner.nextInt(); ,EXPRESSION_STATEMENT, line no: 66,value=i; ,EXPRESSION_STATEMENT, line no: 7, 0.010710882111791378, insert, 0.020202020202020204, 0.3333333333333333, 0.2962962962962963
d.value=scanner.nextInt(); ,EXPRESSION_STATEMENT, line no: 67,value=i; ,EXPRESSION_STATEMENT, line no: 7, 0.010710882111791378, insert, 0.020202020202020204, 0.3333333333333333, 0.2962962962962963
String,SIMPLE_NAME, line no: 63,scanner,SIMPLE_NAME, line no: 51, 0.01070621676080554, insert, 0.07920792079207921, 0.0, 0.14285714285714285
format,SIMPLE_NAME, line no: 63,scanner,SIMPLE_NAME, line no: 51, 0.01070621676080554, insert, 0.07920792079207921, 0.0, 0.14285714285714285
format,SIMPLE_NAME, line no: 63,nextInt,SIMPLE_NAME, line no: 64, 0.01070621676080554, insert, 0.995049504950495, 0.0, 0.14285714285714285
scanner,SIMPLE_NAME, line no: 64,a,SIMPLE_NAME, line no: 60, 0.010705998717928331, insert, 0.9850746268656716, 0.0, 0.14285714285714285
scanner,SIMPLE_NAME, line no: 64,c,SIMPLE_NAME, line no: 60, 0.010705998717928331, insert, 0.9850746268656716, 0.0, 0.14285714285714285
nextInt,SIMPLE_NAME, line no: 64,value,SIMPLE_NAME, line no: 7, 0.010705998717928331, insert, 0.029850746268656716, 0.0, 0.14285714285714285
scanner,SIMPLE_NAME, line no: 65,a,SIMPLE_NAME, line no: 60, 0.010705998717928331, insert, 0.9850746268656716, 0.0, 0.14285714285714285
scanner,SIMPLE_NAME, line no: 65,c,SIMPLE_NAME, line no: 60, 0.010705998717928331, insert, 0.9850746268656716, 0.0, 0.14285714285714285
nextInt,SIMPLE_NAME, line no: 65,value,SIMPLE_NAME, line no: 7, 0.010705998717928331, insert, 0.029850746268656716, 0.0, 0.14285714285714285
scanner,SIMPLE_NAME, line no: 66,a,SIMPLE_NAME, line no: 60, 0.010705998717928331, insert, 0.9850746268656716, 0.0, 0.14285714285714285
scanner,SIMPLE_NAME, line no: 66,c,SIMPLE_NAME, line no: 60, 0.010705998717928331, insert, 0.9850746268656716, 0.0, 0.14285714285714285
nextInt,SIMPLE_NAME, line no: 66,value,SIMPLE_NAME, line no: 7, 0.010705998717928331, insert, 0.029850746268656716, 0.0, 0.14285714285714285
scanner,SIMPLE_NAME, line no: 67,a,SIMPLE_NAME, line no: 60, 0.010705998717928331, insert, 0.9850746268656716, 0.0, 0.14285714285714285
scanner,SIMPLE_NAME, line no: 67,c,SIMPLE_NAME, line no: 60, 0.010705998717928331, insert, 0.9850746268656716, 0.0, 0.14285714285714285
nextInt,SIMPLE_NAME, line no: 67,value,SIMPLE_NAME, line no: 7, 0.010705998717928331, insert, 0.029850746268656716, 0.0, 0.14285714285714285
scanner,SIMPLE_NAME, line no: 64,IntObj,SIMPLE_NAME, line no: 60, 0.010617909395535738, insert, 0.9850746268656716, 0.0, 0.14285714285714285
scanner,SIMPLE_NAME, line no: 65,IntObj,SIMPLE_NAME, line no: 60, 0.010617909395535738, insert, 0.9850746268656716, 0.0, 0.14285714285714285
scanner,SIMPLE_NAME, line no: 66,IntObj,SIMPLE_NAME, line no: 60, 0.010617909395535738, insert, 0.9850746268656716, 0.0, 0.14285714285714285
scanner,SIMPLE_NAME, line no: 67,IntObj,SIMPLE_NAME, line no: 60, 0.010617909395535738, insert, 0.9850746268656716, 0.0, 0.14285714285714285
"Please enter 4 numbers separated by spaces > ",STRING_LITERAL, line no: 63,scanner,SIMPLE_NAME, line no: 51, 0.01022185936199642, insert, 0.07920792079207921, 0.0, 0.10638297872340426
"Please enter 4 numbers separated by spaces > ",STRING_LITERAL, line no: 63,format,SIMPLE_NAME, line no: 63, 0.009983144164343523, insert, 1.0, 0.0, 0.0851063829787234
"Please enter 4 numbers separated by spaces > ",STRING_LITERAL, line no: 63,nextInt,SIMPLE_NAME, line no: 64, 0.009939317546024435, insert, 0.995049504950495, 0.0, 0.0851063829787234
"Please enter 4 numbers separated by spaces > ",STRING_LITERAL, line no: 63,String,SIMPLE_NAME, line no: 49, 0.009700602348371536, insert, 0.2524752475247525, 0.0, 0.06382978723404255
"Please enter 4 numbers separated by spaces > ",STRING_LITERAL, line no: 63,value,SIMPLE_NAME, line no: 7, 0.009612949111733361, insert, 0.0297029702970297, 0.0, 0.06382978723404255
"Please enter 4 numbers separated by spaces > ",STRING_LITERAL, line no: 63,output,SIMPLE_NAME, line no: 49, 0.009612949111733361, insert, 0.2524752475247525, 0.0, 0.06382978723404255
"Please enter 4 numbers separated by spaces > ",STRING_LITERAL, line no: 63,IntObj,SIMPLE_NAME, line no: 60, 0.009525295875095187, insert, 0.9801980198019802, 0.0, 0.06382978723404255
"Please enter 4 numbers separated by spaces > ",STRING_LITERAL, line no: 63,a,SIMPLE_NAME, line no: 60, 0.00904786547978939, insert, 0.9801980198019802, 0.0, 0.02127659574468085
"Please enter 4 numbers separated by spaces > ",STRING_LITERAL, line no: 63,b,SIMPLE_NAME, line no: 60, 0.00904786547978939, insert, 0.9801980198019802, 0.0, 0.02127659574468085
"Please enter 4 numbers separated by spaces > ",STRING_LITERAL, line no: 63,c,SIMPLE_NAME, line no: 60, 0.00904786547978939, insert, 0.9801980198019802, 0.0, 0.02127659574468085
"Please enter 4 numbers separated by spaces > ",STRING_LITERAL, line no: 63,d,SIMPLE_NAME, line no: 60, 0.00904786547978939, insert, 0.9801980198019802, 0.0, 0.02127659574468085
a.value=scanner.nextInt(); ,EXPRESSION_STATEMENT, line no: 64,output+=(String.format("%d is the smallest\n" d.value)); ,EXPRESSION_STATEMENT, line no: 75, 0.008419194520366909, insert, 0.07575757575757576, 0.6000000000000001, 0.19298245614035087
b.value=scanner.nextInt(); ,EXPRESSION_STATEMENT, line no: 65,output+=(String.format("%d is the smallest\n" d.value)); ,EXPRESSION_STATEMENT, line no: 75, 0.008419194520366909, insert, 0.07575757575757576, 0.6000000000000001, 0.19298245614035087
c.value=scanner.nextInt(); ,EXPRESSION_STATEMENT, line no: 66,output+=(String.format("%d is the smallest\n" d.value)); ,EXPRESSION_STATEMENT, line no: 75, 0.008419194520366909, insert, 0.07575757575757576, 0.6000000000000001, 0.19298245614035087
d.value=scanner.nextInt(); ,EXPRESSION_STATEMENT, line no: 67,output+=(String.format("%d is the smallest\n" d.value)); ,EXPRESSION_STATEMENT, line no: 75, 0.008419194520366909, insert, 0.07575757575757576, 1.5, 0.19298245614035087
a.value=scanner.nextInt(); ,EXPRESSION_STATEMENT, line no: 64,output+=(String.format("%d is the smallest\n" c.value)); ,EXPRESSION_STATEMENT, line no: 73, 0.008302771888717001, insert, 0.0707070707070707, 0.6000000000000001, 0.19298245614035087
b.value=scanner.nextInt(); ,EXPRESSION_STATEMENT, line no: 65,output+=(String.format("%d is the smallest\n" c.value)); ,EXPRESSION_STATEMENT, line no: 73, 0.008302771888717001, insert, 0.0707070707070707, 0.6000000000000001, 0.19298245614035087
c.value=scanner.nextInt(); ,EXPRESSION_STATEMENT, line no: 66,output+=(String.format("%d is the smallest\n" c.value)); ,EXPRESSION_STATEMENT, line no: 73, 0.008302771888717001, insert, 0.0707070707070707, 1.5, 0.19298245614035087
d.value=scanner.nextInt(); ,EXPRESSION_STATEMENT, line no: 67,output+=(String.format("%d is the smallest\n" c.value)); ,EXPRESSION_STATEMENT, line no: 73, 0.008302771888717001, insert, 0.0707070707070707, 0.6000000000000001, 0.19298245614035087
a.value=scanner.nextInt(); ,EXPRESSION_STATEMENT, line no: 64,output+=(String.format("%d is the smallest\n" b.value)); ,EXPRESSION_STATEMENT, line no: 71, 0.008186349257067094, insert, 0.06565656565656566, 0.6000000000000001, 0.19298245614035087
b.value=scanner.nextInt(); ,EXPRESSION_STATEMENT, line no: 65,output+=(String.format("%d is the smallest\n" b.value)); ,EXPRESSION_STATEMENT, line no: 71, 0.008186349257067094, insert, 0.06565656565656566, 1.5, 0.19298245614035087
c.value=scanner.nextInt(); ,EXPRESSION_STATEMENT, line no: 66,output+=(String.format("%d is the smallest\n" b.value)); ,EXPRESSION_STATEMENT, line no: 71, 0.008186349257067094, insert, 0.06565656565656566, 0.6000000000000001, 0.19298245614035087
d.value=scanner.nextInt(); ,EXPRESSION_STATEMENT, line no: 67,output+=(String.format("%d is the smallest\n" b.value)); ,EXPRESSION_STATEMENT, line no: 71, 0.008186349257067094, insert, 0.06565656565656566, 0.6000000000000001, 0.19298245614035087
a.value=scanner.nextInt(); ,EXPRESSION_STATEMENT, line no: 64,output+=(String.format("%d is the smallest\n" a.value)); ,EXPRESSION_STATEMENT, line no: 69, 0.008069926625417188, insert, 0.06060606060606061, 1.5, 0.19298245614035087
b.value=scanner.nextInt(); ,EXPRESSION_STATEMENT, line no: 65,output+=(String.format("%d is the smallest\n" a.value)); ,EXPRESSION_STATEMENT, line no: 69, 0.008069926625417188, insert, 0.06060606060606061, 0.6000000000000001, 0.19298245614035087
c.value=scanner.nextInt(); ,EXPRESSION_STATEMENT, line no: 66,output+=(String.format("%d is the smallest\n" a.value)); ,EXPRESSION_STATEMENT, line no: 69, 0.008069926625417188, insert, 0.06060606060606061, 0.6000000000000001, 0.19298245614035087
d.value=scanner.nextInt(); ,EXPRESSION_STATEMENT, line no: 67,output+=(String.format("%d is the smallest\n" a.value)); ,EXPRESSION_STATEMENT, line no: 69, 0.008069926625417188, insert, 0.06060606060606061, 0.6000000000000001, 0.19298245614035087
nextInt,SIMPLE_NAME, line no: 64,length,SIMPLE_NAME, line no: 50, 0.00806961114060716, insert, 0.26865671641791045, 0.0, 0.42857142857142855
nextInt,SIMPLE_NAME, line no: 65,length,SIMPLE_NAME, line no: 50, 0.00806961114060716, insert, 0.26865671641791045, 0.0, 0.42857142857142855
nextInt,SIMPLE_NAME, line no: 66,length,SIMPLE_NAME, line no: 50, 0.00806961114060716, insert, 0.26865671641791045, 0.0, 0.42857142857142855
nextInt,SIMPLE_NAME, line no: 67,length,SIMPLE_NAME, line no: 50, 0.00806961114060716, insert, 0.26865671641791045, 0.0, 0.42857142857142855
nextInt,SIMPLE_NAME, line no: 64,println,SIMPLE_NAME, line no: 56, 0.008025566479410863, insert, 0.263681592039801, 0.0, 0.42857142857142855
nextInt,SIMPLE_NAME, line no: 65,println,SIMPLE_NAME, line no: 56, 0.008025566479410863, insert, 0.263681592039801, 0.0, 0.42857142857142855
nextInt,SIMPLE_NAME, line no: 66,println,SIMPLE_NAME, line no: 56, 0.008025566479410863, insert, 0.263681592039801, 0.0, 0.42857142857142855
nextInt,SIMPLE_NAME, line no: 67,println,SIMPLE_NAME, line no: 56, 0.008025566479410863, insert, 0.263681592039801, 0.0, 0.42857142857142855
String,SIMPLE_NAME, line no: 63,println,SIMPLE_NAME, line no: 56, 0.008014010206918765, insert, 0.2623762376237624, 0.0, 0.42857142857142855
String,SIMPLE_NAME, line no: 63,args,SIMPLE_NAME, line no: 50, 0.006793125839458486, insert, 0.26732673267326734, 0.0, 0.3333333333333333
String,SIMPLE_NAME, line no: 63,length,SIMPLE_NAME, line no: 50, 0.006793125839458486, insert, 0.26732673267326734, 0.0, 0.3333333333333333
String,SIMPLE_NAME, line no: 63,System,SIMPLE_NAME, line no: 53, 0.006793125839458486, insert, 0.09405940594059406, 0.0, 0.3333333333333333
format,SIMPLE_NAME, line no: 63,out,SIMPLE_NAME, line no: 56, 0.006793125839458486, insert, 0.26732673267326734, 0.0, 0.3333333333333333
scanner,SIMPLE_NAME, line no: 64,args,SIMPLE_NAME, line no: 50, 0.006172544661938108, insert, 0.26865671641791045, 0.0, 0.2857142857142857
scanner,SIMPLE_NAME, line no: 64,System,SIMPLE_NAME, line no: 53, 0.006172544661938108, insert, 0.0945273631840796, 0.0, 0.2857142857142857
scanner,SIMPLE_NAME, line no: 65,args,SIMPLE_NAME, line no: 50, 0.006172544661938108, insert, 0.26865671641791045, 0.0, 0.2857142857142857
scanner,SIMPLE_NAME, line no: 65,System,SIMPLE_NAME, line no: 53, 0.006172544661938108, insert, 0.0945273631840796, 0.0, 0.2857142857142857
scanner,SIMPLE_NAME, line no: 66,args,SIMPLE_NAME, line no: 50, 0.006172544661938108, insert, 0.26865671641791045, 0.0, 0.2857142857142857
scanner,SIMPLE_NAME, line no: 66,System,SIMPLE_NAME, line no: 53, 0.006172544661938108, insert, 0.0945273631840796, 0.0, 0.2857142857142857
scanner,SIMPLE_NAME, line no: 67,args,SIMPLE_NAME, line no: 50, 0.006172544661938108, insert, 0.26865671641791045, 0.0, 0.2857142857142857
scanner,SIMPLE_NAME, line no: 67,System,SIMPLE_NAME, line no: 53, 0.006172544661938108, insert, 0.0945273631840796, 0.0, 0.2857142857142857
scanner,SIMPLE_NAME, line no: 64,println,SIMPLE_NAME, line no: 56, 0.006128500000741812, insert, 0.263681592039801, 0.0, 0.2857142857142857
nextInt,SIMPLE_NAME, line no: 64,exec,SIMPLE_NAME, line no: 55, 0.006128500000741812, insert, 0.263681592039801, 0.0, 0.2857142857142857
scanner,SIMPLE_NAME, line no: 65,println,SIMPLE_NAME, line no: 56, 0.006128500000741812, insert, 0.263681592039801, 0.0, 0.2857142857142857
nextInt,SIMPLE_NAME, line no: 65,exec,SIMPLE_NAME, line no: 55, 0.006128500000741812, insert, 0.263681592039801, 0.0, 0.2857142857142857
scanner,SIMPLE_NAME, line no: 66,println,SIMPLE_NAME, line no: 56, 0.006128500000741812, insert, 0.263681592039801, 0.0, 0.2857142857142857
nextInt,SIMPLE_NAME, line no: 66,exec,SIMPLE_NAME, line no: 55, 0.006128500000741812, insert, 0.263681592039801, 0.0, 0.2857142857142857
scanner,SIMPLE_NAME, line no: 67,println,SIMPLE_NAME, line no: 56, 0.006128500000741812, insert, 0.263681592039801, 0.0, 0.2857142857142857
nextInt,SIMPLE_NAME, line no: 67,exec,SIMPLE_NAME, line no: 55, 0.006128500000741812, insert, 0.263681592039801, 0.0, 0.2857142857142857
format,SIMPLE_NAME, line no: 63,println,SIMPLE_NAME, line no: 56, 0.0061169437282497146, insert, 0.2623762376237624, 0.0, 0.2857142857142857
scanner,SIMPLE_NAME, line no: 64,mainClass,SIMPLE_NAME, line no: 48, 0.005329404004751864, insert, 0.2537313432835821, 0.0, 0.2222222222222222
scanner,SIMPLE_NAME, line no: 65,mainClass,SIMPLE_NAME, line no: 48, 0.005329404004751864, insert, 0.2537313432835821, 0.0, 0.2222222222222222
scanner,SIMPLE_NAME, line no: 66,mainClass,SIMPLE_NAME, line no: 48, 0.005329404004751864, insert, 0.2537313432835821, 0.0, 0.2222222222222222
scanner,SIMPLE_NAME, line no: 67,mainClass,SIMPLE_NAME, line no: 48, 0.005329404004751864, insert, 0.2537313432835821, 0.0, 0.2222222222222222
String,SIMPLE_NAME, line no: 63,mainClass,SIMPLE_NAME, line no: 48, 0.005317629689382557, insert, 0.2524752475247525, 0.0, 0.2222222222222222
format,SIMPLE_NAME, line no: 63,mainClass,SIMPLE_NAME, line no: 48, 0.005317629689382557, insert, 0.2524752475247525, 0.0, 0.2222222222222222
String,SIMPLE_NAME, line no: 63,util,SIMPLE_NAME, line no: 44, 0.005303020816609528, insert, 0.009900990099009901, 0.0, 0.3333333333333333
String,SIMPLE_NAME, line no: 63,in,SIMPLE_NAME, line no: 53, 0.0052591941982904405, insert, 0.09405940594059406, 0.0, 0.3333333333333333
nextInt,SIMPLE_NAME, line no: 64,Scanner,SIMPLE_NAME, line no: 44, 0.004630981520067735, insert, 0.004975124378109453, 0.0, 0.2857142857142857
nextInt,SIMPLE_NAME, line no: 65,Scanner,SIMPLE_NAME, line no: 44, 0.004630981520067735, insert, 0.004975124378109453, 0.0, 0.2857142857142857
nextInt,SIMPLE_NAME, line no: 66,Scanner,SIMPLE_NAME, line no: 44, 0.004630981520067735, insert, 0.004975124378109453, 0.0, 0.2857142857142857
nextInt,SIMPLE_NAME, line no: 67,Scanner,SIMPLE_NAME, line no: 44, 0.004630981520067735, insert, 0.004975124378109453, 0.0, 0.2857142857142857
String,SIMPLE_NAME, line no: 63,Scanner,SIMPLE_NAME, line no: 44, 0.004626838705400756, insert, 0.0049504950495049506, 0.0, 0.2857142857142857
String,SIMPLE_NAME, line no: 63,out,SIMPLE_NAME, line no: 56, 0.004579881614344593, insert, 0.26732673267326734, 0.0, 0.16666666666666666
format,SIMPLE_NAME, line no: 63,args,SIMPLE_NAME, line no: 50, 0.004579881614344593, insert, 0.26732673267326734, 0.0, 0.16666666666666666
format,SIMPLE_NAME, line no: 63,length,SIMPLE_NAME, line no: 50, 0.004579881614344593, insert, 0.26732673267326734, 0.0, 0.16666666666666666
format,SIMPLE_NAME, line no: 63,System,SIMPLE_NAME, line no: 53, 0.004579881614344593, insert, 0.09405940594059406, 0.0, 0.16666666666666666
scanner,SIMPLE_NAME, line no: 64,length,SIMPLE_NAME, line no: 50, 0.004275478183269056, insert, 0.26865671641791045, 0.0, 0.14285714285714285
nextInt,SIMPLE_NAME, line no: 64,System,SIMPLE_NAME, line no: 53, 0.004275478183269056, insert, 0.0945273631840796, 0.0, 0.14285714285714285
nextInt,SIMPLE_NAME, line no: 64,out,SIMPLE_NAME, line no: 56, 0.004275478183269056, insert, 0.26865671641791045, 0.0, 0.14285714285714285
scanner,SIMPLE_NAME, line no: 65,length,SIMPLE_NAME, line no: 50, 0.004275478183269056, insert, 0.26865671641791045, 0.0, 0.14285714285714285
nextInt,SIMPLE_NAME, line no: 65,System,SIMPLE_NAME, line no: 53, 0.004275478183269056, insert, 0.0945273631840796, 0.0, 0.14285714285714285
nextInt,SIMPLE_NAME, line no: 65,out,SIMPLE_NAME, line no: 56, 0.004275478183269056, insert, 0.26865671641791045, 0.0, 0.14285714285714285
scanner,SIMPLE_NAME, line no: 66,length,SIMPLE_NAME, line no: 50, 0.004275478183269056, insert, 0.26865671641791045, 0.0, 0.14285714285714285
nextInt,SIMPLE_NAME, line no: 66,System,SIMPLE_NAME, line no: 53, 0.004275478183269056, insert, 0.0945273631840796, 0.0, 0.14285714285714285
nextInt,SIMPLE_NAME, line no: 66,out,SIMPLE_NAME, line no: 56, 0.004275478183269056, insert, 0.26865671641791045, 0.0, 0.14285714285714285
scanner,SIMPLE_NAME, line no: 67,length,SIMPLE_NAME, line no: 50, 0.004275478183269056, insert, 0.26865671641791045, 0.0, 0.14285714285714285
nextInt,SIMPLE_NAME, line no: 67,System,SIMPLE_NAME, line no: 53, 0.004275478183269056, insert, 0.0945273631840796, 0.0, 0.14285714285714285
nextInt,SIMPLE_NAME, line no: 67,out,SIMPLE_NAME, line no: 56, 0.004275478183269056, insert, 0.26865671641791045, 0.0, 0.14285714285714285
scanner,SIMPLE_NAME, line no: 64,exec,SIMPLE_NAME, line no: 55, 0.004231433522072761, insert, 0.263681592039801, 0.0, 0.14285714285714285
scanner,SIMPLE_NAME, line no: 65,exec,SIMPLE_NAME, line no: 55, 0.004231433522072761, insert, 0.263681592039801, 0.0, 0.14285714285714285
scanner,SIMPLE_NAME, line no: 66,exec,SIMPLE_NAME, line no: 55, 0.004231433522072761, insert, 0.263681592039801, 0.0, 0.14285714285714285
scanner,SIMPLE_NAME, line no: 67,exec,SIMPLE_NAME, line no: 55, 0.004231433522072761, insert, 0.263681592039801, 0.0, 0.14285714285714285
scanner,SIMPLE_NAME, line no: 64,smallest_2694af73_000,SIMPLE_NAME, line no: 48, 0.004187388860876464, insert, 0.2537313432835821, 0.0, 0.14285714285714285
scanner,SIMPLE_NAME, line no: 65,smallest_2694af73_000,SIMPLE_NAME, line no: 48, 0.004187388860876464, insert, 0.2537313432835821, 0.0, 0.14285714285714285
scanner,SIMPLE_NAME, line no: 66,smallest_2694af73_000,SIMPLE_NAME, line no: 48, 0.004187388860876464, insert, 0.2537313432835821, 0.0, 0.14285714285714285
scanner,SIMPLE_NAME, line no: 67,smallest_2694af73_000,SIMPLE_NAME, line no: 48, 0.004187388860876464, insert, 0.2537313432835821, 0.0, 0.14285714285714285
format,SIMPLE_NAME, line no: 63,smallest_2694af73_000,SIMPLE_NAME, line no: 48, 0.004176050631261577, insert, 0.2524752475247525, 0.0, 0.14285714285714285
"Please enter 4 numbers separated by spaces > ",STRING_LITERAL, line no: 63,smallest_2694af73_000,SIMPLE_NAME, line no: 48, 0.003974235048424443, insert, 0.2524752475247525, 0.0, 0.1276595744680851
nextInt,SIMPLE_NAME, line no: 64,mainClass,SIMPLE_NAME, line no: 48, 0.0038539078546759344, insert, 0.2537313432835821, 0.0, 0.1111111111111111
nextInt,SIMPLE_NAME, line no: 65,mainClass,SIMPLE_NAME, line no: 48, 0.0038539078546759344, insert, 0.2537313432835821, 0.0, 0.1111111111111111
nextInt,SIMPLE_NAME, line no: 66,mainClass,SIMPLE_NAME, line no: 48, 0.0038539078546759344, insert, 0.2537313432835821, 0.0, 0.1111111111111111
nextInt,SIMPLE_NAME, line no: 67,mainClass,SIMPLE_NAME, line no: 48, 0.0038539078546759344, insert, 0.2537313432835821, 0.0, 0.1111111111111111
"Please enter 4 numbers separated by spaces > ",STRING_LITERAL, line no: 63,mainClass,SIMPLE_NAME, line no: 48, 0.003779346469090631, insert, 0.2524752475247525, 0.0, 0.10638297872340426
nextInt,SIMPLE_NAME, line no: 64,smallest_2694af73_000,SIMPLE_NAME, line no: 48, 0.00355503336798678, insert, 0.2537313432835821, 0.0, 0.09523809523809523
nextInt,SIMPLE_NAME, line no: 65,smallest_2694af73_000,SIMPLE_NAME, line no: 48, 0.00355503336798678, insert, 0.2537313432835821, 0.0, 0.09523809523809523
nextInt,SIMPLE_NAME, line no: 66,smallest_2694af73_000,SIMPLE_NAME, line no: 48, 0.00355503336798678, insert, 0.2537313432835821, 0.0, 0.09523809523809523
nextInt,SIMPLE_NAME, line no: 67,smallest_2694af73_000,SIMPLE_NAME, line no: 48, 0.00355503336798678, insert, 0.2537313432835821, 0.0, 0.09523809523809523
"Please enter 4 numbers separated by spaces > ",STRING_LITERAL, line no: 63,length,SIMPLE_NAME, line no: 50, 0.0034968046531186443, insert, 0.26732673267326734, 0.0, 0.0851063829787234
"Please enter 4 numbers separated by spaces > ",STRING_LITERAL, line no: 63,System,SIMPLE_NAME, line no: 53, 0.0034968046531186443, insert, 0.09405940594059406, 0.0, 0.0851063829787234
scanner,SIMPLE_NAME, line no: 64,c.value,QUALIFIED_NAME, line no: 66, 0.003474472446150103, insert, 0.9950248756218906, 0.0, 0.42857142857142855
scanner,SIMPLE_NAME, line no: 65,c.value,QUALIFIED_NAME, line no: 66, 0.003474472446150103, insert, 0.9950248756218906, 0.0, 0.42857142857142855
scanner,SIMPLE_NAME, line no: 66,c.value,QUALIFIED_NAME, line no: 66, 0.003474472446150103, insert, 0.9950248756218906, 0.0, 0.42857142857142855
scanner,SIMPLE_NAME, line no: 67,c.value,QUALIFIED_NAME, line no: 66, 0.003474472446150103, insert, 0.9950248756218906, 0.0, 0.42857142857142855
output+=(String.format("Please enter 4 numbers separated by spaces > ")); ,EXPRESSION_STATEMENT, line no: 62,value=i; ,EXPRESSION_STATEMENT, line no: 7, 0.0032692733590338557, insert, 0.020202020202020204, 0.0, 0.08108108108108109
"Please enter 4 numbers separated by spaces > ",STRING_LITERAL, line no: 63,args,SIMPLE_NAME, line no: 50, 0.003214262837146658, insert, 0.26732673267326734, 0.0, 0.06382978723404255
"Please enter 4 numbers separated by spaces > ",STRING_LITERAL, line no: 63,exec,SIMPLE_NAME, line no: 55, 0.003170436218827571, insert, 0.2623762376237624, 0.0, 0.06382978723404255
"Please enter 4 numbers separated by spaces > ",STRING_LITERAL, line no: 63,println,SIMPLE_NAME, line no: 56, 0.003170436218827571, insert, 0.2623762376237624, 0.0, 0.06382978723404255
format,SIMPLE_NAME, line no: 63,java,SIMPLE_NAME, line no: 44, 0.0030897765914956344, insert, 0.009900990099009901, 0.0, 0.16666666666666666
format,SIMPLE_NAME, line no: 63,util,SIMPLE_NAME, line no: 44, 0.0030897765914956344, insert, 0.009900990099009901, 0.0, 0.16666666666666666
scanner,SIMPLE_NAME, line no: 64,a.value,QUALIFIED_NAME, line no: 64, 0.003019903801101609, insert, 0.9950248756218906, 0.0, 0.2857142857142857
scanner,SIMPLE_NAME, line no: 64,b.value,QUALIFIED_NAME, line no: 65, 0.003019903801101609, insert, 0.9950248756218906, 0.0, 0.2857142857142857
scanner,SIMPLE_NAME, line no: 64,d.value,QUALIFIED_NAME, line no: 67, 0.003019903801101609, insert, 0.9950248756218906, 0.0, 0.2857142857142857
scanner,SIMPLE_NAME, line no: 65,a.value,QUALIFIED_NAME, line no: 64, 0.003019903801101609, insert, 0.9950248756218906, 0.0, 0.2857142857142857
scanner,SIMPLE_NAME, line no: 65,b.value,QUALIFIED_NAME, line no: 65, 0.003019903801101609, insert, 0.9950248756218906, 0.0, 0.2857142857142857
scanner,SIMPLE_NAME, line no: 65,d.value,QUALIFIED_NAME, line no: 67, 0.003019903801101609, insert, 0.9950248756218906, 0.0, 0.2857142857142857
scanner,SIMPLE_NAME, line no: 66,a.value,QUALIFIED_NAME, line no: 64, 0.003019903801101609, insert, 0.9950248756218906, 0.0, 0.2857142857142857
scanner,SIMPLE_NAME, line no: 66,b.value,QUALIFIED_NAME, line no: 65, 0.003019903801101609, insert, 0.9950248756218906, 0.0, 0.2857142857142857
scanner,SIMPLE_NAME, line no: 66,d.value,QUALIFIED_NAME, line no: 67, 0.003019903801101609, insert, 0.9950248756218906, 0.0, 0.2857142857142857
scanner,SIMPLE_NAME, line no: 67,a.value,QUALIFIED_NAME, line no: 64, 0.003019903801101609, insert, 0.9950248756218906, 0.0, 0.2857142857142857
scanner,SIMPLE_NAME, line no: 67,b.value,QUALIFIED_NAME, line no: 65, 0.003019903801101609, insert, 0.9950248756218906, 0.0, 0.2857142857142857
scanner,SIMPLE_NAME, line no: 67,d.value,QUALIFIED_NAME, line no: 67, 0.003019903801101609, insert, 0.9950248756218906, 0.0, 0.2857142857142857
"Please enter 4 numbers separated by spaces > ",STRING_LITERAL, line no: 63,out,SIMPLE_NAME, line no: 56, 0.002931721021174672, insert, 0.26732673267326734, 0.0, 0.0425531914893617
String,SIMPLE_NAME, line no: 63,smallest_2694af73_000,SIMPLE_NAME, line no: 48, 0.0029113396454822082, insert, 0.2524752475247525, 0.0, 0.047619047619047616
scanner,SIMPLE_NAME, line no: 64,java,SIMPLE_NAME, line no: 44, 0.0027779597025949796, insert, 0.009950248756218905, 0.0, 0.14285714285714285
nextInt,SIMPLE_NAME, line no: 64,util,SIMPLE_NAME, line no: 44, 0.0027779597025949796, insert, 0.009950248756218905, 0.0, 0.14285714285714285
scanner,SIMPLE_NAME, line no: 65,java,SIMPLE_NAME, line no: 44, 0.0027779597025949796, insert, 0.009950248756218905, 0.0, 0.14285714285714285
nextInt,SIMPLE_NAME, line no: 65,util,SIMPLE_NAME, line no: 44, 0.0027779597025949796, insert, 0.009950248756218905, 0.0, 0.14285714285714285
scanner,SIMPLE_NAME, line no: 66,java,SIMPLE_NAME, line no: 44, 0.0027779597025949796, insert, 0.009950248756218905, 0.0, 0.14285714285714285
nextInt,SIMPLE_NAME, line no: 66,util,SIMPLE_NAME, line no: 44, 0.0027779597025949796, insert, 0.009950248756218905, 0.0, 0.14285714285714285
scanner,SIMPLE_NAME, line no: 67,java,SIMPLE_NAME, line no: 44, 0.0027779597025949796, insert, 0.009950248756218905, 0.0, 0.14285714285714285
nextInt,SIMPLE_NAME, line no: 67,util,SIMPLE_NAME, line no: 44, 0.0027779597025949796, insert, 0.009950248756218905, 0.0, 0.14285714285714285
scanner,SIMPLE_NAME, line no: 64,in,SIMPLE_NAME, line no: 53, 0.002733915041398683, insert, 0.0945273631840796, 0.0, 0.14285714285714285
nextInt,SIMPLE_NAME, line no: 64,in,SIMPLE_NAME, line no: 53, 0.002733915041398683, insert, 0.0945273631840796, 0.0, 0.14285714285714285
scanner,SIMPLE_NAME, line no: 65,in,SIMPLE_NAME, line no: 53, 0.002733915041398683, insert, 0.0945273631840796, 0.0, 0.14285714285714285
nextInt,SIMPLE_NAME, line no: 65,in,SIMPLE_NAME, line no: 53, 0.002733915041398683, insert, 0.0945273631840796, 0.0, 0.14285714285714285
scanner,SIMPLE_NAME, line no: 66,in,SIMPLE_NAME, line no: 53, 0.002733915041398683, insert, 0.0945273631840796, 0.0, 0.14285714285714285
nextInt,SIMPLE_NAME, line no: 66,in,SIMPLE_NAME, line no: 53, 0.002733915041398683, insert, 0.0945273631840796, 0.0, 0.14285714285714285
scanner,SIMPLE_NAME, line no: 67,in,SIMPLE_NAME, line no: 53, 0.002733915041398683, insert, 0.0945273631840796, 0.0, 0.14285714285714285
nextInt,SIMPLE_NAME, line no: 67,in,SIMPLE_NAME, line no: 53, 0.002733915041398683, insert, 0.0945273631840796, 0.0, 0.14285714285714285
format,SIMPLE_NAME, line no: 63,Scanner,SIMPLE_NAME, line no: 44, 0.0027297722267317047, insert, 0.0049504950495049506, 0.0, 0.14285714285714285
output+=(String.format("Please enter 4 numbers separated by spaces > ")); ,EXPRESSION_STATEMENT, line no: 62,if (d.value < a.value && d.value < b.value && d.value < c.value) {   output+=(String.format("%d is the smallest\n" d.value)); } ,IF_STATEMENT, line no: 74, 0.002617178973866709, insert, 1.0, 1.0, 0.3125
a.value=scanner.nextInt(); ,EXPRESSION_STATEMENT, line no: 64,if (true) return; ,IF_STATEMENT, line no: 77, 0.0025738686835190326, insert, 1.0, 0.0, 0.2962962962962963
b.value=scanner.nextInt(); ,EXPRESSION_STATEMENT, line no: 65,if (true) return; ,IF_STATEMENT, line no: 77, 0.0025738686835190326, insert, 1.0, 0.0, 0.2962962962962963
c.value=scanner.nextInt(); ,EXPRESSION_STATEMENT, line no: 66,if (true) return; ,IF_STATEMENT, line no: 77, 0.0025738686835190326, insert, 1.0, 0.0, 0.2962962962962963
d.value=scanner.nextInt(); ,EXPRESSION_STATEMENT, line no: 67,if (true) return; ,IF_STATEMENT, line no: 77, 0.0025738686835190326, insert, 1.0, 0.0, 0.2962962962962963
nextInt,SIMPLE_NAME, line no: 64,a.value,QUALIFIED_NAME, line no: 64, 0.002565335156053114, insert, 0.9950248756218906, 0.0, 0.14285714285714285
nextInt,SIMPLE_NAME, line no: 64,b.value,QUALIFIED_NAME, line no: 65, 0.002565335156053114, insert, 0.9950248756218906, 0.0, 0.14285714285714285
nextInt,SIMPLE_NAME, line no: 64,c.value,QUALIFIED_NAME, line no: 66, 0.002565335156053114, insert, 0.9950248756218906, 0.0, 0.14285714285714285
nextInt,SIMPLE_NAME, line no: 64,d.value,QUALIFIED_NAME, line no: 67, 0.002565335156053114, insert, 0.9950248756218906, 0.0, 0.14285714285714285
nextInt,SIMPLE_NAME, line no: 65,a.value,QUALIFIED_NAME, line no: 64, 0.002565335156053114, insert, 0.9950248756218906, 0.0, 0.14285714285714285
nextInt,SIMPLE_NAME, line no: 65,b.value,QUALIFIED_NAME, line no: 65, 0.002565335156053114, insert, 0.9950248756218906, 0.0, 0.14285714285714285
nextInt,SIMPLE_NAME, line no: 65,c.value,QUALIFIED_NAME, line no: 66, 0.002565335156053114, insert, 0.9950248756218906, 0.0, 0.14285714285714285
nextInt,SIMPLE_NAME, line no: 65,d.value,QUALIFIED_NAME, line no: 67, 0.002565335156053114, insert, 0.9950248756218906, 0.0, 0.14285714285714285
nextInt,SIMPLE_NAME, line no: 66,a.value,QUALIFIED_NAME, line no: 64, 0.002565335156053114, insert, 0.9950248756218906, 0.0, 0.14285714285714285
nextInt,SIMPLE_NAME, line no: 66,b.value,QUALIFIED_NAME, line no: 65, 0.002565335156053114, insert, 0.9950248756218906, 0.0, 0.14285714285714285
nextInt,SIMPLE_NAME, line no: 66,c.value,QUALIFIED_NAME, line no: 66, 0.002565335156053114, insert, 0.9950248756218906, 0.0, 0.14285714285714285
nextInt,SIMPLE_NAME, line no: 66,d.value,QUALIFIED_NAME, line no: 67, 0.002565335156053114, insert, 0.9950248756218906, 0.0, 0.14285714285714285
nextInt,SIMPLE_NAME, line no: 67,a.value,QUALIFIED_NAME, line no: 64, 0.002565335156053114, insert, 0.9950248756218906, 0.0, 0.14285714285714285
nextInt,SIMPLE_NAME, line no: 67,b.value,QUALIFIED_NAME, line no: 65, 0.002565335156053114, insert, 0.9950248756218906, 0.0, 0.14285714285714285
nextInt,SIMPLE_NAME, line no: 67,c.value,QUALIFIED_NAME, line no: 66, 0.002565335156053114, insert, 0.9950248756218906, 0.0, 0.14285714285714285
nextInt,SIMPLE_NAME, line no: 67,d.value,QUALIFIED_NAME, line no: 67, 0.002565335156053114, insert, 0.9950248756218906, 0.0, 0.14285714285714285
format,SIMPLE_NAME, line no: 63,a.value,QUALIFIED_NAME, line no: 64, 0.002554885816889725, insert, 0.9900990099009901, 0.0, 0.14285714285714285
format,SIMPLE_NAME, line no: 63,b.value,QUALIFIED_NAME, line no: 65, 0.002554885816889725, insert, 0.9900990099009901, 0.0, 0.14285714285714285
format,SIMPLE_NAME, line no: 63,c.value,QUALIFIED_NAME, line no: 66, 0.002554885816889725, insert, 0.9900990099009901, 0.0, 0.14285714285714285
format,SIMPLE_NAME, line no: 63,d.value,QUALIFIED_NAME, line no: 67, 0.002554885816889725, insert, 0.9900990099009901, 0.0, 0.14285714285714285
String,SIMPLE_NAME, line no: 63,i,SIMPLE_NAME, line no: 7, 0.0024762039350284155, insert, 0.0297029702970297, 0.0, 0.16666666666666666
output+=(String.format("Please enter 4 numbers separated by spaces > ")); ,EXPRESSION_STATEMENT, line no: 62,if (c.value < a.value && c.value < b.value && c.value < d.value) {   output+=(String.format("%d is the smallest\n" c.value)); }  else if (d.value < a.value && d.value < b.value && d.value < c.value) {   output+=(String.format("%d is the smallest\n" d.value)); } ,IF_STATEMENT, line no: 72, 0.002343006416104158, insert, 1.0, 1.0, 0.2099236641221374
"Please enter 4 numbers separated by spaces > ",STRING_LITERAL, line no: 63,a.value,QUALIFIED_NAME, line no: 64, 0.002303422311118217, insert, 0.9900990099009901, 0.0, 0.06382978723404255
"Please enter 4 numbers separated by spaces > ",STRING_LITERAL, line no: 63,b.value,QUALIFIED_NAME, line no: 65, 0.002303422311118217, insert, 0.9900990099009901, 0.0, 0.06382978723404255
"Please enter 4 numbers separated by spaces > ",STRING_LITERAL, line no: 63,c.value,QUALIFIED_NAME, line no: 66, 0.002303422311118217, insert, 0.9900990099009901, 0.0, 0.06382978723404255
"Please enter 4 numbers separated by spaces > ",STRING_LITERAL, line no: 63,d.value,QUALIFIED_NAME, line no: 67, 0.002303422311118217, insert, 0.9900990099009901, 0.0, 0.06382978723404255
"Please enter 4 numbers separated by spaces > ",STRING_LITERAL, line no: 63,Scanner,SIMPLE_NAME, line no: 44, 0.0022454148279225854, insert, 0.0049504950495049506, 0.0, 0.10638297872340426
output+=(String.format("Please enter 4 numbers separated by spaces > ")); ,EXPRESSION_STATEMENT, line no: 62,if (true) return; ,IF_STATEMENT, line no: 77, 0.0022153464344633676, insert, 1.0, 0.0, 0.16216216216216217
output+=(String.format("Please enter 4 numbers separated by spaces > ")); ,EXPRESSION_STATEMENT, line no: 62,if (b.value < a.value && b.value < c.value && b.value < d.value) {   output+=(String.format("%d is the smallest\n" b.value)); }  else if (c.value < a.value && c.value < b.value && c.value < d.value) {   output+=(String.format("%d is the smallest\n" c.value)); }  else if (d.value < a.value && d.value < b.value && d.value < c.value) {   output+=(String.format("%d is the smallest\n" d.value)); } ,IF_STATEMENT, line no: 70, 0.002186888426906032, insert, 1.0, 1.0, 0.15151515151515152
a.value=scanner.nextInt(); ,EXPRESSION_STATEMENT, line no: 64,if (d.value < a.value && d.value < b.value && d.value < c.value) {   output+=(String.format("%d is the smallest\n" d.value)); } ,IF_STATEMENT, line no: 74, 0.002157780536964574, insert, 1.0, 1.7142857142857142, 0.140625
b.value=scanner.nextInt(); ,EXPRESSION_STATEMENT, line no: 65,if (d.value < a.value && d.value < b.value && d.value < c.value) {   output+=(String.format("%d is the smallest\n" d.value)); } ,IF_STATEMENT, line no: 74, 0.002157780536964574, insert, 1.0, 1.7142857142857142, 0.140625
d.value=scanner.nextInt(); ,EXPRESSION_STATEMENT, line no: 67,if (d.value < a.value && d.value < b.value && d.value < c.value) {   output+=(String.format("%d is the smallest\n" d.value)); } ,IF_STATEMENT, line no: 74, 0.002157780536964574, insert, 1.0, 1.7142857142857142, 0.140625
c.value=scanner.nextInt(); ,EXPRESSION_STATEMENT, line no: 66,if (d.value < a.value && d.value < b.value && d.value < c.value) {   output+=(String.format("%d is the smallest\n" d.value)); } ,IF_STATEMENT, line no: 74, 0.002136898789832659, insert, 1.0, 1.7142857142857142, 0.1328125
output+=(String.format("Please enter 4 numbers separated by spaces > ")); ,EXPRESSION_STATEMENT, line no: 62,if (a.value < b.value && a.value < c.value && a.value < d.value) {   output+=(String.format("%d is the smallest\n" a.value)); }  else if (b.value < a.value && b.value < c.value && b.value < d.value) {   output+=(String.format("%d is the smallest\n" b.value)); }  else if (c.value < a.value && c.value < b.value && c.value < d.value) {   output+=(String.format("%d is the smallest\n" c.value)); }  else if (d.value < a.value && d.value < b.value && d.value < c.value) {   output+=(String.format("%d is the smallest\n" d.value)); } ,IF_STATEMENT, line no: 68, 0.002094583702248363, insert, 1.0, 1.0, 0.1169811320754717
a.value=scanner.nextInt(); ,EXPRESSION_STATEMENT, line no: 64,if (c.value < a.value && c.value < b.value && c.value < d.value) {   output+=(String.format("%d is the smallest\n" c.value)); }  else if (d.value < a.value && d.value < b.value && d.value < c.value) {   output+=(String.format("%d is the smallest\n" d.value)); } ,IF_STATEMENT, line no: 72, 0.0019961462500045586, insert, 1.0, 1.7142857142857142, 0.08015267175572519
b.value=scanner.nextInt(); ,EXPRESSION_STATEMENT, line no: 65,if (c.value < a.value && c.value < b.value && c.value < d.value) {   output+=(String.format("%d is the smallest\n" c.value)); }  else if (d.value < a.value && d.value < b.value && d.value < c.value) {   output+=(String.format("%d is the smallest\n" d.value)); } ,IF_STATEMENT, line no: 72, 0.0019961462500045586, insert, 1.0, 1.7142857142857142, 0.08015267175572519
c.value=scanner.nextInt(); ,EXPRESSION_STATEMENT, line no: 66,if (c.value < a.value && c.value < b.value && c.value < d.value) {   output+=(String.format("%d is the smallest\n" c.value)); }  else if (d.value < a.value && d.value < b.value && d.value < c.value) {   output+=(String.format("%d is the smallest\n" d.value)); } ,IF_STATEMENT, line no: 72, 0.0019961462500045586, insert, 1.0, 1.7142857142857142, 0.08015267175572519
d.value=scanner.nextInt(); ,EXPRESSION_STATEMENT, line no: 67,if (c.value < a.value && c.value < b.value && c.value < d.value) {   output+=(String.format("%d is the smallest\n" c.value)); }  else if (d.value < a.value && d.value < b.value && d.value < c.value) {   output+=(String.format("%d is the smallest\n" d.value)); } ,IF_STATEMENT, line no: 72, 0.0019961462500045586, insert, 1.0, 1.7142857142857142, 0.08015267175572519
String,SIMPLE_NAME, line no: 63,true,BOOLEAN_LITERAL, line no: 77, 0.0019677171477256537, insert, 0.9801980198019802, 0.0, 0.3333333333333333
a.value=scanner.nextInt(); ,EXPRESSION_STATEMENT, line no: 64,if (b.value < a.value && b.value < c.value && b.value < d.value) {   output+=(String.format("%d is the smallest\n" b.value)); }  else if (c.value < a.value && c.value < b.value && c.value < d.value) {   output+=(String.format("%d is the smallest\n" c.value)); }  else if (d.value < a.value && d.value < b.value && d.value < c.value) {   output+=(String.format("%d is the smallest\n" d.value)); } ,IF_STATEMENT, line no: 70, 0.0019371511682778736, insert, 1.0, 1.7142857142857142, 0.05808080808080808
b.value=scanner.nextInt(); ,EXPRESSION_STATEMENT, line no: 65,if (b.value < a.value && b.value < c.value && b.value < d.value) {   output+=(String.format("%d is the smallest\n" b.value)); }  else if (c.value < a.value && c.value < b.value && c.value < d.value) {   output+=(String.format("%d is the smallest\n" c.value)); }  else if (d.value < a.value && d.value < b.value && d.value < c.value) {   output+=(String.format("%d is the smallest\n" d.value)); } ,IF_STATEMENT, line no: 70, 0.0019371511682778736, insert, 1.0, 1.7142857142857142, 0.05808080808080808
c.value=scanner.nextInt(); ,EXPRESSION_STATEMENT, line no: 66,if (b.value < a.value && b.value < c.value && b.value < d.value) {   output+=(String.format("%d is the smallest\n" b.value)); }  else if (c.value < a.value && c.value < b.value && c.value < d.value) {   output+=(String.format("%d is the smallest\n" c.value)); }  else if (d.value < a.value && d.value < b.value && d.value < c.value) {   output+=(String.format("%d is the smallest\n" d.value)); } ,IF_STATEMENT, line no: 70, 0.0019371511682778736, insert, 1.0, 1.7142857142857142, 0.05808080808080808
d.value=scanner.nextInt(); ,EXPRESSION_STATEMENT, line no: 67,if (b.value < a.value && b.value < c.value && b.value < d.value) {   output+=(String.format("%d is the smallest\n" b.value)); }  else if (c.value < a.value && c.value < b.value && c.value < d.value) {   output+=(String.format("%d is the smallest\n" c.value)); }  else if (d.value < a.value && d.value < b.value && d.value < c.value) {   output+=(String.format("%d is the smallest\n" d.value)); } ,IF_STATEMENT, line no: 70, 0.0019371511682778736, insert, 1.0, 1.7142857142857142, 0.05808080808080808
a.value=scanner.nextInt(); ,EXPRESSION_STATEMENT, line no: 64,if (a.value < b.value && a.value < c.value && a.value < d.value) {   output+=(String.format("%d is the smallest\n" a.value)); }  else if (b.value < a.value && b.value < c.value && b.value < d.value) {   output+=(String.format("%d is the smallest\n" b.value)); }  else if (c.value < a.value && c.value < b.value && c.value < d.value) {   output+=(String.format("%d is the smallest\n" c.value)); }  else if (d.value < a.value && d.value < b.value && d.value < c.value) {   output+=(String.format("%d is the smallest\n" d.value)); } ,IF_STATEMENT, line no: 68, 0.0019079875618393993, insert, 1.0, 1.7142857142857142, 0.04716981132075472
b.value=scanner.nextInt(); ,EXPRESSION_STATEMENT, line no: 65,if (a.value < b.value && a.value < c.value && a.value < d.value) {   output+=(String.format("%d is the smallest\n" a.value)); }  else if (b.value < a.value && b.value < c.value && b.value < d.value) {   output+=(String.format("%d is the smallest\n" b.value)); }  else if (c.value < a.value && c.value < b.value && c.value < d.value) {   output+=(String.format("%d is the smallest\n" c.value)); }  else if (d.value < a.value && d.value < b.value && d.value < c.value) {   output+=(String.format("%d is the smallest\n" d.value)); } ,IF_STATEMENT, line no: 68, 0.0019079875618393993, insert, 1.0, 1.7142857142857142, 0.04716981132075472
c.value=scanner.nextInt(); ,EXPRESSION_STATEMENT, line no: 66,if (a.value < b.value && a.value < c.value && a.value < d.value) {   output+=(String.format("%d is the smallest\n" a.value)); }  else if (b.value < a.value && b.value < c.value && b.value < d.value) {   output+=(String.format("%d is the smallest\n" b.value)); }  else if (c.value < a.value && c.value < b.value && c.value < d.value) {   output+=(String.format("%d is the smallest\n" c.value)); }  else if (d.value < a.value && d.value < b.value && d.value < c.value) {   output+=(String.format("%d is the smallest\n" d.value)); } ,IF_STATEMENT, line no: 68, 0.0019079875618393993, insert, 1.0, 1.7142857142857142, 0.04716981132075472
d.value=scanner.nextInt(); ,EXPRESSION_STATEMENT, line no: 67,if (a.value < b.value && a.value < c.value && a.value < d.value) {   output+=(String.format("%d is the smallest\n" a.value)); }  else if (b.value < a.value && b.value < c.value && b.value < d.value) {   output+=(String.format("%d is the smallest\n" b.value)); }  else if (c.value < a.value && c.value < b.value && c.value < d.value) {   output+=(String.format("%d is the smallest\n" c.value)); }  else if (d.value < a.value && d.value < b.value && d.value < c.value) {   output+=(String.format("%d is the smallest\n" d.value)); } ,IF_STATEMENT, line no: 68, 0.0019079875618393993, insert, 1.0, 1.7142857142857142, 0.04716981132075472
format,SIMPLE_NAME, line no: 63,true,BOOLEAN_LITERAL, line no: 77, 0.0016353769605679765, insert, 0.9801980198019802, 0.0, 0.16666666666666666
String,SIMPLE_NAME, line no: 63,System.in,QUALIFIED_NAME, line no: 53, 0.0016032421078388055, insert, 0.0891089108910891, 0.0, 0.4444444444444444
scanner,SIMPLE_NAME, line no: 64,true,BOOLEAN_LITERAL, line no: 77, 0.0015943825609909892, insert, 0.9850746268656716, 0.0, 0.14285714285714285
nextInt,SIMPLE_NAME, line no: 64,true,BOOLEAN_LITERAL, line no: 77, 0.0015943825609909892, insert, 0.9850746268656716, 0.0, 0.14285714285714285
scanner,SIMPLE_NAME, line no: 65,true,BOOLEAN_LITERAL, line no: 77, 0.0015943825609909892, insert, 0.9850746268656716, 0.0, 0.14285714285714285
nextInt,SIMPLE_NAME, line no: 65,true,BOOLEAN_LITERAL, line no: 77, 0.0015943825609909892, insert, 0.9850746268656716, 0.0, 0.14285714285714285
scanner,SIMPLE_NAME, line no: 66,true,BOOLEAN_LITERAL, line no: 77, 0.0015943825609909892, insert, 0.9850746268656716, 0.0, 0.14285714285714285
nextInt,SIMPLE_NAME, line no: 66,true,BOOLEAN_LITERAL, line no: 77, 0.0015943825609909892, insert, 0.9850746268656716, 0.0, 0.14285714285714285
scanner,SIMPLE_NAME, line no: 67,true,BOOLEAN_LITERAL, line no: 77, 0.0015943825609909892, insert, 0.9850746268656716, 0.0, 0.14285714285714285
nextInt,SIMPLE_NAME, line no: 67,true,BOOLEAN_LITERAL, line no: 77, 0.0015943825609909892, insert, 0.9850746268656716, 0.0, 0.14285714285714285
scanner,SIMPLE_NAME, line no: 64,mainClass.scanner,QUALIFIED_NAME, line no: 51, 0.0014896424244575247, insert, 0.07462686567164178, 1.0, 0.4117647058823529
scanner,SIMPLE_NAME, line no: 65,mainClass.scanner,QUALIFIED_NAME, line no: 51, 0.0014896424244575247, insert, 0.07462686567164178, 1.0, 0.4117647058823529
scanner,SIMPLE_NAME, line no: 66,mainClass.scanner,QUALIFIED_NAME, line no: 51, 0.0014896424244575247, insert, 0.07462686567164178, 1.0, 0.4117647058823529
scanner,SIMPLE_NAME, line no: 67,mainClass.scanner,QUALIFIED_NAME, line no: 51, 0.0014896424244575247, insert, 0.07462686567164178, 1.0, 0.4117647058823529
"Please enter 4 numbers separated by spaces > ",STRING_LITERAL, line no: 63,true,BOOLEAN_LITERAL, line no: 77, 0.0014727424008950706, insert, 0.9801980198019802, 0.0, 0.0851063829787234
"Please enter 4 numbers separated by spaces > ",STRING_LITERAL, line no: 63,java,SIMPLE_NAME, line no: 44, 0.0014416159983257132, insert, 0.009900990099009901, 0.0, 0.0425531914893617
"Please enter 4 numbers separated by spaces > ",STRING_LITERAL, line no: 63,util,SIMPLE_NAME, line no: 44, 0.0014416159983257132, insert, 0.009900990099009901, 0.0, 0.0425531914893617
nextInt,SIMPLE_NAME, line no: 64,args.length,QUALIFIED_NAME, line no: 50, 0.0014271659932360778, insert, 0.263681592039801, 0.0, 0.2727272727272727
nextInt,SIMPLE_NAME, line no: 65,args.length,QUALIFIED_NAME, line no: 50, 0.0014271659932360778, insert, 0.263681592039801, 0.0, 0.2727272727272727
nextInt,SIMPLE_NAME, line no: 66,args.length,QUALIFIED_NAME, line no: 50, 0.0014271659932360778, insert, 0.263681592039801, 0.0, 0.2727272727272727
nextInt,SIMPLE_NAME, line no: 67,args.length,QUALIFIED_NAME, line no: 50, 0.0014271659932360778, insert, 0.263681592039801, 0.0, 0.2727272727272727
String,SIMPLE_NAME, line no: 63,args.length,QUALIFIED_NAME, line no: 50, 0.0014243969183577794, insert, 0.2623762376237624, 0.0, 0.2727272727272727
scanner,SIMPLE_NAME, line no: 64,java.util.Scanner,QUALIFIED_NAME, line no: 51, 0.0013130209325808147, insert, 0.07960199004975124, 0.0, 0.35294117647058826
scanner,SIMPLE_NAME, line no: 65,java.util.Scanner,QUALIFIED_NAME, line no: 51, 0.0013130209325808147, insert, 0.07960199004975124, 0.0, 0.35294117647058826
scanner,SIMPLE_NAME, line no: 66,java.util.Scanner,QUALIFIED_NAME, line no: 51, 0.0013130209325808147, insert, 0.07960199004975124, 0.0, 0.35294117647058826
scanner,SIMPLE_NAME, line no: 67,java.util.Scanner,QUALIFIED_NAME, line no: 51, 0.0013130209325808147, insert, 0.07960199004975124, 0.0, 0.35294117647058826
scanner,SIMPLE_NAME, line no: 64,System.out,QUALIFIED_NAME, line no: 56, 0.0011957492284841167, insert, 0.263681592039801, 0.0, 0.2
nextInt,SIMPLE_NAME, line no: 64,System.out,QUALIFIED_NAME, line no: 56, 0.0011957492284841167, insert, 0.263681592039801, 0.0, 0.2
scanner,SIMPLE_NAME, line no: 65,System.out,QUALIFIED_NAME, line no: 56, 0.0011957492284841167, insert, 0.263681592039801, 0.0, 0.2
nextInt,SIMPLE_NAME, line no: 65,System.out,QUALIFIED_NAME, line no: 56, 0.0011957492284841167, insert, 0.263681592039801, 0.0, 0.2
scanner,SIMPLE_NAME, line no: 66,System.out,QUALIFIED_NAME, line no: 56, 0.0011957492284841167, insert, 0.263681592039801, 0.0, 0.2
nextInt,SIMPLE_NAME, line no: 66,System.out,QUALIFIED_NAME, line no: 56, 0.0011957492284841167, insert, 0.263681592039801, 0.0, 0.2
scanner,SIMPLE_NAME, line no: 67,System.out,QUALIFIED_NAME, line no: 56, 0.0011957492284841167, insert, 0.263681592039801, 0.0, 0.2
nextInt,SIMPLE_NAME, line no: 67,System.out,QUALIFIED_NAME, line no: 56, 0.0011957492284841167, insert, 0.263681592039801, 0.0, 0.2
String,SIMPLE_NAME, line no: 63,System.out,QUALIFIED_NAME, line no: 56, 0.0011929801536058188, insert, 0.2623762376237624, 0.0, 0.2
format,SIMPLE_NAME, line no: 63,System.out,QUALIFIED_NAME, line no: 56, 0.0011929801536058188, insert, 0.2623762376237624, 0.0, 0.2
nextInt,SIMPLE_NAME, line no: 64,mainClass.output,QUALIFIED_NAME, line no: 56, 0.0011559744720423734, insert, 0.263681592039801, 0.0, 0.1875
nextInt,SIMPLE_NAME, line no: 65,mainClass.output,QUALIFIED_NAME, line no: 56, 0.0011559744720423734, insert, 0.263681592039801, 0.0, 0.1875
nextInt,SIMPLE_NAME, line no: 66,mainClass.output,QUALIFIED_NAME, line no: 56, 0.0011559744720423734, insert, 0.263681592039801, 0.0, 0.1875
nextInt,SIMPLE_NAME, line no: 67,mainClass.output,QUALIFIED_NAME, line no: 56, 0.0011559744720423734, insert, 0.263681592039801, 0.0, 0.1875
format,SIMPLE_NAME, line no: 63,mainClass.output,QUALIFIED_NAME, line no: 56, 0.0011532053971640753, insert, 0.2623762376237624, 0.0, 0.1875
scanner,SIMPLE_NAME, line no: 64,args.length,QUALIFIED_NAME, line no: 50, 0.0011378950372961266, insert, 0.263681592039801, 0.0, 0.18181818181818182
scanner,SIMPLE_NAME, line no: 65,args.length,QUALIFIED_NAME, line no: 50, 0.0011378950372961266, insert, 0.263681592039801, 0.0, 0.18181818181818182
scanner,SIMPLE_NAME, line no: 66,args.length,QUALIFIED_NAME, line no: 50, 0.0011378950372961266, insert, 0.263681592039801, 0.0, 0.18181818181818182
scanner,SIMPLE_NAME, line no: 67,args.length,QUALIFIED_NAME, line no: 50, 0.0011378950372961266, insert, 0.263681592039801, 0.0, 0.18181818181818182
format,SIMPLE_NAME, line no: 63,args.length,QUALIFIED_NAME, line no: 50, 0.0011351259624178284, insert, 0.2623762376237624, 0.0, 0.18181818181818182
"Please enter 4 numbers separated by spaces > ",STRING_LITERAL, line no: 63,in,SIMPLE_NAME, line no: 53, 0.0011152475640346397, insert, 0.09405940594059406, 0.0, 0.02127659574468085
output+=(String.format("Please enter 4 numbers separated by spaces > ")); ,EXPRESSION_STATEMENT, line no: 62,if (args.length > 0) {   mainClass.scanner=new java.util.Scanner(args[0]); }  else {   mainClass.scanner=new java.util.Scanner(System.in); } ,IF_STATEMENT, line no: 50, 0.0010466274530661385, insert, 0.25757575757575757, 0.0, 0.2198581560283688
"Please enter 4 numbers separated by spaces > ",STRING_LITERAL, line no: 63,mainClass.output,QUALIFIED_NAME, line no: 56, 9.627943290918999E-4, insert, 0.2623762376237624, 0.0, 0.1276595744680851
scanner,SIMPLE_NAME, line no: 64,mainClass.output,QUALIFIED_NAME, line no: 56, 9.571006898336571E-4, insert, 0.263681592039801, 0.0, 0.125
scanner,SIMPLE_NAME, line no: 65,mainClass.output,QUALIFIED_NAME, line no: 56, 9.571006898336571E-4, insert, 0.263681592039801, 0.0, 0.125
scanner,SIMPLE_NAME, line no: 66,mainClass.output,QUALIFIED_NAME, line no: 56, 9.571006898336571E-4, insert, 0.263681592039801, 0.0, 0.125
scanner,SIMPLE_NAME, line no: 67,mainClass.output,QUALIFIED_NAME, line no: 56, 9.571006898336571E-4, insert, 0.263681592039801, 0.0, 0.125
String,SIMPLE_NAME, line no: 63,mainClass.output,QUALIFIED_NAME, line no: 56, 9.543316149553589E-4, insert, 0.2623762376237624, 0.0, 0.125
String,SIMPLE_NAME, line no: 63,java.util,QUALIFIED_NAME, line no: 44, 9.066369125114643E-4, insert, 0.0049504950495049506, 0.0, 0.2222222222222222
format,SIMPLE_NAME, line no: 63,java.util,QUALIFIED_NAME, line no: 44, 9.066369125114643E-4, insert, 0.0049504950495049506, 0.0, 0.2222222222222222
scanner,SIMPLE_NAME, line no: 64,System.in,QUALIFIED_NAME, line no: 53, 8.970757671769632E-4, insert, 0.08955223880597014, 0.0, 0.2222222222222222
nextInt,SIMPLE_NAME, line no: 64,System.in,QUALIFIED_NAME, line no: 53, 8.970757671769632E-4, insert, 0.08955223880597014, 0.0, 0.2222222222222222
scanner,SIMPLE_NAME, line no: 65,System.in,QUALIFIED_NAME, line no: 53, 8.970757671769632E-4, insert, 0.08955223880597014, 0.0, 0.2222222222222222
nextInt,SIMPLE_NAME, line no: 65,System.in,QUALIFIED_NAME, line no: 53, 8.970757671769632E-4, insert, 0.08955223880597014, 0.0, 0.2222222222222222
scanner,SIMPLE_NAME, line no: 66,System.in,QUALIFIED_NAME, line no: 53, 8.970757671769632E-4, insert, 0.08955223880597014, 0.0, 0.2222222222222222
nextInt,SIMPLE_NAME, line no: 66,System.in,QUALIFIED_NAME, line no: 53, 8.970757671769632E-4, insert, 0.08955223880597014, 0.0, 0.2222222222222222
scanner,SIMPLE_NAME, line no: 67,System.in,QUALIFIED_NAME, line no: 53, 8.970757671769632E-4, insert, 0.08955223880597014, 0.0, 0.2222222222222222
nextInt,SIMPLE_NAME, line no: 67,System.in,QUALIFIED_NAME, line no: 53, 8.970757671769632E-4, insert, 0.08955223880597014, 0.0, 0.2222222222222222
"Please enter 4 numbers separated by spaces > ",STRING_LITERAL, line no: 63,args.length,QUALIFIED_NAME, line no: 50, 8.950926159995711E-4, insert, 0.2623762376237624, 0.0, 0.10638297872340426
"Please enter 4 numbers separated by spaces > ",STRING_LITERAL, line no: 63,System.out,QUALIFIED_NAME, line no: 56, 8.950926159995711E-4, insert, 0.2623762376237624, 0.0, 0.10638297872340426
a.value=scanner.nextInt(); ,EXPRESSION_STATEMENT, line no: 64,if (args.length > 0) {   mainClass.scanner=new java.util.Scanner(args[0]); }  else {   mainClass.scanner=new java.util.Scanner(System.in); } ,IF_STATEMENT, line no: 50, 8.570626564076172E-4, insert, 0.25757575757575757, 0.5, 0.14893617021276595
b.value=scanner.nextInt(); ,EXPRESSION_STATEMENT, line no: 65,if (args.length > 0) {   mainClass.scanner=new java.util.Scanner(args[0]); }  else {   mainClass.scanner=new java.util.Scanner(System.in); } ,IF_STATEMENT, line no: 50, 8.381061767417652E-4, insert, 0.25757575757575757, 0.5, 0.14184397163120568
c.value=scanner.nextInt(); ,EXPRESSION_STATEMENT, line no: 66,if (args.length > 0) {   mainClass.scanner=new java.util.Scanner(args[0]); }  else {   mainClass.scanner=new java.util.Scanner(System.in); } ,IF_STATEMENT, line no: 50, 8.381061767417652E-4, insert, 0.25757575757575757, 0.5, 0.14184397163120568
d.value=scanner.nextInt(); ,EXPRESSION_STATEMENT, line no: 67,if (args.length > 0) {   mainClass.scanner=new java.util.Scanner(args[0]); }  else {   mainClass.scanner=new java.util.Scanner(System.in); } ,IF_STATEMENT, line no: 50, 8.381061767417652E-4, insert, 0.25757575757575757, 0.5, 0.14184397163120568
String,SIMPLE_NAME, line no: 63,java.util.Scanner,QUALIFIED_NAME, line no: 51, 7.5055451876091E-4, insert, 0.07920792079207921, 0.0, 0.17647058823529413
"Please enter 4 numbers separated by spaces > ",STRING_LITERAL, line no: 63,mainClass.scanner,QUALIFIED_NAME, line no: 51, 6.524389512528076E-4, insert, 0.07425742574257425, 0.0, 0.14893617021276595
"Please enter 4 numbers separated by spaces > ",STRING_LITERAL, line no: 63,java.util.Scanner,QUALIFIED_NAME, line no: 51, 5.952388240196846E-4, insert, 0.07920792079207921, 0.0, 0.1276595744680851
nextInt,SIMPLE_NAME, line no: 64,java.util.Scanner,QUALIFIED_NAME, line no: 51, 5.643196348538821E-4, insert, 0.07960199004975124, 0.0, 0.11764705882352941
nextInt,SIMPLE_NAME, line no: 65,java.util.Scanner,QUALIFIED_NAME, line no: 51, 5.643196348538821E-4, insert, 0.07960199004975124, 0.0, 0.11764705882352941
nextInt,SIMPLE_NAME, line no: 66,java.util.Scanner,QUALIFIED_NAME, line no: 51, 5.643196348538821E-4, insert, 0.07960199004975124, 0.0, 0.11764705882352941
nextInt,SIMPLE_NAME, line no: 67,java.util.Scanner,QUALIFIED_NAME, line no: 51, 5.643196348538821E-4, insert, 0.07960199004975124, 0.0, 0.11764705882352941
format,SIMPLE_NAME, line no: 63,java.util.Scanner,QUALIFIED_NAME, line no: 51, 5.63379194329177E-4, insert, 0.07920792079207921, 0.0, 0.11764705882352941
scanner,SIMPLE_NAME, line no: 64,java.util,QUALIFIED_NAME, line no: 44, 5.540762091387126E-4, insert, 0.004975124378109453, 0.0, 0.1111111111111111
nextInt,SIMPLE_NAME, line no: 64,java.util,QUALIFIED_NAME, line no: 44, 5.540762091387126E-4, insert, 0.004975124378109453, 0.0, 0.1111111111111111
scanner,SIMPLE_NAME, line no: 65,java.util,QUALIFIED_NAME, line no: 44, 5.540762091387126E-4, insert, 0.004975124378109453, 0.0, 0.1111111111111111
nextInt,SIMPLE_NAME, line no: 65,java.util,QUALIFIED_NAME, line no: 44, 5.540762091387126E-4, insert, 0.004975124378109453, 0.0, 0.1111111111111111
scanner,SIMPLE_NAME, line no: 66,java.util,QUALIFIED_NAME, line no: 44, 5.540762091387126E-4, insert, 0.004975124378109453, 0.0, 0.1111111111111111
nextInt,SIMPLE_NAME, line no: 66,java.util,QUALIFIED_NAME, line no: 44, 5.540762091387126E-4, insert, 0.004975124378109453, 0.0, 0.1111111111111111
scanner,SIMPLE_NAME, line no: 67,java.util,QUALIFIED_NAME, line no: 44, 5.540762091387126E-4, insert, 0.004975124378109453, 0.0, 0.1111111111111111
nextInt,SIMPLE_NAME, line no: 67,java.util,QUALIFIED_NAME, line no: 44, 5.540762091387126E-4, insert, 0.004975124378109453, 0.0, 0.1111111111111111
nextInt,SIMPLE_NAME, line no: 64,mainClass.scanner,QUALIFIED_NAME, line no: 51, 5.53765802298859E-4, insert, 0.07462686567164178, 0.0, 0.11764705882352941
nextInt,SIMPLE_NAME, line no: 65,mainClass.scanner,QUALIFIED_NAME, line no: 51, 5.53765802298859E-4, insert, 0.07462686567164178, 0.0, 0.11764705882352941
nextInt,SIMPLE_NAME, line no: 66,mainClass.scanner,QUALIFIED_NAME, line no: 51, 5.53765802298859E-4, insert, 0.07462686567164178, 0.0, 0.11764705882352941
nextInt,SIMPLE_NAME, line no: 67,mainClass.scanner,QUALIFIED_NAME, line no: 51, 5.53765802298859E-4, insert, 0.07462686567164178, 0.0, 0.11764705882352941
String,SIMPLE_NAME, line no: 63,mainClass.scanner,QUALIFIED_NAME, line no: 51, 5.528776084699708E-4, insert, 0.07425742574257425, 0.0, 0.11764705882352941
format,SIMPLE_NAME, line no: 63,mainClass.scanner,QUALIFIED_NAME, line no: 51, 5.528776084699708E-4, insert, 0.07425742574257425, 0.0, 0.11764705882352941
format,SIMPLE_NAME, line no: 63,System.in,QUALIFIED_NAME, line no: 53, 5.425819360589843E-4, insert, 0.0891089108910891, 0.0, 0.1111111111111111
"Please enter 4 numbers separated by spaces > ",STRING_LITERAL, line no: 63,System.in,QUALIFIED_NAME, line no: 53, 4.598353978350267E-4, insert, 0.0891089108910891, 0.0, 0.0851063829787234
"Please enter 4 numbers separated by spaces > ",STRING_LITERAL, line no: 63,java.util,QUALIFIED_NAME, line no: 44, 4.0263527060190393E-4, insert, 0.0049504950495049506, 0.0, 0.06382978723404255
