output+=(String.format("\nEnter an integer > ")); ,EXPRESSION_STATEMENT, line no: 61,output+=(String.format("\nEnter an integer > ")); ,EXPRESSION_STATEMENT, line no: 61, 0.02881460133335181, insert, 1.0, 1.0, 1.0
n.value=scanner.nextInt(); ,EXPRESSION_STATEMENT, line no: 62,n.value=scanner.nextInt(); ,EXPRESSION_STATEMENT, line no: 62, 0.02881460133335181, insert, 1.0, 3.0, 1.0
digit.value=0; ,EXPRESSION_STATEMENT, line no: 63,digit.value=0; ,EXPRESSION_STATEMENT, line no: 63, 0.02881460133335181, insert, 1.0, 2.0, 1.0
output+=(String.format("\nThat's all  have a nice day!")); ,EXPRESSION_STATEMENT, line no: 69,output+=(String.format("\nThat's all  have a nice day!")); ,EXPRESSION_STATEMENT, line no: 69, 0.02881460133335181, insert, 1.0, 1.0, 1.0
output+=(String.format("\nEnter an integer > ")); ,EXPRESSION_STATEMENT, line no: 61,output+=(String.format("\nThat's all  have a nice day!")); ,EXPRESSION_STATEMENT, line no: 69, 0.022954004451992124, insert, 1.0, 1.0, 0.6610169491525424
output+=(String.format("\nThat's all  have a nice day!")); ,EXPRESSION_STATEMENT, line no: 69,output+=(String.format("\nEnter an integer > ")); ,EXPRESSION_STATEMENT, line no: 61, 0.022954004451992124, insert, 1.0, 1.0, 0.6610169491525424
n.value=scanner.nextInt(); ,EXPRESSION_STATEMENT, line no: 62,digit.value=0; ,EXPRESSION_STATEMENT, line no: 63, 0.017288760800011085, insert, 1.0, 0.5, 0.3333333333333333
digit.value=0; ,EXPRESSION_STATEMENT, line no: 63,n.value=scanner.nextInt(); ,EXPRESSION_STATEMENT, line no: 62, 0.017288760800011085, insert, 1.0, 0.75, 0.3333333333333333
output+=(String.format("\nEnter an integer > ")); ,EXPRESSION_STATEMENT, line no: 61,output+=(String.format("\n%d" digit.value)); ,EXPRESSION_STATEMENT, line no: 66, 0.016487440458169304, insert, 0.44047619047619047, 1.0, 0.66
output+=(String.format("\nEnter an integer > ")); ,EXPRESSION_STATEMENT, line no: 61,n.value=scanner.nextInt(); ,EXPRESSION_STATEMENT, line no: 62, 0.016020918341343608, insert, 1.0, 0.0, 0.26
n.value=scanner.nextInt(); ,EXPRESSION_STATEMENT, line no: 62,output+=(String.format("\nEnter an integer > ")); ,EXPRESSION_STATEMENT, line no: 61, 0.016020918341343608, insert, 1.0, 0.0, 0.26
digit.value=0; ,EXPRESSION_STATEMENT, line no: 63,digit.value=n.value % 10; ,EXPRESSION_STATEMENT, line no: 65, 0.015051143407091455, insert, 0.44047619047619047, 2.0, 0.5769230769230769
output+=(String.format("\nThat's all  have a nice day!")); ,EXPRESSION_STATEMENT, line no: 69,output+=(String.format("\n%d" digit.value)); ,EXPRESSION_STATEMENT, line no: 66, 0.01503987302847346, insert, 0.44047619047619047, 1.0, 0.576271186440678
n.value=scanner.nextInt(); ,EXPRESSION_STATEMENT, line no: 62,output+=(String.format("\nThat's all  have a nice day!")); ,EXPRESSION_STATEMENT, line no: 69, 0.014749168818088555, insert, 1.0, 0.0, 0.1864406779661017
output+=(String.format("\nThat's all  have a nice day!")); ,EXPRESSION_STATEMENT, line no: 69,n.value=scanner.nextInt(); ,EXPRESSION_STATEMENT, line no: 62, 0.014749168818088555, insert, 1.0, 0.0, 0.1864406779661017
output+=(String.format("\nEnter an integer > ")); ,EXPRESSION_STATEMENT, line no: 61,digit.value=0; ,EXPRESSION_STATEMENT, line no: 63, 0.013946267045342277, insert, 1.0, 0.0, 0.14
digit.value=0; ,EXPRESSION_STATEMENT, line no: 63,output+=(String.format("\nEnter an integer > ")); ,EXPRESSION_STATEMENT, line no: 61, 0.013946267045342277, insert, 1.0, 0.0, 0.14
digit.value=0; ,EXPRESSION_STATEMENT, line no: 63,output+=(String.format("\nThat's all  have a nice day!")); ,EXPRESSION_STATEMENT, line no: 69, 0.013870079285884601, insert, 1.0, 0.0, 0.13559322033898305
output+=(String.format("\nThat's all  have a nice day!")); ,EXPRESSION_STATEMENT, line no: 69,digit.value=0; ,EXPRESSION_STATEMENT, line no: 63, 0.013870079285884601, insert, 1.0, 0.0, 0.13559322033898305
n.value=scanner.nextInt(); ,EXPRESSION_STATEMENT, line no: 62,mainClass.exec(); ,EXPRESSION_STATEMENT, line no: 55, 0.013401076493130286, insert, 0.6071428571428571, 0.0, 0.37037037037037035
n.value=scanner.nextInt(); ,EXPRESSION_STATEMENT, line no: 62,digit.value=n.value % 10; ,EXPRESSION_STATEMENT, line no: 65, 0.0127607520190558, insert, 0.44047619047619047, 1.5, 0.4444444444444444
output+=(String.format("\nEnter an integer > ")); ,EXPRESSION_STATEMENT, line no: 61,System.out.println(mainClass.output); ,EXPRESSION_STATEMENT, line no: 56, 0.012530235208388986, insert, 0.6071428571428571, 1.0, 0.32
n.value=scanner.nextInt(); ,EXPRESSION_STATEMENT, line no: 62,n.value=(n.value - digit.value) / 10; ,EXPRESSION_STATEMENT, line no: 67, 0.011901369172271624, insert, 0.44047619047619047, 1.5, 0.39473684210526316
digit.value=0; ,EXPRESSION_STATEMENT, line no: 63,mainClass.exec(); ,EXPRESSION_STATEMENT, line no: 55, 0.011800265307944074, insert, 0.6071428571428571, 0.0, 0.2777777777777778
n.value=scanner.nextInt(); ,EXPRESSION_STATEMENT, line no: 62,System.out.println(mainClass.output); ,EXPRESSION_STATEMENT, line no: 56, 0.011547505647125198, insert, 0.6071428571428571, 0.0, 0.2631578947368421
digit.value=0; ,EXPRESSION_STATEMENT, line no: 63,n.value=(n.value - digit.value) / 10; ,EXPRESSION_STATEMENT, line no: 67, 0.01144640178279765, insert, 0.44047619047619047, 2.0, 0.3684210526315789
output+=(String.format("\nThat's all  have a nice day!")); ,EXPRESSION_STATEMENT, line no: 69,System.out.println(mainClass.output); ,EXPRESSION_STATEMENT, line no: 56, 0.011393279413405205, insert, 0.6071428571428571, 1.0, 0.2542372881355932
String,SIMPLE_NAME, line no: 61,String,SIMPLE_NAME, line no: 49, 0.011066221125569469, insert, 0.5795454545454546, 0.0, 1.0
format,SIMPLE_NAME, line no: 61,format,SIMPLE_NAME, line no: 61, 0.011066221125569469, insert, 1.0, 0.0, 1.0
scanner,SIMPLE_NAME, line no: 62,scanner,SIMPLE_NAME, line no: 51, 0.011066221125569469, insert, 0.19540229885057472, 1.0, 1.0
nextInt,SIMPLE_NAME, line no: 62,nextInt,SIMPLE_NAME, line no: 62, 0.011066221125569469, insert, 1.0, 0.0, 1.0
String,SIMPLE_NAME, line no: 69,String,SIMPLE_NAME, line no: 49, 0.011066221125569469, insert, 0.5795454545454546, 0.0, 1.0
format,SIMPLE_NAME, line no: 69,format,SIMPLE_NAME, line no: 61, 0.011066221125569469, insert, 1.0, 0.0, 1.0
output+=(String.format("\nEnter an integer > ")); ,EXPRESSION_STATEMENT, line no: 61,n.value=(n.value - digit.value) / 10; ,EXPRESSION_STATEMENT, line no: 67, 0.010609261786165532, insert, 0.44047619047619047, 0.0, 0.32
digit.value=0; ,EXPRESSION_STATEMENT, line no: 63,System.out.println(mainClass.output); ,EXPRESSION_STATEMENT, line no: 56, 0.01018260347870327, insert, 0.6071428571428571, 0.0, 0.18421052631578946
output+=(String.format("\nEnter an integer > ")); ,EXPRESSION_STATEMENT, line no: 61,mainClass.exec(); ,EXPRESSION_STATEMENT, line no: 55, 0.010109808696387435, insert, 0.6071428571428571, 0.0, 0.18
digit.value=0; ,EXPRESSION_STATEMENT, line no: 63,output+=(String.format("\n%d" digit.value)); ,EXPRESSION_STATEMENT, line no: 66, 0.010071389227942965, insert, 0.44047619047619047, 2.0, 0.28888888888888886
output+=(String.format("\nThat's all  have a nice day!")); ,EXPRESSION_STATEMENT, line no: 69,mainClass.exec(); ,EXPRESSION_STATEMENT, line no: 55, 0.009928130193065285, insert, 0.6071428571428571, 0.0, 0.1694915254237288
digit.value=0; ,EXPRESSION_STATEMENT, line no: 63,value=i; ,EXPRESSION_STATEMENT, line no: 7, 0.00976952197587928, insert, 0.047619047619047616, 0.5, 0.5333333333333333
output+=(String.format("\nThat's all  have a nice day!")); ,EXPRESSION_STATEMENT, line no: 69,n.value=(n.value - digit.value) / 10; ,EXPRESSION_STATEMENT, line no: 67, 0.009472305991181752, insert, 0.44047619047619047, 0.0, 0.2542372881355932
n.value=scanner.nextInt(); ,EXPRESSION_STATEMENT, line no: 62,output+=(String.format("\n%d" digit.value)); ,EXPRESSION_STATEMENT, line no: 66, 0.008918805174608893, insert, 0.44047619047619047, 0.6000000000000001, 0.2222222222222222
output+=(String.format("\nEnter an integer > ")); ,EXPRESSION_STATEMENT, line no: 61,digit.value=n.value % 10; ,EXPRESSION_STATEMENT, line no: 65, 0.008880385706164427, insert, 0.44047619047619047, 0.0, 0.22
output+=(String.format("\nThat's all  have a nice day!")); ,EXPRESSION_STATEMENT, line no: 69,digit.value=n.value % 10; ,EXPRESSION_STATEMENT, line no: 65, 0.0085932164589778, insert, 0.44047619047619047, 0.0, 0.2033898305084746
output+=(String.format("\nEnter an integer > ")); ,EXPRESSION_STATEMENT, line no: 61,mainClass.scanner=new java.util.Scanner(args[0]); ,EXPRESSION_STATEMENT, line no: 51, 0.007799152094227223, insert, 0.16666666666666666, 0.0, 0.34
n.value=scanner.nextInt(); ,EXPRESSION_STATEMENT, line no: 62,mainClass.scanner=new java.util.Scanner(args[0]); ,EXPRESSION_STATEMENT, line no: 51, 0.007799152094227223, insert, 0.16666666666666666, 0.5, 0.34
output+=(String.format("\nEnter an integer > ")); ,EXPRESSION_STATEMENT, line no: 61,mainClass.scanner=new java.util.Scanner(System.in); ,EXPRESSION_STATEMENT, line no: 53, 0.00771028068645183, insert, 0.17857142857142858, 0.0, 0.3269230769230769
n.value=scanner.nextInt(); ,EXPRESSION_STATEMENT, line no: 62,mainClass.scanner=new java.util.Scanner(System.in); ,EXPRESSION_STATEMENT, line no: 53, 0.00771028068645183, insert, 0.17857142857142858, 0.5, 0.3269230769230769
nextInt,SIMPLE_NAME, line no: 62,IntObj,SIMPLE_NAME, line no: 60, 0.007119450635464891, insert, 0.9655172413793104, 0.0, 0.42857142857142855
output+=(String.format("\nThat's all  have a nice day!")); ,EXPRESSION_STATEMENT, line no: 69,mainClass.scanner=new java.util.Scanner(System.in); ,EXPRESSION_STATEMENT, line no: 53, 0.007039693158680867, insert, 0.17857142857142858, 0.0, 0.288135593220339
output+=(String.format("\nThat's all  have a nice day!")); ,EXPRESSION_STATEMENT, line no: 69,mainClass.scanner=new java.util.Scanner(args[0]); ,EXPRESSION_STATEMENT, line no: 51, 0.0069024807713791905, insert, 0.16666666666666666, 0.0, 0.288135593220339
scanner,SIMPLE_NAME, line no: 62,Scanner,SIMPLE_NAME, line no: 44, 0.006657903810194833, insert, 0.011494252873563218, 0.0, 0.8571428571428571
String,SIMPLE_NAME, line no: 61,digit,SIMPLE_NAME, line no: 60, 0.006539130665109232, insert, 0.9545454545454546, 0.0, 0.3333333333333333
format,SIMPLE_NAME, line no: 61,output,SIMPLE_NAME, line no: 49, 0.006539130665109232, insert, 0.5795454545454546, 0.0, 0.3333333333333333
String,SIMPLE_NAME, line no: 69,digit,SIMPLE_NAME, line no: 60, 0.006539130665109232, insert, 0.9545454545454546, 0.0, 0.3333333333333333
format,SIMPLE_NAME, line no: 69,output,SIMPLE_NAME, line no: 49, 0.006539130665109232, insert, 0.5795454545454546, 0.0, 0.3333333333333333
scanner,SIMPLE_NAME, line no: 62,nextInt,SIMPLE_NAME, line no: 62, 0.006323554928896839, insert, 1.0, 0.0, 0.2857142857142857
nextInt,SIMPLE_NAME, line no: 62,String,SIMPLE_NAME, line no: 49, 0.006323554928896839, insert, 0.5862068965517241, 0.0, 0.2857142857142857
nextInt,SIMPLE_NAME, line no: 62,scanner,SIMPLE_NAME, line no: 51, 0.006323554928896839, insert, 0.19540229885057472, 0.0, 0.2857142857142857
String,SIMPLE_NAME, line no: 61,nextInt,SIMPLE_NAME, line no: 62, 0.006273253923780615, insert, 0.9886363636363636, 0.0, 0.2857142857142857
String,SIMPLE_NAME, line no: 69,nextInt,SIMPLE_NAME, line no: 62, 0.006273253923780615, insert, 0.9886363636363636, 0.0, 0.2857142857142857
scanner,SIMPLE_NAME, line no: 62,value,SIMPLE_NAME, line no: 7, 0.006272675751308014, insert, 0.06896551724137931, 0.0, 0.2857142857142857
nextInt,SIMPLE_NAME, line no: 62,output,SIMPLE_NAME, line no: 49, 0.006272675751308014, insert, 0.5862068965517241, 0.0, 0.2857142857142857
"\nEnter an integer > ",STRING_LITERAL, line no: 61,String,SIMPLE_NAME, line no: 49, 0.005869908597041197, insert, 0.5795454545454546, 0.0, 0.21739130434782608
"\nEnter an integer > ",STRING_LITERAL, line no: 61,scanner,SIMPLE_NAME, line no: 51, 0.005819607591924973, insert, 0.19318181818181818, 0.0, 0.21739130434782608
String,SIMPLE_NAME, line no: 66,String,SIMPLE_NAME, line no: 49, 0.005714572016637233, insert, 0.7804878048780488, 0.0, 1.0
format,SIMPLE_NAME, line no: 66,format,SIMPLE_NAME, line no: 61, 0.005714572016637233, insert, 1.0, 0.0, 1.0
digit,SIMPLE_NAME, line no: 66,digit,SIMPLE_NAME, line no: 60, 0.005714572016637233, insert, 1.0, 1.0, 1.0
value,SIMPLE_NAME, line no: 66,value,SIMPLE_NAME, line no: 7, 0.005714572016637233, insert, 0.14285714285714285, 1.0, 1.0
n.value=scanner.nextInt(); ,EXPRESSION_STATEMENT, line no: 62,value=i; ,EXPRESSION_STATEMENT, line no: 7, 0.005671445341802577, insert, 0.047619047619047616, 0.3333333333333333, 0.2962962962962963
nextInt,SIMPLE_NAME, line no: 62,println,SIMPLE_NAME, line no: 56, 0.00554219613021131, insert, 0.6091954022988506, 0.0, 0.42857142857142855
String,SIMPLE_NAME, line no: 61,format,SIMPLE_NAME, line no: 61, 0.0055331105627847346, insert, 1.0, 0.0, 0.16666666666666666
format,SIMPLE_NAME, line no: 61,String,SIMPLE_NAME, line no: 49, 0.0055331105627847346, insert, 0.5795454545454546, 0.0, 0.16666666666666666
String,SIMPLE_NAME, line no: 69,format,SIMPLE_NAME, line no: 61, 0.0055331105627847346, insert, 1.0, 0.0, 0.16666666666666666
format,SIMPLE_NAME, line no: 69,String,SIMPLE_NAME, line no: 49, 0.0055331105627847346, insert, 0.5795454545454546, 0.0, 0.16666666666666666
"\nEnter an integer > ",STRING_LITERAL, line no: 61,nextInt,SIMPLE_NAME, line no: 62, 0.00553092356256229, insert, 0.9886363636363636, 0.0, 0.17391304347826086
String,SIMPLE_NAME, line no: 61,println,SIMPLE_NAME, line no: 56, 0.005511552989163495, insert, 0.6022727272727273, 0.0, 0.42857142857142855
String,SIMPLE_NAME, line no: 69,println,SIMPLE_NAME, line no: 56, 0.005511552989163495, insert, 0.6022727272727273, 0.0, 0.42857142857142855
nextInt,SIMPLE_NAME, line no: 62,length,SIMPLE_NAME, line no: 50, 0.005491316952622485, insert, 0.5977011494252874, 0.0, 0.42857142857142855
String,SIMPLE_NAME, line no: 61,output,SIMPLE_NAME, line no: 49, 0.005432508552552285, insert, 0.5795454545454546, 0.0, 0.16666666666666666
String,SIMPLE_NAME, line no: 61,n,SIMPLE_NAME, line no: 60, 0.005432508552552285, insert, 0.9545454545454546, 0.0, 0.16666666666666666
format,SIMPLE_NAME, line no: 61,value,SIMPLE_NAME, line no: 7, 0.005432508552552285, insert, 0.06818181818181818, 0.0, 0.16666666666666666
format,SIMPLE_NAME, line no: 61,digit,SIMPLE_NAME, line no: 60, 0.005432508552552285, insert, 0.9545454545454546, 0.0, 0.16666666666666666
String,SIMPLE_NAME, line no: 69,output,SIMPLE_NAME, line no: 49, 0.005432508552552285, insert, 0.5795454545454546, 0.0, 0.16666666666666666
String,SIMPLE_NAME, line no: 69,n,SIMPLE_NAME, line no: 60, 0.005432508552552285, insert, 0.9545454545454546, 0.0, 0.16666666666666666
format,SIMPLE_NAME, line no: 69,value,SIMPLE_NAME, line no: 7, 0.005432508552552285, insert, 0.06818181818181818, 0.0, 0.16666666666666666
format,SIMPLE_NAME, line no: 69,digit,SIMPLE_NAME, line no: 60, 0.005432508552552285, insert, 0.9545454545454546, 0.0, 0.16666666666666666
scanner,SIMPLE_NAME, line no: 62,String,SIMPLE_NAME, line no: 49, 0.005375021689562313, insert, 0.5862068965517241, 0.0, 0.14285714285714285
scanner,SIMPLE_NAME, line no: 62,format,SIMPLE_NAME, line no: 61, 0.005375021689562313, insert, 1.0, 0.0, 0.14285714285714285
nextInt,SIMPLE_NAME, line no: 62,format,SIMPLE_NAME, line no: 61, 0.005375021689562313, insert, 1.0, 0.0, 0.14285714285714285
String,SIMPLE_NAME, line no: 61,IntObj,SIMPLE_NAME, line no: 60, 0.005331906542319835, insert, 0.9545454545454546, 0.0, 0.16666666666666666
format,SIMPLE_NAME, line no: 61,IntObj,SIMPLE_NAME, line no: 60, 0.005331906542319835, insert, 0.9545454545454546, 0.0, 0.16666666666666666
String,SIMPLE_NAME, line no: 69,IntObj,SIMPLE_NAME, line no: 60, 0.005331906542319835, insert, 0.9545454545454546, 0.0, 0.16666666666666666
format,SIMPLE_NAME, line no: 69,IntObj,SIMPLE_NAME, line no: 60, 0.005331906542319835, insert, 0.9545454545454546, 0.0, 0.16666666666666666
String,SIMPLE_NAME, line no: 61,scanner,SIMPLE_NAME, line no: 51, 0.005324720684446089, insert, 0.19318181818181818, 0.0, 0.14285714285714285
format,SIMPLE_NAME, line no: 61,scanner,SIMPLE_NAME, line no: 51, 0.005324720684446089, insert, 0.19318181818181818, 0.0, 0.14285714285714285
format,SIMPLE_NAME, line no: 61,nextInt,SIMPLE_NAME, line no: 62, 0.005324720684446089, insert, 0.9886363636363636, 0.0, 0.14285714285714285
String,SIMPLE_NAME, line no: 69,scanner,SIMPLE_NAME, line no: 51, 0.005324720684446089, insert, 0.19318181818181818, 0.0, 0.14285714285714285
format,SIMPLE_NAME, line no: 69,scanner,SIMPLE_NAME, line no: 51, 0.005324720684446089, insert, 0.19318181818181818, 0.0, 0.14285714285714285
format,SIMPLE_NAME, line no: 69,nextInt,SIMPLE_NAME, line no: 62, 0.005324720684446089, insert, 0.9886363636363636, 0.0, 0.14285714285714285
scanner,SIMPLE_NAME, line no: 62,n,SIMPLE_NAME, line no: 60, 0.005324142511973488, insert, 0.9655172413793104, 0.0, 0.14285714285714285
nextInt,SIMPLE_NAME, line no: 62,value,SIMPLE_NAME, line no: 7, 0.005324142511973488, insert, 0.06896551724137931, 0.0, 0.14285714285714285
nextInt,SIMPLE_NAME, line no: 62,n,SIMPLE_NAME, line no: 60, 0.005324142511973488, insert, 0.9655172413793104, 0.0, 0.14285714285714285
nextInt,SIMPLE_NAME, line no: 62,digit,SIMPLE_NAME, line no: 60, 0.005324142511973488, insert, 0.9655172413793104, 0.0, 0.14285714285714285
"\nEnter an integer > ",STRING_LITERAL, line no: 61,format,SIMPLE_NAME, line no: 61, 0.005292540538315833, insert, 1.0, 0.0, 0.13043478260869565
scanner,SIMPLE_NAME, line no: 62,IntObj,SIMPLE_NAME, line no: 60, 0.0052223841567958385, insert, 0.9655172413793104, 0.0, 0.14285714285714285
"\nThat's all  have a nice day!",STRING_LITERAL, line no: 69,scanner,SIMPLE_NAME, line no: 51, 0.005206154029529273, insert, 0.19318181818181818, 0.0, 0.125
digit.value=0; ,EXPRESSION_STATEMENT, line no: 63,mainClass.scanner=new java.util.Scanner(args[0]); ,EXPRESSION_STATEMENT, line no: 51, 0.00503295036622545, insert, 0.16666666666666666, 0.0, 0.18
"\nThat's all  have a nice day!",STRING_LITERAL, line no: 69,nextInt,SIMPLE_NAME, line no: 62, 0.004998662383424847, insert, 0.9886363636363636, 0.0, 0.09375
"\nThat's all  have a nice day!",STRING_LITERAL, line no: 69,value,SIMPLE_NAME, line no: 7, 0.004948361378308621, insert, 0.06818181818181818, 0.0, 0.09375
"\nEnter an integer > ",STRING_LITERAL, line no: 61,value,SIMPLE_NAME, line no: 7, 0.004903254498720701, insert, 0.06818181818181818, 0.0, 0.08695652173913043
"\nEnter an integer > ",STRING_LITERAL, line no: 61,output,SIMPLE_NAME, line no: 49, 0.004903254498720701, insert, 0.5795454545454546, 0.0, 0.08695652173913043
"\nEnter an integer > ",STRING_LITERAL, line no: 61,digit,SIMPLE_NAME, line no: 60, 0.004903254498720701, insert, 0.9545454545454546, 0.0, 0.08695652173913043
String,SIMPLE_NAME, line no: 61,System,SIMPLE_NAME, line no: 53, 0.004879197496273811, insert, 0.2159090909090909, 0.0, 0.3333333333333333
format,SIMPLE_NAME, line no: 61,out,SIMPLE_NAME, line no: 56, 0.004879197496273811, insert, 0.6022727272727273, 0.0, 0.3333333333333333
String,SIMPLE_NAME, line no: 69,System,SIMPLE_NAME, line no: 53, 0.004879197496273811, insert, 0.2159090909090909, 0.0, 0.3333333333333333
format,SIMPLE_NAME, line no: 69,out,SIMPLE_NAME, line no: 56, 0.004879197496273811, insert, 0.6022727272727273, 0.0, 0.3333333333333333
"\nThat's all  have a nice day!",STRING_LITERAL, line no: 69,String,SIMPLE_NAME, line no: 49, 0.0048414717424366425, insert, 0.5795454545454546, 0.0, 0.0625
"\nThat's all  have a nice day!",STRING_LITERAL, line no: 69,format,SIMPLE_NAME, line no: 61, 0.0048414717424366425, insert, 1.0, 0.0, 0.0625
String,SIMPLE_NAME, line no: 61,args,SIMPLE_NAME, line no: 50, 0.004828896491157587, insert, 0.5909090909090909, 0.0, 0.3333333333333333
String,SIMPLE_NAME, line no: 61,length,SIMPLE_NAME, line no: 50, 0.004828896491157587, insert, 0.5909090909090909, 0.0, 0.3333333333333333
String,SIMPLE_NAME, line no: 69,args,SIMPLE_NAME, line no: 50, 0.004828896491157587, insert, 0.5909090909090909, 0.0, 0.3333333333333333
String,SIMPLE_NAME, line no: 69,length,SIMPLE_NAME, line no: 50, 0.004828896491157587, insert, 0.5909090909090909, 0.0, 0.3333333333333333
"\nEnter an integer > ",STRING_LITERAL, line no: 61,IntObj,SIMPLE_NAME, line no: 60, 0.004802652488488252, insert, 0.9545454545454546, 0.0, 0.08695652173913043
digit.value=0; ,EXPRESSION_STATEMENT, line no: 63,mainClass.scanner=new java.util.Scanner(System.in); ,EXPRESSION_STATEMENT, line no: 53, 0.00471799516337299, insert, 0.17857142857142858, 0.0, 0.15384615384615385
"\nThat's all  have a nice day!",STRING_LITERAL, line no: 69,IntObj,SIMPLE_NAME, line no: 60, 0.004640267721971743, insert, 0.9545454545454546, 0.0, 0.0625
"\nEnter an integer > ",STRING_LITERAL, line no: 61,n,SIMPLE_NAME, line no: 60, 0.0046145704693580205, insert, 0.9545454545454546, 0.0, 0.043478260869565216
scanner,SIMPLE_NAME, line no: 62,System,SIMPLE_NAME, line no: 53, 0.004593662890876785, insert, 0.21839080459770116, 0.0, 0.2857142857142857
scanner,SIMPLE_NAME, line no: 62,println,SIMPLE_NAME, line no: 56, 0.004593662890876785, insert, 0.6091954022988506, 0.0, 0.2857142857142857
nextInt,SIMPLE_NAME, line no: 62,exec,SIMPLE_NAME, line no: 55, 0.004593662890876785, insert, 0.6091954022988506, 0.0, 0.2857142857142857
format,SIMPLE_NAME, line no: 61,println,SIMPLE_NAME, line no: 56, 0.0045630197498289695, insert, 0.6022727272727273, 0.0, 0.2857142857142857
format,SIMPLE_NAME, line no: 69,println,SIMPLE_NAME, line no: 56, 0.0045630197498289695, insert, 0.6022727272727273, 0.0, 0.2857142857142857
scanner,SIMPLE_NAME, line no: 62,args,SIMPLE_NAME, line no: 50, 0.004542783713287959, insert, 0.5977011494252874, 0.0, 0.2857142857142857
"\nThat's all  have a nice day!",STRING_LITERAL, line no: 69,output,SIMPLE_NAME, line no: 49, 0.004533378086099766, insert, 0.5795454545454546, 0.0, 0.03125
"\nThat's all  have a nice day!",STRING_LITERAL, line no: 69,n,SIMPLE_NAME, line no: 60, 0.004533378086099766, insert, 0.9545454545454546, 0.0, 0.03125
"\nThat's all  have a nice day!",STRING_LITERAL, line no: 69,digit,SIMPLE_NAME, line no: 60, 0.004533378086099766, insert, 0.9545454545454546, 0.0, 0.03125
scanner,SIMPLE_NAME, line no: 62,mainClass,SIMPLE_NAME, line no: 48, 0.004172092562283663, insert, 0.5862068965517241, 0.0, 0.2222222222222222
String,SIMPLE_NAME, line no: 61,mainClass,SIMPLE_NAME, line no: 48, 0.004141449421235847, insert, 0.5795454545454546, 0.0, 0.2222222222222222
format,SIMPLE_NAME, line no: 61,mainClass,SIMPLE_NAME, line no: 48, 0.004141449421235847, insert, 0.5795454545454546, 0.0, 0.2222222222222222
String,SIMPLE_NAME, line no: 69,mainClass,SIMPLE_NAME, line no: 48, 0.004141449421235847, insert, 0.5795454545454546, 0.0, 0.2222222222222222
format,SIMPLE_NAME, line no: 69,mainClass,SIMPLE_NAME, line no: 48, 0.004141449421235847, insert, 0.5795454545454546, 0.0, 0.2222222222222222
digit.value,QUALIFIED_NAME, line no: 66,value,SIMPLE_NAME, line no: 7, 0.0038443484475559563, insert, 0.14634146341463414, 0.5, 0.45454545454545453
digit.value,QUALIFIED_NAME, line no: 66,digit,SIMPLE_NAME, line no: 60, 0.0038443484475559563, insert, 1.0, 0.5, 0.45454545454545453
"\nEnter an integer > ",STRING_LITERAL, line no: 61,println,SIMPLE_NAME, line no: 56, 0.003820689388610645, insert, 0.6022727272727273, 0.0, 0.17391304347826086
String,SIMPLE_NAME, line no: 61,out,SIMPLE_NAME, line no: 56, 0.003772575383716865, insert, 0.6022727272727273, 0.0, 0.16666666666666666
format,SIMPLE_NAME, line no: 61,System,SIMPLE_NAME, line no: 53, 0.003772575383716865, insert, 0.2159090909090909, 0.0, 0.16666666666666666
String,SIMPLE_NAME, line no: 69,out,SIMPLE_NAME, line no: 56, 0.003772575383716865, insert, 0.6022727272727273, 0.0, 0.16666666666666666
format,SIMPLE_NAME, line no: 69,System,SIMPLE_NAME, line no: 53, 0.003772575383716865, insert, 0.2159090909090909, 0.0, 0.16666666666666666
format,SIMPLE_NAME, line no: 61,args,SIMPLE_NAME, line no: 50, 0.00372227437860064, insert, 0.5909090909090909, 0.0, 0.16666666666666666
format,SIMPLE_NAME, line no: 61,length,SIMPLE_NAME, line no: 50, 0.00372227437860064, insert, 0.5909090909090909, 0.0, 0.16666666666666666
format,SIMPLE_NAME, line no: 69,args,SIMPLE_NAME, line no: 50, 0.00372227437860064, insert, 0.5909090909090909, 0.0, 0.16666666666666666
format,SIMPLE_NAME, line no: 69,length,SIMPLE_NAME, line no: 50, 0.00372227437860064, insert, 0.5909090909090909, 0.0, 0.16666666666666666
scanner,SIMPLE_NAME, line no: 62,exec,SIMPLE_NAME, line no: 55, 0.0036451296515422585, insert, 0.6091954022988506, 0.0, 0.14285714285714285
nextInt,SIMPLE_NAME, line no: 62,System,SIMPLE_NAME, line no: 53, 0.0036451296515422585, insert, 0.21839080459770116, 0.0, 0.14285714285714285
nextInt,SIMPLE_NAME, line no: 62,out,SIMPLE_NAME, line no: 56, 0.0036451296515422585, insert, 0.6091954022988506, 0.0, 0.14285714285714285
scanner,SIMPLE_NAME, line no: 62,length,SIMPLE_NAME, line no: 50, 0.0035942504739534336, insert, 0.5977011494252874, 0.0, 0.14285714285714285
"\nEnter an integer > ",STRING_LITERAL, line no: 61,mainClass,SIMPLE_NAME, line no: 48, 0.0035320053592479634, insert, 0.5795454545454546, 0.0, 0.13043478260869565
"\nThat's all  have a nice day!",STRING_LITERAL, line no: 69,println,SIMPLE_NAME, line no: 56, 0.003495919855577628, insert, 0.6022727272727273, 0.0, 0.125
"\nEnter an integer > ",STRING_LITERAL, line no: 61,length,SIMPLE_NAME, line no: 50, 0.0034817043541317382, insert, 0.5909090909090909, 0.0, 0.13043478260869565
nextInt,SIMPLE_NAME, line no: 62,mainClass,SIMPLE_NAME, line no: 48, 0.0034343444872456975, insert, 0.5862068965517241, 0.0, 0.1111111111111111
String,SIMPLE_NAME, line no: 66,digit,SIMPLE_NAME, line no: 60, 0.0034287432099823394, insert, 1.0, 0.0, 0.3333333333333333
format,SIMPLE_NAME, line no: 66,output,SIMPLE_NAME, line no: 49, 0.0034287432099823394, insert, 0.7804878048780488, 0.0, 0.3333333333333333
digit,SIMPLE_NAME, line no: 66,String,SIMPLE_NAME, line no: 49, 0.0034287432099823394, insert, 0.7857142857142857, 0.0, 0.3333333333333333
"\nThat's all  have a nice day!",STRING_LITERAL, line no: 69,digits_cd2d9b5b_003,SIMPLE_NAME, line no: 48, 0.003395317845345178, insert, 0.5795454545454546, 0.0, 0.125
scanner,SIMPLE_NAME, line no: 62,digits_cd2d9b5b_003,SIMPLE_NAME, line no: 48, 0.0032937572860134174, insert, 0.5862068965517241, 0.0, 0.10526315789473684
"\nThat's all  have a nice day!",STRING_LITERAL, line no: 69,mainClass,SIMPLE_NAME, line no: 48, 0.0032884282094732004, insert, 0.5795454545454546, 0.0, 0.09375
String,SIMPLE_NAME, line no: 66,nextInt,SIMPLE_NAME, line no: 62, 0.003265469723792704, insert, 1.0, 0.0, 0.2857142857142857
value,SIMPLE_NAME, line no: 66,scanner,SIMPLE_NAME, line no: 51, 0.003265469723792704, insert, 0.35714285714285715, 0.0, 0.2857142857142857
String,SIMPLE_NAME, line no: 61,digits_cd2d9b5b_003,SIMPLE_NAME, line no: 48, 0.003264270489910803, insert, 0.5795454545454546, 0.0, 0.10526315789473684
String,SIMPLE_NAME, line no: 69,digits_cd2d9b5b_003,SIMPLE_NAME, line no: 48, 0.003264270489910803, insert, 0.5795454545454546, 0.0, 0.10526315789473684
String,SIMPLE_NAME, line no: 66,println,SIMPLE_NAME, line no: 56, 0.0032535228833398045, insert, 0.7804878048780488, 0.0, 0.42857142857142855
"\nEnter an integer > ",STRING_LITERAL, line no: 61,System,SIMPLE_NAME, line no: 53, 0.0032433213298852814, insert, 0.2159090909090909, 0.0, 0.08695652173913043
"\nEnter an integer > ",STRING_LITERAL, line no: 61,exec,SIMPLE_NAME, line no: 55, 0.0032433213298852814, insert, 0.6022727272727273, 0.0, 0.08695652173913043
"\nThat's all  have a nice day!",STRING_LITERAL, line no: 69,length,SIMPLE_NAME, line no: 50, 0.0032381272043569753, insert, 0.5909090909090909, 0.0, 0.09375
String,SIMPLE_NAME, line no: 61,util,SIMPLE_NAME, line no: 44, 0.003219264327438391, insert, 0.022727272727272728, 0.0, 0.3333333333333333
String,SIMPLE_NAME, line no: 69,util,SIMPLE_NAME, line no: 44, 0.003219264327438391, insert, 0.022727272727272728, 0.0, 0.3333333333333333
"\nEnter an integer > ",STRING_LITERAL, line no: 61,args,SIMPLE_NAME, line no: 50, 0.0031930203247690562, insert, 0.5909090909090909, 0.0, 0.08695652173913043
String,SIMPLE_NAME, line no: 61,in,SIMPLE_NAME, line no: 53, 0.0031689633223221663, insert, 0.2159090909090909, 0.0, 0.3333333333333333
String,SIMPLE_NAME, line no: 69,in,SIMPLE_NAME, line no: 53, 0.0031689633223221663, insert, 0.2159090909090909, 0.0, 0.3333333333333333
"\nEnter an integer > ",STRING_LITERAL, line no: 61,digits_cd2d9b5b_003,SIMPLE_NAME, line no: 48, 0.0031427193196528315, insert, 0.5795454545454546, 0.0, 0.08695652173913043
"\nThat's all  have a nice day!",STRING_LITERAL, line no: 69,System,SIMPLE_NAME, line no: 53, 0.003080936563368773, insert, 0.2159090909090909, 0.0, 0.0625
"\nThat's all  have a nice day!",STRING_LITERAL, line no: 69,exec,SIMPLE_NAME, line no: 55, 0.003080936563368773, insert, 0.6022727272727273, 0.0, 0.0625
"\nThat's all  have a nice day!",STRING_LITERAL, line no: 69,args,SIMPLE_NAME, line no: 50, 0.0030306355582525478, insert, 0.5909090909090909, 0.0, 0.0625
digit,SIMPLE_NAME, line no: 66,length,SIMPLE_NAME, line no: 50, 0.002993347246809979, insert, 0.8095238095238095, 0.0, 0.3333333333333333
value,SIMPLE_NAME, line no: 66,length,SIMPLE_NAME, line no: 50, 0.002993347246809979, insert, 0.8095238095238095, 0.0, 0.3333333333333333
String,SIMPLE_NAME, line no: 66,args,SIMPLE_NAME, line no: 50, 0.0029827278330740678, insert, 0.8048780487804879, 0.0, 0.3333333333333333
String,SIMPLE_NAME, line no: 66,length,SIMPLE_NAME, line no: 50, 0.0029827278330740678, insert, 0.8048780487804879, 0.0, 0.3333333333333333
"\nEnter an integer > ",STRING_LITERAL, line no: 61,out,SIMPLE_NAME, line no: 56, 0.0029546373005225994, insert, 0.6022727272727273, 0.0, 0.043478260869565216
nextInt,SIMPLE_NAME, line no: 62,digits_cd2d9b5b_003,SIMPLE_NAME, line no: 48, 0.00294429767152175, insert, 0.5862068965517241, 0.0, 0.05263157894736842
String,SIMPLE_NAME, line no: 66,System,SIMPLE_NAME, line no: 53, 0.0029269759109605336, insert, 0.3902439024390244, 0.0, 0.3333333333333333
format,SIMPLE_NAME, line no: 66,out,SIMPLE_NAME, line no: 56, 0.0029269759109605336, insert, 0.7804878048780488, 0.0, 0.3333333333333333
format,SIMPLE_NAME, line no: 61,digits_cd2d9b5b_003,SIMPLE_NAME, line no: 48, 0.0029148108754191355, insert, 0.5795454545454546, 0.0, 0.05263157894736842
format,SIMPLE_NAME, line no: 69,digits_cd2d9b5b_003,SIMPLE_NAME, line no: 48, 0.0029148108754191355, insert, 0.5795454545454546, 0.0, 0.05263157894736842
digit.value,QUALIFIED_NAME, line no: 66,String,SIMPLE_NAME, line no: 49, 0.002909236663015319, insert, 0.7804878048780488, 0.0, 0.18181818181818182
digit.value,QUALIFIED_NAME, line no: 66,output,SIMPLE_NAME, line no: 49, 0.002909236663015319, insert, 0.7804878048780488, 0.0, 0.18181818181818182
digit.value,QUALIFIED_NAME, line no: 66,scanner,SIMPLE_NAME, line no: 51, 0.002909236663015319, insert, 0.36585365853658536, 0.0, 0.18181818181818182
"\nThat's all  have a nice day!",STRING_LITERAL, line no: 69,out,SIMPLE_NAME, line no: 56, 0.0028734449172643454, insert, 0.6022727272727273, 0.0, 0.03125
nextInt,SIMPLE_NAME, line no: 62,Scanner,SIMPLE_NAME, line no: 44, 0.002863770852856729, insert, 0.011494252873563218, 0.0, 0.2857142857142857
String,SIMPLE_NAME, line no: 66,output,SIMPLE_NAME, line no: 49, 0.0028572860083186163, insert, 0.7804878048780488, 0.0, 0.16666666666666666
String,SIMPLE_NAME, line no: 66,IntObj,SIMPLE_NAME, line no: 60, 0.0028572860083186163, insert, 1.0, 0.0, 0.16666666666666666
String,SIMPLE_NAME, line no: 66,n,SIMPLE_NAME, line no: 60, 0.0028572860083186163, insert, 1.0, 0.0, 0.16666666666666666
String,SIMPLE_NAME, line no: 66,format,SIMPLE_NAME, line no: 61, 0.0028572860083186163, insert, 1.0, 0.0, 0.16666666666666666
format,SIMPLE_NAME, line no: 66,value,SIMPLE_NAME, line no: 7, 0.0028572860083186163, insert, 0.14634146341463414, 0.0, 0.16666666666666666
format,SIMPLE_NAME, line no: 66,String,SIMPLE_NAME, line no: 49, 0.0028572860083186163, insert, 0.7804878048780488, 0.0, 0.16666666666666666
format,SIMPLE_NAME, line no: 66,IntObj,SIMPLE_NAME, line no: 60, 0.0028572860083186163, insert, 1.0, 0.0, 0.16666666666666666
format,SIMPLE_NAME, line no: 66,digit,SIMPLE_NAME, line no: 60, 0.0028572860083186163, insert, 1.0, 0.0, 0.16666666666666666
"\n%d",STRING_LITERAL, line no: 66,String,SIMPLE_NAME, line no: 49, 0.0028572860083186163, insert, 0.7804878048780488, 0.0, 0.16666666666666666
"\n%d",STRING_LITERAL, line no: 66,IntObj,SIMPLE_NAME, line no: 60, 0.0028572860083186163, insert, 1.0, 0.0, 0.16666666666666666
"\n%d",STRING_LITERAL, line no: 66,n,SIMPLE_NAME, line no: 60, 0.0028572860083186163, insert, 1.0, 0.0, 0.16666666666666666
"\n%d",STRING_LITERAL, line no: 66,digit,SIMPLE_NAME, line no: 60, 0.0028572860083186163, insert, 1.0, 0.0, 0.16666666666666666
digit,SIMPLE_NAME, line no: 66,output,SIMPLE_NAME, line no: 49, 0.0028572860083186163, insert, 0.7857142857142857, 0.0, 0.16666666666666666
digit,SIMPLE_NAME, line no: 66,IntObj,SIMPLE_NAME, line no: 60, 0.0028572860083186163, insert, 1.0, 0.0, 0.16666666666666666
digit,SIMPLE_NAME, line no: 66,format,SIMPLE_NAME, line no: 61, 0.0028572860083186163, insert, 1.0, 0.0, 0.16666666666666666
value,SIMPLE_NAME, line no: 66,output,SIMPLE_NAME, line no: 49, 0.0028572860083186163, insert, 0.7857142857142857, 0.0, 0.16666666666666666
value,SIMPLE_NAME, line no: 66,format,SIMPLE_NAME, line no: 61, 0.0028572860083186163, insert, 1.0, 0.0, 0.16666666666666666
String,SIMPLE_NAME, line no: 61,Scanner,SIMPLE_NAME, line no: 44, 0.002852785575877324, insert, 0.011363636363636364, 0.0, 0.2857142857142857
String,SIMPLE_NAME, line no: 69,Scanner,SIMPLE_NAME, line no: 44, 0.002852785575877324, insert, 0.011363636363636364, 0.0, 0.2857142857142857
String,SIMPLE_NAME, line no: 66,scanner,SIMPLE_NAME, line no: 51, 0.0027756492652237985, insert, 0.36585365853658536, 0.0, 0.14285714285714285
format,SIMPLE_NAME, line no: 66,scanner,SIMPLE_NAME, line no: 51, 0.0027756492652237985, insert, 0.36585365853658536, 0.0, 0.14285714285714285
format,SIMPLE_NAME, line no: 66,nextInt,SIMPLE_NAME, line no: 62, 0.0027756492652237985, insert, 1.0, 0.0, 0.14285714285714285
"\n%d",STRING_LITERAL, line no: 66,scanner,SIMPLE_NAME, line no: 51, 0.0027756492652237985, insert, 0.36585365853658536, 0.0, 0.14285714285714285
"\n%d",STRING_LITERAL, line no: 66,nextInt,SIMPLE_NAME, line no: 62, 0.0027756492652237985, insert, 1.0, 0.0, 0.14285714285714285
digit,SIMPLE_NAME, line no: 66,println,SIMPLE_NAME, line no: 56, 0.0027756492652237985, insert, 0.7857142857142857, 0.0, 0.2857142857142857
digit,SIMPLE_NAME, line no: 66,nextInt,SIMPLE_NAME, line no: 62, 0.0027756492652237985, insert, 1.0, 0.0, 0.14285714285714285
value,SIMPLE_NAME, line no: 66,nextInt,SIMPLE_NAME, line no: 62, 0.0027756492652237985, insert, 1.0, 0.0, 0.14285714285714285
format,SIMPLE_NAME, line no: 66,println,SIMPLE_NAME, line no: 56, 0.0027637024247708984, insert, 0.7804878048780488, 0.0, 0.2857142857142857
digit.value,QUALIFIED_NAME, line no: 66,println,SIMPLE_NAME, line no: 56, 0.0027191732921737254, insert, 0.7804878048780488, 0.0, 0.2727272727272727
digit,SIMPLE_NAME, line no: 66,digits_cd2d9b5b_003,SIMPLE_NAME, line no: 48, 0.002698309192818182, insert, 0.7857142857142857, 0.0, 0.2631578947368421
digit.value,QUALIFIED_NAME, line no: 66,digits_cd2d9b5b_003,SIMPLE_NAME, line no: 48, 0.002686362352365282, insert, 0.7804878048780488, 0.0, 0.2631578947368421
digit.value,QUALIFIED_NAME, line no: 66,IntObj,SIMPLE_NAME, line no: 60, 0.002597532734835106, insert, 1.0, 0.0, 0.09090909090909091
digit.value,QUALIFIED_NAME, line no: 66,format,SIMPLE_NAME, line no: 61, 0.002597532734835106, insert, 1.0, 0.0, 0.09090909090909091
digit.value,QUALIFIED_NAME, line no: 66,nextInt,SIMPLE_NAME, line no: 62, 0.002597532734835106, insert, 1.0, 0.0, 0.09090909090909091
value,SIMPLE_NAME, line no: 66,mainClass,SIMPLE_NAME, line no: 48, 0.0025579512836376183, insert, 0.7857142857142857, 0.0, 0.2222222222222222
String,SIMPLE_NAME, line no: 66,mainClass,SIMPLE_NAME, line no: 48, 0.0025460044431847182, insert, 0.7804878048780488, 0.0, 0.2222222222222222
format,SIMPLE_NAME, line no: 66,mainClass,SIMPLE_NAME, line no: 48, 0.0025460044431847182, insert, 0.7804878048780488, 0.0, 0.2222222222222222
digit,SIMPLE_NAME, line no: 66,args,SIMPLE_NAME, line no: 50, 0.0025361814854790005, insert, 0.8095238095238095, 0.0, 0.2
value,SIMPLE_NAME, line no: 66,args,SIMPLE_NAME, line no: 50, 0.0025361814854790005, insert, 0.8095238095238095, 0.0, 0.2
digit,SIMPLE_NAME, line no: 66,out,SIMPLE_NAME, line no: 56, 0.002481756990082455, insert, 0.7857142857142857, 0.0, 0.2
value,SIMPLE_NAME, line no: 66,exec,SIMPLE_NAME, line no: 55, 0.002481756990082455, insert, 0.7857142857142857, 0.0, 0.2
value,SIMPLE_NAME, line no: 66,out,SIMPLE_NAME, line no: 56, 0.002481756990082455, insert, 0.7857142857142857, 0.0, 0.2
digit.value,QUALIFIED_NAME, line no: 66,length,SIMPLE_NAME, line no: 50, 0.0024632212861070467, insert, 0.8048780487804879, 0.0, 0.18181818181818182
format,SIMPLE_NAME, line no: 66,args,SIMPLE_NAME, line no: 50, 0.0024112706314103447, insert, 0.8048780487804879, 0.0, 0.16666666666666666
format,SIMPLE_NAME, line no: 66,length,SIMPLE_NAME, line no: 50, 0.0024112706314103447, insert, 0.8048780487804879, 0.0, 0.16666666666666666
"\n%d",STRING_LITERAL, line no: 66,length,SIMPLE_NAME, line no: 50, 0.0024112706314103447, insert, 0.8048780487804879, 0.0, 0.16666666666666666
digit.value,QUALIFIED_NAME, line no: 66,mainClass,SIMPLE_NAME, line no: 48, 0.002407469363993513, insert, 0.7804878048780488, 0.0, 0.18181818181818182
digit.value,QUALIFIED_NAME, line no: 66,System,SIMPLE_NAME, line no: 53, 0.002407469363993513, insert, 0.3902439024390244, 0.0, 0.18181818181818182
"\nEnter an integer > ",STRING_LITERAL, line no: 61,Scanner,SIMPLE_NAME, line no: 44, 0.002399139244021681, insert, 0.011363636363636364, 0.0, 0.21739130434782608
digit,SIMPLE_NAME, line no: 66,System,SIMPLE_NAME, line no: 53, 0.0023674655497497106, insert, 0.38095238095238093, 0.0, 0.16666666666666666
value,SIMPLE_NAME, line no: 66,System,SIMPLE_NAME, line no: 53, 0.0023674655497497106, insert, 0.38095238095238093, 0.0, 0.16666666666666666
String,SIMPLE_NAME, line no: 66,out,SIMPLE_NAME, line no: 56, 0.0023555187092968105, insert, 0.7804878048780488, 0.0, 0.16666666666666666
format,SIMPLE_NAME, line no: 66,System,SIMPLE_NAME, line no: 53, 0.0023555187092968105, insert, 0.3902439024390244, 0.0, 0.16666666666666666
output+=(String.format("\nThat's all  have a nice day!")); ,EXPRESSION_STATEMENT, line no: 69,value=i; ,EXPRESSION_STATEMENT, line no: 7, 0.002307028613614608, insert, 0.047619047619047616, 0.0, 0.1016949152542373
value,SIMPLE_NAME, line no: 66,java,SIMPLE_NAME, line no: 44, 0.0022967137057342017, insert, 0.047619047619047616, 0.0, 0.4
value,SIMPLE_NAME, line no: 66,println,SIMPLE_NAME, line no: 56, 0.002285828806654893, insert, 0.7857142857142857, 0.0, 0.14285714285714285
output+=(String.format("\nEnter an integer > ")); ,EXPRESSION_STATEMENT, line no: 61,value=i; ,EXPRESSION_STATEMENT, line no: 7, 0.0022777256292078095, insert, 0.047619047619047616, 0.0, 0.1
"\n%d",STRING_LITERAL, line no: 66,println,SIMPLE_NAME, line no: 56, 0.002273881966201993, insert, 0.7804878048780488, 0.0, 0.14285714285714285
digit,SIMPLE_NAME, line no: 66,mainClass,SIMPLE_NAME, line no: 48, 0.002176979815861803, insert, 0.7857142857142857, 0.0, 0.1111111111111111
"\n%d",STRING_LITERAL, line no: 66,mainClass,SIMPLE_NAME, line no: 48, 0.002165032975408903, insert, 0.7804878048780488, 0.0, 0.1111111111111111
digit.value,QUALIFIED_NAME, line no: 66,args,SIMPLE_NAME, line no: 50, 0.0021515173579268344, insert, 0.8048780487804879, 0.0, 0.09090909090909091
String,SIMPLE_NAME, line no: 66,digits_cd2d9b5b_003,SIMPLE_NAME, line no: 48, 0.0021449818455259654, insert, 0.7804878048780488, 0.0, 0.10526315789473684
format,SIMPLE_NAME, line no: 61,java,SIMPLE_NAME, line no: 44, 0.0021126422148814443, insert, 0.022727272727272728, 0.0, 0.16666666666666666
format,SIMPLE_NAME, line no: 61,util,SIMPLE_NAME, line no: 44, 0.0021126422148814443, insert, 0.022727272727272728, 0.0, 0.16666666666666666
format,SIMPLE_NAME, line no: 69,java,SIMPLE_NAME, line no: 44, 0.0021126422148814443, insert, 0.022727272727272728, 0.0, 0.16666666666666666
format,SIMPLE_NAME, line no: 69,util,SIMPLE_NAME, line no: 44, 0.0021126422148814443, insert, 0.022727272727272728, 0.0, 0.16666666666666666
digit.value,QUALIFIED_NAME, line no: 66,exec,SIMPLE_NAME, line no: 55, 0.0020957654358133002, insert, 0.7804878048780488, 0.0, 0.09090909090909091
digit.value,QUALIFIED_NAME, line no: 66,out,SIMPLE_NAME, line no: 56, 0.0020957654358133002, insert, 0.7804878048780488, 0.0, 0.09090909090909091
String,SIMPLE_NAME, line no: 66,util,SIMPLE_NAME, line no: 44, 0.002090697079257524, insert, 0.04878048780487805, 0.0, 0.3333333333333333
String,SIMPLE_NAME, line no: 66,in,SIMPLE_NAME, line no: 53, 0.00203494515714399, insert, 0.3902439024390244, 0.0, 0.3333333333333333
scanner,SIMPLE_NAME, line no: 62,java,SIMPLE_NAME, line no: 44, 0.0019661167911110286, insert, 0.022988505747126436, 0.0, 0.14285714285714285
nextInt,SIMPLE_NAME, line no: 62,util,SIMPLE_NAME, line no: 44, 0.0019661167911110286, insert, 0.022988505747126436, 0.0, 0.14285714285714285
format,SIMPLE_NAME, line no: 66,digits_cd2d9b5b_003,SIMPLE_NAME, line no: 48, 0.0019645216765795262, insert, 0.7804878048780488, 0.0, 0.05263157894736842
"\n%d",STRING_LITERAL, line no: 66,digits_cd2d9b5b_003,SIMPLE_NAME, line no: 48, 0.0019645216765795262, insert, 0.7804878048780488, 0.0, 0.05263157894736842
scanner,SIMPLE_NAME, line no: 62,in,SIMPLE_NAME, line no: 53, 0.0019152376135222037, insert, 0.21839080459770116, 0.0, 0.14285714285714285
nextInt,SIMPLE_NAME, line no: 62,in,SIMPLE_NAME, line no: 53, 0.0019152376135222037, insert, 0.21839080459770116, 0.0, 0.14285714285714285
format,SIMPLE_NAME, line no: 61,Scanner,SIMPLE_NAME, line no: 44, 0.001904252336542798, insert, 0.011363636363636364, 0.0, 0.14285714285714285
format,SIMPLE_NAME, line no: 69,Scanner,SIMPLE_NAME, line no: 44, 0.001904252336542798, insert, 0.011363636363636364, 0.0, 0.14285714285714285
String,SIMPLE_NAME, line no: 66,Scanner,SIMPLE_NAME, line no: 44, 0.0018716716709543549, insert, 0.024390243902439025, 0.0, 0.2857142857142857
value,SIMPLE_NAME, line no: 66,Scanner,SIMPLE_NAME, line no: 44, 0.0018504328434825322, insert, 0.023809523809523808, 0.0, 0.2857142857142857
"\nThat's all  have a nice day!",STRING_LITERAL, line no: 69,java,SIMPLE_NAME, line no: 44, 0.0016284950406377798, insert, 0.022727272727272728, 0.0, 0.09375
digit,SIMPLE_NAME, line no: 66,util,SIMPLE_NAME, line no: 44, 0.001610965063737734, insert, 0.047619047619047616, 0.0, 0.2
value,SIMPLE_NAME, line no: 66,util,SIMPLE_NAME, line no: 44, 0.001610965063737734, insert, 0.047619047619047616, 0.0, 0.2
"\nEnter an integer > ",STRING_LITERAL, line no: 61,util,SIMPLE_NAME, line no: 44, 0.001583388161049861, insert, 0.022727272727272728, 0.0, 0.08695652173913043
"\nThat's all  have a nice day!",STRING_LITERAL, line no: 69,Scanner,SIMPLE_NAME, line no: 44, 0.0015781940355215549, insert, 0.011363636363636364, 0.0, 0.09375
digit.value,QUALIFIED_NAME, line no: 66,java,SIMPLE_NAME, line no: 44, 0.001571190532290503, insert, 0.04878048780487805, 0.0, 0.18181818181818182
digit.value,QUALIFIED_NAME, line no: 66,util,SIMPLE_NAME, line no: 44, 0.001571190532290503, insert, 0.04878048780487805, 0.0, 0.18181818181818182
digit,SIMPLE_NAME, line no: 66,in,SIMPLE_NAME, line no: 53, 0.0015565405683411891, insert, 0.38095238095238093, 0.0, 0.2
"\nEnter an integer > ",STRING_LITERAL, line no: 61,in,SIMPLE_NAME, line no: 53, 0.001533087155933636, insert, 0.2159090909090909, 0.0, 0.08695652173913043
format,SIMPLE_NAME, line no: 66,java,SIMPLE_NAME, line no: 44, 0.001519239877593801, insert, 0.04878048780487805, 0.0, 0.16666666666666666
format,SIMPLE_NAME, line no: 66,util,SIMPLE_NAME, line no: 44, 0.001519239877593801, insert, 0.04878048780487805, 0.0, 0.16666666666666666
digit.value,QUALIFIED_NAME, line no: 66,Scanner,SIMPLE_NAME, line no: 44, 0.001515438610176969, insert, 0.024390243902439025, 0.0, 0.18181818181818182
scanner,SIMPLE_NAME, line no: 62,n.value,QUALIFIED_NAME, line no: 62, 0.0015030373206009616, insert, 0.9885057471264368, 0.0, 0.2857142857142857
nextInt,SIMPLE_NAME, line no: 62,n.value,QUALIFIED_NAME, line no: 62, 0.0015030373206009616, insert, 0.9885057471264368, 0.0, 0.2857142857142857
"\n%d",STRING_LITERAL, line no: 66,in,SIMPLE_NAME, line no: 53, 0.0014634879554802668, insert, 0.3902439024390244, 0.0, 0.16666666666666666
"\nThat's all  have a nice day!",STRING_LITERAL, line no: 69,util,SIMPLE_NAME, line no: 44, 0.0014210033945333523, insert, 0.022727272727272728, 0.0, 0.0625
String,SIMPLE_NAME, line no: 61,i,SIMPLE_NAME, line no: 7, 0.001408428143254296, insert, 0.06818181818181818, 0.0, 0.16666666666666666
String,SIMPLE_NAME, line no: 69,i,SIMPLE_NAME, line no: 7, 0.001408428143254296, insert, 0.06818181818181818, 0.0, 0.16666666666666666
format,SIMPLE_NAME, line no: 66,Scanner,SIMPLE_NAME, line no: 44, 0.0013818512123854492, insert, 0.024390243902439025, 0.0, 0.14285714285714285
"\n%d",STRING_LITERAL, line no: 66,Scanner,SIMPLE_NAME, line no: 44, 0.0013818512123854492, insert, 0.024390243902439025, 0.0, 0.14285714285714285
digit.value,QUALIFIED_NAME, line no: 66,digit.value,QUALIFIED_NAME, line no: 63, 0.001369306393762915, insert, 1.0, 2.0, 1.0
scanner,SIMPLE_NAME, line no: 62,digit.value,QUALIFIED_NAME, line no: 63, 0.0013377396314924184, insert, 0.9885057471264368, 0.0, 0.18181818181818182
digit.value=0; ,EXPRESSION_STATEMENT, line no: 63,if (true) return; ,IF_STATEMENT, line no: 70, 0.0013364318164425747, insert, 1.0, 0.0, 0.3333333333333333
String,SIMPLE_NAME, line no: 61,digit.value,QUALIFIED_NAME, line no: 63, 0.0013258252147247765, insert, 0.9772727272727273, 0.0, 0.18181818181818182
String,SIMPLE_NAME, line no: 69,digit.value,QUALIFIED_NAME, line no: 63, 0.0013258252147247765, insert, 0.9772727272727273, 0.0, 0.18181818181818182
"\nEnter an integer > ",STRING_LITERAL, line no: 61,java,SIMPLE_NAME, line no: 44, 0.001294704131687179, insert, 0.022727272727272728, 0.0, 0.043478260869565216
n.value=scanner.nextInt(); ,EXPRESSION_STATEMENT, line no: 62,if (true) return; ,IF_STATEMENT, line no: 70, 0.0012869343417595163, insert, 1.0, 0.0, 0.2962962962962963
String,SIMPLE_NAME, line no: 61,n.value,QUALIFIED_NAME, line no: 62, 0.0012638385813090727, insert, 0.9772727272727273, 0.0, 0.14285714285714285
format,SIMPLE_NAME, line no: 61,n.value,QUALIFIED_NAME, line no: 62, 0.0012638385813090727, insert, 0.9772727272727273, 0.0, 0.14285714285714285
String,SIMPLE_NAME, line no: 69,n.value,QUALIFIED_NAME, line no: 62, 0.0012638385813090727, insert, 0.9772727272727273, 0.0, 0.14285714285714285
format,SIMPLE_NAME, line no: 69,n.value,QUALIFIED_NAME, line no: 62, 0.0012638385813090727, insert, 0.9772727272727273, 0.0, 0.14285714285714285
"\nEnter an integer > ",STRING_LITERAL, line no: 61,n.value,QUALIFIED_NAME, line no: 62, 0.0012440747271765295, insert, 0.9772727272727273, 0.0, 0.13043478260869565
"\nEnter an integer > ",STRING_LITERAL, line no: 61,digit.value,QUALIFIED_NAME, line no: 63, 0.0012440747271765295, insert, 0.9772727272727273, 0.0, 0.13043478260869565
"\nThat's all  have a nice day!",STRING_LITERAL, line no: 69,n.value,QUALIFIED_NAME, line no: 62, 0.0012354280409935417, insert, 0.9772727272727273, 0.0, 0.125
"\nThat's all  have a nice day!",STRING_LITERAL, line no: 69,digit.value,QUALIFIED_NAME, line no: 63, 0.0012354280409935417, insert, 0.9772727272727273, 0.0, 0.125
digit.value,QUALIFIED_NAME, line no: 66,in,SIMPLE_NAME, line no: 53, 0.0012037346819967565, insert, 0.3902439024390244, 0.0, 0.09090909090909091
nextInt,SIMPLE_NAME, line no: 62,digit.value,QUALIFIED_NAME, line no: 63, 0.0011931041535224428, insert, 0.9885057471264368, 0.0, 0.09090909090909091
format,SIMPLE_NAME, line no: 61,digit.value,QUALIFIED_NAME, line no: 63, 0.0011811897367548009, insert, 0.9772727272727273, 0.0, 0.09090909090909091
format,SIMPLE_NAME, line no: 69,digit.value,QUALIFIED_NAME, line no: 63, 0.0011811897367548009, insert, 0.9772727272727273, 0.0, 0.09090909090909091
"\nThat's all  have a nice day!",STRING_LITERAL, line no: 69,in,SIMPLE_NAME, line no: 53, 0.0011632107433126998, insert, 0.2159090909090909, 0.0, 0.03125
output+=(String.format("\nEnter an integer > ")); ,EXPRESSION_STATEMENT, line no: 61,if (true) return; ,IF_STATEMENT, line no: 70, 0.001158240907583565, insert, 1.0, 0.0, 0.2
value,SIMPLE_NAME, line no: 66,n.value,QUALIFIED_NAME, line no: 62, 0.0011345681548321296, insert, 1.0, 1.0, 0.7142857142857143
output+=(String.format("\nThat's all  have a nice day!")); ,EXPRESSION_STATEMENT, line no: 69,if (true) return; ,IF_STATEMENT, line no: 70, 0.001094817024769341, insert, 1.0, 0.0, 0.15254237288135594
nextInt,SIMPLE_NAME, line no: 62,args.length,QUALIFIED_NAME, line no: 50, 0.0010678642377323487, insert, 0.5977011494252874, 0.0, 0.2727272727272727
String,SIMPLE_NAME, line no: 61,args.length,QUALIFIED_NAME, line no: 50, 0.0010606601717798212, insert, 0.5909090909090909, 0.0, 0.2727272727272727
String,SIMPLE_NAME, line no: 69,args.length,QUALIFIED_NAME, line no: 50, 0.0010606601717798212, insert, 0.5909090909090909, 0.0, 0.2727272727272727
digit,SIMPLE_NAME, line no: 66,i,SIMPLE_NAME, line no: 7, 0.0010122956143757383, insert, 0.14285714285714285, 0.0, 0.2
digit.value,QUALIFIED_NAME, line no: 66,n.value,QUALIFIED_NAME, line no: 62, 9.958591954639382E-4, insert, 1.0, 0.6666666666666666, 0.5454545454545454
String,SIMPLE_NAME, line no: 61,true,BOOLEAN_LITERAL, line no: 70, 9.668078171859703E-4, insert, 0.9545454545454546, 0.0, 0.3333333333333333
String,SIMPLE_NAME, line no: 69,true,BOOLEAN_LITERAL, line no: 70, 9.668078171859703E-4, insert, 0.9545454545454546, 0.0, 0.3333333333333333
scanner,SIMPLE_NAME, line no: 62,System.out,QUALIFIED_NAME, line no: 56, 9.643473515837225E-4, insert, 0.6091954022988506, 0.0, 0.2
nextInt,SIMPLE_NAME, line no: 62,System.out,QUALIFIED_NAME, line no: 56, 9.643473515837225E-4, insert, 0.6091954022988506, 0.0, 0.2
String,SIMPLE_NAME, line no: 61,System.out,QUALIFIED_NAME, line no: 56, 9.570047459013388E-4, insert, 0.6022727272727273, 0.0, 0.2
format,SIMPLE_NAME, line no: 61,System.out,QUALIFIED_NAME, line no: 56, 9.570047459013388E-4, insert, 0.6022727272727273, 0.0, 0.2
String,SIMPLE_NAME, line no: 69,System.out,QUALIFIED_NAME, line no: 56, 9.570047459013388E-4, insert, 0.6022727272727273, 0.0, 0.2
format,SIMPLE_NAME, line no: 69,System.out,QUALIFIED_NAME, line no: 56, 9.570047459013388E-4, insert, 0.6022727272727273, 0.0, 0.2
nextInt,SIMPLE_NAME, line no: 62,mainClass.output,QUALIFIED_NAME, line no: 56, 9.444599733628509E-4, insert, 0.6091954022988506, 0.0, 0.1875
format,SIMPLE_NAME, line no: 61,mainClass.output,QUALIFIED_NAME, line no: 56, 9.371173676804669E-4, insert, 0.6022727272727273, 0.0, 0.1875
format,SIMPLE_NAME, line no: 69,mainClass.output,QUALIFIED_NAME, line no: 56, 9.371173676804669E-4, insert, 0.6022727272727273, 0.0, 0.1875
String,SIMPLE_NAME, line no: 61,System.in,QUALIFIED_NAME, line no: 53, 9.240599981415109E-4, insert, 0.20454545454545456, 0.0, 0.4444444444444444
String,SIMPLE_NAME, line no: 69,System.in,QUALIFIED_NAME, line no: 53, 9.240599981415109E-4, insert, 0.20454545454545456, 0.0, 0.4444444444444444
scanner,SIMPLE_NAME, line no: 62,args.length,QUALIFIED_NAME, line no: 50, 9.232287597623731E-4, insert, 0.5977011494252874, 0.0, 0.18181818181818182
digit,SIMPLE_NAME, line no: 66,digit.value,QUALIFIED_NAME, line no: 63, 9.211697558041429E-4, insert, 1.0, 1.0, 0.45454545454545453
value,SIMPLE_NAME, line no: 66,digit.value,QUALIFIED_NAME, line no: 63, 9.211697558041429E-4, insert, 1.0, 1.0, 0.45454545454545453
format,SIMPLE_NAME, line no: 61,args.length,QUALIFIED_NAME, line no: 50, 9.160246938098456E-4, insert, 0.5909090909090909, 0.0, 0.18181818181818182
format,SIMPLE_NAME, line no: 69,args.length,QUALIFIED_NAME, line no: 50, 9.160246938098456E-4, insert, 0.5909090909090909, 0.0, 0.18181818181818182
"\nEnter an integer > ",STRING_LITERAL, line no: 61,mainClass.output,QUALIFIED_NAME, line no: 56, 9.155006522229978E-4, insert, 0.6022727272727273, 0.0, 0.17391304347826086
String,SIMPLE_NAME, line no: 66,i,SIMPLE_NAME, line no: 7, 9.059687343449269E-4, insert, 0.14634146341463414, 0.0, 0.16666666666666666
"\nThat's all  have a nice day!",STRING_LITERAL, line no: 69,args.length,QUALIFIED_NAME, line no: 50, 8.7534596563079E-4, insert, 0.5909090909090909, 0.0, 0.15625
scanner,SIMPLE_NAME, line no: 62,mainClass.scanner,QUALIFIED_NAME, line no: 51, 8.623690713760885E-4, insert, 0.1839080459770115, 1.0, 0.4117647058823529
"\nEnter an integer > ",STRING_LITERAL, line no: 61,System.out,QUALIFIED_NAME, line no: 56, 8.463271627590966E-4, insert, 0.6022727272727273, 0.0, 0.13043478260869565
scanner,SIMPLE_NAME, line no: 62,mainClass.output,QUALIFIED_NAME, line no: 56, 8.450230822584926E-4, insert, 0.6091954022988506, 0.0, 0.125
String,SIMPLE_NAME, line no: 61,mainClass.output,QUALIFIED_NAME, line no: 56, 8.376804765761088E-4, insert, 0.6022727272727273, 0.0, 0.125
String,SIMPLE_NAME, line no: 69,mainClass.output,QUALIFIED_NAME, line no: 56, 8.376804765761088E-4, insert, 0.6022727272727273, 0.0, 0.125
"\nEnter an integer > ",STRING_LITERAL, line no: 61,args.length,QUALIFIED_NAME, line no: 50, 8.342742062615985E-4, insert, 0.5909090909090909, 0.0, 0.13043478260869565
format,SIMPLE_NAME, line no: 61,true,BOOLEAN_LITERAL, line no: 70, 8.006377236071317E-4, insert, 0.9545454545454546, 0.0, 0.16666666666666666
format,SIMPLE_NAME, line no: 69,true,BOOLEAN_LITERAL, line no: 70, 8.006377236071317E-4, insert, 0.9545454545454546, 0.0, 0.16666666666666666
"\nThat's all  have a nice day!",STRING_LITERAL, line no: 69,mainClass.output,QUALIFIED_NAME, line no: 56, 7.879620310239298E-4, insert, 0.6022727272727273, 0.0, 0.09375
scanner,SIMPLE_NAME, line no: 62,true,BOOLEAN_LITERAL, line no: 70, 7.841918701897904E-4, insert, 0.9655172413793104, 0.0, 0.14285714285714285
nextInt,SIMPLE_NAME, line no: 62,true,BOOLEAN_LITERAL, line no: 70, 7.841918701897904E-4, insert, 0.9655172413793104, 0.0, 0.14285714285714285
scanner,SIMPLE_NAME, line no: 62,java.util.Scanner,QUALIFIED_NAME, line no: 51, 7.809729053875761E-4, insert, 0.19540229885057472, 0.0, 0.35294117647058826
output+=(String.format("\nThat's all  have a nice day!")); ,EXPRESSION_STATEMENT, line no: 69,if (args.length > 0) {   mainClass.scanner=new java.util.Scanner(args[0]); }  else {   mainClass.scanner=new java.util.Scanner(System.in); } ,IF_STATEMENT, line no: 50, 7.778926834308605E-4, insert, 0.6071428571428571, 0.0, 0.1773049645390071
"\nEnter an integer > ",STRING_LITERAL, line no: 61,true,BOOLEAN_LITERAL, line no: 70, 7.645137902204277E-4, insert, 0.9545454545454546, 0.0, 0.13043478260869565
output+=(String.format("\nEnter an integer > ")); ,EXPRESSION_STATEMENT, line no: 61,if (args.length > 0) {   mainClass.scanner=new java.util.Scanner(args[0]); }  else {   mainClass.scanner=new java.util.Scanner(System.in); } ,IF_STATEMENT, line no: 50, 7.589362037650083E-4, insert, 0.6071428571428571, 0.0, 0.16312056737588654
n.value=scanner.nextInt(); ,EXPRESSION_STATEMENT, line no: 62,if (args.length > 0) {   mainClass.scanner=new java.util.Scanner(args[0]); }  else {   mainClass.scanner=new java.util.Scanner(System.in); } ,IF_STATEMENT, line no: 50, 7.399797240991562E-4, insert, 0.6071428571428571, 0.5, 0.14893617021276595
digit.value,QUALIFIED_NAME, line no: 66,args.length,QUALIFIED_NAME, line no: 50, 7.39607621996998E-4, insert, 0.8048780487804879, 0.0, 0.36363636363636365
"\nThat's all  have a nice day!",STRING_LITERAL, line no: 69,System.out,QUALIFIED_NAME, line no: 56, 7.382435854717506E-4, insert, 0.6022727272727273, 0.0, 0.0625
String,SIMPLE_NAME, line no: 66,digit.value,QUALIFIED_NAME, line no: 63, 6.971014368247569E-4, insert, 1.0, 0.0, 0.18181818181818182
"\nThat's all  have a nice day!",STRING_LITERAL, line no: 69,true,BOOLEAN_LITERAL, line no: 70, 6.967814151203575E-4, insert, 0.9545454545454546, 0.0, 0.0625
value,SIMPLE_NAME, line no: 66,args.length,QUALIFIED_NAME, line no: 50, 6.67462770293092E-4, insert, 0.8095238095238095, 0.0, 0.2727272727272727
String,SIMPLE_NAME, line no: 66,n.value,QUALIFIED_NAME, line no: 62, 6.650916769705587E-4, insert, 1.0, 0.0, 0.14285714285714285
format,SIMPLE_NAME, line no: 66,n.value,QUALIFIED_NAME, line no: 62, 6.650916769705587E-4, insert, 1.0, 0.0, 0.14285714285714285
"\n%d",STRING_LITERAL, line no: 66,n.value,QUALIFIED_NAME, line no: 62, 6.650916769705587E-4, insert, 1.0, 0.0, 0.14285714285714285
String,SIMPLE_NAME, line no: 66,args.length,QUALIFIED_NAME, line no: 50, 6.649181823372026E-4, insert, 0.8048780487804879, 0.0, 0.2727272727272727
digit.value,QUALIFIED_NAME, line no: 66,System.out,QUALIFIED_NAME, line no: 56, 6.51559095568784E-4, insert, 0.7804878048780488, 0.0, 0.2727272727272727
digit.value,QUALIFIED_NAME, line no: 66,i,SIMPLE_NAME, line no: 7, 6.462154608614165E-4, insert, 0.14634146341463414, 0.0, 0.09090909090909091
digit.value=0; ,EXPRESSION_STATEMENT, line no: 63,if (args.length > 0) {   mainClass.scanner=new java.util.Scanner(args[0]); }  else {   mainClass.scanner=new java.util.Scanner(System.in); } ,IF_STATEMENT, line no: 50, 6.451973257698955E-4, insert, 0.6071428571428571, 0.0, 0.07801418439716312
"\nEnter an integer > ",STRING_LITERAL, line no: 61,java.util.Scanner,QUALIFIED_NAME, line no: 51, 6.319941537383717E-4, insert, 0.19318181818181818, 0.0, 0.2608695652173913
format,SIMPLE_NAME, line no: 66,digit.value,QUALIFIED_NAME, line no: 63, 6.224119971649615E-4, insert, 1.0, 0.0, 0.09090909090909091
"\n%d",STRING_LITERAL, line no: 66,digit.value,QUALIFIED_NAME, line no: 63, 6.224119971649615E-4, insert, 1.0, 0.0, 0.09090909090909091
"\nEnter an integer > ",STRING_LITERAL, line no: 61,mainClass.scanner,QUALIFIED_NAME, line no: 51, 6.199411972408737E-4, insert, 0.18181818181818182, 0.0, 0.2608695652173913
digit,SIMPLE_NAME, line no: 66,args.length,QUALIFIED_NAME, line no: 50, 5.927733306332966E-4, insert, 0.8095238095238095, 0.0, 0.18181818181818182
String,SIMPLE_NAME, line no: 66,System.out,QUALIFIED_NAME, line no: 56, 5.918075438409477E-4, insert, 0.7804878048780488, 0.0, 0.2
format,SIMPLE_NAME, line no: 66,System.out,QUALIFIED_NAME, line no: 56, 5.918075438409477E-4, insert, 0.7804878048780488, 0.0, 0.2
"\nEnter an integer > ",STRING_LITERAL, line no: 61,i,SIMPLE_NAME, line no: 7, 5.904900600600309E-4, insert, 0.06818181818181818, 0.0, 0.043478260869565216
format,SIMPLE_NAME, line no: 66,args.length,QUALIFIED_NAME, line no: 50, 5.902287426774074E-4, insert, 0.8048780487804879, 0.0, 0.18181818181818182
value,SIMPLE_NAME, line no: 66,mainClass.output,QUALIFIED_NAME, line no: 56, 5.844004073381013E-4, insert, 0.7857142857142857, 0.0, 0.1875
String,SIMPLE_NAME, line no: 61,java.util,QUALIFIED_NAME, line no: 44, 5.825595640457351E-4, insert, 0.011363636363636364, 0.0, 0.2222222222222222
format,SIMPLE_NAME, line no: 61,java.util,QUALIFIED_NAME, line no: 44, 5.825595640457351E-4, insert, 0.011363636363636364, 0.0, 0.2222222222222222
String,SIMPLE_NAME, line no: 69,java.util,QUALIFIED_NAME, line no: 44, 5.825595640457351E-4, insert, 0.011363636363636364, 0.0, 0.2222222222222222
format,SIMPLE_NAME, line no: 69,java.util,QUALIFIED_NAME, line no: 44, 5.825595640457351E-4, insert, 0.011363636363636364, 0.0, 0.2222222222222222
format,SIMPLE_NAME, line no: 66,mainClass.output,QUALIFIED_NAME, line no: 56, 5.815377458877259E-4, insert, 0.7804878048780488, 0.0, 0.1875
digit.value,QUALIFIED_NAME, line no: 66,mainClass.output,QUALIFIED_NAME, line no: 56, 5.815377458877259E-4, insert, 0.7804878048780488, 0.0, 0.1875
scanner,SIMPLE_NAME, line no: 62,System.in,QUALIFIED_NAME, line no: 53, 5.730003226856505E-4, insert, 0.20689655172413793, 0.0, 0.2222222222222222
nextInt,SIMPLE_NAME, line no: 62,System.in,QUALIFIED_NAME, line no: 53, 5.730003226856505E-4, insert, 0.20689655172413793, 0.0, 0.2222222222222222
String,SIMPLE_NAME, line no: 66,System.in,QUALIFIED_NAME, line no: 53, 5.655346731963909E-4, insert, 0.36585365853658536, 0.0, 0.4444444444444444
value,SIMPLE_NAME, line no: 66,true,BOOLEAN_LITERAL, line no: 70, 5.491831509918466E-4, insert, 1.0, 0.0, 0.4
digit,SIMPLE_NAME, line no: 66,mainClass.output,QUALIFIED_NAME, line no: 56, 5.33051417571992E-4, insert, 0.7857142857142857, 0.0, 0.125
String,SIMPLE_NAME, line no: 66,mainClass.output,QUALIFIED_NAME, line no: 56, 5.301887561216166E-4, insert, 0.7804878048780488, 0.0, 0.125
"\n%d",STRING_LITERAL, line no: 66,args.length,QUALIFIED_NAME, line no: 50, 5.155393030176121E-4, insert, 0.8048780487804879, 0.0, 0.09090909090909091
"\nThat's all  have a nice day!",STRING_LITERAL, line no: 69,java.util.Scanner,QUALIFIED_NAME, line no: 51, 5.152638902680382E-4, insert, 0.19318181818181818, 0.0, 0.1875
String,SIMPLE_NAME, line no: 66,true,BOOLEAN_LITERAL, line no: 70, 5.148592040548561E-4, insert, 1.0, 0.0, 0.3333333333333333
digit,SIMPLE_NAME, line no: 66,System.out,QUALIFIED_NAME, line no: 56, 5.125118216655482E-4, insert, 0.7857142857142857, 0.0, 0.1
value,SIMPLE_NAME, line no: 66,System.out,QUALIFIED_NAME, line no: 56, 5.125118216655482E-4, insert, 0.7857142857142857, 0.0, 0.1
"\nThat's all  have a nice day!",STRING_LITERAL, line no: 69,i,SIMPLE_NAME, line no: 7, 5.092976768017766E-4, insert, 0.06818181818181818, 0.0, 0.03125
"\nThat's all  have a nice day!",STRING_LITERAL, line no: 69,mainClass.scanner,QUALIFIED_NAME, line no: 51, 5.032109337705401E-4, insert, 0.18181818181818182, 0.0, 0.1875
String,SIMPLE_NAME, line no: 61,java.util.Scanner,QUALIFIED_NAME, line no: 51, 4.977162036025631E-4, insert, 0.19318181818181818, 0.0, 0.17647058823529413
String,SIMPLE_NAME, line no: 69,java.util.Scanner,QUALIFIED_NAME, line no: 51, 4.977162036025631E-4, insert, 0.19318181818181818, 0.0, 0.17647058823529413
"\nEnter an integer > ",STRING_LITERAL, line no: 61,System.in,QUALIFIED_NAME, line no: 53, 4.93647174810569E-4, insert, 0.20454545454545456, 0.0, 0.17391304347826086
digit.value,QUALIFIED_NAME, line no: 66,true,BOOLEAN_LITERAL, line no: 70, 4.836556159303194E-4, insert, 1.0, 0.0, 0.2727272727272727
value,SIMPLE_NAME, line no: 66,java.util,QUALIFIED_NAME, line no: 44, 4.825174911355034E-4, insert, 0.023809523809523808, 0.0, 0.3333333333333333
"\n%d",STRING_LITERAL, line no: 66,mainClass.output,QUALIFIED_NAME, line no: 56, 4.7883976635550727E-4, insert, 0.7804878048780488, 0.0, 0.0625
digit,SIMPLE_NAME, line no: 66,true,BOOLEAN_LITERAL, line no: 70, 4.4621131018087536E-4, insert, 1.0, 0.0, 0.2
digit.value,QUALIFIED_NAME, line no: 66,java.util,QUALIFIED_NAME, line no: 44, 4.37813707274085E-4, insert, 0.024390243902439025, 0.0, 0.2727272727272727
format,SIMPLE_NAME, line no: 66,true,BOOLEAN_LITERAL, line no: 70, 4.290493367123801E-4, insert, 1.0, 0.0, 0.16666666666666666
"\nThat's all  have a nice day!",STRING_LITERAL, line no: 69,java.util,QUALIFIED_NAME, line no: 44, 4.278799556611779E-4, insert, 0.011363636363636364, 0.0, 0.125
scanner,SIMPLE_NAME, line no: 62,java.util,QUALIFIED_NAME, line no: 44, 4.0841512361636793E-4, insert, 0.011494252873563218, 0.0, 0.1111111111111111
nextInt,SIMPLE_NAME, line no: 62,java.util,QUALIFIED_NAME, line no: 44, 4.0841512361636793E-4, insert, 0.011494252873563218, 0.0, 0.1111111111111111
nextInt,SIMPLE_NAME, line no: 62,java.util.Scanner,QUALIFIED_NAME, line no: 51, 4.0662225652410993E-4, insert, 0.19540229885057472, 0.0, 0.11764705882352941
format,SIMPLE_NAME, line no: 61,java.util.Scanner,QUALIFIED_NAME, line no: 51, 4.0412854138669656E-4, insert, 0.19318181818181818, 0.0, 0.11764705882352941
format,SIMPLE_NAME, line no: 69,java.util.Scanner,QUALIFIED_NAME, line no: 51, 4.0412854138669656E-4, insert, 0.19318181818181818, 0.0, 0.11764705882352941
String,SIMPLE_NAME, line no: 66,java.util,QUALIFIED_NAME, line no: 44, 3.963195741297543E-4, insert, 0.024390243902439025, 0.0, 0.2222222222222222
format,SIMPLE_NAME, line no: 66,java.util,QUALIFIED_NAME, line no: 44, 3.963195741297543E-4, insert, 0.024390243902439025, 0.0, 0.2222222222222222
nextInt,SIMPLE_NAME, line no: 62,mainClass.scanner,QUALIFIED_NAME, line no: 51, 3.9443076029675565E-4, insert, 0.1839080459770115, 0.0, 0.11764705882352941
format,SIMPLE_NAME, line no: 61,System.in,QUALIFIED_NAME, line no: 53, 3.937299122516003E-4, insert, 0.20454545454545456, 0.0, 0.1111111111111111
format,SIMPLE_NAME, line no: 69,System.in,QUALIFIED_NAME, line no: 53, 3.937299122516003E-4, insert, 0.20454545454545456, 0.0, 0.1111111111111111
digit.value,QUALIFIED_NAME, line no: 66,mainClass.scanner,QUALIFIED_NAME, line no: 51, 3.9370014535163294E-4, insert, 0.34146341463414637, 0.0, 0.23529411764705882
digit.value,QUALIFIED_NAME, line no: 66,java.util.Scanner,QUALIFIED_NAME, line no: 51, 3.9370014535163294E-4, insert, 0.34146341463414637, 0.0, 0.23529411764705882
String,SIMPLE_NAME, line no: 61,mainClass.scanner,QUALIFIED_NAME, line no: 51, 3.9207558488919857E-4, insert, 0.18181818181818182, 0.0, 0.11764705882352941
format,SIMPLE_NAME, line no: 61,mainClass.scanner,QUALIFIED_NAME, line no: 51, 3.9207558488919857E-4, insert, 0.18181818181818182, 0.0, 0.11764705882352941
String,SIMPLE_NAME, line no: 69,mainClass.scanner,QUALIFIED_NAME, line no: 51, 3.9207558488919857E-4, insert, 0.18181818181818182, 0.0, 0.11764705882352941
format,SIMPLE_NAME, line no: 69,mainClass.scanner,QUALIFIED_NAME, line no: 51, 3.9207558488919857E-4, insert, 0.18181818181818182, 0.0, 0.11764705882352941
value,SIMPLE_NAME, line no: 66,java.util.Scanner,QUALIFIED_NAME, line no: 51, 3.889290429343406E-4, insert, 0.3333333333333333, 0.0, 0.23529411764705882
"\nEnter an integer > ",STRING_LITERAL, line no: 61,java.util,QUALIFIED_NAME, line no: 44, 3.673531523802642E-4, insert, 0.011363636363636364, 0.0, 0.08695652173913043
"\nThat's all  have a nice day!",STRING_LITERAL, line no: 69,System.in,QUALIFIED_NAME, line no: 53, 3.6610855361150074E-4, insert, 0.20454545454545456, 0.0, 0.09375
digit.value,QUALIFIED_NAME, line no: 66,System.in,QUALIFIED_NAME, line no: 53, 3.49765180845871E-4, insert, 0.36585365853658536, 0.0, 0.18181818181818182
String,SIMPLE_NAME, line no: 66,java.util.Scanner,QUALIFIED_NAME, line no: 51, 3.4537168439529475E-4, insert, 0.34146341463414637, 0.0, 0.17647058823529413
value,SIMPLE_NAME, line no: 66,mainClass.scanner,QUALIFIED_NAME, line no: 51, 3.406005819780024E-4, insert, 0.3333333333333333, 0.0, 0.17647058823529413
digit,SIMPLE_NAME, line no: 66,java.util,QUALIFIED_NAME, line no: 44, 2.9994330530044806E-4, insert, 0.023809523809523808, 0.0, 0.1111111111111111
String,SIMPLE_NAME, line no: 66,mainClass.scanner,QUALIFIED_NAME, line no: 51, 2.970432234389566E-4, insert, 0.34146341463414637, 0.0, 0.11764705882352941
format,SIMPLE_NAME, line no: 66,mainClass.scanner,QUALIFIED_NAME, line no: 51, 2.970432234389566E-4, insert, 0.34146341463414637, 0.0, 0.11764705882352941
format,SIMPLE_NAME, line no: 66,java.util.Scanner,QUALIFIED_NAME, line no: 51, 2.970432234389566E-4, insert, 0.34146341463414637, 0.0, 0.11764705882352941
format,SIMPLE_NAME, line no: 66,System.in,QUALIFIED_NAME, line no: 53, 2.9167339444380796E-4, insert, 0.36585365853658536, 0.0, 0.1111111111111111
"\n%d",STRING_LITERAL, line no: 66,System.in,QUALIFIED_NAME, line no: 53, 2.9167339444380796E-4, insert, 0.36585365853658536, 0.0, 0.1111111111111111
digit,SIMPLE_NAME, line no: 66,System.in,QUALIFIED_NAME, line no: 53, 2.869022920265156E-4, insert, 0.35714285714285715, 0.0, 0.1111111111111111
value,SIMPLE_NAME, line no: 66,System.in,QUALIFIED_NAME, line no: 53, 2.869022920265156E-4, insert, 0.35714285714285715, 0.0, 0.1111111111111111
"\n%d",STRING_LITERAL, line no: 66,mainClass.scanner,QUALIFIED_NAME, line no: 51, 2.4871476248261847E-4, insert, 0.34146341463414637, 0.0, 0.058823529411764705
"\n%d",STRING_LITERAL, line no: 66,java.util.Scanner,QUALIFIED_NAME, line no: 51, 2.4871476248261847E-4, insert, 0.34146341463414637, 0.0, 0.058823529411764705
digit,SIMPLE_NAME, line no: 66,mainClass.scanner,QUALIFIED_NAME, line no: 51, 2.439436600653261E-4, insert, 0.3333333333333333, 0.0, 0.058823529411764705
digit,SIMPLE_NAME, line no: 66,java.util.Scanner,QUALIFIED_NAME, line no: 51, 2.439436600653261E-4, insert, 0.3333333333333333, 0.0, 0.058823529411764705
