value=i; ,EXPRESSION_STATEMENT, line no: 7,value=i; ,EXPRESSION_STATEMENT, line no: 7, 0.03529053520421588, insert, 1.0, 1.0, 1.0
sum.value=sum.value % 64 + 22; ,EXPRESSION_STATEMENT, line no: 73,sum.value=sum.value % 64 + 22; ,EXPRESSION_STATEMENT, line no: 73, 0.03529053520421588, insert, 1.0, 2.0, 1.0
output+=(String.format("Check sum is %c\n" (char)sum.value)); ,EXPRESSION_STATEMENT, line no: 74,output+=(String.format("Check sum is %c\n" (char)sum.value)); ,EXPRESSION_STATEMENT, line no: 74, 0.03529053520421588, insert, 1.0, 3.0, 1.0
output+=(String.format("Enter an abitrarily long string  ending with carriage return > ")); ,EXPRESSION_STATEMENT, line no: 62,output+=(String.format("Enter an abitrarily long string  ending with carriage return > ")); ,EXPRESSION_STATEMENT, line no: 62, 0.023527023469477253, insert, 1.0, 1.0, 1.0
output+=(String.format("Check sum is %c\n" (char)sum.value)); ,EXPRESSION_STATEMENT, line no: 74,output+=(String.format("Enter an abitrarily long string  ending with carriage return > ")); ,EXPRESSION_STATEMENT, line no: 62, 0.023322440656699188, insert, 1.0, 0.3333333333333333, 0.43478260869565216
value=i; ,EXPRESSION_STATEMENT, line no: 7,letter.value='\n'; ,EXPRESSION_STATEMENT, line no: 69, 0.023031717712225102, insert, 1.0, 0.0, 0.42105263157894735
value=i; ,EXPRESSION_STATEMENT, line no: 7,mainClass.exec(); ,EXPRESSION_STATEMENT, line no: 55, 0.019997969949055665, insert, 1.0, 0.0, 0.2777777777777778
value=i; ,EXPRESSION_STATEMENT, line no: 7,sum.value=sum.value % 64 + 22; ,EXPRESSION_STATEMENT, line no: 73, 0.01958055501653268, insert, 1.0, 1.0, 0.25806451612903225
sum.value=sum.value % 64 + 22; ,EXPRESSION_STATEMENT, line no: 73,output+=(String.format("Check sum is %c\n" (char)sum.value)); ,EXPRESSION_STATEMENT, line no: 74, 0.019239033708104786, insert, 1.0, 2.0, 0.24193548387096775
output+=(String.format("Check sum is %c\n" (char)sum.value)); ,EXPRESSION_STATEMENT, line no: 74,sum.value=sum.value % 64 + 22; ,EXPRESSION_STATEMENT, line no: 73, 0.019239033708104786, insert, 1.0, 1.3333333333333333, 0.24193548387096775
value=i; ,EXPRESSION_STATEMENT, line no: 7,sum.value=sum.value + (int)letter.value; ,EXPRESSION_STATEMENT, line no: 71, 0.018764235791509907, insert, 1.0, 1.0, 0.21951219512195122
sum.value=sum.value % 64 + 22; ,EXPRESSION_STATEMENT, line no: 73,sum.value=sum.value + (int)letter.value; ,EXPRESSION_STATEMENT, line no: 71, 0.01853220894287137, insert, 0.43478260869565216, 2.0, 0.5853658536585366
value=i; ,EXPRESSION_STATEMENT, line no: 7,letter.value=scanner.findInLine(".").charAt(0); ,EXPRESSION_STATEMENT, line no: 67, 0.018086399292160635, insert, 1.0, 0.0, 0.1875
sum.value=sum.value % 64 + 22; ,EXPRESSION_STATEMENT, line no: 73,output+=(String.format("Enter an abitrarily long string  ending with carriage return > ")); ,EXPRESSION_STATEMENT, line no: 62, 0.017108237718565525, insert, 1.0, 0.0, 0.14130434782608695
value=i; ,EXPRESSION_STATEMENT, line no: 7,mainClass.scanner=new java.util.Scanner(args[0]); ,EXPRESSION_STATEMENT, line no: 51, 0.017080619038840488, insert, 1.0, 0.0, 0.14
value=i; ,EXPRESSION_STATEMENT, line no: 7,mainClass.scanner=new java.util.Scanner(System.in); ,EXPRESSION_STATEMENT, line no: 53, 0.016966603463565325, insert, 1.0, 0.0, 0.1346153846153846
value=i; ,EXPRESSION_STATEMENT, line no: 7,System.out.println(mainClass.output); ,EXPRESSION_STATEMENT, line no: 56, 0.016902308966229712, insert, 1.0, 0.0, 0.13157894736842105
value=i; ,EXPRESSION_STATEMENT, line no: 7,output+=(String.format("Check sum is %c\n" (char)sum.value)); ,EXPRESSION_STATEMENT, line no: 74, 0.01650686324068162, insert, 1.0, 1.0, 0.11290322580645161
output+=(String.format("Enter an abitrarily long string  ending with carriage return > ")); ,EXPRESSION_STATEMENT, line no: 62,output+=(String.format("Check sum is %c\n" (char)sum.value)); ,EXPRESSION_STATEMENT, line no: 74, 0.015548293771132793, insert, 1.0, 1.0, 0.43478260869565216
value=i; ,EXPRESSION_STATEMENT, line no: 7,output+=(String.format("Enter an abitrarily long string  ending with carriage return > ")); ,EXPRESSION_STATEMENT, line no: 62, 0.015497148067938277, insert, 1.0, 0.0, 0.06521739130434782
output+=(String.format("Check sum is %c\n" (char)sum.value)); ,EXPRESSION_STATEMENT, line no: 74,System.out.println(mainClass.output); ,EXPRESSION_STATEMENT, line no: 56, 0.014621071668058021, insert, 0.5760869565217391, 0.5, 0.3064516129032258
sum.value=sum.value % 64 + 22; ,EXPRESSION_STATEMENT, line no: 73,System.out.println(mainClass.output); ,EXPRESSION_STATEMENT, line no: 56, 0.013704356577014723, insert, 0.5760869565217391, 0.0, 0.2631578947368421
sum.value=sum.value % 64 + 22; ,EXPRESSION_STATEMENT, line no: 73,mainClass.exec(); ,EXPRESSION_STATEMENT, line no: 55, 0.013596507742774334, insert, 0.5760869565217391, 0.0, 0.25806451612903225
scanner,SIMPLE_NAME, line no: 67,scanner,SIMPLE_NAME, line no: 51, 0.013553297569226467, insert, 0.6111111111111112, 1.0, 1.0
findInLine,SIMPLE_NAME, line no: 67,findInLine,SIMPLE_NAME, line no: 67, 0.013553297569226467, insert, 1.0, 0.0, 1.0
charAt,SIMPLE_NAME, line no: 67,charAt,SIMPLE_NAME, line no: 67, 0.013553297569226467, insert, 1.0, 0.0, 1.0
String,SIMPLE_NAME, line no: 74,String,SIMPLE_NAME, line no: 49, 0.013553297569226467, insert, 0.5520833333333334, 0.0, 1.0
format,SIMPLE_NAME, line no: 74,format,SIMPLE_NAME, line no: 63, 0.013553297569226467, insert, 1.0, 0.0, 1.0
sum,SIMPLE_NAME, line no: 74,sum,SIMPLE_NAME, line no: 61, 0.013553297569226467, insert, 0.9387755102040817, 1.0, 1.0
value,SIMPLE_NAME, line no: 74,value,SIMPLE_NAME, line no: 7, 0.013553297569226467, insert, 0.061224489795918366, 1.0, 1.0
output+=(String.format("Check sum is %c\n" (char)sum.value)); ,EXPRESSION_STATEMENT, line no: 74,sum.value=sum.value + (int)letter.value; ,EXPRESSION_STATEMENT, line no: 71, 0.012626389243471908, insert, 0.43478260869565216, 1.6, 0.3064516129032258
output+=(String.format("Check sum is %c\n" (char)sum.value)); ,EXPRESSION_STATEMENT, line no: 74,mainClass.exec(); ,EXPRESSION_STATEMENT, line no: 55, 0.011888901200634858, insert, 0.5760869565217391, 0.0, 0.1774193548387097
output+=(String.format("Enter an abitrarily long string  ending with carriage return > ")); ,EXPRESSION_STATEMENT, line no: 62,sum.value=sum.value % 64 + 22; ,EXPRESSION_STATEMENT, line no: 73, 0.011405491812377017, insert, 1.0, 0.0, 0.14130434782608695
scanner,SIMPLE_NAME, line no: 67,Scanner,SIMPLE_NAME, line no: 44, 0.01028329561601627, insert, 0.05555555555555555, 0.0, 0.8571428571428571
sum.value,QUALIFIED_NAME, line no: 74,value,SIMPLE_NAME, line no: 7, 0.009939084884099409, insert, 0.061855670103092786, 0.5, 0.5555555555555556
scanner.findInLine("."),METHOD_INVOCATION, line no: 67,findInLine,SIMPLE_NAME, line no: 67, 0.008956961871836621, insert, 1.0, 0.0, 0.43478260869565216
charAt,SIMPLE_NAME, line no: 67,scanner,SIMPLE_NAME, line no: 51, 0.008906452688348821, insert, 0.6470588235294118, 0.0, 0.42857142857142855
charAt,SIMPLE_NAME, line no: 67,CharObj,SIMPLE_NAME, line no: 60, 0.008906452688348821, insert, 1.0, 0.0, 0.42857142857142855
scanner,SIMPLE_NAME, line no: 67,charAt,SIMPLE_NAME, line no: 67, 0.008605268297921565, insert, 0.9444444444444444, 0.0, 0.42857142857142855
output+=(String.format("Enter an abitrarily long string  ending with carriage return > ")); ,EXPRESSION_STATEMENT, line no: 62,System.out.println(mainClass.output); ,EXPRESSION_STATEMENT, line no: 56, 0.008183312511122523, insert, 0.5760869565217391, 1.0, 0.1956521739130435
charAt,SIMPLE_NAME, line no: 67,format,SIMPLE_NAME, line no: 63, 0.00813197854153588, insert, 1.0, 0.0, 0.3333333333333333
(char)sum.value,CAST_EXPRESSION, line no: 74,value,SIMPLE_NAME, line no: 7, 0.00813197854153588, insert, 0.0625, 0.5, 0.3333333333333333
sum.value,QUALIFIED_NAME, line no: 74,sum,SIMPLE_NAME, line no: 61, 0.00813197854153588, insert, 0.9484536082474226, 0.5, 0.3333333333333333
output+=(String.format("Check sum is %c\n" (char)sum.value)); ,EXPRESSION_STATEMENT, line no: 74,mainClass.scanner=new java.util.Scanner(System.in); ,EXPRESSION_STATEMENT, line no: 53, 0.008107418887027434, insert, 0.16304347826086957, 0.0, 0.27419354838709675
sum.value=sum.value % 64 + 22; ,EXPRESSION_STATEMENT, line no: 73,letter.value='\n'; ,EXPRESSION_STATEMENT, line no: 69, 0.00805792304522629, insert, 0.08695652173913043, 0.0, 0.3225806451612903
format,SIMPLE_NAME, line no: 74,output,SIMPLE_NAME, line no: 49, 0.00801903439512566, insert, 0.5520833333333334, 0.0, 0.3333333333333333
output+=(String.format("Check sum is %c\n" (char)sum.value)); ,EXPRESSION_STATEMENT, line no: 74,mainClass.scanner=new java.util.Scanner(args[0]); ,EXPRESSION_STATEMENT, line no: 51, 0.007953981777443886, insert, 0.15217391304347827, 0.0, 0.27419354838709675
output+=(String.format("Check sum is %c\n" (char)sum.value)); ,EXPRESSION_STATEMENT, line no: 74,letter.value=scanner.findInLine(".").charAt(0); ,EXPRESSION_STATEMENT, line no: 67, 0.007953981777443886, insert, 0.15217391304347827, 0.0, 0.27419354838709675
String,SIMPLE_NAME, line no: 74,letter,SIMPLE_NAME, line no: 60, 0.00790609024871544, insert, 0.9583333333333334, 0.0, 0.3333333333333333
scanner.findInLine("."),METHOD_INVOCATION, line no: 67,scanner,SIMPLE_NAME, line no: 51, 0.00789626901859281, insert, 0.6470588235294118, 1.0, 0.30434782608695654
scanner,SIMPLE_NAME, line no: 67,findInLine,SIMPLE_NAME, line no: 67, 0.007860912590151353, insert, 1.0, 0.0, 0.3
findInLine,SIMPLE_NAME, line no: 67,scanner,SIMPLE_NAME, line no: 51, 0.007860912590151353, insert, 0.6111111111111112, 0.0, 0.3
value,SIMPLE_NAME, line no: 74,letter,SIMPLE_NAME, line no: 60, 0.00785538063195983, insert, 0.9387755102040817, 0.0, 0.3333333333333333
scanner,SIMPLE_NAME, line no: 67,value,SIMPLE_NAME, line no: 7, 0.00774474146812941, insert, 0.3333333333333333, 0.0, 0.2857142857142857
scanner,SIMPLE_NAME, line no: 67,CharObj,SIMPLE_NAME, line no: 60, 0.00774474146812941, insert, 1.0, 0.0, 0.2857142857142857
scanner,SIMPLE_NAME, line no: 67,letter,SIMPLE_NAME, line no: 60, 0.00774474146812941, insert, 1.0, 0.0, 0.2857142857142857
sum.value=sum.value % 64 + 22; ,EXPRESSION_STATEMENT, line no: 73,letter.value=scanner.findInLine(".").charAt(0); ,EXPRESSION_STATEMENT, line no: 67, 0.007441699814802044, insert, 0.15217391304347827, 0.0, 0.25
sum.value,QUALIFIED_NAME, line no: 74,format,SIMPLE_NAME, line no: 63, 0.007172535483370708, insert, 0.9896907216494846, 0.0, 0.2222222222222222
scanner,SIMPLE_NAME, line no: 67,lang,SIMPLE_NAME, line no: 68, 0.0071423726872749, insert, 0.8888888888888888, 0.0, 0.2857142857142857
sum.value,QUALIFIED_NAME, line no: 74,output,SIMPLE_NAME, line no: 49, 0.007060755709603891, insert, 0.5463917525773195, 0.0, 0.2222222222222222
findInLine,SIMPLE_NAME, line no: 67,String,SIMPLE_NAME, line no: 49, 0.007047714735997763, insert, 0.7222222222222222, 0.0, 0.2
findInLine,SIMPLE_NAME, line no: 67,IntObj,SIMPLE_NAME, line no: 61, 0.007047714735997763, insert, 1.0, 0.0, 0.2
(char)sum.value,CAST_EXPRESSION, line no: 74,sum,SIMPLE_NAME, line no: 61, 0.007047714735997763, insert, 0.9583333333333334, 0.5, 0.2
(char)sum.value,CAST_EXPRESSION, line no: 74,format,SIMPLE_NAME, line no: 63, 0.007047714735997763, insert, 1.0, 0.0, 0.2
sum,SIMPLE_NAME, line no: 74,value,SIMPLE_NAME, line no: 7, 0.007047714735997763, insert, 0.061224489795918366, 0.0, 0.2
value,SIMPLE_NAME, line no: 74,sum,SIMPLE_NAME, line no: 61, 0.007047714735997763, insert, 0.9387755102040817, 0.0, 0.2
charAt,SIMPLE_NAME, line no: 67,Scanner,SIMPLE_NAME, line no: 44, 0.006993045972693319, insert, 0.058823529411764705, 0.0, 0.42857142857142855
output+=(String.format("Enter an abitrarily long string  ending with carriage return > ")); ,EXPRESSION_STATEMENT, line no: 62,mainClass.exec(); ,EXPRESSION_STATEMENT, line no: 55, 0.006955815634454145, insert, 0.5760869565217391, 0.0, 0.10869565217391304
sum.value,QUALIFIED_NAME, line no: 74,letter,SIMPLE_NAME, line no: 60, 0.006948975935837074, insert, 0.9484536082474226, 0.0, 0.2222222222222222
scanner.findInLine("."),METHOD_INVOCATION, line no: 67,NullPointerException,SIMPLE_NAME, line no: 68, 0.006870239330487688, insert, 0.9411764705882353, 0.0, 0.21739130434782608
charAt,SIMPLE_NAME, line no: 67,args,SIMPLE_NAME, line no: 50, 0.006856374064432212, insert, 0.7647058823529411, 0.0, 0.3333333333333333
output+=(String.format("Enter an abitrarily long string  ending with carriage return > ")); ,EXPRESSION_STATEMENT, line no: 62,sum.value=sum.value + (int)letter.value; ,EXPRESSION_STATEMENT, line no: 71, 0.0068535242280651125, insert, 0.43478260869565216, 0.0, 0.1956521739130435
(char)sum.value,CAST_EXPRESSION, line no: 74,CharObj,SIMPLE_NAME, line no: 60, 0.0068218264431773225, insert, 0.9583333333333334, 0.0, 0.2
sum.value=sum.value % 64 + 22; ,EXPRESSION_STATEMENT, line no: 73,mainClass.scanner=new java.util.Scanner(args[0]); ,EXPRESSION_STATEMENT, line no: 51, 0.006806470181126159, insert, 0.15217391304347827, 0.0, 0.22
charAt,SIMPLE_NAME, line no: 67,println,SIMPLE_NAME, line no: 56, 0.006788038110301659, insert, 0.8235294117647058, 0.0, 0.2857142857142857
sum.value=sum.value % 64 + 22; ,EXPRESSION_STATEMENT, line no: 73,mainClass.scanner=new java.util.Scanner(System.in); ,EXPRESSION_STATEMENT, line no: 53, 0.0067807399581344555, insert, 0.16304347826086957, 0.0, 0.21153846153846154
charAt,SIMPLE_NAME, line no: 67,value,SIMPLE_NAME, line no: 7, 0.0067766487846132335, insert, 0.35294117647058826, 0.0, 0.16666666666666666
charAt,SIMPLE_NAME, line no: 67,String,SIMPLE_NAME, line no: 49, 0.0067766487846132335, insert, 0.7647058823529411, 0.0, 0.16666666666666666
charAt,SIMPLE_NAME, line no: 67,output,SIMPLE_NAME, line no: 49, 0.0067766487846132335, insert, 0.7647058823529411, 0.0, 0.16666666666666666
charAt,SIMPLE_NAME, line no: 67,letter,SIMPLE_NAME, line no: 60, 0.0067766487846132335, insert, 1.0, 0.0, 0.16666666666666666
charAt,SIMPLE_NAME, line no: 67,IntObj,SIMPLE_NAME, line no: 61, 0.0067766487846132335, insert, 1.0, 0.0, 0.16666666666666666
String,SIMPLE_NAME, line no: 74,format,SIMPLE_NAME, line no: 63, 0.0067766487846132335, insert, 1.0, 0.0, 0.16666666666666666
format,SIMPLE_NAME, line no: 74,value,SIMPLE_NAME, line no: 7, 0.0067766487846132335, insert, 0.0625, 0.0, 0.16666666666666666
format,SIMPLE_NAME, line no: 74,String,SIMPLE_NAME, line no: 49, 0.0067766487846132335, insert, 0.5520833333333334, 0.0, 0.16666666666666666
format,SIMPLE_NAME, line no: 74,sum,SIMPLE_NAME, line no: 61, 0.0067766487846132335, insert, 0.9583333333333334, 0.0, 0.16666666666666666
"Check sum is %c\n",STRING_LITERAL, line no: 74,sum,SIMPLE_NAME, line no: 61, 0.006705315639512041, insert, 0.9583333333333334, 0.0, 0.15789473684210525
sum,SIMPLE_NAME, line no: 74,format,SIMPLE_NAME, line no: 63, 0.006666009620782814, insert, 0.9795918367346939, 0.0, 0.16666666666666666
value,SIMPLE_NAME, line no: 74,format,SIMPLE_NAME, line no: 63, 0.006666009620782814, insert, 0.9795918367346939, 0.0, 0.16666666666666666
String,SIMPLE_NAME, line no: 74,output,SIMPLE_NAME, line no: 49, 0.0066637046382030125, insert, 0.5520833333333334, 0.0, 0.16666666666666666
findInLine,SIMPLE_NAME, line no: 67,println,SIMPLE_NAME, line no: 56, 0.006656175028442331, insert, 0.7777777777777778, 0.0, 0.3
String,SIMPLE_NAME, line no: 74,println,SIMPLE_NAME, line no: 56, 0.006591097686939299, insert, 0.5729166666666666, 0.0, 0.42857142857142855
scanner,SIMPLE_NAME, line no: 67,String,SIMPLE_NAME, line no: 49, 0.006583030247909998, insert, 0.7222222222222222, 0.0, 0.14285714285714285
scanner,SIMPLE_NAME, line no: 67,IntObj,SIMPLE_NAME, line no: 61, 0.006583030247909998, insert, 1.0, 0.0, 0.14285714285714285
scanner,SIMPLE_NAME, line no: 67,sum,SIMPLE_NAME, line no: 61, 0.006583030247909998, insert, 1.0, 0.0, 0.14285714285714285
scanner,SIMPLE_NAME, line no: 67,format,SIMPLE_NAME, line no: 63, 0.006583030247909998, insert, 1.0, 0.0, 0.14285714285714285
sum,SIMPLE_NAME, line no: 74,output,SIMPLE_NAME, line no: 49, 0.006555370456952393, insert, 0.5408163265306123, 0.0, 0.16666666666666666
value,SIMPLE_NAME, line no: 74,output,SIMPLE_NAME, line no: 49, 0.006555370456952393, insert, 0.5408163265306123, 0.0, 0.16666666666666666
String,SIMPLE_NAME, line no: 74,IntObj,SIMPLE_NAME, line no: 61, 0.006550760491792792, insert, 0.9583333333333334, 0.0, 0.16666666666666666
format,SIMPLE_NAME, line no: 74,letter,SIMPLE_NAME, line no: 60, 0.006550760491792792, insert, 0.9583333333333334, 0.0, 0.16666666666666666
format,SIMPLE_NAME, line no: 74,IntObj,SIMPLE_NAME, line no: 61, 0.006550760491792792, insert, 0.9583333333333334, 0.0, 0.16666666666666666
scanner,SIMPLE_NAME, line no: 67,System,SIMPLE_NAME, line no: 53, 0.00654000390642039, insert, 0.5555555555555556, 0.0, 0.2857142857142857
scanner,SIMPLE_NAME, line no: 67,println,SIMPLE_NAME, line no: 56, 0.00654000390642039, insert, 0.7777777777777778, 0.0, 0.2857142857142857
scanner.findInLine("."),METHOD_INVOCATION, line no: 67,String,SIMPLE_NAME, line no: 49, 0.006482011880934398, insert, 0.7647058823529411, 0.0, 0.13043478260869565
scanner.findInLine("."),METHOD_INVOCATION, line no: 67,charAt,SIMPLE_NAME, line no: 67, 0.006482011880934398, insert, 1.0, 0.0, 0.13043478260869565
charAt,SIMPLE_NAME, line no: 67,java,SIMPLE_NAME, line no: 44, 0.006457747665337316, insert, 0.058823529411764705, 0.0, 0.16666666666666666
charAt,SIMPLE_NAME, line no: 67,lang,SIMPLE_NAME, line no: 68, 0.006457747665337316, insert, 0.9411764705882353, 0.0, 0.16666666666666666
findInLine,SIMPLE_NAME, line no: 67,NullPointerException,SIMPLE_NAME, line no: 68, 0.0064453459551432534, insert, 0.8888888888888888, 0.0, 0.2
(char)sum.value,CAST_EXPRESSION, line no: 74,output,SIMPLE_NAME, line no: 49, 0.006392638686818484, insert, 0.5520833333333334, 0.0, 0.13333333333333333
String,SIMPLE_NAME, line no: 74,CharObj,SIMPLE_NAME, line no: 60, 0.006357141955089557, insert, 0.9583333333333334, 0.0, 0.14285714285714285
format,SIMPLE_NAME, line no: 74,CharObj,SIMPLE_NAME, line no: 60, 0.006357141955089557, insert, 0.9583333333333334, 0.0, 0.14285714285714285
(char)sum.value,CAST_EXPRESSION, line no: 74,letter,SIMPLE_NAME, line no: 60, 0.006279694540408264, insert, 0.9583333333333334, 0.0, 0.13333333333333333
"Check sum is %c\n",STRING_LITERAL, line no: 74,String,SIMPLE_NAME, line no: 49, 0.00627731676890489, insert, 0.5520833333333334, 0.0, 0.10526315789473684
value,SIMPLE_NAME, line no: 74,CharObj,SIMPLE_NAME, line no: 60, 0.006251112756418738, insert, 0.9387755102040817, 0.0, 0.14285714285714285
scanner,SIMPLE_NAME, line no: 67,args,SIMPLE_NAME, line no: 50, 0.006238819515993136, insert, 0.7222222222222222, 0.0, 0.2857142857142857
findInLine,SIMPLE_NAME, line no: 67,value,SIMPLE_NAME, line no: 7, 0.006234516881844175, insert, 0.3333333333333333, 0.0, 0.1
findInLine,SIMPLE_NAME, line no: 67,letter,SIMPLE_NAME, line no: 60, 0.006234516881844175, insert, 1.0, 0.0, 0.1
findInLine,SIMPLE_NAME, line no: 67,format,SIMPLE_NAME, line no: 63, 0.006234516881844175, insert, 1.0, 0.0, 0.1
scanner.findInLine("."),METHOD_INVOCATION, line no: 67,value,SIMPLE_NAME, line no: 7, 0.006128447596519794, insert, 0.35294117647058826, 0.0, 0.08695652173913043
scanner.findInLine("."),METHOD_INVOCATION, line no: 67,CharObj,SIMPLE_NAME, line no: 60, 0.006128447596519794, insert, 1.0, 0.0, 0.08695652173913043
scanner.findInLine("."),METHOD_INVOCATION, line no: 67,letter,SIMPLE_NAME, line no: 60, 0.006128447596519794, insert, 1.0, 0.0, 0.08695652173913043
scanner.findInLine("."),METHOD_INVOCATION, line no: 67,IntObj,SIMPLE_NAME, line no: 61, 0.006128447596519794, insert, 1.0, 0.0, 0.08695652173913043
letter.value=scanner.findInLine(".").charAt(0); ,EXPRESSION_STATEMENT, line no: 67,letter.value=scanner.findInLine(".").charAt(0); ,EXPRESSION_STATEMENT, line no: 67, 0.006105479096680293, insert, 1.0, 3.0, 1.0
sum.value=sum.value % 64 + 22; ,EXPRESSION_STATEMENT, line no: 73,value=i; ,EXPRESSION_STATEMENT, line no: 7, 0.006078089373180519, insert, 0.043478260869565216, 0.5, 0.25806451612903225
"Check sum is %c\n",STRING_LITERAL, line no: 74,CharObj,SIMPLE_NAME, line no: 60, 0.006051428476084449, insert, 0.9583333333333334, 0.0, 0.10526315789473684
"Enter an abitrarily long string  ending with carriage return > ",STRING_LITERAL, line no: 64,String,SIMPLE_NAME, line no: 49, 0.0060468558385779626, insert, 0.5520833333333334, 0.0, 0.07692307692307693
sum.value,QUALIFIED_NAME, line no: 74,CharObj,SIMPLE_NAME, line no: 60, 0.0060454227645553105, insert, 0.9484536082474226, 0.0, 0.1111111111111111
scanner,SIMPLE_NAME, line no: 67,NullPointerException,SIMPLE_NAME, line no: 68, 0.0060387470280664594, insert, 0.8888888888888888, 0.0, 0.15
scanner,SIMPLE_NAME, line no: 67,mainClass,SIMPLE_NAME, line no: 48, 0.006023687808545096, insert, 0.7222222222222222, 0.0, 0.2222222222222222
scanner,SIMPLE_NAME, line no: 67,java,SIMPLE_NAME, line no: 44, 0.005980661467055488, insert, 0.05555555555555555, 0.0, 0.14285714285714285
scanner,SIMPLE_NAME, line no: 67,e,SIMPLE_NAME, line no: 68, 0.005980661467055488, insert, 0.8888888888888888, 0.0, 0.14285714285714285
(char)sum.value,CAST_EXPRESSION, line no: 74,String,SIMPLE_NAME, line no: 49, 0.0059634509304596454, insert, 0.5520833333333334, 0.0, 0.06666666666666667
"Enter an abitrarily long string  ending with carriage return > ",STRING_LITERAL, line no: 64,format,SIMPLE_NAME, line no: 63, 0.005921748476400488, insert, 1.0, 0.0, 0.06153846153846154
charAt,SIMPLE_NAME, line no: 67,NullPointerException,SIMPLE_NAME, line no: 68, 0.005915615762568258, insert, 0.9411764705882353, 0.0, 0.1
scanner.findInLine("."),METHOD_INVOCATION, line no: 67,println,SIMPLE_NAME, line no: 56, 0.00587887280752125, insert, 0.8235294117647058, 0.0, 0.17391304347826086
String,SIMPLE_NAME, line no: 74,System,SIMPLE_NAME, line no: 53, 0.005873095613331469, insert, 0.19791666666666666, 0.0, 0.3333333333333333
format,SIMPLE_NAME, line no: 74,out,SIMPLE_NAME, line no: 56, 0.005873095613331469, insert, 0.5833333333333334, 0.0, 0.3333333333333333
"Check sum is %c\n",STRING_LITERAL, line no: 74,value,SIMPLE_NAME, line no: 7, 0.005849317898297739, insert, 0.0625, 0.0, 0.05263157894736842
"Check sum is %c\n",STRING_LITERAL, line no: 74,format,SIMPLE_NAME, line no: 63, 0.005849317898297739, insert, 1.0, 0.0, 0.05263157894736842
findInLine,SIMPLE_NAME, line no: 67,mainClass,SIMPLE_NAME, line no: 48, 0.005842977174288743, insert, 0.7222222222222222, 0.0, 0.2
sum.value,QUALIFIED_NAME, line no: 74,mainClass,SIMPLE_NAME, line no: 48, 0.005840493179316147, insert, 0.5463917525773195, 0.0, 0.3333333333333333
"Enter an abitrarily long string  ending with carriage return > ",STRING_LITERAL, line no: 64,letter,SIMPLE_NAME, line no: 60, 0.0058209675457575214, insert, 0.9583333333333334, 0.0, 0.07692307692307693
charAt,SIMPLE_NAME, line no: 67,System,SIMPLE_NAME, line no: 53, 0.005819945426785483, insert, 0.5882352941176471, 0.0, 0.16666666666666666
charAt,SIMPLE_NAME, line no: 67,exec,SIMPLE_NAME, line no: 55, 0.005819945426785483, insert, 0.8235294117647058, 0.0, 0.16666666666666666
charAt,SIMPLE_NAME, line no: 67,out,SIMPLE_NAME, line no: 56, 0.005819945426785483, insert, 0.8235294117647058, 0.0, 0.16666666666666666
String,SIMPLE_NAME, line no: 74,args,SIMPLE_NAME, line no: 50, 0.0058166235401263585, insert, 0.5729166666666666, 0.0, 0.3333333333333333
String,SIMPLE_NAME, line no: 74,length,SIMPLE_NAME, line no: 50, 0.0058166235401263585, insert, 0.5729166666666666, 0.0, 0.3333333333333333
scanner.findInLine("."),METHOD_INVOCATION, line no: 67,lang,SIMPLE_NAME, line no: 68, 0.005809546477243877, insert, 0.9411764705882353, 0.0, 0.08695652173913043
sum,SIMPLE_NAME, line no: 74,System,SIMPLE_NAME, line no: 53, 0.005808556101097057, insert, 0.19387755102040816, 0.0, 0.3333333333333333
sum,SIMPLE_NAME, line no: 74,out,SIMPLE_NAME, line no: 56, 0.005808556101097057, insert, 0.5714285714285714, 0.0, 0.3333333333333333
"Enter an abitrarily long string  ending with carriage return > ",STRING_LITERAL, line no: 64,value,SIMPLE_NAME, line no: 7, 0.005796641114223012, insert, 0.0625, 0.0, 0.046153846153846156
scanner.findInLine("."),METHOD_INVOCATION, line no: 67,sum,SIMPLE_NAME, line no: 61, 0.00577488331210519, insert, 1.0, 0.0, 0.043478260869565216
scanner.findInLine("."),METHOD_INVOCATION, line no: 67,format,SIMPLE_NAME, line no: 63, 0.00577488331210519, insert, 1.0, 0.0, 0.043478260869565216
value,SIMPLE_NAME, line no: 74,length,SIMPLE_NAME, line no: 50, 0.005753236519181847, insert, 0.5612244897959183, 0.0, 0.3333333333333333
findInLine,SIMPLE_NAME, line no: 67,Scanner,SIMPLE_NAME, line no: 44, 0.005752621857160568, insert, 0.05555555555555555, 0.0, 0.3
"Check sum is %c\n",STRING_LITERAL, line no: 74,output,SIMPLE_NAME, line no: 49, 0.005736373751887518, insert, 0.5520833333333334, 0.0, 0.05263157894736842
"Check sum is %c\n",STRING_LITERAL, line no: 74,checksum_e23b96b6_005,SIMPLE_NAME, line no: 48, 0.005703679393716138, insert, 0.5520833333333334, 0.0, 0.3333333333333333
"Enter an abitrarily long string  ending with carriage return > ",STRING_LITERAL, line no: 64,output,SIMPLE_NAME, line no: 49, 0.005683696967812791, insert, 0.5520833333333334, 0.0, 0.046153846153846156
"Enter an abitrarily long string  ending with carriage return > ",STRING_LITERAL, line no: 64,sum,SIMPLE_NAME, line no: 61, 0.005671533752045537, insert, 0.9583333333333334, 0.0, 0.03076923076923077
findInLine,SIMPLE_NAME, line no: 67,lang,SIMPLE_NAME, line no: 68, 0.005632148100989665, insert, 0.8888888888888888, 0.0, 0.1
findInLine,SIMPLE_NAME, line no: 67,e,SIMPLE_NAME, line no: 68, 0.005632148100989665, insert, 0.8888888888888888, 0.0, 0.1
scanner.findInLine("."),METHOD_INVOCATION, line no: 67,Scanner,SIMPLE_NAME, line no: 44, 0.005629298018522706, insert, 0.058823529411764705, 0.0, 0.2608695652173913
"Check sum is %c\n",STRING_LITERAL, line no: 74,letter,SIMPLE_NAME, line no: 60, 0.005623429605477298, insert, 0.9583333333333334, 0.0, 0.05263157894736842
"Check sum is %c\n",STRING_LITERAL, line no: 74,IntObj,SIMPLE_NAME, line no: 61, 0.005623429605477298, insert, 0.9583333333333334, 0.0, 0.05263157894736842
value,SIMPLE_NAME, line no: 74,java,SIMPLE_NAME, line no: 44, 0.005576213857053175, insert, 0.02040816326530612, 0.0, 0.4
"Enter an abitrarily long string  ending with carriage return > ",STRING_LITERAL, line no: 64,CharObj,SIMPLE_NAME, line no: 60, 0.005570752821402571, insert, 0.9583333333333334, 0.0, 0.046153846153846156
"Enter an abitrarily long string  ending with carriage return > ",STRING_LITERAL, line no: 64,IntObj,SIMPLE_NAME, line no: 61, 0.005570752821402571, insert, 0.9583333333333334, 0.0, 0.046153846153846156
scanner.findInLine("."),METHOD_INVOCATION, line no: 67,mainClass,SIMPLE_NAME, line no: 48, 0.005525308523106646, insert, 0.7647058823529411, 0.0, 0.13043478260869565
charAt,SIMPLE_NAME, line no: 67,length,SIMPLE_NAME, line no: 50, 0.005501044307509566, insert, 0.7647058823529411, 0.0, 0.16666666666666666
scanner.findInLine("."),METHOD_INVOCATION, line no: 67,java,SIMPLE_NAME, line no: 44, 0.005455982192829273, insert, 0.058823529411764705, 0.0, 0.043478260869565216
scanner.findInLine("."),METHOD_INVOCATION, line no: 67,e,SIMPLE_NAME, line no: 68, 0.005455982192829273, insert, 0.9411764705882353, 0.0, 0.043478260869565216
format,SIMPLE_NAME, line no: 74,println,SIMPLE_NAME, line no: 56, 0.005429386466719888, insert, 0.5729166666666666, 0.0, 0.2857142857142857
scanner,SIMPLE_NAME, line no: 67,exec,SIMPLE_NAME, line no: 55, 0.005378292686200979, insert, 0.7777777777777778, 0.0, 0.14285714285714285
charAt,SIMPLE_NAME, line no: 67,mainClass,SIMPLE_NAME, line no: 48, 0.005368168841144601, insert, 0.7647058823529411, 0.0, 0.1111111111111111
output+=(String.format("Check sum is %c\n" (char)sum.value)); ,EXPRESSION_STATEMENT, line no: 74,letter.value='\n'; ,EXPRESSION_STATEMENT, line no: 69, 0.005325752577803125, insert, 0.08695652173913043, 0.0, 0.1935483870967742
(char)sum.value,CAST_EXPRESSION, line no: 74,checksum_e23b96b6_005,SIMPLE_NAME, line no: 48, 0.005316442320309668, insert, 0.5520833333333334, 0.0, 0.2857142857142857
scanner.findInLine("."),METHOD_INVOCATION, line no: 67,checksum_e23b96b6_005,SIMPLE_NAME, line no: 48, 0.00520640740383073, insert, 0.7647058823529411, 0.0, 0.13043478260869565
scanner.findInLine("."),METHOD_INVOCATION, line no: 67,System,SIMPLE_NAME, line no: 53, 0.0051717442386920425, insert, 0.5882352941176471, 0.0, 0.08695652173913043
scanner.findInLine("."),METHOD_INVOCATION, line no: 67,exec,SIMPLE_NAME, line no: 55, 0.0051717442386920425, insert, 0.8235294117647058, 0.0, 0.08695652173913043
String,SIMPLE_NAME, line no: 74,lang,SIMPLE_NAME, line no: 68, 0.0050824865884599255, insert, 0.4375, 0.0, 0.3333333333333333
scanner,SIMPLE_NAME, line no: 67,length,SIMPLE_NAME, line no: 50, 0.005077108295773724, insert, 0.7222222222222222, 0.0, 0.14285714285714285
sum,SIMPLE_NAME, line no: 74,args,SIMPLE_NAME, line no: 50, 0.005075571640720524, insert, 0.5612244897959183, 0.0, 0.25
findInLine,SIMPLE_NAME, line no: 67,System,SIMPLE_NAME, line no: 53, 0.005029779320135155, insert, 0.5555555555555556, 0.0, 0.1
findInLine,SIMPLE_NAME, line no: 67,exec,SIMPLE_NAME, line no: 55, 0.005029779320135155, insert, 0.7777777777777778, 0.0, 0.1
String,SIMPLE_NAME, line no: 74,mainClass,SIMPLE_NAME, line no: 48, 0.0049695424420497045, insert, 0.5520833333333334, 0.0, 0.2222222222222222
format,SIMPLE_NAME, line no: 74,mainClass,SIMPLE_NAME, line no: 48, 0.0049695424420497045, insert, 0.5520833333333334, 0.0, 0.2222222222222222
sum.value,QUALIFIED_NAME, line no: 74,System,SIMPLE_NAME, line no: 53, 0.004936940008034383, insert, 0.1958762886597938, 0.0, 0.2222222222222222
charAt,SIMPLE_NAME, line no: 67,checksum_e23b96b6_005,SIMPLE_NAME, line no: 48, 0.004920188697399861, insert, 0.7647058823529411, 0.0, 0.09523809523809523
output+=(String.format("Enter an abitrarily long string  ending with carriage return > ")); ,EXPRESSION_STATEMENT, line no: 62,mainClass.scanner=new java.util.Scanner(System.in); ,EXPRESSION_STATEMENT, line no: 53, 0.004909987506673514, insert, 0.16304347826086957, 0.0, 0.2391304347826087
value,SIMPLE_NAME, line no: 74,mainClass,SIMPLE_NAME, line no: 48, 0.004905002929815293, insert, 0.5408163265306123, 0.0, 0.2222222222222222
sum.value,QUALIFIED_NAME, line no: 74,length,SIMPLE_NAME, line no: 50, 0.004881050121150975, insert, 0.5670103092783505, 0.0, 0.2222222222222222
charAt,SIMPLE_NAME, line no: 67,util,SIMPLE_NAME, line no: 44, 0.004863242068957732, insert, 0.058823529411764705, 0.0, 0.16666666666666666
scanner.findInLine("."),METHOD_INVOCATION, line no: 67,args,SIMPLE_NAME, line no: 50, 0.004852843119416126, insert, 0.7647058823529411, 0.0, 0.08695652173913043
scanner.findInLine("."),METHOD_INVOCATION, line no: 67,length,SIMPLE_NAME, line no: 50, 0.004852843119416126, insert, 0.7647058823529411, 0.0, 0.08695652173913043
output+=(String.format("Enter an abitrarily long string  ending with carriage return > ")); ,EXPRESSION_STATEMENT, line no: 62,mainClass.scanner=new java.util.Scanner(args[0]); ,EXPRESSION_STATEMENT, line no: 51, 0.004807696100284482, insert, 0.15217391304347827, 0.0, 0.2391304347826087
output+=(String.format("Enter an abitrarily long string  ending with carriage return > ")); ,EXPRESSION_STATEMENT, line no: 62,letter.value=scanner.findInLine(".").charAt(0); ,EXPRESSION_STATEMENT, line no: 67, 0.004807696100284482, insert, 0.15217391304347827, 0.0, 0.2391304347826087
(char)sum.value,CAST_EXPRESSION, line no: 74,mainClass,SIMPLE_NAME, line no: 48, 0.0047888318077933525, insert, 0.5520833333333334, 0.0, 0.2
(char)sum.value,CAST_EXPRESSION, line no: 74,args,SIMPLE_NAME, line no: 50, 0.004732359734588241, insert, 0.5729166666666666, 0.0, 0.2
findInLine,SIMPLE_NAME, line no: 67,length,SIMPLE_NAME, line no: 50, 0.004728594929707901, insert, 0.7222222222222222, 0.0, 0.1
value,SIMPLE_NAME, line no: 74,out,SIMPLE_NAME, line no: 56, 0.004724292295558939, insert, 0.5714285714285714, 0.0, 0.2
scanner,SIMPLE_NAME, line no: 67,checksum_e23b96b6_005,SIMPLE_NAME, line no: 48, 0.004689871222367254, insert, 0.7222222222222222, 0.0, 0.09523809523809523
value,SIMPLE_NAME, line no: 74,args,SIMPLE_NAME, line no: 50, 0.0046689727136437304, insert, 0.5612244897959183, 0.0, 0.2
value,SIMPLE_NAME, line no: 74,exec,SIMPLE_NAME, line no: 55, 0.0046689727136437304, insert, 0.5612244897959183, 0.0, 0.2
findInLine,SIMPLE_NAME, line no: 67,in,SIMPLE_NAME, line no: 53, 0.004638239612579724, insert, 0.5555555555555556, 0.0, 0.2
0,NUMBER_LITERAL, line no: 67,checksum_e23b96b6_005,SIMPLE_NAME, line no: 48, 0.00453295162399339, insert, 0.7647058823529411, 0.0, 0.047619047619047616
String,SIMPLE_NAME, line no: 74,out,SIMPLE_NAME, line no: 56, 0.004517765856408823, insert, 0.5833333333333334, 0.0, 0.16666666666666666
format,SIMPLE_NAME, line no: 74,System,SIMPLE_NAME, line no: 53, 0.004517765856408823, insert, 0.19791666666666666, 0.0, 0.16666666666666666
sum.value,QUALIFIED_NAME, line no: 74,checksum_e23b96b6_005,SIMPLE_NAME, line no: 48, 0.004511112298446512, insert, 0.5463917525773195, 0.0, 0.19047619047619047
format,SIMPLE_NAME, line no: 74,args,SIMPLE_NAME, line no: 50, 0.004461293783203712, insert, 0.5729166666666666, 0.0, 0.16666666666666666
format,SIMPLE_NAME, line no: 74,length,SIMPLE_NAME, line no: 50, 0.004461293783203712, insert, 0.5729166666666666, 0.0, 0.16666666666666666
value,SIMPLE_NAME, line no: 74,System,SIMPLE_NAME, line no: 53, 0.0044532263441744106, insert, 0.19387755102040816, 0.0, 0.16666666666666666
"Check sum is %c\n",STRING_LITERAL, line no: 74,mainClass,SIMPLE_NAME, line no: 48, 0.004446432711307631, insert, 0.5520833333333334, 0.0, 0.15789473684210525
findInLine,SIMPLE_NAME, line no: 67,checksum_e23b96b6_005,SIMPLE_NAME, line no: 48, 0.0043026341489607834, insert, 0.7222222222222222, 0.0, 0.047619047619047616
(char)sum.value,CAST_EXPRESSION, line no: 74,System,SIMPLE_NAME, line no: 53, 0.004246699905024293, insert, 0.19791666666666666, 0.0, 0.13333333333333333
value,SIMPLE_NAME, line no: 74,println,SIMPLE_NAME, line no: 56, 0.004204288225555965, insert, 0.5612244897959183, 0.0, 0.14285714285714285
(char)sum.value,CAST_EXPRESSION, line no: 74,length,SIMPLE_NAME, line no: 50, 0.0041902278318191825, insert, 0.5729166666666666, 0.0, 0.13333333333333333
(char)sum.value,CAST_EXPRESSION, line no: 74,println,SIMPLE_NAME, line no: 56, 0.0041902278318191825, insert, 0.5729166666666666, 0.0, 0.13333333333333333
scanner,SIMPLE_NAME, line no: 67,in,SIMPLE_NAME, line no: 53, 0.00417355512449196, insert, 0.5555555555555556, 0.0, 0.14285714285714285
sum.value,QUALIFIED_NAME, line no: 74,java,SIMPLE_NAME, line no: 44, 0.0041544815916666695, insert, 0.020618556701030927, 0.0, 0.2222222222222222
findInLine,SIMPLE_NAME, line no: 67,util,SIMPLE_NAME, line no: 44, 0.004126226148853392, insert, 0.05555555555555555, 0.0, 0.1
sum,SIMPLE_NAME, line no: 74,checksum_e23b96b6_005,SIMPLE_NAME, line no: 48, 0.004093649061725545, insert, 0.5408163265306123, 0.0, 0.14285714285714285
sum.value,QUALIFIED_NAME, line no: 74,out,SIMPLE_NAME, line no: 56, 0.0040333868367526185, insert, 0.5773195876288659, 0.0, 0.1111111111111111
"Check sum is %c\n",STRING_LITERAL, line no: 74,System,SIMPLE_NAME, line no: 53, 0.004018433840700479, insert, 0.19791666666666666, 0.0, 0.10526315789473684
sum,SIMPLE_NAME, line no: 74,mainClass,SIMPLE_NAME, line no: 48, 0.004001449758533528, insert, 0.5408163265306123, 0.0, 0.1111111111111111
(char)sum.value,CAST_EXPRESSION, line no: 74,java,SIMPLE_NAME, line no: 44, 0.003998222782921808, insert, 0.020833333333333332, 0.0, 0.2
sum.value,QUALIFIED_NAME, line no: 74,args,SIMPLE_NAME, line no: 50, 0.003977496949869211, insert, 0.5670103092783505, 0.0, 0.1111111111111111
sum.value,QUALIFIED_NAME, line no: 74,exec,SIMPLE_NAME, line no: 55, 0.003977496949869211, insert, 0.5670103092783505, 0.0, 0.1111111111111111
sum.value,QUALIFIED_NAME, line no: 74,println,SIMPLE_NAME, line no: 56, 0.003977496949869211, insert, 0.5670103092783505, 0.0, 0.1111111111111111
"Check sum is %c\n",STRING_LITERAL, line no: 74,length,SIMPLE_NAME, line no: 50, 0.003961961767495368, insert, 0.5729166666666666, 0.0, 0.10526315789473684
"Check sum is %c\n",STRING_LITERAL, line no: 74,exec,SIMPLE_NAME, line no: 55, 0.003961961767495368, insert, 0.5729166666666666, 0.0, 0.10526315789473684
"Check sum is %c\n",STRING_LITERAL, line no: 74,println,SIMPLE_NAME, line no: 56, 0.003961961767495368, insert, 0.5729166666666666, 0.0, 0.10526315789473684
value,SIMPLE_NAME, line no: 74,lang,SIMPLE_NAME, line no: 68, 0.003949818148745999, insert, 0.42857142857142855, 0.0, 0.2
String,SIMPLE_NAME, line no: 74,NullPointerException,SIMPLE_NAME, line no: 68, 0.003941750709716698, insert, 0.4270833333333333, 0.0, 0.2
"Check sum is %c\n",STRING_LITERAL, line no: 74,NullPointerException,SIMPLE_NAME, line no: 68, 0.003941750709716698, insert, 0.4270833333333333, 0.0, 0.2
scanner.findInLine("."),METHOD_INVOCATION, line no: 67,in,SIMPLE_NAME, line no: 53, 0.003896139761588376, insert, 0.5882352941176471, 0.0, 0.08695652173913043
scanner.findInLine("."),METHOD_INVOCATION, line no: 67,util,SIMPLE_NAME, line no: 44, 0.0038614765964496895, insert, 0.058823529411764705, 0.0, 0.043478260869565216
"Enter an abitrarily long string  ending with carriage return > ",STRING_LITERAL, line no: 64,length,SIMPLE_NAME, line no: 50, 0.0038566081993459157, insert, 0.5729166666666666, 0.0, 0.09230769230769231
String,SIMPLE_NAME, line no: 74,util,SIMPLE_NAME, line no: 44, 0.003840100977947499, insert, 0.020833333333333332, 0.0, 0.3333333333333333
value,SIMPLE_NAME, line no: 74,e,SIMPLE_NAME, line no: 68, 0.0038391789849155787, insert, 0.40816326530612246, 0.0, 0.2
String,SIMPLE_NAME, line no: 74,in,SIMPLE_NAME, line no: 53, 0.003783628904742389, insert, 0.19791666666666666, 0.0, 0.3333333333333333
letter.value=scanner.findInLine(".").charAt(0); ,EXPRESSION_STATEMENT, line no: 67,sum.value=sum.value + (int)letter.value; ,EXPRESSION_STATEMENT, line no: 71, 0.0037396059467166795, insert, 1.0, 1.6, 0.3541666666666667
"Enter an abitrarily long string  ending with carriage return > ",STRING_LITERAL, line no: 64,println,SIMPLE_NAME, line no: 56, 0.003731500837168441, insert, 0.5729166666666666, 0.0, 0.07692307692307693
format,SIMPLE_NAME, line no: 74,java,SIMPLE_NAME, line no: 44, 0.003727156831537279, insert, 0.020833333333333332, 0.0, 0.16666666666666666
format,SIMPLE_NAME, line no: 74,lang,SIMPLE_NAME, line no: 68, 0.003727156831537279, insert, 0.4375, 0.0, 0.16666666666666666
sum.value,QUALIFIED_NAME, line no: 74,scanner,SIMPLE_NAME, line no: 51, 0.003716677477746639, insert, 0.17525773195876287, 0.0, 0.3333333333333333
value,SIMPLE_NAME, line no: 74,checksum_e23b96b6_005,SIMPLE_NAME, line no: 48, 0.0037064119883190756, insert, 0.5408163265306123, 0.0, 0.09523809523809523
(char)sum.value,CAST_EXPRESSION, line no: 74,out,SIMPLE_NAME, line no: 56, 0.0037045680022552347, insert, 0.5833333333333334, 0.0, 0.06666666666666667
"Enter an abitrarily long string  ending with carriage return > ",STRING_LITERAL, line no: 64,NullPointerException,SIMPLE_NAME, line no: 68, 0.003691535985361747, insert, 0.4270833333333333, 0.0, 0.16923076923076924
format,SIMPLE_NAME, line no: 74,charAt,SIMPLE_NAME, line no: 67, 0.003670684758332168, insert, 0.17708333333333334, 0.0, 0.3333333333333333
"Enter an abitrarily long string  ending with carriage return > ",STRING_LITERAL, line no: 64,mainClass,SIMPLE_NAME, line no: 48, 0.003662865548196076, insert, 0.5520833333333334, 0.0, 0.06153846153846154
"Enter an abitrarily long string  ending with carriage return > ",STRING_LITERAL, line no: 64,System,SIMPLE_NAME, line no: 53, 0.003662865548196076, insert, 0.19791666666666666, 0.0, 0.06153846153846154
(char)sum.value,CAST_EXPRESSION, line no: 74,exec,SIMPLE_NAME, line no: 55, 0.003648095929050124, insert, 0.5729166666666666, 0.0, 0.06666666666666667
"Enter an abitrarily long string  ending with carriage return > ",STRING_LITERAL, line no: 64,args,SIMPLE_NAME, line no: 50, 0.0036063934749909657, insert, 0.5729166666666666, 0.0, 0.06153846153846154
"Check sum is %c\n",STRING_LITERAL, line no: 74,out,SIMPLE_NAME, line no: 56, 0.0035904349700933277, insert, 0.5833333333333334, 0.0, 0.05263157894736842
format,SIMPLE_NAME, line no: 74,NullPointerException,SIMPLE_NAME, line no: 68, 0.0035351517826399037, insert, 0.4270833333333333, 0.0, 0.15
(char)sum.value,CAST_EXPRESSION, line no: 74,NullPointerException,SIMPLE_NAME, line no: 68, 0.0035351517826399037, insert, 0.4270833333333333, 0.0, 0.15
"Check sum is %c\n",STRING_LITERAL, line no: 74,args,SIMPLE_NAME, line no: 50, 0.003533962896888217, insert, 0.5729166666666666, 0.0, 0.05263157894736842
sum.value,QUALIFIED_NAME, line no: 74,NullPointerException,SIMPLE_NAME, line no: 68, 0.003511282143450115, insert, 0.422680412371134, 0.0, 0.15
"Enter an abitrarily long string  ending with carriage return > ",STRING_LITERAL, line no: 64,exec,SIMPLE_NAME, line no: 55, 0.003481286112813491, insert, 0.5729166666666666, 0.0, 0.046153846153846156
letter.value=scanner.findInLine(".").charAt(0); ,EXPRESSION_STATEMENT, line no: 67,output+=(String.format("Check sum is %c\n" (char)sum.value)); ,EXPRESSION_STATEMENT, line no: 74, 0.0034466414255453263, insert, 1.0, 0.0, 0.27419354838709675
"Enter an abitrarily long string  ending with carriage return > ",STRING_LITERAL, line no: 64,out,SIMPLE_NAME, line no: 56, 0.003412650823841126, insert, 0.5833333333333334, 0.0, 0.03076923076923077
String,SIMPLE_NAME, line no: 74,Scanner,SIMPLE_NAME, line no: 44, 0.003396391831335918, insert, 0.010416666666666666, 0.0, 0.2857142857142857
format,SIMPLE_NAME, line no: 74,checksum_e23b96b6_005,SIMPLE_NAME, line no: 48, 0.0033802569532773155, insert, 0.5520833333333334, 0.0, 0.047619047619047616
value,SIMPLE_NAME, line no: 74,Scanner,SIMPLE_NAME, line no: 44, 0.003374494496827814, insert, 0.01020408163265306, 0.0, 0.2857142857142857
"Enter an abitrarily long string  ending with carriage return > ",STRING_LITERAL, line no: 64,checksum_e23b96b6_005,SIMPLE_NAME, line no: 48, 0.0033683419664032703, insert, 0.5520833333333334, 0.0, 0.046153846153846156
letter.value=scanner.findInLine(".").charAt(0); ,EXPRESSION_STATEMENT, line no: 67,sum.value=sum.value % 64 + 22; ,EXPRESSION_STATEMENT, line no: 73, 0.003358013503174161, insert, 1.0, 0.0, 0.25
value,SIMPLE_NAME, line no: 74,scanner,SIMPLE_NAME, line no: 51, 0.0033191749149126043, insert, 0.17346938775510204, 0.0, 0.2857142857142857
letter.value=scanner.findInLine(".").charAt(0); ,EXPRESSION_STATEMENT, line no: 67,output+=(String.format("Enter an abitrarily long string  ending with carriage return > ")); ,EXPRESSION_STATEMENT, line no: 62, 0.003318195161239289, insert, 1.0, 0.0, 0.2391304347826087
sum.value,QUALIFIED_NAME, line no: 74,lang,SIMPLE_NAME, line no: 68, 0.0032509284203849054, insert, 0.4329896907216495, 0.0, 0.1111111111111111
sum.value,QUALIFIED_NAME, line no: 74,sum.value,QUALIFIED_NAME, line no: 71, 0.003247595264191645, insert, 0.4329896907216495, 2.0, 1.0
sum,SIMPLE_NAME, line no: 74,util,SIMPLE_NAME, line no: 44, 0.0031393862736881716, insert, 0.02040816326530612, 0.0, 0.25
sum.value,QUALIFIED_NAME, line no: 74,e,SIMPLE_NAME, line no: 68, 0.003139148646618089, insert, 0.41237113402061853, 0.0, 0.1111111111111111
(char)sum.value,CAST_EXPRESSION, line no: 74,charAt,SIMPLE_NAME, line no: 67, 0.0031285528555631097, insert, 0.17708333333333334, 0.0, 0.26666666666666666
letter.value=scanner.findInLine(".").charAt(0); ,EXPRESSION_STATEMENT, line no: 67,mainClass.scanner=new java.util.Scanner(args[0]); ,EXPRESSION_STATEMENT, line no: 51, 0.0031085610715097948, insert, 0.6428571428571429, 0.5, 0.42
value,SIMPLE_NAME, line no: 74,NullPointerException,SIMPLE_NAME, line no: 68, 0.003081300712677201, insert, 0.41836734693877553, 0.0, 0.1
letter.value=scanner.findInLine(".").charAt(0); ,EXPRESSION_STATEMENT, line no: 67,System.out.println(mainClass.output); ,EXPRESSION_STATEMENT, line no: 56, 0.0030636421895842182, insert, 0.7857142857142857, 0.0, 0.3125
output+=(String.format("Check sum is %c\n" (char)sum.value)); ,EXPRESSION_STATEMENT, line no: 74,value=i; ,EXPRESSION_STATEMENT, line no: 7, 0.003004397597329458, insert, 0.043478260869565216, 0.3333333333333333, 0.11290322580645161
sum.value,QUALIFIED_NAME, line no: 74,util,SIMPLE_NAME, line no: 44, 0.0029249040802316914, insert, 0.020618556701030927, 0.0, 0.2222222222222222
(char)sum.value,CAST_EXPRESSION, line no: 74,lang,SIMPLE_NAME, line no: 68, 0.002913958977383691, insert, 0.4375, 0.0, 0.06666666666666667
sum.value,QUALIFIED_NAME, line no: 74,Scanner,SIMPLE_NAME, line no: 44, 0.002869014193348283, insert, 0.010309278350515464, 0.0, 0.2222222222222222
letter.value=scanner.findInLine(".").charAt(0); ,EXPRESSION_STATEMENT, line no: 67,mainClass.scanner=new java.util.Scanner(System.in); ,EXPRESSION_STATEMENT, line no: 53, 0.002804494793859739, insert, 0.5714285714285714, 0.5, 0.38461538461538464
(char)sum.value,CAST_EXPRESSION, line no: 74,e,SIMPLE_NAME, line no: 68, 0.0028010148309734703, insert, 0.4166666666666667, 0.0, 0.06666666666666667
"Check sum is %c\n",STRING_LITERAL, line no: 74,lang,SIMPLE_NAME, line no: 68, 0.0027998259452217834, insert, 0.4375, 0.0, 0.05263157894736842
"Enter an abitrarily long string  ending with carriage return > ",STRING_LITERAL, line no: 64,lang,SIMPLE_NAME, line no: 68, 0.002747149161147057, insert, 0.4375, 0.0, 0.046153846153846156
value,SIMPLE_NAME, line no: 74,util,SIMPLE_NAME, line no: 44, 0.0027327873466113776, insert, 0.02040816326530612, 0.0, 0.2
(char)sum.value,CAST_EXPRESSION, line no: 74,Scanner,SIMPLE_NAME, line no: 44, 0.002699365099204271, insert, 0.010416666666666666, 0.0, 0.2
"Check sum is %c\n",STRING_LITERAL, line no: 74,e,SIMPLE_NAME, line no: 68, 0.002686881798811563, insert, 0.4166666666666667, 0.0, 0.05263157894736842
letter.value=scanner.findInLine(".").charAt(0); ,EXPRESSION_STATEMENT, line no: 67,mainClass.exec(); ,EXPRESSION_STATEMENT, line no: 55, 0.0026820497460417, insert, 0.7857142857142857, 0.0, 0.20833333333333334
sum,SIMPLE_NAME, line no: 74,NullPointerException,SIMPLE_NAME, line no: 68, 0.002674701785600407, insert, 0.41836734693877553, 0.0, 0.05
String,SIMPLE_NAME, line no: 74,findInLine,SIMPLE_NAME, line no: 67, 0.002642893025999161, insert, 0.1875, 0.0, 0.2
(char)sum.value,CAST_EXPRESSION, line no: 74,scanner,SIMPLE_NAME, line no: 51, 0.002642893025999161, insert, 0.17708333333333334, 0.0, 0.2
"Enter an abitrarily long string  ending with carriage return > ",STRING_LITERAL, line no: 64,java,SIMPLE_NAME, line no: 44, 0.002622041798969582, insert, 0.020833333333333332, 0.0, 0.03076923076923077
findInLine,SIMPLE_NAME, line no: 67,i,SIMPLE_NAME, line no: 7, 0.002620304196717117, insert, 0.3333333333333333, 0.0, 0.1
format,SIMPLE_NAME, line no: 74,util,SIMPLE_NAME, line no: 44, 0.0024847712210248523, insert, 0.020833333333333332, 0.0, 0.16666666666666666
(char)sum.value,CAST_EXPRESSION, line no: 74,sum.value,QUALIFIED_NAME, line no: 71, 0.00246817240078565, insert, 0.4375, 2.0, 0.6
letter.value=scanner.findInLine(".").charAt(0); ,EXPRESSION_STATEMENT, line no: 67,letter.value='\n'; ,EXPRESSION_STATEMENT, line no: 69, 0.002442191638672117, insert, 0.5, 1.3333333333333333, 0.3333333333333333
"Enter an abitrarily long string  ending with carriage return > ",STRING_LITERAL, line no: 64,e,SIMPLE_NAME, line no: 68, 0.0023839902903818864, insert, 0.4166666666666667, 0.0, 0.015384615384615385
value,SIMPLE_NAME, line no: 74,sum.value,QUALIFIED_NAME, line no: 71, 0.002368314369532955, insert, 0.42857142857142855, 1.0, 0.5555555555555556
output+=(String.format("Enter an abitrarily long string  ending with carriage return > ")); ,EXPRESSION_STATEMENT, line no: 62,letter.value='\n'; ,EXPRESSION_STATEMENT, line no: 69, 0.0023527023469477257, insert, 0.08695652173913043, 0.0, 0.10869565217391304
String,SIMPLE_NAME, line no: 74,charAt,SIMPLE_NAME, line no: 67, 0.0023153550014095216, insert, 0.17708333333333334, 0.0, 0.16666666666666666
"Check sum is %c\n",STRING_LITERAL, line no: 74,scanner,SIMPLE_NAME, line no: 51, 0.00230049392951344, insert, 0.17708333333333334, 0.0, 0.15789473684210525
value,SIMPLE_NAME, line no: 74,charAt,SIMPLE_NAME, line no: 67, 0.0022957626494812177, insert, 0.17346938775510204, 0.0, 0.16666666666666666
scanner.findInLine("."),METHOD_INVOCATION, line no: 67,i,SIMPLE_NAME, line no: 7, 0.002266971000070105, insert, 0.35294117647058826, 0.0, 0.043478260869565216
format,SIMPLE_NAME, line no: 74,Scanner,SIMPLE_NAME, line no: 44, 0.0022346806111165065, insert, 0.010416666666666666, 0.0, 0.14285714285714285
(char)sum.value,CAST_EXPRESSION, line no: 74,util,SIMPLE_NAME, line no: 44, 0.002213705269640323, insert, 0.020833333333333332, 0.0, 0.13333333333333333
sum.value,QUALIFIED_NAME, line no: 74,letter.value,QUALIFIED_NAME, line no: 65, 0.0022063559578374167, insert, 0.9484536082474226, 0.0, 0.5
String,SIMPLE_NAME, line no: 74,scanner,SIMPLE_NAME, line no: 51, 0.0021782085379113965, insert, 0.17708333333333334, 0.0, 0.14285714285714285
format,SIMPLE_NAME, line no: 74,scanner,SIMPLE_NAME, line no: 51, 0.0021782085379113965, insert, 0.17708333333333334, 0.0, 0.14285714285714285
sum,SIMPLE_NAME, line no: 74,scanner,SIMPLE_NAME, line no: 51, 0.002157463694693193, insert, 0.17346938775510204, 0.0, 0.14285714285714285
(char)sum.value,CAST_EXPRESSION, line no: 74,letter.value,QUALIFIED_NAME, line no: 65, 0.002154238191913791, insert, 0.9583333333333334, 0.0, 0.4666666666666667
value,SIMPLE_NAME, line no: 74,letter.value,QUALIFIED_NAME, line no: 65, 0.0020314039764790597, insert, 0.9387755102040817, 0.0, 0.4166666666666667
"Check sum is %c\n",STRING_LITERAL, line no: 74,util,SIMPLE_NAME, line no: 44, 0.001985439205316509, insert, 0.020833333333333332, 0.0, 0.10526315789473684
scanner,SIMPLE_NAME, line no: 67,sum.value,QUALIFIED_NAME, line no: 71, 0.0019485571585149868, insert, 0.8888888888888888, 0.0, 0.3333333333333333
sum,SIMPLE_NAME, line no: 74,sum.value,QUALIFIED_NAME, line no: 71, 0.0019353016676407354, insert, 0.42857142857142855, 1.0, 0.3333333333333333
"Check sum is %c\n",STRING_LITERAL, line no: 74,Scanner,SIMPLE_NAME, line no: 44, 0.0019289671321113982, insert, 0.010416666666666666, 0.0, 0.10526315789473684
"Check sum is %c\n",STRING_LITERAL, line no: 74,in,SIMPLE_NAME, line no: 53, 0.0019289671321113982, insert, 0.19791666666666666, 0.0, 0.10526315789473684
"Check sum is %c\n",STRING_LITERAL, line no: 74,findInLine,SIMPLE_NAME, line no: 67, 0.001872495058906288, insert, 0.1875, 0.0, 0.10526315789473684
sum.value,QUALIFIED_NAME, line no: 74,charAt,SIMPLE_NAME, line no: 67, 0.0018536812482997024, insert, 0.17525773195876287, 0.0, 0.1111111111111111
format,SIMPLE_NAME, line no: 74,findInLine,SIMPLE_NAME, line no: 67, 0.0018296951718455733, insert, 0.1875, 0.0, 0.1
sum.value,QUALIFIED_NAME, line no: 74,findInLine,SIMPLE_NAME, line no: 67, 0.0018192158180549342, insert, 0.18556701030927836, 0.0, 0.1
value,SIMPLE_NAME, line no: 74,findInLine,SIMPLE_NAME, line no: 67, 0.0018089503286273692, insert, 0.1836734693877551, 0.0, 0.1
"Enter an abitrarily long string  ending with carriage return > ",STRING_LITERAL, line no: 64,findInLine,SIMPLE_NAME, line no: 67, 0.0017671414907568358, insert, 0.1875, 0.0, 0.09230769230769231
format,SIMPLE_NAME, line no: 74,sum.value,QUALIFIED_NAME, line no: 71, 0.0017320508075688772, insert, 0.4375, 0.0, 0.2222222222222222
"Enter an abitrarily long string  ending with carriage return > ",STRING_LITERAL, line no: 64,Scanner,SIMPLE_NAME, line no: 44, 0.0016985062017844707, insert, 0.010416666666666666, 0.0, 0.07692307692307693
String,SIMPLE_NAME, line no: 74,i,SIMPLE_NAME, line no: 7, 0.0016941621961533084, insert, 0.0625, 0.0, 0.16666666666666666
scanner.findInLine("."),METHOD_INVOCATION, line no: 67,java.lang.NullPointerException,QUALIFIED_NAME, line no: 68, 0.0016772874364472143, insert, 0.9411764705882353, 0.0, 0.23333333333333334
"Enter an abitrarily long string  ending with carriage return > ",STRING_LITERAL, line no: 64,scanner,SIMPLE_NAME, line no: 51, 0.0016420341285793606, insert, 0.17708333333333334, 0.0, 0.07692307692307693
scanner.findInLine("."),METHOD_INVOCATION, line no: 67,letter.value,QUALIFIED_NAME, line no: 65, 0.0016379176115053514, insert, 1.0, 0.0, 0.17391304347826086
scanner,SIMPLE_NAME, line no: 67,letter.value,QUALIFIED_NAME, line no: 65, 0.0016237976320958225, insert, 1.0, 0.0, 0.16666666666666666
"Check sum is %c\n",STRING_LITERAL, line no: 74,sum.value,QUALIFIED_NAME, line no: 71, 0.0016067050254421822, insert, 0.4375, 0.0, 0.15789473684210525
scanner,SIMPLE_NAME, line no: 67,mainClass.scanner,QUALIFIED_NAME, line no: 51, 0.0015962036854066126, insert, 0.6111111111111112, 1.0, 0.4117647058823529
scanner,SIMPLE_NAME, line no: 67,java.lang,QUALIFIED_NAME, line no: 68, 0.001587713240271471, insert, 0.8888888888888888, 0.0, 0.2222222222222222
String,SIMPLE_NAME, line no: 74,letter.value,QUALIFIED_NAME, line no: 65, 0.001569671044359295, insert, 0.9583333333333334, 0.0, 0.16666666666666666
format,SIMPLE_NAME, line no: 74,letter.value,QUALIFIED_NAME, line no: 65, 0.001569671044359295, insert, 0.9583333333333334, 0.0, 0.16666666666666666
(char)sum.value,CAST_EXPRESSION, line no: 74,findInLine,SIMPLE_NAME, line no: 67, 0.001558629220461044, insert, 0.1875, 0.0, 0.06666666666666667
scanner.findInLine("."),METHOD_INVOCATION, line no: 67,sum.value,QUALIFIED_NAME, line no: 71, 0.001553197735048178, insert, 0.9411764705882353, 0.0, 0.13043478260869565
charAt,SIMPLE_NAME, line no: 67,args.length,QUALIFIED_NAME, line no: 50, 0.0015248067604065583, insert, 0.7647058823529411, 0.0, 0.2727272727272727
sum.value,QUALIFIED_NAME, line no: 74,System.out,QUALIFIED_NAME, line no: 56, 0.0015159908614700791, insert, 0.5670103092783505, 0.0, 0.4
".",STRING_LITERAL, line no: 67,sum.value,QUALIFIED_NAME, line no: 71, 0.0015155444566227678, insert, 0.8888888888888888, 0.0, 0.1111111111111111
charAt,SIMPLE_NAME, line no: 67,sum.value,QUALIFIED_NAME, line no: 71, 0.0015155444566227678, insert, 0.9411764705882353, 0.0, 0.1111111111111111
(char)sum.value,CAST_EXPRESSION, line no: 74,args.length,QUALIFIED_NAME, line no: 50, 0.0015101317978491147, insert, 0.5625, 0.0, 0.4
"Enter an abitrarily long string  ending with carriage return > ",STRING_LITERAL, line no: 64,util,SIMPLE_NAME, line no: 44, 0.001504763550634631, insert, 0.020833333333333332, 0.0, 0.046153846153846156
findInLine,SIMPLE_NAME, line no: 67,sum.value,QUALIFIED_NAME, line no: 71, 0.0014938938215281567, insert, 0.8888888888888888, 0.0, 0.1
scanner,SIMPLE_NAME, line no: 67,java.util.Scanner,QUALIFIED_NAME, line no: 51, 0.0014815826760822015, insert, 0.6111111111111112, 0.0, 0.35294117647058826
scanner,SIMPLE_NAME, line no: 67,java.lang.NullPointerException,QUALIFIED_NAME, line no: 68, 0.001479460064798416, insert, 0.8888888888888888, 0.0, 0.16666666666666666
scanner.findInLine("."),METHOD_INVOCATION, line no: 67,java.lang,QUALIFIED_NAME, line no: 68, 0.001476783728831904, insert, 0.9411764705882353, 0.0, 0.13043478260869565
findInLine,SIMPLE_NAME, line no: 67,letter.value,QUALIFIED_NAME, line no: 65, 0.0014614178688862403, insert, 1.0, 0.0, 0.08333333333333333
".",STRING_LITERAL, line no: 67,letter.value,QUALIFIED_NAME, line no: 65, 0.0014614178688862403, insert, 1.0, 0.0, 0.08333333333333333
charAt,SIMPLE_NAME, line no: 67,letter.value,QUALIFIED_NAME, line no: 65, 0.0014614178688862403, insert, 1.0, 0.0, 0.08333333333333333
"Enter an abitrarily long string  ending with carriage return > ",STRING_LITERAL, line no: 64,charAt,SIMPLE_NAME, line no: 67, 0.0014604546931967753, insert, 0.17708333333333334, 0.0, 0.06153846153846154
value=i; ,EXPRESSION_STATEMENT, line no: 7,if (true) return; ,IF_STATEMENT, line no: 75, 0.001454922678357857, insert, 1.0, 0.0, 0.2222222222222222
"Enter an abitrarily long string  ending with carriage return > ",STRING_LITERAL, line no: 64,letter.value,QUALIFIED_NAME, line no: 65, 0.0014547561350109755, insert, 0.9583333333333334, 0.0, 0.1076923076923077
"Check sum is %c\n",STRING_LITERAL, line no: 74,letter.value,QUALIFIED_NAME, line no: 65, 0.0014500227977838134, insert, 0.9583333333333334, 0.0, 0.10526315789473684
charAt,SIMPLE_NAME, line no: 67,java.lang,QUALIFIED_NAME, line no: 68, 0.0014391304504064936, insert, 0.9411764705882353, 0.0, 0.1111111111111111
scanner.findInLine("."),METHOD_INVOCATION, line no: 67,mainClass.scanner,QUALIFIED_NAME, line no: 51, 0.0014335932035792274, insert, 0.6470588235294118, 1.0, 0.30434782608695654
sum.value,QUALIFIED_NAME, line no: 74,args.length,QUALIFIED_NAME, line no: 50, 0.0014317420921047326, insert, 0.5567010309278351, 0.0, 0.36363636363636365
charAt,SIMPLE_NAME, line no: 67,java.lang.NullPointerException,QUALIFIED_NAME, line no: 68, 0.0014174798153118826, insert, 0.9411764705882353, 0.0, 0.1
findInLine,SIMPLE_NAME, line no: 67,java.lang.NullPointerException,QUALIFIED_NAME, line no: 68, 0.0014145081595145833, insert, 0.8888888888888888, 0.0, 0.13333333333333333
scanner.findInLine("."),METHOD_INVOCATION, line no: 67,mainClass.output,QUALIFIED_NAME, line no: 56, 0.0014086755928565294, insert, 0.8235294117647058, 0.0, 0.17391304347826086
scanner,SIMPLE_NAME, line no: 67,System.out,QUALIFIED_NAME, line no: 56, 0.0014000744027848424, insert, 0.7777777777777778, 0.0, 0.2
letter.value=scanner.findInLine(".").charAt(0); ,EXPRESSION_STATEMENT, line no: 67,if (true) return; ,IF_STATEMENT, line no: 75, 0.001398089761234503, insert, 1.0, 0.0, 0.1875
"Enter an abitrarily long string  ending with carriage return > ",STRING_LITERAL, line no: 64,sum.value,QUALIFIED_NAME, line no: 71, 0.0013889715129927344, insert, 0.4375, 0.0, 0.046153846153846156
"Check sum is %c\n",STRING_LITERAL, line no: 74,charAt,SIMPLE_NAME, line no: 67, 0.0013880241150940264, insert, 0.17708333333333334, 0.0, 0.05263157894736842
letter.value=scanner.findInLine(".").charAt(0); ,EXPRESSION_STATEMENT, line no: 67,value=i; ,EXPRESSION_STATEMENT, line no: 7, 0.0013846354379971376, insert, 0.2857142857142857, 0.0, 0.1875
sum,SIMPLE_NAME, line no: 74,letter.value,QUALIFIED_NAME, line no: 65, 0.0013818849236407306, insert, 0.9387755102040817, 0.0, 0.08333333333333333
".",STRING_LITERAL, line no: 67,java.lang,QUALIFIED_NAME, line no: 68, 0.0013712068893253612, insert, 0.8888888888888888, 0.0, 0.1111111111111111
findInLine,SIMPLE_NAME, line no: 67,mainClass.scanner,QUALIFIED_NAME, line no: 51, 0.0013669616667577906, insert, 0.6111111111111112, 0.0, 0.29411764705882354
sum.value=sum.value % 64 + 22; ,EXPRESSION_STATEMENT, line no: 73,if (true) return; ,IF_STATEMENT, line no: 75, 0.0013551900754059073, insert, 1.0, 0.0, 0.16129032258064516
output+=(String.format("Check sum is %c\n" (char)sum.value)); ,EXPRESSION_STATEMENT, line no: 74,if (true) return; ,IF_STATEMENT, line no: 75, 0.0013551900754059073, insert, 1.0, 0.0, 0.16129032258064516
findInLine,SIMPLE_NAME, line no: 67,java.lang,QUALIFIED_NAME, line no: 68, 0.0013495562542307502, insert, 0.8888888888888888, 0.0, 0.1
scanner.findInLine("."),METHOD_INVOCATION, line no: 67,java.util.Scanner,QUALIFIED_NAME, line no: 51, 0.001348873327122054, insert, 0.6470588235294118, 0.0, 0.2608695652173913
scanner.findInLine("."),METHOD_INVOCATION, line no: 67,args.length,QUALIFIED_NAME, line no: 50, 0.0013322615866402554, insert, 0.7647058823529411, 0.0, 0.17391304347826086
output+=(String.format("Enter an abitrarily long string  ending with carriage return > ")); ,EXPRESSION_STATEMENT, line no: 62,value=i; ,EXPRESSION_STATEMENT, line no: 7, 0.0013297882830574097, insert, 0.043478260869565216, 0.0, 0.06521739130434782
scanner.findInLine("."),METHOD_INVOCATION, line no: 67,System.out,QUALIFIED_NAME, line no: 56, 0.001323955716399356, insert, 0.8235294117647058, 0.0, 0.13043478260869565
"Enter an abitrarily long string  ending with carriage return > ",STRING_LITERAL, line no: 64,in,SIMPLE_NAME, line no: 53, 0.0013231841152520454, insert, 0.19791666666666666, 0.0, 0.03076923076923077
charAt,SIMPLE_NAME, line no: 67,mainClass.output,QUALIFIED_NAME, line no: 56, 0.0013133657318422094, insert, 0.8235294117647058, 0.0, 0.125
scanner,SIMPLE_NAME, line no: 67,args.length,QUALIFIED_NAME, line no: 50, 0.0012924773071631395, insert, 0.7222222222222222, 0.0, 0.18181818181818182
charAt,SIMPLE_NAME, line no: 67,java.util,QUALIFIED_NAME, line no: 44, 0.0012735667702712336, insert, 0.058823529411764705, 0.0, 0.2222222222222222
charAt,SIMPLE_NAME, line no: 67,System.out,QUALIFIED_NAME, line no: 56, 0.0012646518028793347, insert, 0.8235294117647058, 0.0, 0.1
(char)sum.value,CAST_EXPRESSION, line no: 74,System.out,QUALIFIED_NAME, line no: 56, 0.0012638558236479152, insert, 0.5729166666666666, 0.0, 0.26666666666666666
String,SIMPLE_NAME, line no: 74,args.length,QUALIFIED_NAME, line no: 50, 0.0012621336140381165, insert, 0.5625, 0.0, 0.2727272727272727
scanner,SIMPLE_NAME, line no: 67,mainClass.output,QUALIFIED_NAME, line no: 56, 0.0012539326158962185, insert, 0.7777777777777778, 0.0, 0.125
findInLine,SIMPLE_NAME, line no: 67,mainClass.output,QUALIFIED_NAME, line no: 56, 0.0012539326158962185, insert, 0.7777777777777778, 0.0, 0.125
value,SIMPLE_NAME, line no: 74,true,BOOLEAN_LITERAL, line no: 75, 0.0012526615616046098, insert, 0.9387755102040817, 0.0, 0.4
findInLine,SIMPLE_NAME, line no: 67,java.util.Scanner,QUALIFIED_NAME, line no: 51, 0.0012523406574333794, insert, 0.6111111111111112, 0.0, 0.23529411764705882
value,SIMPLE_NAME, line no: 74,args.length,QUALIFIED_NAME, line no: 50, 0.0012472211868045833, insert, 0.5510204081632653, 0.0, 0.2727272727272727
(char)sum.value,CAST_EXPRESSION, line no: 74,mainClass.output,QUALIFIED_NAME, line no: 56, 0.0012313798710059986, insert, 0.5729166666666666, 0.0, 0.25
sum.value,QUALIFIED_NAME, line no: 74,mainClass.output,QUALIFIED_NAME, line no: 56, 0.0012237072876928312, insert, 0.5670103092783505, 0.0, 0.25
".",STRING_LITERAL, line no: 67,java.lang.NullPointerException,QUALIFIED_NAME, line no: 68, 0.0012196524436630845, insert, 0.8888888888888888, 0.0, 0.03333333333333333
findInLine,SIMPLE_NAME, line no: 67,System.out,QUALIFIED_NAME, line no: 56, 0.0012052186869333438, insert, 0.7777777777777778, 0.0, 0.1
".",STRING_LITERAL, line no: 67,System.out,QUALIFIED_NAME, line no: 56, 0.0012052186869333438, insert, 0.7777777777777778, 0.0, 0.1
sum.value,QUALIFIED_NAME, line no: 74,java.lang,QUALIFIED_NAME, line no: 68, 0.0011985970150315557, insert, 0.422680412371134, 0.0, 0.3333333333333333
value,SIMPLE_NAME, line no: 74,java.lang,QUALIFIED_NAME, line no: 68, 0.001192994178682645, insert, 0.41836734693877553, 0.0, 0.3333333333333333
scanner.findInLine("."),METHOD_INVOCATION, line no: 67,System.in,QUALIFIED_NAME, line no: 53, 0.0011877394444486068, insert, 0.5882352941176471, 0.0, 0.21739130434782608
String,SIMPLE_NAME, line no: 74,true,BOOLEAN_LITERAL, line no: 75, 0.001187176491021168, insert, 0.9583333333333334, 0.0, 0.3333333333333333
charAt,SIMPLE_NAME, line no: 67,mainClass.scanner,QUALIFIED_NAME, line no: 51, 0.001184417096352247, insert, 0.6470588235294118, 0.0, 0.17647058823529413
charAt,SIMPLE_NAME, line no: 67,java.util.Scanner,QUALIFIED_NAME, line no: 51, 0.001184417096352247, insert, 0.6470588235294118, 0.0, 0.17647058823529413
value=i; ,EXPRESSION_STATEMENT, line no: 7,if (args.length > 0) {   mainClass.scanner=new java.util.Scanner(args[0]); }  else {   mainClass.scanner=new java.util.Scanner(System.in); } ,IF_STATEMENT, line no: 50, 0.0011840594137699583, insert, 1.0, 0.0, 0.05673758865248227
letter.value=scanner.findInLine(".").charAt(0); ,EXPRESSION_STATEMENT, line no: 67,if (args.length > 0) {   mainClass.scanner=new java.util.Scanner(args[0]); }  else {   mainClass.scanner=new java.util.Scanner(System.in); } ,IF_STATEMENT, line no: 50, 0.001182401067252073, insert, 0.7857142857142857, 0.5, 0.19858156028368795
scanner,SIMPLE_NAME, line no: 67,System.in,QUALIFIED_NAME, line no: 53, 0.0011547005383792516, insert, 0.5555555555555556, 0.0, 0.2222222222222222
String,SIMPLE_NAME, line no: 74,System.out,QUALIFIED_NAME, line no: 56, 0.0011339520130802493, insert, 0.5729166666666666, 0.0, 0.2
format,SIMPLE_NAME, line no: 74,System.out,QUALIFIED_NAME, line no: 56, 0.0011339520130802493, insert, 0.5729166666666666, 0.0, 0.2
".",STRING_LITERAL, line no: 67,mainClass.output,QUALIFIED_NAME, line no: 56, 0.0011321477934890317, insert, 0.7777777777777778, 0.0, 0.0625
sum,SIMPLE_NAME, line no: 74,System.out,QUALIFIED_NAME, line no: 56, 0.0011187634297868362, insert, 0.5612244897959183, 0.0, 0.2
findInLine,SIMPLE_NAME, line no: 67,args.length,QUALIFIED_NAME, line no: 50, 0.0011153357472981408, insert, 0.7222222222222222, 0.0, 0.09090909090909091
".",STRING_LITERAL, line no: 67,args.length,QUALIFIED_NAME, line no: 50, 0.0011153357472981408, insert, 0.7222222222222222, 0.0, 0.09090909090909091
findInLine,SIMPLE_NAME, line no: 67,System.in,QUALIFIED_NAME, line no: 53, 0.0011113992681900295, insert, 0.5555555555555556, 0.0, 0.2
String,SIMPLE_NAME, line no: 74,System.in,QUALIFIED_NAME, line no: 53, 0.0011095950485988122, insert, 0.1875, 0.0, 0.4444444444444444
format,SIMPLE_NAME, line no: 74,mainClass.output,QUALIFIED_NAME, line no: 56, 0.0011095950485988122, insert, 0.5729166666666666, 0.0, 0.1875
scanner.findInLine("."),METHOD_INVOCATION, line no: 67,java.util,QUALIFIED_NAME, line no: 44, 0.001094713697750534, insert, 0.058823529411764705, 0.0, 0.13043478260869565
value,SIMPLE_NAME, line no: 74,mainClass.output,QUALIFIED_NAME, line no: 56, 0.0010944064653053986, insert, 0.5612244897959183, 0.0, 0.1875
format,SIMPLE_NAME, line no: 74,args.length,QUALIFIED_NAME, line no: 50, 0.0010849920541731177, insert, 0.5625, 0.0, 0.18181818181818182
(char)sum.value,CAST_EXPRESSION, line no: 74,java.lang,QUALIFIED_NAME, line no: 68, 0.0010744127665700692, insert, 0.4270833333333333, 0.0, 0.26666666666666666
sum,SIMPLE_NAME, line no: 74,true,BOOLEAN_LITERAL, line no: 75, 0.0010694971887042011, insert, 0.9387755102040817, 0.0, 0.25
"Check sum is %c\n",STRING_LITERAL, line no: 74,mainClass.output,QUALIFIED_NAME, line no: 56, 0.001051907501142776, insert, 0.5729166666666666, 0.0, 0.15789473684210525
sum.value,QUALIFIED_NAME, line no: 74,true,BOOLEAN_LITERAL, line no: 75, 0.0010434564504292092, insert, 0.9484536082474226, 0.0, 0.2222222222222222
(char)sum.value,CAST_EXPRESSION, line no: 74,true,BOOLEAN_LITERAL, line no: 75, 0.0010243637151096936, insert, 0.9583333333333334, 0.0, 0.2
charAt,SIMPLE_NAME, line no: 67,true,BOOLEAN_LITERAL, line no: 75, 0.0010175798494467155, insert, 1.0, 0.0, 0.16666666666666666
scanner,SIMPLE_NAME, line no: 67,java.util,QUALIFIED_NAME, line no: 44, 0.001010362971081845, insert, 0.05555555555555555, 0.0, 0.1111111111111111
".",STRING_LITERAL, line no: 67,java.util,QUALIFIED_NAME, line no: 44, 0.001010362971081845, insert, 0.05555555555555555, 0.0, 0.1111111111111111
"Enter an abitrarily long string  ending with carriage return > ",STRING_LITERAL, line no: 64,args.length,QUALIFIED_NAME, line no: 50, 0.001000509156391349, insert, 0.5625, 0.0, 0.13846153846153847
findInLine,SIMPLE_NAME, line no: 67,java.util,QUALIFIED_NAME, line no: 44, 9.887123359872342E-4, insert, 0.05555555555555555, 0.0, 0.1
scanner,SIMPLE_NAME, line no: 67,true,BOOLEAN_LITERAL, line no: 75, 9.885061394625237E-4, insert, 1.0, 0.0, 0.14285714285714285
String,SIMPLE_NAME, line no: 74,java.lang,QUALIFIED_NAME, line no: 68, 9.878102261916255E-4, insert, 0.4270833333333333, 0.0, 0.2222222222222222
String,SIMPLE_NAME, line no: 74,mainClass.output,QUALIFIED_NAME, line no: 56, 9.878102261916253E-4, insert, 0.5729166666666666, 0.0, 0.125
format,SIMPLE_NAME, line no: 74,true,BOOLEAN_LITERAL, line no: 75, 9.83660521131825E-4, insert, 0.9583333333333334, 0.0, 0.16666666666666666
charAt,SIMPLE_NAME, line no: 67,System.in,QUALIFIED_NAME, line no: 53, 9.806464131088498E-4, insert, 0.5882352941176471, 0.0, 0.1111111111111111
sum,SIMPLE_NAME, line no: 74,mainClass.output,QUALIFIED_NAME, line no: 56, 9.72621642898212E-4, insert, 0.5612244897959183, 0.0, 0.125
"Enter an abitrarily long string  ending with carriage return > ",STRING_LITERAL, line no: 64,java.lang.NullPointerException,QUALIFIED_NAME, line no: 68, 9.609551115069636E-4, insert, 0.4166666666666667, 0.0, 0.2153846153846154
"Check sum is %c\n",STRING_LITERAL, line no: 74,System.out,QUALIFIED_NAME, line no: 56, 9.493518612209348E-4, insert, 0.5729166666666666, 0.0, 0.10526315789473684
output+=(String.format("Check sum is %c\n" (char)sum.value)); ,EXPRESSION_STATEMENT, line no: 74,if (args.length > 0) {   mainClass.scanner=new java.util.Scanner(args[0]); }  else {   mainClass.scanner=new java.util.Scanner(System.in); } ,IF_STATEMENT, line no: 50, 9.420489751925093E-4, insert, 0.5760869565217391, 0.0, 0.19148936170212766
".",STRING_LITERAL, line no: 67,System.in,QUALIFIED_NAME, line no: 53, 9.38194187433142E-4, insert, 0.5555555555555556, 0.0, 0.1111111111111111
findInLine,SIMPLE_NAME, line no: 67,true,BOOLEAN_LITERAL, line no: 75, 9.361734614909782E-4, insert, 1.0, 0.0, 0.1
"Check sum is %c\n",STRING_LITERAL, line no: 74,args.length,QUALIFIED_NAME, line no: 50, 9.35820214286803E-4, insert, 0.5625, 0.0, 0.10526315789473684
(char)sum.value,CAST_EXPRESSION, line no: 74,java.lang.NullPointerException,QUALIFIED_NAME, line no: 68, 9.309773090682716E-4, insert, 0.4166666666666667, 0.0, 0.2
"Enter an abitrarily long string  ending with carriage return > ",STRING_LITERAL, line no: 64,mainClass.output,QUALIFIED_NAME, line no: 56, 9.241073960094046E-4, insert, 0.5729166666666666, 0.0, 0.09230769230769231
value,SIMPLE_NAME, line no: 74,System.out,QUALIFIED_NAME, line no: 56, 9.239077139353372E-4, insert, 0.5612244897959183, 0.0, 0.1
scanner.findInLine("."),METHOD_INVOCATION, line no: 67,true,BOOLEAN_LITERAL, line no: 75, 9.202461247170297E-4, insert, 1.0, 0.0, 0.08695652173913043
".",STRING_LITERAL, line no: 67,mainClass.scanner,QUALIFIED_NAME, line no: 51, 9.084776294601464E-4, insert, 0.6111111111111112, 0.0, 0.058823529411764705
".",STRING_LITERAL, line no: 67,java.util.Scanner,QUALIFIED_NAME, line no: 51, 9.084776294601464E-4, insert, 0.6111111111111112, 0.0, 0.058823529411764705
output+=(String.format("Enter an abitrarily long string  ending with carriage return > ")); ,EXPRESSION_STATEMENT, line no: 62,if (true) return; ,IF_STATEMENT, line no: 75, 9.053730797389927E-4, insert, 1.0, 0.0, 0.16304347826086957
sum.value,QUALIFIED_NAME, line no: 74,java.util,QUALIFIED_NAME, line no: 44, 9.039698158059219E-4, insert, 0.010309278350515464, 0.0, 0.3333333333333333
value,SIMPLE_NAME, line no: 74,java.util,QUALIFIED_NAME, line no: 44, 9.013733794491096E-4, insert, 0.01020408163265306, 0.0, 0.3333333333333333
"Enter an abitrarily long string  ending with carriage return > ",STRING_LITERAL, line no: 64,System.out,QUALIFIED_NAME, line no: 56, 8.941295935707126E-4, insert, 0.5729166666666666, 0.0, 0.07692307692307693
sum,SIMPLE_NAME, line no: 74,args.length,QUALIFIED_NAME, line no: 50, 8.929380670745858E-4, insert, 0.5510204081632653, 0.0, 0.09090909090909091
sum.value,QUALIFIED_NAME, line no: 74,System.in,QUALIFIED_NAME, line no: 53, 8.905776703865747E-4, insert, 0.18556701030927836, 0.0, 0.3333333333333333
sum.value,QUALIFIED_NAME, line no: 74,java.lang.NullPointerException,QUALIFIED_NAME, line no: 68, 8.604453431930441E-4, insert, 0.41237113402061853, 0.0, 0.16666666666666666
value,SIMPLE_NAME, line no: 74,java.lang.NullPointerException,QUALIFIED_NAME, line no: 68, 8.54979161389229E-4, insert, 0.40816326530612246, 0.0, 0.16666666666666666
"Check sum is %c\n",STRING_LITERAL, line no: 74,true,BOOLEAN_LITERAL, line no: 75, 8.444127522601692E-4, insert, 0.9583333333333334, 0.0, 0.05263157894736842
"Enter an abitrarily long string  ending with carriage return > ",STRING_LITERAL, line no: 64,true,BOOLEAN_LITERAL, line no: 75, 8.365028198272231E-4, insert, 0.9583333333333334, 0.0, 0.046153846153846156
sum.value=sum.value % 64 + 22; ,EXPRESSION_STATEMENT, line no: 73,if (args.length > 0) {   mainClass.scanner=new java.util.Scanner(args[0]); }  else {   mainClass.scanner=new java.util.Scanner(System.in); } ,IF_STATEMENT, line no: 50, 8.259647189405526E-4, insert, 0.5760869565217391, 0.0, 0.12056737588652482
(char)sum.value,CAST_EXPRESSION, line no: 74,java.util.Scanner,QUALIFIED_NAME, line no: 51, 8.166746914364284E-4, insert, 0.17708333333333334, 0.0, 0.29411764705882354
(char)sum.value,CAST_EXPRESSION, line no: 74,mainClass.scanner,QUALIFIED_NAME, line no: 51, 8.031430445022966E-4, insert, 0.16666666666666666, 0.0, 0.29411764705882354
String,SIMPLE_NAME, line no: 74,java.lang.NullPointerException,QUALIFIED_NAME, line no: 68, 8.010734985006058E-4, insert, 0.4166666666666667, 0.0, 0.13333333333333333
"Check sum is %c\n",STRING_LITERAL, line no: 74,java.lang.NullPointerException,QUALIFIED_NAME, line no: 68, 8.010734985006058E-4, insert, 0.4166666666666667, 0.0, 0.13333333333333333
(char)sum.value,CAST_EXPRESSION, line no: 74,java.util,QUALIFIED_NAME, line no: 44, 7.767165340191684E-4, insert, 0.010416666666666666, 0.0, 0.26666666666666666
format,SIMPLE_NAME, line no: 74,java.lang,QUALIFIED_NAME, line no: 68, 7.713038752455156E-4, insert, 0.4270833333333333, 0.0, 0.1111111111111111
"Check sum is %c\n",STRING_LITERAL, line no: 74,i,SIMPLE_NAME, line no: 7, 7.668313098378132E-4, insert, 0.0625, 0.0, 0.05263157894736842
"Check sum is %c\n",STRING_LITERAL, line no: 74,mainClass.scanner,QUALIFIED_NAME, line no: 51, 7.428161974894487E-4, insert, 0.16666666666666666, 0.0, 0.2631578947368421
format,SIMPLE_NAME, line no: 74,java.lang.NullPointerException,QUALIFIED_NAME, line no: 68, 7.361215932167729E-4, insert, 0.4166666666666667, 0.0, 0.1
"Enter an abitrarily long string  ending with carriage return > ",STRING_LITERAL, line no: 64,java.lang,QUALIFIED_NAME, line no: 68, 7.046865364928666E-4, insert, 0.4270833333333333, 0.0, 0.07692307692307693
sum.value,QUALIFIED_NAME, line no: 74,java.util.Scanner,QUALIFIED_NAME, line no: 51, 6.995426548458898E-4, insert, 0.17525773195876287, 0.0, 0.23529411764705882
value,SIMPLE_NAME, line no: 74,java.util.Scanner,QUALIFIED_NAME, line no: 51, 6.97082873034173E-4, insert, 0.17346938775510204, 0.0, 0.23529411764705882
String,SIMPLE_NAME, line no: 74,java.util,QUALIFIED_NAME, line no: 44, 6.901139936407245E-4, insert, 0.010416666666666666, 0.0, 0.2222222222222222
format,SIMPLE_NAME, line no: 74,java.util,QUALIFIED_NAME, line no: 44, 6.901139936407245E-4, insert, 0.010416666666666666, 0.0, 0.2222222222222222
output+=(String.format("Enter an abitrarily long string  ending with carriage return > ")); ,EXPRESSION_STATEMENT, line no: 62,if (args.length > 0) {   mainClass.scanner=new java.util.Scanner(args[0]); }  else {   mainClass.scanner=new java.util.Scanner(System.in); } ,IF_STATEMENT, line no: 50, 6.899442534627165E-4, insert, 0.5760869565217391, 0.0, 0.24822695035460993
sum.value,QUALIFIED_NAME, line no: 74,mainClass.scanner,QUALIFIED_NAME, line no: 51, 6.861505094265428E-4, insert, 0.16494845360824742, 0.0, 0.23529411764705882
sum,SIMPLE_NAME, line no: 74,System.in,QUALIFIED_NAME, line no: 53, 6.716115376287484E-4, insert, 0.1836734693877551, 0.0, 0.2222222222222222
"Check sum is %c\n",STRING_LITERAL, line no: 74,java.lang,QUALIFIED_NAME, line no: 68, 6.573531642212474E-4, insert, 0.4270833333333333, 0.0, 0.05263157894736842
"Check sum is %c\n",STRING_LITERAL, line no: 74,java.util.Scanner,QUALIFIED_NAME, line no: 51, 6.53792204501739E-4, insert, 0.17708333333333334, 0.0, 0.21052631578947367
"Check sum is %c\n",STRING_LITERAL, line no: 74,System.in,QUALIFIED_NAME, line no: 53, 6.53792204501739E-4, insert, 0.1875, 0.0, 0.21052631578947367
(char)sum.value,CAST_EXPRESSION, line no: 74,System.in,QUALIFIED_NAME, line no: 53, 6.332810765173708E-4, insert, 0.1875, 0.0, 0.2
sum,SIMPLE_NAME, line no: 74,java.lang.NullPointerException,QUALIFIED_NAME, line no: 68, 5.951715402538974E-4, insert, 0.40816326530612246, 0.0, 0.03333333333333333
String,SIMPLE_NAME, line no: 74,java.util.Scanner,QUALIFIED_NAME, line no: 51, 5.874326727876065E-4, insert, 0.17708333333333334, 0.0, 0.17647058823529413
value,SIMPLE_NAME, line no: 74,mainClass.scanner,QUALIFIED_NAME, line no: 51, 5.692063728355105E-4, insert, 0.16326530612244897, 0.0, 0.17647058823529413
"Enter an abitrarily long string  ending with carriage return > ",STRING_LITERAL, line no: 64,java.util.Scanner,QUALIFIED_NAME, line no: 51, 5.133698667626024E-4, insert, 0.17708333333333334, 0.0, 0.13846153846153847
format,SIMPLE_NAME, line no: 74,java.util.Scanner,QUALIFIED_NAME, line no: 51, 4.728116634631954E-4, insert, 0.17708333333333334, 0.0, 0.11764705882352941
"Enter an abitrarily long string  ending with carriage return > ",STRING_LITERAL, line no: 64,mainClass.scanner,QUALIFIED_NAME, line no: 51, 4.6986041738977845E-4, insert, 0.16666666666666666, 0.0, 0.12307692307692308
sum,SIMPLE_NAME, line no: 74,java.util,QUALIFIED_NAME, line no: 44, 4.683606775568903E-4, insert, 0.01020408163265306, 0.0, 0.1111111111111111
"Enter an abitrarily long string  ending with carriage return > ",STRING_LITERAL, line no: 64,i,SIMPLE_NAME, line no: 7, 4.6393980140813676E-4, insert, 0.0625, 0.0, 0.015384615384615385
"Check sum is %c\n",STRING_LITERAL, line no: 74,java.util,QUALIFIED_NAME, line no: 44, 4.6221257159218795E-4, insert, 0.010416666666666666, 0.0, 0.10526315789473684
format,SIMPLE_NAME, line no: 74,System.in,QUALIFIED_NAME, line no: 53, 4.60075995760483E-4, insert, 0.1875, 0.0, 0.1111111111111111
String,SIMPLE_NAME, line no: 74,mainClass.scanner,QUALIFIED_NAME, line no: 51, 4.592800165290635E-4, insert, 0.16666666666666666, 0.0, 0.11764705882352941
format,SIMPLE_NAME, line no: 74,mainClass.scanner,QUALIFIED_NAME, line no: 51, 4.592800165290635E-4, insert, 0.16666666666666666, 0.0, 0.11764705882352941
value,SIMPLE_NAME, line no: 74,System.in,QUALIFIED_NAME, line no: 53, 4.551051866826387E-4, insert, 0.1836734693877551, 0.0, 0.1111111111111111
"Enter an abitrarily long string  ending with carriage return > ",STRING_LITERAL, line no: 64,System.in,QUALIFIED_NAME, line no: 53, 4.234364594465261E-4, insert, 0.1875, 0.0, 0.09230769230769231
"Enter an abitrarily long string  ending with carriage return > ",STRING_LITERAL, line no: 64,java.util,QUALIFIED_NAME, line no: 44, 4.0699030394196576E-4, insert, 0.010416666666666666, 0.0, 0.07692307692307693
sum,SIMPLE_NAME, line no: 74,java.util.Scanner,QUALIFIED_NAME, line no: 51, 3.5321984506094006E-4, insert, 0.17346938775510204, 0.0, 0.058823529411764705
sum,SIMPLE_NAME, line no: 74,mainClass.scanner,QUALIFIED_NAME, line no: 51, 3.399643541866884E-4, insert, 0.16326530612244897, 0.0, 0.058823529411764705
