output+=(String.format("\nEnter an integer > ")); ,EXPRESSION_STATEMENT, line no: 61,output+=(String.format("\nEnter an integer > ")); ,EXPRESSION_STATEMENT, line no: 61, 0.014879796145557012, insert, 1.0, 1.0, 1.0
value.value=scanner.nextInt(); ,EXPRESSION_STATEMENT, line no: 62,value.value=scanner.nextInt(); ,EXPRESSION_STATEMENT, line no: 62, 0.014879796145557012, insert, 1.0, 3.0, 1.0
output+=(String.format("\n")); ,EXPRESSION_STATEMENT, line no: 63,output+=(String.format("\n")); ,EXPRESSION_STATEMENT, line no: 63, 0.014879796145557012, insert, 1.0, 1.0, 1.0
output+=(String.format("That's all  have a nice day!\n")); ,EXPRESSION_STATEMENT, line no: 81,output+=(String.format("That's all  have a nice day!\n")); ,EXPRESSION_STATEMENT, line no: 81, 0.014879796145557012, insert, 1.0, 1.0, 1.0
output+=(String.format("\nEnter an integer > ")); ,EXPRESSION_STATEMENT, line no: 61,output+=(String.format("That's all  have a nice day!\n")); ,EXPRESSION_STATEMENT, line no: 81, 0.011550757007906969, insert, 1.0, 1.0, 0.6271186440677966
output+=(String.format("That's all  have a nice day!\n")); ,EXPRESSION_STATEMENT, line no: 81,output+=(String.format("\nEnter an integer > ")); ,EXPRESSION_STATEMENT, line no: 61, 0.011550757007906969, insert, 1.0, 1.0, 0.6271186440677966
output+=(String.format("\nEnter an integer > ")); ,EXPRESSION_STATEMENT, line no: 61,output+=(String.format("\n")); ,EXPRESSION_STATEMENT, line no: 63, 0.011487202624370012, insert, 1.0, 1.0, 0.62
output+=(String.format("\n")); ,EXPRESSION_STATEMENT, line no: 63,output+=(String.format("\nEnter an integer > ")); ,EXPRESSION_STATEMENT, line no: 61, 0.011487202624370012, insert, 1.0, 1.0, 0.62
output+=(String.format("\n")); ,EXPRESSION_STATEMENT, line no: 63,output+=(String.format("That's all  have a nice day!\n")); ,EXPRESSION_STATEMENT, line no: 81, 0.01064283724309332, insert, 1.0, 1.0, 0.5254237288135594
output+=(String.format("That's all  have a nice day!\n")); ,EXPRESSION_STATEMENT, line no: 81,output+=(String.format("\n")); ,EXPRESSION_STATEMENT, line no: 63, 0.01064283724309332, insert, 1.0, 1.0, 0.5254237288135594
value.value=scanner.nextInt(); ,EXPRESSION_STATEMENT, line no: 62,output+=(String.format("\n")); ,EXPRESSION_STATEMENT, line no: 63, 0.00883187900252416, insert, 1.0, 0.0, 0.3225806451612903
output+=(String.format("\n")); ,EXPRESSION_STATEMENT, line no: 63,value.value=scanner.nextInt(); ,EXPRESSION_STATEMENT, line no: 62, 0.00883187900252416, insert, 1.0, 0.0, 0.3225806451612903
output+=(String.format("\n")); ,EXPRESSION_STATEMENT, line no: 63,output+=(String.format("-%d\n" digit.value)); ,EXPRESSION_STATEMENT, line no: 79, 0.008588429841823647, insert, 0.43209876543209874, 1.0, 0.6739130434782609
output+=(String.format("\nEnter an integer > ")); ,EXPRESSION_STATEMENT, line no: 61,output+=(String.format("-%d\n" digit.value)); ,EXPRESSION_STATEMENT, line no: 79, 0.008464215891391172, insert, 0.43209876543209874, 1.0, 0.66
output+=(String.format("\nEnter an integer > ")); ,EXPRESSION_STATEMENT, line no: 61,value.value=scanner.nextInt(); ,EXPRESSION_STATEMENT, line no: 62, 0.008451724210676383, insert, 1.0, 0.0, 0.28
value.value=scanner.nextInt(); ,EXPRESSION_STATEMENT, line no: 62,output+=(String.format("\nEnter an integer > ")); ,EXPRESSION_STATEMENT, line no: 61, 0.008451724210676383, insert, 1.0, 0.0, 0.28
value.value=scanner.nextInt(); ,EXPRESSION_STATEMENT, line no: 62,output+=(String.format("That's all  have a nice day!\n")); ,EXPRESSION_STATEMENT, line no: 81, 0.0077677579878501005, insert, 1.0, 0.0, 0.2033898305084746
output+=(String.format("That's all  have a nice day!\n")); ,EXPRESSION_STATEMENT, line no: 81,value.value=scanner.nextInt(); ,EXPRESSION_STATEMENT, line no: 62, 0.0077677579878501005, insert, 1.0, 0.0, 0.2033898305084746
value.value=scanner.nextInt(); ,EXPRESSION_STATEMENT, line no: 62,value.value=Math.abs(value.value); ,EXPRESSION_STATEMENT, line no: 72, 0.007673461010512999, insert, 0.43209876543209874, 1.3333333333333333, 0.5714285714285714
output+=(String.format("That's all  have a nice day!\n")); ,EXPRESSION_STATEMENT, line no: 81,output+=(String.format("-%d\n" digit.value)); ,EXPRESSION_STATEMENT, line no: 79, 0.007414055363423384, insert, 0.43209876543209874, 1.0, 0.5423728813559322
output+=(String.format("\n")); ,EXPRESSION_STATEMENT, line no: 63,output+=(String.format("%d\n" digit.value)); ,EXPRESSION_STATEMENT, line no: 68, 0.007362743574245988, insert, 0.2037037037037037, 1.0, 0.6888888888888889
output+=(String.format("\nEnter an integer > ")); ,EXPRESSION_STATEMENT, line no: 61,output+=(String.format("%d\n" digit.value)); ,EXPRESSION_STATEMENT, line no: 68, 0.007104827107723, insert, 0.2037037037037037, 1.0, 0.66
value.value=scanner.nextInt(); ,EXPRESSION_STATEMENT, line no: 62,digit.value=value.value % 10; ,EXPRESSION_STATEMENT, line no: 66, 0.0066037613797724935, insert, 0.2037037037037037, 1.5, 0.45161290322580644
value.value=scanner.nextInt(); ,EXPRESSION_STATEMENT, line no: 62,value.value=value.value / 10; ,EXPRESSION_STATEMENT, line no: 67, 0.006396356813824866, insert, 0.2037037037037037, 1.3333333333333333, 0.5806451612903226
output+=(String.format("That's all  have a nice day!\n")); ,EXPRESSION_STATEMENT, line no: 81,output+=(String.format("%d\n" digit.value)); ,EXPRESSION_STATEMENT, line no: 68, 0.006054666579755213, insert, 0.2037037037037037, 1.0, 0.5423728813559322
String,SIMPLE_NAME, line no: 61,String,SIMPLE_NAME, line no: 49, 0.005714572016637233, insert, 0.3132530120481928, 0.0, 1.0
format,SIMPLE_NAME, line no: 61,format,SIMPLE_NAME, line no: 61, 0.005714572016637233, insert, 1.0, 0.0, 1.0
scanner,SIMPLE_NAME, line no: 62,scanner,SIMPLE_NAME, line no: 51, 0.005714572016637233, insert, 0.10303030303030303, 1.0, 1.0
nextInt,SIMPLE_NAME, line no: 62,nextInt,SIMPLE_NAME, line no: 62, 0.005714572016637233, insert, 1.0, 0.0, 1.0
String,SIMPLE_NAME, line no: 63,String,SIMPLE_NAME, line no: 49, 0.005714572016637233, insert, 0.3132530120481928, 0.0, 1.0
format,SIMPLE_NAME, line no: 63,format,SIMPLE_NAME, line no: 61, 0.005714572016637233, insert, 1.0, 0.0, 1.0
String,SIMPLE_NAME, line no: 81,String,SIMPLE_NAME, line no: 49, 0.005714572016637233, insert, 0.3132530120481928, 0.0, 1.0
format,SIMPLE_NAME, line no: 81,format,SIMPLE_NAME, line no: 61, 0.005714572016637233, insert, 1.0, 0.0, 1.0
output+=(String.format("\n")); ,EXPRESSION_STATEMENT, line no: 63,System.out.println(mainClass.output); ,EXPRESSION_STATEMENT, line no: 56, 0.005199710439948383, insert, 0.32098765432098764, 1.0, 0.3684210526315789
output+=(String.format("\n")); ,EXPRESSION_STATEMENT, line no: 63,value.value=Math.abs(value.value); ,EXPRESSION_STATEMENT, line no: 72, 0.0051226388141317955, insert, 0.43209876543209874, 0.0, 0.2857142857142857
value.value=scanner.nextInt(); ,EXPRESSION_STATEMENT, line no: 62,mainClass.exec(); ,EXPRESSION_STATEMENT, line no: 55, 0.005078448943346221, insert, 0.32098765432098764, 0.0, 0.3548387096774194
output+=(String.format("That's all  have a nice day!\n")); ,EXPRESSION_STATEMENT, line no: 81,value.value=Math.abs(value.value); ,EXPRESSION_STATEMENT, line no: 72, 0.00499293599058699, insert, 0.43209876543209874, 0.0, 0.2711864406779661
output+=(String.format("\nEnter an integer > ")); ,EXPRESSION_STATEMENT, line no: 61,value.value=Math.abs(value.value); ,EXPRESSION_STATEMENT, line no: 72, 0.004893064816457488, insert, 0.43209876543209874, 0.0, 0.26
output+=(String.format("\nEnter an integer > ")); ,EXPRESSION_STATEMENT, line no: 61,System.out.println(mainClass.output); ,EXPRESSION_STATEMENT, line no: 56, 0.004767413204561673, insert, 0.32098765432098764, 1.0, 0.32
output+=(String.format("\nEnter an integer > ")); ,EXPRESSION_STATEMENT, line no: 61,digit.value=value.value % 10; ,EXPRESSION_STATEMENT, line no: 66, 0.004714507262710804, insert, 0.2037037037037037, 0.0, 0.24
value.value=scanner.nextInt(); ,EXPRESSION_STATEMENT, line no: 62,output+=(String.format("-%d\n" digit.value)); ,EXPRESSION_STATEMENT, line no: 79, 0.004706743890808774, insert, 0.43209876543209874, 0.6000000000000001, 0.2391304347826087
output+=(String.format("\n")); ,EXPRESSION_STATEMENT, line no: 63,digit.value=value.value % 10; ,EXPRESSION_STATEMENT, line no: 66, 0.004587788998761545, insert, 0.2037037037037037, 0.0, 0.22580645161290322
value.value=scanner.nextInt(); ,EXPRESSION_STATEMENT, line no: 62,System.out.println(mainClass.output); ,EXPRESSION_STATEMENT, line no: 56, 0.004494877990948314, insert, 0.32098765432098764, 0.0, 0.2894736842105263
output+=(String.format("That's all  have a nice day!\n")); ,EXPRESSION_STATEMENT, line no: 81,digit.value=value.value % 10; ,EXPRESSION_STATEMENT, line no: 66, 0.004387656147377891, insert, 0.2037037037037037, 0.0, 0.2033898305084746
output+=(String.format("That's all  have a nice day!\n")); ,EXPRESSION_STATEMENT, line no: 81,System.out.println(mainClass.output); ,EXPRESSION_STATEMENT, line no: 56, 0.004180291756648847, insert, 0.32098765432098764, 1.0, 0.2542372881355932
output+=(String.format("\n")); ,EXPRESSION_STATEMENT, line no: 63,mainClass.exec(); ,EXPRESSION_STATEMENT, line no: 55, 0.003926464725625677, insert, 0.32098765432098764, 0.0, 0.22580645161290322
value.value=scanner.nextInt(); ,EXPRESSION_STATEMENT, line no: 62,mainClass.scanner=new java.util.Scanner(args[0]); ,EXPRESSION_STATEMENT, line no: 51, 0.0037283992909904334, insert, 0.08641975308641975, 0.5, 0.36
nextInt,SIMPLE_NAME, line no: 62,IntObj,SIMPLE_NAME, line no: 60, 0.0037137296586042486, insert, 0.9818181818181818, 0.0, 0.42857142857142855
value.value=scanner.nextInt(); ,EXPRESSION_STATEMENT, line no: 62,mainClass.scanner=new java.util.Scanner(System.in); ,EXPRESSION_STATEMENT, line no: 53, 0.0036415227604083967, insert, 0.09259259259259259, 0.5, 0.34615384615384615
output+=(String.format("\nEnter an integer > ")); ,EXPRESSION_STATEMENT, line no: 61,mainClass.scanner=new java.util.Scanner(args[0]); ,EXPRESSION_STATEMENT, line no: 51, 0.0035498417372437498, insert, 0.08641975308641975, 0.0, 0.34
output+=(String.format("\nEnter an integer > ")); ,EXPRESSION_STATEMENT, line no: 61,mainClass.exec(); ,EXPRESSION_STATEMENT, line no: 55, 0.003517510328334885, insert, 0.32098765432098764, 0.0, 0.18
output+=(String.format("\nEnter an integer > ")); ,EXPRESSION_STATEMENT, line no: 61,mainClass.scanner=new java.util.Scanner(System.in); ,EXPRESSION_STATEMENT, line no: 53, 0.003469832804882739, insert, 0.09259259259259259, 0.0, 0.3269230769230769
format,SIMPLE_NAME, line no: 61,output,SIMPLE_NAME, line no: 49, 0.0034012031038780635, insert, 0.3132530120481928, 0.0, 0.3333333333333333
format,SIMPLE_NAME, line no: 63,output,SIMPLE_NAME, line no: 49, 0.0034012031038780635, insert, 0.3132530120481928, 0.0, 0.3333333333333333
format,SIMPLE_NAME, line no: 81,output,SIMPLE_NAME, line no: 49, 0.0034012031038780635, insert, 0.3132530120481928, 0.0, 0.3333333333333333
value.value=scanner.nextInt(); ,EXPRESSION_STATEMENT, line no: 62,output+=(String.format("%d\n" digit.value)); ,EXPRESSION_STATEMENT, line no: 68, 0.003394797935430785, insert, 0.2037037037037037, 0.6000000000000001, 0.24444444444444444
String,SIMPLE_NAME, line no: 61,digit,SIMPLE_NAME, line no: 60, 0.003373662997773788, insert, 0.9759036144578314, 0.0, 0.3333333333333333
String,SIMPLE_NAME, line no: 63,digit,SIMPLE_NAME, line no: 60, 0.003373662997773788, insert, 0.9759036144578314, 0.0, 0.3333333333333333
String,SIMPLE_NAME, line no: 81,digit,SIMPLE_NAME, line no: 60, 0.003373662997773788, insert, 0.9759036144578314, 0.0, 0.3333333333333333
output+=(String.format("That's all  have a nice day!\n")); ,EXPRESSION_STATEMENT, line no: 81,mainClass.exec(); ,EXPRESSION_STATEMENT, line no: 55, 0.0032723719918352, insert, 0.32098765432098764, 0.0, 0.15254237288135594
scanner,SIMPLE_NAME, line no: 62,nextInt,SIMPLE_NAME, line no: 62, 0.003265469723792704, insert, 1.0, 0.0, 0.2857142857142857
nextInt,SIMPLE_NAME, line no: 62,String,SIMPLE_NAME, line no: 49, 0.003265469723792704, insert, 0.3151515151515151, 0.0, 0.2857142857142857
nextInt,SIMPLE_NAME, line no: 62,scanner,SIMPLE_NAME, line no: 51, 0.003265469723792704, insert, 0.10303030303030303, 0.0, 0.2857142857142857
String,SIMPLE_NAME, line no: 61,nextInt,SIMPLE_NAME, line no: 62, 0.0032516996707405666, insert, 0.9939759036144579, 0.0, 0.2857142857142857
String,SIMPLE_NAME, line no: 63,nextInt,SIMPLE_NAME, line no: 62, 0.0032516996707405666, insert, 0.9939759036144579, 0.0, 0.2857142857142857
String,SIMPLE_NAME, line no: 81,nextInt,SIMPLE_NAME, line no: 62, 0.0032516996707405666, insert, 0.9939759036144579, 0.0, 0.2857142857142857
scanner,SIMPLE_NAME, line no: 62,value,SIMPLE_NAME, line no: 7, 0.0032516162158735835, insert, 0.03636363636363636, 0.0, 0.2857142857142857
nextInt,SIMPLE_NAME, line no: 62,output,SIMPLE_NAME, line no: 49, 0.0032516162158735835, insert, 0.3151515151515151, 0.0, 0.2857142857142857
output+=(String.format("\n")); ,EXPRESSION_STATEMENT, line no: 63,value.value=value.value / 10; ,EXPRESSION_STATEMENT, line no: 67, 0.003228400215093373, insert, 0.2037037037037037, 0.0, 0.22580645161290322
scanner,SIMPLE_NAME, line no: 62,Scanner,SIMPLE_NAME, line no: 44, 0.0032021394018767243, insert, 0.006060606060606061, 0.0, 0.8571428571428571
output+=(String.format("\nEnter an integer > ")); ,EXPRESSION_STATEMENT, line no: 61,value.value=value.value / 10; ,EXPRESSION_STATEMENT, line no: 67, 0.003176560925295949, insert, 0.2037037037037037, 0.0, 0.22
output+=(String.format("That's all  have a nice day!\n")); ,EXPRESSION_STATEMENT, line no: 81,mainClass.scanner=new java.util.Scanner(System.in); ,EXPRESSION_STATEMENT, line no: 53, 0.0031235428945852258, insert, 0.09259259259259259, 0.0, 0.288135593220339
"\nEnter an integer > ",STRING_LITERAL, line no: 61,String,SIMPLE_NAME, line no: 49, 0.0030312077653467063, insert, 0.3132530120481928, 0.0, 0.21739130434782608
"\nEnter an integer > ",STRING_LITERAL, line no: 61,scanner,SIMPLE_NAME, line no: 51, 0.0030174377122945684, insert, 0.10240963855421686, 0.0, 0.21739130434782608
output+=(String.format("That's all  have a nice day!\n")); ,EXPRESSION_STATEMENT, line no: 81,mainClass.scanner=new java.util.Scanner(args[0]); ,EXPRESSION_STATEMENT, line no: 51, 0.002935482696386514, insert, 0.08641975308641975, 0.0, 0.2711864406779661
output+=(String.format("That's all  have a nice day!\n")); ,EXPRESSION_STATEMENT, line no: 81,value.value=value.value / 10; ,EXPRESSION_STATEMENT, line no: 67, 0.002876947402907445, insert, 0.2037037037037037, 0.0, 0.1864406779661017
"\nEnter an integer > ",STRING_LITERAL, line no: 61,nextInt,SIMPLE_NAME, line no: 62, 0.0028683619205562057, insert, 0.9939759036144579, 0.0, 0.17391304347826086
String,SIMPLE_NAME, line no: 61,format,SIMPLE_NAME, line no: 61, 0.0028572860083186163, insert, 1.0, 0.0, 0.16666666666666666
format,SIMPLE_NAME, line no: 61,String,SIMPLE_NAME, line no: 49, 0.0028572860083186163, insert, 0.3132530120481928, 0.0, 0.16666666666666666
String,SIMPLE_NAME, line no: 63,format,SIMPLE_NAME, line no: 61, 0.0028572860083186163, insert, 1.0, 0.0, 0.16666666666666666
format,SIMPLE_NAME, line no: 63,String,SIMPLE_NAME, line no: 49, 0.0028572860083186163, insert, 0.3132530120481928, 0.0, 0.16666666666666666
"\n",STRING_LITERAL, line no: 63,String,SIMPLE_NAME, line no: 49, 0.0028572860083186163, insert, 0.3132530120481928, 0.0, 0.16666666666666666
String,SIMPLE_NAME, line no: 81,format,SIMPLE_NAME, line no: 61, 0.0028572860083186163, insert, 1.0, 0.0, 0.16666666666666666
format,SIMPLE_NAME, line no: 81,String,SIMPLE_NAME, line no: 49, 0.0028572860083186163, insert, 0.3132530120481928, 0.0, 0.16666666666666666
String,SIMPLE_NAME, line no: 61,output,SIMPLE_NAME, line no: 49, 0.0028297459022143404, insert, 0.3132530120481928, 0.0, 0.16666666666666666
format,SIMPLE_NAME, line no: 61,value,SIMPLE_NAME, line no: 7, 0.0028297459022143404, insert, 0.03614457831325301, 0.0, 0.16666666666666666
String,SIMPLE_NAME, line no: 63,output,SIMPLE_NAME, line no: 49, 0.0028297459022143404, insert, 0.3132530120481928, 0.0, 0.16666666666666666
format,SIMPLE_NAME, line no: 63,value,SIMPLE_NAME, line no: 7, 0.0028297459022143404, insert, 0.03614457831325301, 0.0, 0.16666666666666666
String,SIMPLE_NAME, line no: 81,output,SIMPLE_NAME, line no: 49, 0.0028297459022143404, insert, 0.3132530120481928, 0.0, 0.16666666666666666
format,SIMPLE_NAME, line no: 81,value,SIMPLE_NAME, line no: 7, 0.0028297459022143404, insert, 0.03614457831325301, 0.0, 0.16666666666666666
String,SIMPLE_NAME, line no: 61,IntObj,SIMPLE_NAME, line no: 60, 0.002802205796110065, insert, 0.9759036144578314, 0.0, 0.16666666666666666
format,SIMPLE_NAME, line no: 61,IntObj,SIMPLE_NAME, line no: 60, 0.002802205796110065, insert, 0.9759036144578314, 0.0, 0.16666666666666666
format,SIMPLE_NAME, line no: 61,digit,SIMPLE_NAME, line no: 60, 0.002802205796110065, insert, 0.9759036144578314, 0.0, 0.16666666666666666
String,SIMPLE_NAME, line no: 63,IntObj,SIMPLE_NAME, line no: 60, 0.002802205796110065, insert, 0.9759036144578314, 0.0, 0.16666666666666666
format,SIMPLE_NAME, line no: 63,IntObj,SIMPLE_NAME, line no: 60, 0.002802205796110065, insert, 0.9759036144578314, 0.0, 0.16666666666666666
format,SIMPLE_NAME, line no: 63,digit,SIMPLE_NAME, line no: 60, 0.002802205796110065, insert, 0.9759036144578314, 0.0, 0.16666666666666666
"\n",STRING_LITERAL, line no: 63,IntObj,SIMPLE_NAME, line no: 60, 0.002802205796110065, insert, 0.9759036144578314, 0.0, 0.16666666666666666
String,SIMPLE_NAME, line no: 81,IntObj,SIMPLE_NAME, line no: 60, 0.002802205796110065, insert, 0.9759036144578314, 0.0, 0.16666666666666666
format,SIMPLE_NAME, line no: 81,IntObj,SIMPLE_NAME, line no: 60, 0.002802205796110065, insert, 0.9759036144578314, 0.0, 0.16666666666666666
format,SIMPLE_NAME, line no: 81,digit,SIMPLE_NAME, line no: 60, 0.002802205796110065, insert, 0.9759036144578314, 0.0, 0.16666666666666666
scanner,SIMPLE_NAME, line no: 62,String,SIMPLE_NAME, line no: 49, 0.0027756492652237985, insert, 0.3151515151515151, 0.0, 0.14285714285714285
scanner,SIMPLE_NAME, line no: 62,format,SIMPLE_NAME, line no: 61, 0.0027756492652237985, insert, 1.0, 0.0, 0.14285714285714285
nextInt,SIMPLE_NAME, line no: 62,format,SIMPLE_NAME, line no: 61, 0.0027756492652237985, insert, 1.0, 0.0, 0.14285714285714285
String,SIMPLE_NAME, line no: 61,scanner,SIMPLE_NAME, line no: 51, 0.002761879212171661, insert, 0.10240963855421686, 0.0, 0.14285714285714285
format,SIMPLE_NAME, line no: 61,scanner,SIMPLE_NAME, line no: 51, 0.002761879212171661, insert, 0.10240963855421686, 0.0, 0.14285714285714285
format,SIMPLE_NAME, line no: 61,nextInt,SIMPLE_NAME, line no: 62, 0.002761879212171661, insert, 0.9939759036144579, 0.0, 0.14285714285714285
String,SIMPLE_NAME, line no: 63,scanner,SIMPLE_NAME, line no: 51, 0.002761879212171661, insert, 0.10240963855421686, 0.0, 0.14285714285714285
format,SIMPLE_NAME, line no: 63,scanner,SIMPLE_NAME, line no: 51, 0.002761879212171661, insert, 0.10240963855421686, 0.0, 0.14285714285714285
format,SIMPLE_NAME, line no: 63,nextInt,SIMPLE_NAME, line no: 62, 0.002761879212171661, insert, 0.9939759036144579, 0.0, 0.14285714285714285
"\n",STRING_LITERAL, line no: 63,scanner,SIMPLE_NAME, line no: 51, 0.002761879212171661, insert, 0.10240963855421686, 0.0, 0.14285714285714285
"\n",STRING_LITERAL, line no: 63,nextInt,SIMPLE_NAME, line no: 62, 0.002761879212171661, insert, 0.9939759036144579, 0.0, 0.14285714285714285
String,SIMPLE_NAME, line no: 81,scanner,SIMPLE_NAME, line no: 51, 0.002761879212171661, insert, 0.10240963855421686, 0.0, 0.14285714285714285
format,SIMPLE_NAME, line no: 81,scanner,SIMPLE_NAME, line no: 51, 0.002761879212171661, insert, 0.10240963855421686, 0.0, 0.14285714285714285
format,SIMPLE_NAME, line no: 81,nextInt,SIMPLE_NAME, line no: 62, 0.002761879212171661, insert, 0.9939759036144579, 0.0, 0.14285714285714285
nextInt,SIMPLE_NAME, line no: 62,value,SIMPLE_NAME, line no: 7, 0.0027617957573046782, insert, 0.03636363636363636, 0.0, 0.14285714285714285
scanner,SIMPLE_NAME, line no: 62,IntObj,SIMPLE_NAME, line no: 60, 0.002734088741466437, insert, 0.9818181818181818, 0.0, 0.14285714285714285
nextInt,SIMPLE_NAME, line no: 62,digit,SIMPLE_NAME, line no: 60, 0.002734088741466437, insert, 0.9818181818181818, 0.0, 0.14285714285714285
"\nEnter an integer > ",STRING_LITERAL, line no: 61,format,SIMPLE_NAME, line no: 61, 0.002733056181869981, insert, 1.0, 0.0, 0.13043478260869565
"That's all  have a nice day!\n",STRING_LITERAL, line no: 81,scanner,SIMPLE_NAME, line no: 51, 0.002700651654850548, insert, 0.10240963855421686, 0.0, 0.125
"That's all  have a nice day!\n",STRING_LITERAL, line no: 81,String,SIMPLE_NAME, line no: 49, 0.0026072734825907376, insert, 0.3132530120481928, 0.0, 0.09375
"That's all  have a nice day!\n",STRING_LITERAL, line no: 81,nextInt,SIMPLE_NAME, line no: 62, 0.0025935034295386, insert, 0.9939759036144579, 0.0, 0.09375
"That's all  have a nice day!\n",STRING_LITERAL, line no: 81,value,SIMPLE_NAME, line no: 7, 0.0025797333764864617, insert, 0.03614457831325301, 0.0, 0.09375
"\nEnter an integer > ",STRING_LITERAL, line no: 61,value,SIMPLE_NAME, line no: 7, 0.002556440284027342, insert, 0.03614457831325301, 0.0, 0.08695652173913043
"\nEnter an integer > ",STRING_LITERAL, line no: 61,output,SIMPLE_NAME, line no: 49, 0.002556440284027342, insert, 0.3132530120481928, 0.0, 0.08695652173913043
"\nEnter an integer > ",STRING_LITERAL, line no: 61,IntObj,SIMPLE_NAME, line no: 60, 0.0025289001779230666, insert, 0.9759036144578314, 0.0, 0.08695652173913043
"\nEnter an integer > ",STRING_LITERAL, line no: 61,digit,SIMPLE_NAME, line no: 60, 0.0025289001779230666, insert, 0.9759036144578314, 0.0, 0.08695652173913043
"That's all  have a nice day!\n",STRING_LITERAL, line no: 81,format,SIMPLE_NAME, line no: 61, 0.002500125257278789, insert, 1.0, 0.0, 0.0625
value.value=scanner.nextInt(); ,EXPRESSION_STATEMENT, line no: 62,value=i; ,EXPRESSION_STATEMENT, line no: 7, 0.002450929385026834, insert, 0.024691358024691357, 0.3333333333333333, 0.25806451612903225
output+=(String.format("\n")); ,EXPRESSION_STATEMENT, line no: 63,mainClass.scanner=new java.util.Scanner(System.in); ,EXPRESSION_STATEMENT, line no: 53, 0.002439693071728792, insert, 0.09259259259259259, 0.0, 0.21153846153846154
"That's all  have a nice day!\n",STRING_LITERAL, line no: 81,output,SIMPLE_NAME, line no: 49, 0.0023654369258625653, insert, 0.3132530120481928, 0.0, 0.03125
"That's all  have a nice day!\n",STRING_LITERAL, line no: 81,IntObj,SIMPLE_NAME, line no: 60, 0.00233789681975829, insert, 0.9759036144578314, 0.0, 0.03125
"That's all  have a nice day!\n",STRING_LITERAL, line no: 81,digit,SIMPLE_NAME, line no: 60, 0.00233789681975829, insert, 0.9759036144578314, 0.0, 0.03125
output+=(String.format("\n")); ,EXPRESSION_STATEMENT, line no: 63,mainClass.scanner=new java.util.Scanner(args[0]); ,EXPRESSION_STATEMENT, line no: 51, 0.0022999388610169605, insert, 0.08641975308641975, 0.0, 0.2
nextInt,SIMPLE_NAME, line no: 62,length,SIMPLE_NAME, line no: 50, 0.002231404311258348, insert, 0.3333333333333333, 0.0, 0.42857142857142855
nextInt,SIMPLE_NAME, line no: 62,println,SIMPLE_NAME, line no: 56, 0.002217550803339227, insert, 0.32727272727272727, 0.0, 0.42857142857142855
String,SIMPLE_NAME, line no: 61,println,SIMPLE_NAME, line no: 56, 0.002213044240522164, insert, 0.3253012048192771, 0.0, 0.42857142857142855
String,SIMPLE_NAME, line no: 63,println,SIMPLE_NAME, line no: 56, 0.002213044240522164, insert, 0.3253012048192771, 0.0, 0.42857142857142855
String,SIMPLE_NAME, line no: 81,println,SIMPLE_NAME, line no: 56, 0.002213044240522164, insert, 0.3253012048192771, 0.0, 0.42857142857142855
format,SIMPLE_NAME, line no: 61,Math,SIMPLE_NAME, line no: 72, 0.0021481282761335136, insert, 0.4397590361445783, 0.0, 0.3333333333333333
format,SIMPLE_NAME, line no: 63,Math,SIMPLE_NAME, line no: 72, 0.0021481282761335136, insert, 0.4397590361445783, 0.0, 0.3333333333333333
format,SIMPLE_NAME, line no: 81,Math,SIMPLE_NAME, line no: 72, 0.0021481282761335136, insert, 0.4397590361445783, 0.0, 0.3333333333333333
String,SIMPLE_NAME, line no: 61,args,SIMPLE_NAME, line no: 50, 0.0019002673211950315, insert, 0.3313253012048193, 0.0, 0.3333333333333333
String,SIMPLE_NAME, line no: 61,length,SIMPLE_NAME, line no: 50, 0.0019002673211950315, insert, 0.3313253012048193, 0.0, 0.3333333333333333
String,SIMPLE_NAME, line no: 61,System,SIMPLE_NAME, line no: 53, 0.0019002673211950315, insert, 0.1144578313253012, 0.0, 0.3333333333333333
format,SIMPLE_NAME, line no: 61,out,SIMPLE_NAME, line no: 56, 0.0019002673211950315, insert, 0.3313253012048193, 0.0, 0.3333333333333333
String,SIMPLE_NAME, line no: 63,args,SIMPLE_NAME, line no: 50, 0.0019002673211950315, insert, 0.3313253012048193, 0.0, 0.3333333333333333
String,SIMPLE_NAME, line no: 63,length,SIMPLE_NAME, line no: 50, 0.0019002673211950315, insert, 0.3313253012048193, 0.0, 0.3333333333333333
String,SIMPLE_NAME, line no: 63,System,SIMPLE_NAME, line no: 53, 0.0019002673211950315, insert, 0.1144578313253012, 0.0, 0.3333333333333333
format,SIMPLE_NAME, line no: 63,out,SIMPLE_NAME, line no: 56, 0.0019002673211950315, insert, 0.3313253012048193, 0.0, 0.3333333333333333
String,SIMPLE_NAME, line no: 81,args,SIMPLE_NAME, line no: 50, 0.0019002673211950315, insert, 0.3313253012048193, 0.0, 0.3333333333333333
String,SIMPLE_NAME, line no: 81,length,SIMPLE_NAME, line no: 50, 0.0019002673211950315, insert, 0.3313253012048193, 0.0, 0.3333333333333333
String,SIMPLE_NAME, line no: 81,System,SIMPLE_NAME, line no: 53, 0.0019002673211950315, insert, 0.1144578313253012, 0.0, 0.3333333333333333
format,SIMPLE_NAME, line no: 81,out,SIMPLE_NAME, line no: 56, 0.0019002673211950315, insert, 0.3313253012048193, 0.0, 0.3333333333333333
scanner,SIMPLE_NAME, line no: 62,args,SIMPLE_NAME, line no: 50, 0.0017415838526894422, insert, 0.3333333333333333, 0.0, 0.2857142857142857
scanner,SIMPLE_NAME, line no: 62,System,SIMPLE_NAME, line no: 53, 0.0017415838526894422, insert, 0.11515151515151516, 0.0, 0.2857142857142857
scanner,SIMPLE_NAME, line no: 62,println,SIMPLE_NAME, line no: 56, 0.001727730344770322, insert, 0.32727272727272727, 0.0, 0.2857142857142857
nextInt,SIMPLE_NAME, line no: 62,exec,SIMPLE_NAME, line no: 55, 0.001727730344770322, insert, 0.32727272727272727, 0.0, 0.2857142857142857
format,SIMPLE_NAME, line no: 61,println,SIMPLE_NAME, line no: 56, 0.0017232237819532583, insert, 0.3253012048192771, 0.0, 0.2857142857142857
format,SIMPLE_NAME, line no: 63,println,SIMPLE_NAME, line no: 56, 0.0017232237819532583, insert, 0.3253012048192771, 0.0, 0.2857142857142857
format,SIMPLE_NAME, line no: 81,println,SIMPLE_NAME, line no: 56, 0.0017232237819532583, insert, 0.3253012048192771, 0.0, 0.2857142857142857
output+=(String.format("\n")); ,EXPRESSION_STATEMENT, line no: 63,value=i; ,EXPRESSION_STATEMENT, line no: 7, 0.0015869412217364269, insert, 0.024691358024691357, 0.0, 0.16129032258064516
String,SIMPLE_NAME, line no: 61,Math,SIMPLE_NAME, line no: 72, 0.0015766710744697906, insert, 0.4397590361445783, 0.0, 0.16666666666666666
format,SIMPLE_NAME, line no: 61,abs,SIMPLE_NAME, line no: 72, 0.0015766710744697906, insert, 0.4397590361445783, 0.0, 0.16666666666666666
String,SIMPLE_NAME, line no: 63,Math,SIMPLE_NAME, line no: 72, 0.0015766710744697906, insert, 0.4397590361445783, 0.0, 0.16666666666666666
format,SIMPLE_NAME, line no: 63,abs,SIMPLE_NAME, line no: 72, 0.0015766710744697906, insert, 0.4397590361445783, 0.0, 0.16666666666666666
String,SIMPLE_NAME, line no: 81,Math,SIMPLE_NAME, line no: 72, 0.0015766710744697906, insert, 0.4397590361445783, 0.0, 0.16666666666666666
format,SIMPLE_NAME, line no: 81,abs,SIMPLE_NAME, line no: 72, 0.0015766710744697906, insert, 0.4397590361445783, 0.0, 0.16666666666666666
scanner,SIMPLE_NAME, line no: 62,mainClass,SIMPLE_NAME, line no: 48, 0.001523885871103262, insert, 0.3151515151515151, 0.0, 0.2222222222222222
String,SIMPLE_NAME, line no: 61,mainClass,SIMPLE_NAME, line no: 48, 0.001519295853419216, insert, 0.3132530120481928, 0.0, 0.2222222222222222
format,SIMPLE_NAME, line no: 61,mainClass,SIMPLE_NAME, line no: 48, 0.001519295853419216, insert, 0.3132530120481928, 0.0, 0.2222222222222222
String,SIMPLE_NAME, line no: 63,mainClass,SIMPLE_NAME, line no: 48, 0.001519295853419216, insert, 0.3132530120481928, 0.0, 0.2222222222222222
format,SIMPLE_NAME, line no: 63,mainClass,SIMPLE_NAME, line no: 48, 0.001519295853419216, insert, 0.3132530120481928, 0.0, 0.2222222222222222
String,SIMPLE_NAME, line no: 81,mainClass,SIMPLE_NAME, line no: 48, 0.001519295853419216, insert, 0.3132530120481928, 0.0, 0.2222222222222222
format,SIMPLE_NAME, line no: 81,mainClass,SIMPLE_NAME, line no: 48, 0.001519295853419216, insert, 0.3132530120481928, 0.0, 0.2222222222222222
scanner,SIMPLE_NAME, line no: 62,Math,SIMPLE_NAME, line no: 72, 0.0015011265366647068, insert, 0.44242424242424244, 0.0, 0.14285714285714285
scanner,SIMPLE_NAME, line no: 62,abs,SIMPLE_NAME, line no: 72, 0.0015011265366647068, insert, 0.44242424242424244, 0.0, 0.14285714285714285
nextInt,SIMPLE_NAME, line no: 62,Math,SIMPLE_NAME, line no: 72, 0.0015011265366647068, insert, 0.44242424242424244, 0.0, 0.14285714285714285
String,SIMPLE_NAME, line no: 61,util,SIMPLE_NAME, line no: 44, 0.0014183154643702047, insert, 0.012048192771084338, 0.0, 0.3333333333333333
String,SIMPLE_NAME, line no: 63,util,SIMPLE_NAME, line no: 44, 0.0014183154643702047, insert, 0.012048192771084338, 0.0, 0.3333333333333333
String,SIMPLE_NAME, line no: 81,util,SIMPLE_NAME, line no: 44, 0.0014183154643702047, insert, 0.012048192771084338, 0.0, 0.3333333333333333
String,SIMPLE_NAME, line no: 61,in,SIMPLE_NAME, line no: 53, 0.0014045454113180667, insert, 0.1144578313253012, 0.0, 0.3333333333333333
String,SIMPLE_NAME, line no: 63,in,SIMPLE_NAME, line no: 53, 0.0014045454113180667, insert, 0.1144578313253012, 0.0, 0.3333333333333333
String,SIMPLE_NAME, line no: 81,in,SIMPLE_NAME, line no: 53, 0.0014045454113180667, insert, 0.1144578313253012, 0.0, 0.3333333333333333
"\nEnter an integer > ",STRING_LITERAL, line no: 61,println,SIMPLE_NAME, line no: 56, 0.0013398860317688974, insert, 0.3253012048192771, 0.0, 0.17391304347826086
String,SIMPLE_NAME, line no: 61,out,SIMPLE_NAME, line no: 56, 0.0013288101195313084, insert, 0.3313253012048193, 0.0, 0.16666666666666666
format,SIMPLE_NAME, line no: 61,args,SIMPLE_NAME, line no: 50, 0.0013288101195313084, insert, 0.3313253012048193, 0.0, 0.16666666666666666
format,SIMPLE_NAME, line no: 61,length,SIMPLE_NAME, line no: 50, 0.0013288101195313084, insert, 0.3313253012048193, 0.0, 0.16666666666666666
format,SIMPLE_NAME, line no: 61,System,SIMPLE_NAME, line no: 53, 0.0013288101195313084, insert, 0.1144578313253012, 0.0, 0.16666666666666666
String,SIMPLE_NAME, line no: 63,out,SIMPLE_NAME, line no: 56, 0.0013288101195313084, insert, 0.3313253012048193, 0.0, 0.16666666666666666
format,SIMPLE_NAME, line no: 63,args,SIMPLE_NAME, line no: 50, 0.0013288101195313084, insert, 0.3313253012048193, 0.0, 0.16666666666666666
format,SIMPLE_NAME, line no: 63,length,SIMPLE_NAME, line no: 50, 0.0013288101195313084, insert, 0.3313253012048193, 0.0, 0.16666666666666666
format,SIMPLE_NAME, line no: 63,System,SIMPLE_NAME, line no: 53, 0.0013288101195313084, insert, 0.1144578313253012, 0.0, 0.16666666666666666
"\n",STRING_LITERAL, line no: 63,length,SIMPLE_NAME, line no: 50, 0.0013288101195313084, insert, 0.3313253012048193, 0.0, 0.16666666666666666
String,SIMPLE_NAME, line no: 81,out,SIMPLE_NAME, line no: 56, 0.0013288101195313084, insert, 0.3313253012048193, 0.0, 0.16666666666666666
format,SIMPLE_NAME, line no: 81,args,SIMPLE_NAME, line no: 50, 0.0013288101195313084, insert, 0.3313253012048193, 0.0, 0.16666666666666666
format,SIMPLE_NAME, line no: 81,length,SIMPLE_NAME, line no: 50, 0.0013288101195313084, insert, 0.3313253012048193, 0.0, 0.16666666666666666
format,SIMPLE_NAME, line no: 81,System,SIMPLE_NAME, line no: 53, 0.0013288101195313084, insert, 0.1144578313253012, 0.0, 0.16666666666666666
"That's all  have a nice day!\n",STRING_LITERAL, line no: 81,Math,SIMPLE_NAME, line no: 72, 0.0013266585487419116, insert, 0.4397590361445783, 0.0, 0.09375
"\nEnter an integer > ",STRING_LITERAL, line no: 61,Math,SIMPLE_NAME, line no: 72, 0.0013033654562827925, insert, 0.4397590361445783, 0.0, 0.08695652173913043
scanner,SIMPLE_NAME, line no: 62,length,SIMPLE_NAME, line no: 50, 0.0012517633941205367, insert, 0.3333333333333333, 0.0, 0.14285714285714285
nextInt,SIMPLE_NAME, line no: 62,System,SIMPLE_NAME, line no: 53, 0.0012517633941205367, insert, 0.11515151515151516, 0.0, 0.14285714285714285
nextInt,SIMPLE_NAME, line no: 62,out,SIMPLE_NAME, line no: 56, 0.0012517633941205367, insert, 0.3333333333333333, 0.0, 0.14285714285714285
nextInt,SIMPLE_NAME, line no: 62,Scanner,SIMPLE_NAME, line no: 44, 0.0012428575676011017, insert, 0.006060606060606061, 0.0, 0.2857142857142857
String,SIMPLE_NAME, line no: 61,Scanner,SIMPLE_NAME, line no: 44, 0.0012412719251284315, insert, 0.006024096385542169, 0.0, 0.2857142857142857
String,SIMPLE_NAME, line no: 63,Scanner,SIMPLE_NAME, line no: 44, 0.0012412719251284315, insert, 0.006024096385542169, 0.0, 0.2857142857142857
String,SIMPLE_NAME, line no: 81,Scanner,SIMPLE_NAME, line no: 44, 0.0012412719251284315, insert, 0.006024096385542169, 0.0, 0.2857142857142857
scanner,SIMPLE_NAME, line no: 62,exec,SIMPLE_NAME, line no: 55, 0.001237909886201416, insert, 0.32727272727272727, 0.0, 0.14285714285714285
"\n",STRING_LITERAL, line no: 63,println,SIMPLE_NAME, line no: 56, 0.0012334033233843528, insert, 0.3253012048192771, 0.0, 0.14285714285714285
"That's all  have a nice day!\n",STRING_LITERAL, line no: 81,abs,SIMPLE_NAME, line no: 72, 0.0012195103234299636, insert, 0.4397590361445783, 0.0, 0.0625
"\nEnter an integer > ",STRING_LITERAL, line no: 61,mainClass,SIMPLE_NAME, line no: 48, 0.0012045802930826727, insert, 0.3132530120481928, 0.0, 0.13043478260869565
"\nEnter an integer > ",STRING_LITERAL, line no: 61,length,SIMPLE_NAME, line no: 50, 0.0012045802930826727, insert, 0.3313253012048193, 0.0, 0.13043478260869565
"\nEnter an integer > ",STRING_LITERAL, line no: 61,abs,SIMPLE_NAME, line no: 72, 0.0011542896645444299, insert, 0.4397590361445783, 0.0, 0.043478260869565216
"That's all  have a nice day!\n",STRING_LITERAL, line no: 81,digits_c9d718f3_000,SIMPLE_NAME, line no: 48, 0.0011446356599589637, insert, 0.3132530120481928, 0.0, 0.125
nextInt,SIMPLE_NAME, line no: 62,mainClass,SIMPLE_NAME, line no: 48, 0.0011429144033274466, insert, 0.3151515151515151, 0.0, 0.1111111111111111
"\n",STRING_LITERAL, line no: 63,mainClass,SIMPLE_NAME, line no: 48, 0.0011383243856434007, insert, 0.3132530120481928, 0.0, 0.1111111111111111
"\n",STRING_LITERAL, line no: 63,in,SIMPLE_NAME, line no: 53, 0.0011188168104862052, insert, 0.1144578313253012, 0.0, 0.25
scanner,SIMPLE_NAME, line no: 62,digits_c9d718f3_000,SIMPLE_NAME, line no: 48, 0.0010813027496871471, insert, 0.3151515151515151, 0.0, 0.10526315789473684
"That's all  have a nice day!\n",STRING_LITERAL, line no: 81,mainClass,SIMPLE_NAME, line no: 48, 0.0010787975938034294, insert, 0.3132530120481928, 0.0, 0.09375
"That's all  have a nice day!\n",STRING_LITERAL, line no: 81,length,SIMPLE_NAME, line no: 50, 0.0010787975938034294, insert, 0.3313253012048193, 0.0, 0.09375
String,SIMPLE_NAME, line no: 61,digits_c9d718f3_000,SIMPLE_NAME, line no: 48, 0.0010769630966040492, insert, 0.3132530120481928, 0.0, 0.10526315789473684
String,SIMPLE_NAME, line no: 63,digits_c9d718f3_000,SIMPLE_NAME, line no: 48, 0.0010769630966040492, insert, 0.3132530120481928, 0.0, 0.10526315789473684
String,SIMPLE_NAME, line no: 81,digits_c9d718f3_000,SIMPLE_NAME, line no: 48, 0.0010769630966040492, insert, 0.3132530120481928, 0.0, 0.10526315789473684
"That's all  have a nice day!\n",STRING_LITERAL, line no: 81,println,SIMPLE_NAME, line no: 56, 0.0010650275407512915, insert, 0.3253012048192771, 0.0, 0.09375
"\nEnter an integer > ",STRING_LITERAL, line no: 61,args,SIMPLE_NAME, line no: 50, 0.0010555045013443103, insert, 0.3313253012048193, 0.0, 0.08695652173913043
"\nEnter an integer > ",STRING_LITERAL, line no: 61,System,SIMPLE_NAME, line no: 53, 0.0010555045013443103, insert, 0.1144578313253012, 0.0, 0.08695652173913043
output+=(String.format("That's all  have a nice day!\n")); ,EXPRESSION_STATEMENT, line no: 81,value=i; ,EXPRESSION_STATEMENT, line no: 7, 0.0010548807143993964, insert, 0.024691358024691357, 0.0, 0.1016949152542373
"\nEnter an integer > ",STRING_LITERAL, line no: 61,exec,SIMPLE_NAME, line no: 55, 0.0010417344482921724, insert, 0.3253012048192771, 0.0, 0.08695652173913043
output+=(String.format("\nEnter an integer > ")); ,EXPRESSION_STATEMENT, line no: 61,value=i; ,EXPRESSION_STATEMENT, line no: 7, 0.001039748718319169, insert, 0.024691358024691357, 0.0, 0.1
"\nEnter an integer > ",STRING_LITERAL, line no: 61,digits_c9d718f3_000,SIMPLE_NAME, line no: 48, 0.0010141943421878967, insert, 0.3132530120481928, 0.0, 0.08695652173913043
"\nEnter an integer > ",STRING_LITERAL, line no: 61,Scanner,SIMPLE_NAME, line no: 44, 0.0010070099666824332, insert, 0.006024096385542169, 0.0, 0.21739130434782608
"That's all  have a nice day!\n",STRING_LITERAL, line no: 81,args,SIMPLE_NAME, line no: 50, 9.716493684914814E-4, insert, 0.3313253012048193, 0.0, 0.0625
"That's all  have a nice day!\n",STRING_LITERAL, line no: 81,System,SIMPLE_NAME, line no: 53, 9.716493684914814E-4, insert, 0.1144578313253012, 0.0, 0.0625
"That's all  have a nice day!\n",STRING_LITERAL, line no: 81,exec,SIMPLE_NAME, line no: 55, 9.578793154393434E-4, insert, 0.3253012048192771, 0.0, 0.0625
"\nEnter an integer > ",STRING_LITERAL, line no: 61,out,SIMPLE_NAME, line no: 56, 9.064287096059476E-4, insert, 0.3313253012048193, 0.0, 0.043478260869565216
nextInt,SIMPLE_NAME, line no: 62,digits_c9d718f3_000,SIMPLE_NAME, line no: 48, 9.008425807407082E-4, insert, 0.3151515151515151, 0.0, 0.05263157894736842
format,SIMPLE_NAME, line no: 61,digits_c9d718f3_000,SIMPLE_NAME, line no: 48, 8.965029276576102E-4, insert, 0.3132530120481928, 0.0, 0.05263157894736842
format,SIMPLE_NAME, line no: 63,digits_c9d718f3_000,SIMPLE_NAME, line no: 48, 8.965029276576102E-4, insert, 0.3132530120481928, 0.0, 0.05263157894736842
format,SIMPLE_NAME, line no: 81,digits_c9d718f3_000,SIMPLE_NAME, line no: 48, 8.965029276576102E-4, insert, 0.3132530120481928, 0.0, 0.05263157894736842
"That's all  have a nice day!\n",STRING_LITERAL, line no: 81,out,SIMPLE_NAME, line no: 56, 8.645011431795332E-4, insert, 0.3313253012048193, 0.0, 0.03125
format,SIMPLE_NAME, line no: 61,java,SIMPLE_NAME, line no: 44, 8.468582627064814E-4, insert, 0.012048192771084338, 0.0, 0.16666666666666666
format,SIMPLE_NAME, line no: 61,util,SIMPLE_NAME, line no: 44, 8.468582627064814E-4, insert, 0.012048192771084338, 0.0, 0.16666666666666666
format,SIMPLE_NAME, line no: 63,java,SIMPLE_NAME, line no: 44, 8.468582627064814E-4, insert, 0.012048192771084338, 0.0, 0.16666666666666666
format,SIMPLE_NAME, line no: 63,util,SIMPLE_NAME, line no: 44, 8.468582627064814E-4, insert, 0.012048192771084338, 0.0, 0.16666666666666666
format,SIMPLE_NAME, line no: 81,java,SIMPLE_NAME, line no: 44, 8.468582627064814E-4, insert, 0.012048192771084338, 0.0, 0.16666666666666666
format,SIMPLE_NAME, line no: 81,util,SIMPLE_NAME, line no: 44, 8.468582627064814E-4, insert, 0.012048192771084338, 0.0, 0.16666666666666666
scanner,SIMPLE_NAME, line no: 62,java,SIMPLE_NAME, line no: 44, 7.66890616951317E-4, insert, 0.012121212121212121, 0.0, 0.14285714285714285
nextInt,SIMPLE_NAME, line no: 62,util,SIMPLE_NAME, line no: 44, 7.66890616951317E-4, insert, 0.012121212121212121, 0.0, 0.14285714285714285
scanner,SIMPLE_NAME, line no: 62,in,SIMPLE_NAME, line no: 53, 7.530371090321963E-4, insert, 0.11515151515151516, 0.0, 0.14285714285714285
nextInt,SIMPLE_NAME, line no: 62,in,SIMPLE_NAME, line no: 53, 7.530371090321963E-4, insert, 0.11515151515151516, 0.0, 0.14285714285714285
format,SIMPLE_NAME, line no: 61,Scanner,SIMPLE_NAME, line no: 44, 7.514514665595259E-4, insert, 0.006024096385542169, 0.0, 0.14285714285714285
format,SIMPLE_NAME, line no: 63,Scanner,SIMPLE_NAME, line no: 44, 7.514514665595259E-4, insert, 0.006024096385542169, 0.0, 0.14285714285714285
"\n",STRING_LITERAL, line no: 63,Scanner,SIMPLE_NAME, line no: 44, 7.514514665595259E-4, insert, 0.006024096385542169, 0.0, 0.14285714285714285
format,SIMPLE_NAME, line no: 81,Scanner,SIMPLE_NAME, line no: 44, 7.514514665595259E-4, insert, 0.006024096385542169, 0.0, 0.14285714285714285
scanner,SIMPLE_NAME, line no: 62,value.value,QUALIFIED_NAME, line no: 62, 6.937819061732103E-4, insert, 0.9939393939393939, 0.0, 0.18181818181818182
"That's all  have a nice day!\n",STRING_LITERAL, line no: 81,value.value,QUALIFIED_NAME, line no: 62, 6.694959649625457E-4, insert, 0.9879518072289156, 0.0, 0.15625
String,SIMPLE_NAME, line no: 61,i,SIMPLE_NAME, line no: 7, 6.540775199765507E-4, insert, 0.03614457831325301, 0.0, 0.16666666666666666
String,SIMPLE_NAME, line no: 63,i,SIMPLE_NAME, line no: 7, 6.540775199765507E-4, insert, 0.03614457831325301, 0.0, 0.16666666666666666
String,SIMPLE_NAME, line no: 81,i,SIMPLE_NAME, line no: 7, 6.540775199765507E-4, insert, 0.03614457831325301, 0.0, 0.16666666666666666
"\nEnter an integer > ",STRING_LITERAL, line no: 61,value.value,QUALIFIED_NAME, line no: 62, 6.482865996243701E-4, insert, 0.9879518072289156, 0.0, 0.13043478260869565
value.value=scanner.nextInt(); ,EXPRESSION_STATEMENT, line no: 62,if (true) return; ,IF_STATEMENT, line no: 82, 6.381851218415031E-4, insert, 1.0, 0.0, 0.25806451612903225
output+=(String.format("\n")); ,EXPRESSION_STATEMENT, line no: 63,if (true) return; ,IF_STATEMENT, line no: 82, 6.381851218415031E-4, insert, 1.0, 0.0, 0.25806451612903225
nextInt,SIMPLE_NAME, line no: 62,value.value,QUALIFIED_NAME, line no: 62, 6.190924665134149E-4, insert, 0.9939393939393939, 0.0, 0.09090909090909091
format,SIMPLE_NAME, line no: 61,value.value,QUALIFIED_NAME, line no: 62, 6.158129302070678E-4, insert, 0.9879518072289156, 0.0, 0.09090909090909091
format,SIMPLE_NAME, line no: 63,value.value,QUALIFIED_NAME, line no: 62, 6.158129302070678E-4, insert, 0.9879518072289156, 0.0, 0.09090909090909091
format,SIMPLE_NAME, line no: 81,value.value,QUALIFIED_NAME, line no: 62, 6.158129302070678E-4, insert, 0.9879518072289156, 0.0, 0.09090909090909091
output+=(String.format("\nEnter an integer > ")); ,EXPRESSION_STATEMENT, line no: 61,if (true) return; ,IF_STATEMENT, line no: 82, 5.981130327956414E-4, insert, 1.0, 0.0, 0.2
"That's all  have a nice day!\n",STRING_LITERAL, line no: 81,java,SIMPLE_NAME, line no: 44, 5.968457369786025E-4, insert, 0.012048192771084338, 0.0, 0.09375
output+=(String.format("\nEnter an integer > ")); ,EXPRESSION_STATEMENT, line no: 61,if (value.value >= 0) {   while (value.value != 0) {     digit.value=value.value % 10;     value.value=value.value / 10;     output+=(String.format("%d\n" digit.value));   } } ,IF_STATEMENT, line no: 64, 5.894864025149349E-4, insert, 1.0, 1.0, 0.1875
output+=(String.format("That's all  have a nice day!\n")); ,EXPRESSION_STATEMENT, line no: 81,if (value.value >= 0) {   while (value.value != 0) {     digit.value=value.value % 10;     value.value=value.value / 10;     output+=(String.format("%d\n" digit.value));   } } ,IF_STATEMENT, line no: 64, 5.855652069327958E-4, insert, 1.0, 1.0, 0.18181818181818182
"That's all  have a nice day!\n",STRING_LITERAL, line no: 81,Scanner,SIMPLE_NAME, line no: 44, 5.830756839264646E-4, insert, 0.006024096385542169, 0.0, 0.09375
output+=(String.format("\n")); ,EXPRESSION_STATEMENT, line no: 63,if (value.value >= 0) {   while (value.value != 0) {     digit.value=value.value % 10;     value.value=value.value / 10;     output+=(String.format("%d\n" digit.value));   } } ,IF_STATEMENT, line no: 64, 5.816440113506565E-4, insert, 1.0, 1.0, 0.17613636363636365
output+=(String.format("That's all  have a nice day!\n")); ,EXPRESSION_STATEMENT, line no: 81,if (true) return; ,IF_STATEMENT, line no: 82, 5.770582063478155E-4, insert, 1.0, 0.0, 0.1694915254237288
"\nEnter an integer > ",STRING_LITERAL, line no: 61,util,SIMPLE_NAME, line no: 44, 5.735526445194833E-4, insert, 0.012048192771084338, 0.0, 0.08695652173913043
"\nEnter an integer > ",STRING_LITERAL, line no: 61,in,SIMPLE_NAME, line no: 53, 5.597825914673455E-4, insert, 0.1144578313253012, 0.0, 0.08695652173913043
output+=(String.format("That's all  have a nice day!\n")); ,EXPRESSION_STATEMENT, line no: 81,if (value.value < 0) {   value.value=Math.abs(value.value);   while (value.value > 10) {     digit.value=value.value % 10;     value.value=value.value / 10;     output+=(String.format("%d\n" digit.value));   }   digit.value=value.value % 10;   output+=(String.format("-%d\n" digit.value)); } ,IF_STATEMENT, line no: 71, 5.593522830412346E-4, insert, 1.0, 1.0, 0.14383561643835616
output+=(String.format("\nEnter an integer > ")); ,EXPRESSION_STATEMENT, line no: 61,if (value.value < 0) {   value.value=Math.abs(value.value);   while (value.value > 10) {     digit.value=value.value % 10;     value.value=value.value / 10;     output+=(String.format("%d\n" digit.value));   }   digit.value=value.value % 10;   output+=(String.format("-%d\n" digit.value)); } ,IF_STATEMENT, line no: 71, 5.569888226903563E-4, insert, 1.0, 1.0, 0.1404109589041096
value.value=scanner.nextInt(); ,EXPRESSION_STATEMENT, line no: 62,if (value.value >= 0) {   while (value.value != 0) {     digit.value=value.value % 10;     value.value=value.value / 10;     output+=(String.format("%d\n" digit.value));   } } ,IF_STATEMENT, line no: 64, 5.502744466935424E-4, insert, 1.0, 1.6, 0.13068181818181818
output+=(String.format("\n")); ,EXPRESSION_STATEMENT, line no: 63,if (value.value < 0) {   value.value=Math.abs(value.value);   while (value.value > 10) {     digit.value=value.value % 10;     value.value=value.value / 10;     output+=(String.format("%d\n" digit.value));   }   digit.value=value.value % 10;   output+=(String.format("-%d\n" digit.value)); } ,IF_STATEMENT, line no: 71, 5.333542191815716E-4, insert, 1.0, 1.0, 0.10616438356164383
value.value=scanner.nextInt(); ,EXPRESSION_STATEMENT, line no: 62,if (value.value < 0) {   value.value=Math.abs(value.value);   while (value.value > 10) {     digit.value=value.value % 10;     value.value=value.value / 10;     output+=(String.format("%d\n" digit.value));   }   digit.value=value.value % 10;   output+=(String.format("-%d\n" digit.value)); } ,IF_STATEMENT, line no: 71, 5.215369174271793E-4, insert, 1.0, 1.6, 0.08904109589041095
String,SIMPLE_NAME, line no: 61,true,BOOLEAN_LITERAL, line no: 82, 5.065883734676295E-4, insert, 0.9759036144578314, 0.0, 0.3333333333333333
String,SIMPLE_NAME, line no: 63,true,BOOLEAN_LITERAL, line no: 82, 5.065883734676295E-4, insert, 0.9759036144578314, 0.0, 0.3333333333333333
String,SIMPLE_NAME, line no: 81,true,BOOLEAN_LITERAL, line no: 82, 5.065883734676295E-4, insert, 0.9759036144578314, 0.0, 0.3333333333333333
"That's all  have a nice day!\n",STRING_LITERAL, line no: 81,util,SIMPLE_NAME, line no: 44, 4.896975116666543E-4, insert, 0.012048192771084338, 0.0, 0.0625
"That's all  have a nice day!\n",STRING_LITERAL, line no: 81,in,SIMPLE_NAME, line no: 53, 4.7592745861451655E-4, insert, 0.1144578313253012, 0.0, 0.0625
String,SIMPLE_NAME, line no: 61,System.in,QUALIFIED_NAME, line no: 53, 4.245399742911528E-4, insert, 0.10843373493975904, 0.0, 0.4444444444444444
String,SIMPLE_NAME, line no: 63,System.in,QUALIFIED_NAME, line no: 53, 4.245399742911528E-4, insert, 0.10843373493975904, 0.0, 0.4444444444444444
String,SIMPLE_NAME, line no: 81,System.in,QUALIFIED_NAME, line no: 53, 4.245399742911528E-4, insert, 0.10843373493975904, 0.0, 0.4444444444444444
"\nEnter an integer > ",STRING_LITERAL, line no: 61,java,SIMPLE_NAME, line no: 44, 4.244768527811208E-4, insert, 0.012048192771084338, 0.0, 0.043478260869565216
format,SIMPLE_NAME, line no: 61,true,BOOLEAN_LITERAL, line no: 82, 4.207785061251536E-4, insert, 0.9759036144578314, 0.0, 0.16666666666666666
format,SIMPLE_NAME, line no: 63,true,BOOLEAN_LITERAL, line no: 82, 4.207785061251536E-4, insert, 0.9759036144578314, 0.0, 0.16666666666666666
format,SIMPLE_NAME, line no: 81,true,BOOLEAN_LITERAL, line no: 82, 4.207785061251536E-4, insert, 0.9759036144578314, 0.0, 0.16666666666666666
scanner,SIMPLE_NAME, line no: 62,true,BOOLEAN_LITERAL, line no: 82, 4.105500666099762E-4, insert, 0.9818181818181818, 0.0, 0.14285714285714285
nextInt,SIMPLE_NAME, line no: 62,true,BOOLEAN_LITERAL, line no: 82, 4.105500666099762E-4, insert, 0.9818181818181818, 0.0, 0.14285714285714285
nextInt,SIMPLE_NAME, line no: 62,args.length,QUALIFIED_NAME, line no: 50, 4.03322974162895E-4, insert, 0.32727272727272727, 0.0, 0.2727272727272727
String,SIMPLE_NAME, line no: 61,args.length,QUALIFIED_NAME, line no: 50, 4.0224312684251234E-4, insert, 0.3253012048192771, 0.0, 0.2727272727272727
String,SIMPLE_NAME, line no: 63,args.length,QUALIFIED_NAME, line no: 50, 4.0224312684251234E-4, insert, 0.3253012048192771, 0.0, 0.2727272727272727
String,SIMPLE_NAME, line no: 81,args.length,QUALIFIED_NAME, line no: 50, 4.0224312684251234E-4, insert, 0.3253012048192771, 0.0, 0.2727272727272727
"\nEnter an integer > ",STRING_LITERAL, line no: 61,true,BOOLEAN_LITERAL, line no: 82, 4.021241871376588E-4, insert, 0.9759036144578314, 0.0, 0.13043478260869565
scanner,SIMPLE_NAME, line no: 62,digit.value,QUALIFIED_NAME, line no: 66, 3.950241475340289E-4, insert, 0.21212121212121213, 0.0, 0.18181818181818182
scanner,SIMPLE_NAME, line no: 62,mainClass.scanner,QUALIFIED_NAME, line no: 51, 3.9473124777065707E-4, insert, 0.09696969696969697, 1.0, 0.4117647058823529
String,SIMPLE_NAME, line no: 61,digit.value,QUALIFIED_NAME, line no: 66, 3.935443567616527E-4, insert, 0.21084337349397592, 0.0, 0.18181818181818182
String,SIMPLE_NAME, line no: 63,digit.value,QUALIFIED_NAME, line no: 66, 3.935443567616527E-4, insert, 0.21084337349397592, 0.0, 0.18181818181818182
String,SIMPLE_NAME, line no: 81,digit.value,QUALIFIED_NAME, line no: 66, 3.935443567616527E-4, insert, 0.21084337349397592, 0.0, 0.18181818181818182
"That's all  have a nice day!\n",STRING_LITERAL, line no: 81,true,BOOLEAN_LITERAL, line no: 82, 3.6714733903610606E-4, insert, 0.9759036144578314, 0.0, 0.0625
"\nEnter an integer > ",STRING_LITERAL, line no: 61,digit.value,QUALIFIED_NAME, line no: 66, 3.5132858651915966E-4, insert, 0.21084337349397592, 0.0, 0.13043478260869565
scanner,SIMPLE_NAME, line no: 62,java.util.Scanner,QUALIFIED_NAME, line no: 51, 3.4972231746586535E-4, insert, 0.10303030303030303, 0.0, 0.35294117647058826
"That's all  have a nice day!\n",STRING_LITERAL, line no: 81,digit.value,QUALIFIED_NAME, line no: 66, 3.468634569742806E-4, insert, 0.21084337349397592, 0.0, 0.125
scanner,SIMPLE_NAME, line no: 62,System.out,QUALIFIED_NAME, line no: 56, 3.435714224350587E-4, insert, 0.32727272727272727, 0.0, 0.2
nextInt,SIMPLE_NAME, line no: 62,System.out,QUALIFIED_NAME, line no: 56, 3.435714224350587E-4, insert, 0.32727272727272727, 0.0, 0.2
String,SIMPLE_NAME, line no: 61,System.out,QUALIFIED_NAME, line no: 56, 3.4249157511467615E-4, insert, 0.3253012048192771, 0.0, 0.2
format,SIMPLE_NAME, line no: 61,System.out,QUALIFIED_NAME, line no: 56, 3.4249157511467615E-4, insert, 0.3253012048192771, 0.0, 0.2
String,SIMPLE_NAME, line no: 63,System.out,QUALIFIED_NAME, line no: 56, 3.4249157511467615E-4, insert, 0.3253012048192771, 0.0, 0.2
format,SIMPLE_NAME, line no: 63,System.out,QUALIFIED_NAME, line no: 56, 3.4249157511467615E-4, insert, 0.3253012048192771, 0.0, 0.2
String,SIMPLE_NAME, line no: 81,System.out,QUALIFIED_NAME, line no: 56, 3.4249157511467615E-4, insert, 0.3253012048192771, 0.0, 0.2
format,SIMPLE_NAME, line no: 81,System.out,QUALIFIED_NAME, line no: 56, 3.4249157511467615E-4, insert, 0.3253012048192771, 0.0, 0.2
nextInt,SIMPLE_NAME, line no: 62,mainClass.output,QUALIFIED_NAME, line no: 56, 3.3330162448183683E-4, insert, 0.32727272727272727, 0.0, 0.1875
format,SIMPLE_NAME, line no: 61,mainClass.output,QUALIFIED_NAME, line no: 56, 3.322217771614542E-4, insert, 0.3253012048192771, 0.0, 0.1875
format,SIMPLE_NAME, line no: 63,mainClass.output,QUALIFIED_NAME, line no: 56, 3.322217771614542E-4, insert, 0.3253012048192771, 0.0, 0.1875
format,SIMPLE_NAME, line no: 81,mainClass.output,QUALIFIED_NAME, line no: 56, 3.322217771614542E-4, insert, 0.3253012048192771, 0.0, 0.1875
scanner,SIMPLE_NAME, line no: 62,args.length,QUALIFIED_NAME, line no: 50, 3.286335345030996E-4, insert, 0.32727272727272727, 0.0, 0.18181818181818182
format,SIMPLE_NAME, line no: 61,args.length,QUALIFIED_NAME, line no: 50, 3.2755368718271705E-4, insert, 0.3253012048192771, 0.0, 0.18181818181818182
format,SIMPLE_NAME, line no: 63,args.length,QUALIFIED_NAME, line no: 50, 3.2755368718271705E-4, insert, 0.3253012048192771, 0.0, 0.18181818181818182
format,SIMPLE_NAME, line no: 81,args.length,QUALIFIED_NAME, line no: 50, 3.2755368718271705E-4, insert, 0.3253012048192771, 0.0, 0.18181818181818182
"\nEnter an integer > ",STRING_LITERAL, line no: 61,mainClass.output,QUALIFIED_NAME, line no: 56, 3.210589532992565E-4, insert, 0.3253012048192771, 0.0, 0.17391304347826086
nextInt,SIMPLE_NAME, line no: 62,digit.value,QUALIFIED_NAME, line no: 66, 3.203347078742335E-4, insert, 0.21212121212121213, 0.0, 0.09090909090909091
format,SIMPLE_NAME, line no: 61,digit.value,QUALIFIED_NAME, line no: 66, 3.188549171018573E-4, insert, 0.21084337349397592, 0.0, 0.09090909090909091
format,SIMPLE_NAME, line no: 63,digit.value,QUALIFIED_NAME, line no: 66, 3.188549171018573E-4, insert, 0.21084337349397592, 0.0, 0.09090909090909091
format,SIMPLE_NAME, line no: 81,digit.value,QUALIFIED_NAME, line no: 66, 3.188549171018573E-4, insert, 0.21084337349397592, 0.0, 0.09090909090909091
"That's all  have a nice day!\n",STRING_LITERAL, line no: 81,args.length,QUALIFIED_NAME, line no: 50, 3.065472822783996E-4, insert, 0.3253012048192771, 0.0, 0.15625
"\nEnter an integer > ",STRING_LITERAL, line no: 61,args.length,QUALIFIED_NAME, line no: 50, 2.85337916940224E-4, insert, 0.3253012048192771, 0.0, 0.13043478260869565
"\nEnter an integer > ",STRING_LITERAL, line no: 61,System.out,QUALIFIED_NAME, line no: 56, 2.85337916940224E-4, insert, 0.3253012048192771, 0.0, 0.13043478260869565
scanner,SIMPLE_NAME, line no: 62,mainClass.output,QUALIFIED_NAME, line no: 56, 2.8195263471572754E-4, insert, 0.32727272727272727, 0.0, 0.125
String,SIMPLE_NAME, line no: 61,mainClass.output,QUALIFIED_NAME, line no: 56, 2.808727873953449E-4, insert, 0.3253012048192771, 0.0, 0.125
String,SIMPLE_NAME, line no: 63,mainClass.output,QUALIFIED_NAME, line no: 56, 2.808727873953449E-4, insert, 0.3253012048192771, 0.0, 0.125
String,SIMPLE_NAME, line no: 81,mainClass.output,QUALIFIED_NAME, line no: 56, 2.808727873953449E-4, insert, 0.3253012048192771, 0.0, 0.125
output+=(String.format("That's all  have a nice day!\n")); ,EXPRESSION_STATEMENT, line no: 81,if (args.length > 0) {   mainClass.scanner=new java.util.Scanner(args[0]); }  else {   mainClass.scanner=new java.util.Scanner(System.in); } ,IF_STATEMENT, line no: 50, 2.7494032240409045E-4, insert, 0.32098765432098764, 0.0, 0.18439716312056736
"\nEnter an integer > ",STRING_LITERAL, line no: 61,java.util.Scanner,QUALIFIED_NAME, line no: 51, 2.7371782077523747E-4, insert, 0.10240963855421686, 0.0, 0.2608695652173913
"\nEnter an integer > ",STRING_LITERAL, line no: 61,mainClass.scanner,QUALIFIED_NAME, line no: 51, 2.704182872962907E-4, insert, 0.0963855421686747, 0.0, 0.2608695652173913
output+=(String.format("\nEnter an integer > ")); ,EXPRESSION_STATEMENT, line no: 61,if (args.length > 0) {   mainClass.scanner=new java.util.Scanner(args[0]); }  else {   mainClass.scanner=new java.util.Scanner(System.in); } ,IF_STATEMENT, line no: 50, 2.602566963943775E-4, insert, 0.32098765432098764, 0.0, 0.16312056737588654
value.value=scanner.nextInt(); ,EXPRESSION_STATEMENT, line no: 62,if (args.length > 0) {   mainClass.scanner=new java.util.Scanner(args[0]); }  else {   mainClass.scanner=new java.util.Scanner(System.in); } ,IF_STATEMENT, line no: 50, 2.602566963943775E-4, insert, 0.32098765432098764, 0.5, 0.16312056737588654
"That's all  have a nice day!\n",STRING_LITERAL, line no: 81,mainClass.output,QUALIFIED_NAME, line no: 56, 2.5519829251229026E-4, insert, 0.3253012048192771, 0.0, 0.09375
"\n",STRING_LITERAL, line no: 63,args.length,QUALIFIED_NAME, line no: 50, 2.5286424752292164E-4, insert, 0.3253012048192771, 0.0, 0.09090909090909091
String,SIMPLE_NAME, line no: 61,java.util,QUALIFIED_NAME, line no: 44, 2.452653219350442E-4, insert, 0.006024096385542169, 0.0, 0.2222222222222222
format,SIMPLE_NAME, line no: 61,java.util,QUALIFIED_NAME, line no: 44, 2.452653219350442E-4, insert, 0.006024096385542169, 0.0, 0.2222222222222222
String,SIMPLE_NAME, line no: 63,java.util,QUALIFIED_NAME, line no: 44, 2.452653219350442E-4, insert, 0.006024096385542169, 0.0, 0.2222222222222222
format,SIMPLE_NAME, line no: 63,java.util,QUALIFIED_NAME, line no: 44, 2.452653219350442E-4, insert, 0.006024096385542169, 0.0, 0.2222222222222222
String,SIMPLE_NAME, line no: 81,java.util,QUALIFIED_NAME, line no: 44, 2.452653219350442E-4, insert, 0.006024096385542169, 0.0, 0.2222222222222222
format,SIMPLE_NAME, line no: 81,java.util,QUALIFIED_NAME, line no: 44, 2.452653219350442E-4, insert, 0.006024096385542169, 0.0, 0.2222222222222222
scanner,SIMPLE_NAME, line no: 62,System.in,QUALIFIED_NAME, line no: 53, 2.4232573756289164E-4, insert, 0.10909090909090909, 0.0, 0.2222222222222222
nextInt,SIMPLE_NAME, line no: 62,System.in,QUALIFIED_NAME, line no: 53, 2.4232573756289164E-4, insert, 0.10909090909090909, 0.0, 0.2222222222222222
"That's all  have a nice day!\n",STRING_LITERAL, line no: 81,java.util.Scanner,QUALIFIED_NAME, line no: 51, 2.3911306680242473E-4, insert, 0.10240963855421686, 0.0, 0.21875
"\nEnter an integer > ",STRING_LITERAL, line no: 61,i,SIMPLE_NAME, line no: 7, 2.3169611005119004E-4, insert, 0.03614457831325301, 0.0, 0.043478260869565216
"\n",STRING_LITERAL, line no: 63,mainClass.output,QUALIFIED_NAME, line no: 56, 2.2952379762923561E-4, insert, 0.3253012048192771, 0.0, 0.0625
"That's all  have a nice day!\n",STRING_LITERAL, line no: 81,System.out,QUALIFIED_NAME, line no: 56, 2.2952379762923561E-4, insert, 0.3253012048192771, 0.0, 0.0625
output+=(String.format("\n")); ,EXPRESSION_STATEMENT, line no: 63,if (args.length > 0) {   mainClass.scanner=new java.util.Scanner(args[0]); }  else {   mainClass.scanner=new java.util.Scanner(System.in); } ,IF_STATEMENT, line no: 50, 2.2599490237171392E-4, insert, 0.32098765432098764, 0.0, 0.11347517730496454
"That's all  have a nice day!\n",STRING_LITERAL, line no: 81,mainClass.scanner,QUALIFIED_NAME, line no: 51, 2.1013903844042324E-4, insert, 0.0963855421686747, 0.0, 0.1875
String,SIMPLE_NAME, line no: 61,java.util.Scanner,QUALIFIED_NAME, line no: 51, 2.0437698549005668E-4, insert, 0.10240963855421686, 0.0, 0.17647058823529413
String,SIMPLE_NAME, line no: 63,java.util.Scanner,QUALIFIED_NAME, line no: 51, 2.0437698549005668E-4, insert, 0.10240963855421686, 0.0, 0.17647058823529413
String,SIMPLE_NAME, line no: 81,java.util.Scanner,QUALIFIED_NAME, line no: 51, 2.0437698549005668E-4, insert, 0.10240963855421686, 0.0, 0.17647058823529413
"\nEnter an integer > ",STRING_LITERAL, line no: 61,System.in,QUALIFIED_NAME, line no: 53, 2.0227574805717238E-4, insert, 0.10843373493975904, 0.0, 0.17391304347826086
"That's all  have a nice day!\n",STRING_LITERAL, line no: 81,i,SIMPLE_NAME, line no: 7, 1.8976854362477556E-4, insert, 0.03614457831325301, 0.0, 0.03125
"That's all  have a nice day!\n",STRING_LITERAL, line no: 81,java.util,QUALIFIED_NAME, line no: 44, 1.653891156322075E-4, insert, 0.006024096385542169, 0.0, 0.125
"That's all  have a nice day!\n",STRING_LITERAL, line no: 81,System.in,QUALIFIED_NAME, line no: 53, 1.6208958215326074E-4, insert, 0.10843373493975904, 0.0, 0.125
nextInt,SIMPLE_NAME, line no: 62,java.util.Scanner,QUALIFIED_NAME, line no: 51, 1.5640847364051266E-4, insert, 0.10303030303030303, 0.0, 0.11764705882352941
format,SIMPLE_NAME, line no: 61,java.util.Scanner,QUALIFIED_NAME, line no: 51, 1.5604852453371846E-4, insert, 0.10240963855421686, 0.0, 0.11764705882352941
format,SIMPLE_NAME, line no: 63,java.util.Scanner,QUALIFIED_NAME, line no: 51, 1.5604852453371846E-4, insert, 0.10240963855421686, 0.0, 0.11764705882352941
format,SIMPLE_NAME, line no: 81,java.util.Scanner,QUALIFIED_NAME, line no: 51, 1.5604852453371846E-4, insert, 0.10240963855421686, 0.0, 0.11764705882352941
scanner,SIMPLE_NAME, line no: 62,java.util,QUALIFIED_NAME, line no: 44, 1.5435817529691043E-4, insert, 0.006060606060606061, 0.0, 0.1111111111111111
nextInt,SIMPLE_NAME, line no: 62,java.util,QUALIFIED_NAME, line no: 44, 1.5435817529691043E-4, insert, 0.006060606060606061, 0.0, 0.1111111111111111
nextInt,SIMPLE_NAME, line no: 62,mainClass.scanner,QUALIFIED_NAME, line no: 51, 1.530889429889662E-4, insert, 0.09696969696969697, 0.0, 0.11764705882352941
String,SIMPLE_NAME, line no: 61,mainClass.scanner,QUALIFIED_NAME, line no: 51, 1.527489910547717E-4, insert, 0.0963855421686747, 0.0, 0.11764705882352941
format,SIMPLE_NAME, line no: 61,mainClass.scanner,QUALIFIED_NAME, line no: 51, 1.527489910547717E-4, insert, 0.0963855421686747, 0.0, 0.11764705882352941
String,SIMPLE_NAME, line no: 63,mainClass.scanner,QUALIFIED_NAME, line no: 51, 1.527489910547717E-4, insert, 0.0963855421686747, 0.0, 0.11764705882352941
format,SIMPLE_NAME, line no: 63,mainClass.scanner,QUALIFIED_NAME, line no: 51, 1.527489910547717E-4, insert, 0.0963855421686747, 0.0, 0.11764705882352941
String,SIMPLE_NAME, line no: 81,mainClass.scanner,QUALIFIED_NAME, line no: 51, 1.527489910547717E-4, insert, 0.0963855421686747, 0.0, 0.11764705882352941
format,SIMPLE_NAME, line no: 81,mainClass.scanner,QUALIFIED_NAME, line no: 51, 1.527489910547717E-4, insert, 0.0963855421686747, 0.0, 0.11764705882352941
format,SIMPLE_NAME, line no: 61,System.in,QUALIFIED_NAME, line no: 53, 1.5067869553856978E-4, insert, 0.10843373493975904, 0.0, 0.1111111111111111
format,SIMPLE_NAME, line no: 63,System.in,QUALIFIED_NAME, line no: 53, 1.5067869553856978E-4, insert, 0.10843373493975904, 0.0, 0.1111111111111111
"\n",STRING_LITERAL, line no: 63,System.in,QUALIFIED_NAME, line no: 53, 1.5067869553856978E-4, insert, 0.10843373493975904, 0.0, 0.1111111111111111
format,SIMPLE_NAME, line no: 81,System.in,QUALIFIED_NAME, line no: 53, 1.5067869553856978E-4, insert, 0.10843373493975904, 0.0, 0.1111111111111111
"\nEnter an integer > ",STRING_LITERAL, line no: 61,java.util,QUALIFIED_NAME, line no: 44, 1.3413320881805403E-4, insert, 0.006024096385542169, 0.0, 0.08695652173913043
"\n",STRING_LITERAL, line no: 63,java.util.Scanner,QUALIFIED_NAME, line no: 51, 1.0772006357738029E-4, insert, 0.10240963855421686, 0.0, 0.058823529411764705
"\n",STRING_LITERAL, line no: 63,mainClass.scanner,QUALIFIED_NAME, line no: 51, 1.044205300984335E-4, insert, 0.0963855421686747, 0.0, 0.058823529411764705
