output+=(String.format("\nEnter an integer > ")); ,EXPRESSION_STATEMENT, line no: 61,output+=(String.format("\nEnter an integer > ")); ,EXPRESSION_STATEMENT, line no: 61, 0.015402052275126008, insert, 1.0, 1.0, 1.0
num.value=scanner.nextInt(); ,EXPRESSION_STATEMENT, line no: 62,num.value=scanner.nextInt(); ,EXPRESSION_STATEMENT, line no: 62, 0.015402052275126008, insert, 1.0, 3.0, 1.0
num.value=(int)(num.value); ,EXPRESSION_STATEMENT, line no: 63,num.value=(int)(num.value); ,EXPRESSION_STATEMENT, line no: 63, 0.015402052275126008, insert, 1.0, 2.0, 1.0
digit.value=num.value % 10; ,EXPRESSION_STATEMENT, line no: 64,digit.value=num.value % 10; ,EXPRESSION_STATEMENT, line no: 64, 0.015402052275126008, insert, 1.0, 3.0, 1.0
output+=(String.format("That's all  have a nice day!\n")); ,EXPRESSION_STATEMENT, line no: 73,output+=(String.format("That's all  have a nice day!\n")); ,EXPRESSION_STATEMENT, line no: 73, 0.015402052275126008, insert, 1.0, 1.0, 1.0
num.value=(int)(num.value); ,EXPRESSION_STATEMENT, line no: 63,digit.value=num.value % 10; ,EXPRESSION_STATEMENT, line no: 64, 0.012101612501884722, insert, 1.0, 2.0, 0.6428571428571429
digit.value=num.value % 10; ,EXPRESSION_STATEMENT, line no: 64,num.value=(int)(num.value); ,EXPRESSION_STATEMENT, line no: 63, 0.012101612501884722, insert, 1.0, 1.3333333333333333, 0.6428571428571429
output+=(String.format("\nEnter an integer > ")); ,EXPRESSION_STATEMENT, line no: 61,output+=(String.format("That's all  have a nice day!\n")); ,EXPRESSION_STATEMENT, line no: 73, 0.011956169393233409, insert, 1.0, 1.0, 0.6271186440677966
output+=(String.format("That's all  have a nice day!\n")); ,EXPRESSION_STATEMENT, line no: 73,output+=(String.format("\nEnter an integer > ")); ,EXPRESSION_STATEMENT, line no: 61, 0.011956169393233409, insert, 1.0, 1.0, 0.6271186440677966
num.value=scanner.nextInt(); ,EXPRESSION_STATEMENT, line no: 62,num.value=(int)(num.value); ,EXPRESSION_STATEMENT, line no: 63, 0.011578094468887827, insert, 1.0, 1.3333333333333333, 0.5862068965517241
num.value=(int)(num.value); ,EXPRESSION_STATEMENT, line no: 63,num.value=scanner.nextInt(); ,EXPRESSION_STATEMENT, line no: 62, 0.011578094468887827, insert, 1.0, 2.0, 0.5862068965517241
digit.value=num.value % 10; ,EXPRESSION_STATEMENT, line no: 64,num.value=num.value / 10; ,EXPRESSION_STATEMENT, line no: 70, 0.010315920018511197, insert, 0.49586776859504134, 1.3333333333333333, 0.7857142857142857
num.value=(int)(num.value); ,EXPRESSION_STATEMENT, line no: 63,num.value=num.value / 10; ,EXPRESSION_STATEMENT, line no: 70, 0.009985876041187069, insert, 0.49586776859504134, 2.0, 0.75
num.value=scanner.nextInt(); ,EXPRESSION_STATEMENT, line no: 62,digit.value=num.value % 10; ,EXPRESSION_STATEMENT, line no: 64, 0.009984778716288584, insert, 1.0, 1.5, 0.41379310344827586
digit.value=num.value % 10; ,EXPRESSION_STATEMENT, line no: 64,num.value=scanner.nextInt(); ,EXPRESSION_STATEMENT, line no: 62, 0.009984778716288584, insert, 1.0, 1.5, 0.41379310344827586
output+=(String.format("\nEnter an integer > ")); ,EXPRESSION_STATEMENT, line no: 61,output+=(String.format("%d\n" digit.value)); ,EXPRESSION_STATEMENT, line no: 69, 0.009154165218330264, insert, 0.49586776859504134, 1.0, 0.66
output+=(String.format("\nEnter an integer > ")); ,EXPRESSION_STATEMENT, line no: 61,num.value=scanner.nextInt(); ,EXPRESSION_STATEMENT, line no: 62, 0.008748365692271574, insert, 1.0, 0.0, 0.28
output+=(String.format("\nEnter an integer > ")); ,EXPRESSION_STATEMENT, line no: 61,num.value=(int)(num.value); ,EXPRESSION_STATEMENT, line no: 63, 0.008748365692271574, insert, 1.0, 0.0, 0.28
num.value=scanner.nextInt(); ,EXPRESSION_STATEMENT, line no: 62,output+=(String.format("\nEnter an integer > ")); ,EXPRESSION_STATEMENT, line no: 61, 0.008748365692271574, insert, 1.0, 0.0, 0.28
num.value=(int)(num.value); ,EXPRESSION_STATEMENT, line no: 63,output+=(String.format("\nEnter an integer > ")); ,EXPRESSION_STATEMENT, line no: 61, 0.008748365692271574, insert, 1.0, 0.0, 0.28
num.value=(int)(num.value); ,EXPRESSION_STATEMENT, line no: 63,output+=(String.format("That's all  have a nice day!\n")); ,EXPRESSION_STATEMENT, line no: 73, 0.008353655471254783, insert, 1.0, 0.0, 0.23728813559322035
output+=(String.format("That's all  have a nice day!\n")); ,EXPRESSION_STATEMENT, line no: 73,num.value=(int)(num.value); ,EXPRESSION_STATEMENT, line no: 63, 0.008353655471254783, insert, 1.0, 0.0, 0.23728813559322035
output+=(String.format("\nEnter an integer > ")); ,EXPRESSION_STATEMENT, line no: 61,digit.value=num.value % 10; ,EXPRESSION_STATEMENT, line no: 64, 0.008193891810367037, insert, 1.0, 0.0, 0.22
digit.value=num.value % 10; ,EXPRESSION_STATEMENT, line no: 64,output+=(String.format("\nEnter an integer > ")); ,EXPRESSION_STATEMENT, line no: 61, 0.008193891810367037, insert, 1.0, 0.0, 0.22
output+=(String.format("That's all  have a nice day!\n")); ,EXPRESSION_STATEMENT, line no: 73,output+=(String.format("%d\n" digit.value)); ,EXPRESSION_STATEMENT, line no: 69, 0.008067145800133235, insert, 0.49586776859504134, 1.0, 0.5423728813559322
num.value=scanner.nextInt(); ,EXPRESSION_STATEMENT, line no: 62,output+=(String.format("That's all  have a nice day!\n")); ,EXPRESSION_STATEMENT, line no: 73, 0.00804039339108273, insert, 1.0, 0.0, 0.2033898305084746
digit.value=num.value % 10; ,EXPRESSION_STATEMENT, line no: 64,output+=(String.format("That's all  have a nice day!\n")); ,EXPRESSION_STATEMENT, line no: 73, 0.00804039339108273, insert, 1.0, 0.0, 0.2033898305084746
output+=(String.format("That's all  have a nice day!\n")); ,EXPRESSION_STATEMENT, line no: 73,num.value=scanner.nextInt(); ,EXPRESSION_STATEMENT, line no: 62, 0.00804039339108273, insert, 1.0, 0.0, 0.2033898305084746
output+=(String.format("That's all  have a nice day!\n")); ,EXPRESSION_STATEMENT, line no: 73,digit.value=num.value % 10; ,EXPRESSION_STATEMENT, line no: 64, 0.00804039339108273, insert, 1.0, 0.0, 0.2033898305084746
num.value=scanner.nextInt(); ,EXPRESSION_STATEMENT, line no: 62,num.value=num.value / 10; ,EXPRESSION_STATEMENT, line no: 70, 0.007834899775178091, insert, 0.49586776859504134, 1.3333333333333333, 0.5172413793103449
digit.value=num.value % 10; ,EXPRESSION_STATEMENT, line no: 64,digit.value=digit.value * -1; ,EXPRESSION_STATEMENT, line no: 67, 0.00774685042532371, insert, 0.10743801652892562, 1.3333333333333333, 0.7666666666666667
num.value=(int)(num.value); ,EXPRESSION_STATEMENT, line no: 63,output+=(String.format("%d\n" digit.value)); ,EXPRESSION_STATEMENT, line no: 69, 0.0067514450634106075, insert, 0.49586776859504134, 0.75, 0.4
num.value=scanner.nextInt(); ,EXPRESSION_STATEMENT, line no: 62,mainClass.exec(); ,EXPRESSION_STATEMENT, line no: 55, 0.006152920170781317, insert, 0.4297520661157025, 0.0, 0.3793103448275862
num.value=(int)(num.value); ,EXPRESSION_STATEMENT, line no: 63,System.out.println(mainClass.output); ,EXPRESSION_STATEMENT, line no: 56, 0.006052289702196101, insert, 0.4297520661157025, 0.0, 0.3684210526315789
String,SIMPLE_NAME, line no: 61,String,SIMPLE_NAME, line no: 49, 0.005915144002594406, insert, 0.416, 0.0, 1.0
format,SIMPLE_NAME, line no: 61,format,SIMPLE_NAME, line no: 61, 0.005915144002594406, insert, 1.0, 0.0, 1.0
scanner,SIMPLE_NAME, line no: 62,scanner,SIMPLE_NAME, line no: 51, 0.005915144002594406, insert, 0.13709677419354838, 1.0, 1.0
nextInt,SIMPLE_NAME, line no: 62,nextInt,SIMPLE_NAME, line no: 62, 0.005915144002594406, insert, 1.0, 0.0, 1.0
String,SIMPLE_NAME, line no: 73,String,SIMPLE_NAME, line no: 49, 0.005915144002594406, insert, 0.416, 0.0, 1.0
format,SIMPLE_NAME, line no: 73,format,SIMPLE_NAME, line no: 61, 0.005915144002594406, insert, 1.0, 0.0, 1.0
num.value=(int)(num.value); ,EXPRESSION_STATEMENT, line no: 63,digit.value=digit.value * -1; ,EXPRESSION_STATEMENT, line no: 67, 0.0058986041523085885, insert, 0.10743801652892562, 0.6666666666666666, 0.5666666666666667
digit.value=num.value % 10; ,EXPRESSION_STATEMENT, line no: 64,output+=(String.format("%d\n" digit.value)); ,EXPRESSION_STATEMENT, line no: 69, 0.005724641578402207, insert, 0.49586776859504134, 1.5, 0.28888888888888886
num.value=(int)(num.value); ,EXPRESSION_STATEMENT, line no: 63,mainClass.exec(); ,EXPRESSION_STATEMENT, line no: 55, 0.005618021310980142, insert, 0.4297520661157025, 0.0, 0.32142857142857145
output+=(String.format("\nEnter an integer > ")); ,EXPRESSION_STATEMENT, line no: 61,System.out.println(mainClass.output); ,EXPRESSION_STATEMENT, line no: 56, 0.005604819551887177, insert, 0.4297520661157025, 1.0, 0.32
num.value=scanner.nextInt(); ,EXPRESSION_STATEMENT, line no: 62,System.out.println(mainClass.output); ,EXPRESSION_STATEMENT, line no: 56, 0.00532271880495329, insert, 0.4297520661157025, 0.0, 0.2894736842105263
num.value=scanner.nextInt(); ,EXPRESSION_STATEMENT, line no: 62,output+=(String.format("%d\n" digit.value)); ,EXPRESSION_STATEMENT, line no: 69, 0.005313920184398847, insert, 0.49586776859504134, 0.6000000000000001, 0.24444444444444444
output+=(String.format("\nEnter an integer > ")); ,EXPRESSION_STATEMENT, line no: 61,num.value=num.value / 10; ,EXPRESSION_STATEMENT, line no: 70, 0.005088023417696998, insert, 0.49586776859504134, 0.0, 0.22
digit.value=num.value % 10; ,EXPRESSION_STATEMENT, line no: 64,System.out.println(mainClass.output); ,EXPRESSION_STATEMENT, line no: 56, 0.005079528505872353, insert, 0.4297520661157025, 0.0, 0.2631578947368421
output+=(String.format("That's all  have a nice day!\n")); ,EXPRESSION_STATEMENT, line no: 73,System.out.println(mainClass.output); ,EXPRESSION_STATEMENT, line no: 56, 0.004997091116353392, insert, 0.4297520661157025, 1.0, 0.2542372881355932
output+=(String.format("That's all  have a nice day!\n")); ,EXPRESSION_STATEMENT, line no: 73,num.value=num.value / 10; ,EXPRESSION_STATEMENT, line no: 70, 0.004934524998412692, insert, 0.49586776859504134, 0.0, 0.2033898305084746
digit.value=num.value % 10; ,EXPRESSION_STATEMENT, line no: 64,mainClass.exec(); ,EXPRESSION_STATEMENT, line no: 55, 0.004627889379007756, insert, 0.4297520661157025, 0.0, 0.21428571428571427
output+=(String.format("\nEnter an integer > ")); ,EXPRESSION_STATEMENT, line no: 61,mainClass.exec(); ,EXPRESSION_STATEMENT, line no: 55, 0.004311047160776593, insert, 0.4297520661157025, 0.0, 0.18
output+=(String.format("That's all  have a nice day!\n")); ,EXPRESSION_STATEMENT, line no: 73,mainClass.exec(); ,EXPRESSION_STATEMENT, line no: 55, 0.0040573048758372286, insert, 0.4297520661157025, 0.0, 0.15254237288135594
num.value=scanner.nextInt(); ,EXPRESSION_STATEMENT, line no: 62,digit.value=digit.value * -1; ,EXPRESSION_STATEMENT, line no: 67, 0.004050357879293468, insert, 0.10743801652892562, 0.5, 0.36666666666666664
num.value=scanner.nextInt(); ,EXPRESSION_STATEMENT, line no: 62,mainClass.scanner=new java.util.Scanner(args[0]); ,EXPRESSION_STATEMENT, line no: 51, 0.004039665545482637, insert, 0.11570247933884298, 0.5, 0.36
num.value=scanner.nextInt(); ,EXPRESSION_STATEMENT, line no: 62,mainClass.scanner=new java.util.Scanner(System.in); ,EXPRESSION_STATEMENT, line no: 53, 0.003962625909563569, insert, 0.12396694214876033, 0.5, 0.34615384615384615
output+=(String.format("\nEnter an integer > ")); ,EXPRESSION_STATEMENT, line no: 61,mainClass.scanner=new java.util.Scanner(args[0]); ,EXPRESSION_STATEMENT, line no: 51, 0.0038548409181811245, insert, 0.11570247933884298, 0.0, 0.34
nextInt,SIMPLE_NAME, line no: 62,IntObj,SIMPLE_NAME, line no: 60, 0.003829851301218959, insert, 0.9758064516129032, 0.0, 0.42857142857142855
output+=(String.format("\nEnter an integer > ")); ,EXPRESSION_STATEMENT, line no: 61,mainClass.scanner=new java.util.Scanner(System.in); ,EXPRESSION_STATEMENT, line no: 53, 0.0037849099217736543, insert, 0.12396694214876033, 0.0, 0.3269230769230769
String,SIMPLE_NAME, line no: 61,digit,SIMPLE_NAME, line no: 60, 0.00351122947994004, insert, 0.968, 0.0, 0.3333333333333333
format,SIMPLE_NAME, line no: 61,output,SIMPLE_NAME, line no: 49, 0.00351122947994004, insert, 0.416, 0.0, 0.3333333333333333
String,SIMPLE_NAME, line no: 73,digit,SIMPLE_NAME, line no: 60, 0.00351122947994004, insert, 0.968, 0.0, 0.3333333333333333
format,SIMPLE_NAME, line no: 73,output,SIMPLE_NAME, line no: 49, 0.00351122947994004, insert, 0.416, 0.0, 0.3333333333333333
output+=(String.format("That's all  have a nice day!\n")); ,EXPRESSION_STATEMENT, line no: 73,mainClass.scanner=new java.util.Scanner(System.in); ,EXPRESSION_STATEMENT, line no: 53, 0.0034264658108075535, insert, 0.12396694214876033, 0.0, 0.288135593220339
scanner,SIMPLE_NAME, line no: 62,Scanner,SIMPLE_NAME, line no: 44, 0.0034046151425071026, insert, 0.008064516129032258, 0.0, 0.8571428571428571
scanner,SIMPLE_NAME, line no: 62,nextInt,SIMPLE_NAME, line no: 62, 0.003380082287196803, insert, 1.0, 0.0, 0.2857142857142857
nextInt,SIMPLE_NAME, line no: 62,String,SIMPLE_NAME, line no: 49, 0.003380082287196803, insert, 0.41935483870967744, 0.0, 0.2857142857142857
nextInt,SIMPLE_NAME, line no: 62,scanner,SIMPLE_NAME, line no: 51, 0.003380082287196803, insert, 0.13709677419354838, 0.0, 0.2857142857142857
String,SIMPLE_NAME, line no: 61,nextInt,SIMPLE_NAME, line no: 62, 0.0033611538263885014, insert, 0.992, 0.0, 0.2857142857142857
String,SIMPLE_NAME, line no: 73,nextInt,SIMPLE_NAME, line no: 62, 0.0033611538263885014, insert, 0.992, 0.0, 0.2857142857142857
scanner,SIMPLE_NAME, line no: 62,value,SIMPLE_NAME, line no: 7, 0.003361001177511015, insert, 0.04838709677419355, 0.0, 0.2857142857142857
nextInt,SIMPLE_NAME, line no: 62,output,SIMPLE_NAME, line no: 49, 0.003361001177511015, insert, 0.41935483870967744, 0.0, 0.2857142857142857
output+=(String.format("That's all  have a nice day!\n")); ,EXPRESSION_STATEMENT, line no: 73,mainClass.scanner=new java.util.Scanner(args[0]); ,EXPRESSION_STATEMENT, line no: 51, 0.0032189188954318535, insert, 0.11570247933884298, 0.0, 0.2711864406779661
num.value=(int)(num.value); ,EXPRESSION_STATEMENT, line no: 63,value=i; ,EXPRESSION_STATEMENT, line no: 7, 0.0031740592970758495, insert, 0.03305785123966942, 0.5, 0.32142857142857145
"\nEnter an integer > ",STRING_LITERAL, line no: 61,String,SIMPLE_NAME, line no: 49, 0.003137598123115294, insert, 0.416, 0.0, 0.21739130434782608
"\nEnter an integer > ",STRING_LITERAL, line no: 61,scanner,SIMPLE_NAME, line no: 51, 0.003118669662306992, insert, 0.136, 0.0, 0.21739130434782608
num.value=(int)(num.value); ,EXPRESSION_STATEMENT, line no: 63,mainClass.scanner=new java.util.Scanner(args[0]); ,EXPRESSION_STATEMENT, line no: 51, 0.0031155424089750763, insert, 0.11570247933884298, 0.0, 0.26
digit.value=num.value % 10; ,EXPRESSION_STATEMENT, line no: 64,mainClass.scanner=new java.util.Scanner(args[0]); ,EXPRESSION_STATEMENT, line no: 51, 0.0031155424089750763, insert, 0.11570247933884298, 0.0, 0.26
num.value=(int)(num.value); ,EXPRESSION_STATEMENT, line no: 63,mainClass.scanner=new java.util.Scanner(System.in); ,EXPRESSION_STATEMENT, line no: 53, 0.0030740459706139925, insert, 0.12396694214876033, 0.0, 0.25
"\nEnter an integer > ",STRING_LITERAL, line no: 61,nextInt,SIMPLE_NAME, line no: 62, 0.002964361557891485, insert, 0.992, 0.0, 0.17391304347826086
String,SIMPLE_NAME, line no: 61,format,SIMPLE_NAME, line no: 61, 0.002957572001297203, insert, 1.0, 0.0, 0.16666666666666666
format,SIMPLE_NAME, line no: 61,String,SIMPLE_NAME, line no: 49, 0.002957572001297203, insert, 0.416, 0.0, 0.16666666666666666
String,SIMPLE_NAME, line no: 73,format,SIMPLE_NAME, line no: 61, 0.002957572001297203, insert, 1.0, 0.0, 0.16666666666666666
format,SIMPLE_NAME, line no: 73,String,SIMPLE_NAME, line no: 49, 0.002957572001297203, insert, 0.416, 0.0, 0.16666666666666666
String,SIMPLE_NAME, line no: 61,num,SIMPLE_NAME, line no: 60, 0.002938643540488901, insert, 0.968, 0.0, 0.16666666666666666
format,SIMPLE_NAME, line no: 61,value,SIMPLE_NAME, line no: 7, 0.002938643540488901, insert, 0.048, 0.0, 0.16666666666666666
format,SIMPLE_NAME, line no: 61,num,SIMPLE_NAME, line no: 60, 0.002938643540488901, insert, 0.968, 0.0, 0.16666666666666666
String,SIMPLE_NAME, line no: 73,num,SIMPLE_NAME, line no: 60, 0.002938643540488901, insert, 0.968, 0.0, 0.16666666666666666
format,SIMPLE_NAME, line no: 73,value,SIMPLE_NAME, line no: 7, 0.002938643540488901, insert, 0.048, 0.0, 0.16666666666666666
format,SIMPLE_NAME, line no: 73,num,SIMPLE_NAME, line no: 60, 0.002938643540488901, insert, 0.968, 0.0, 0.16666666666666666
String,SIMPLE_NAME, line no: 61,output,SIMPLE_NAME, line no: 49, 0.0029197150796805987, insert, 0.416, 0.0, 0.16666666666666666
format,SIMPLE_NAME, line no: 61,digit,SIMPLE_NAME, line no: 60, 0.0029197150796805987, insert, 0.968, 0.0, 0.16666666666666666
String,SIMPLE_NAME, line no: 73,output,SIMPLE_NAME, line no: 49, 0.0029197150796805987, insert, 0.416, 0.0, 0.16666666666666666
format,SIMPLE_NAME, line no: 73,digit,SIMPLE_NAME, line no: 60, 0.0029197150796805987, insert, 0.968, 0.0, 0.16666666666666666
digit.value=num.value % 10; ,EXPRESSION_STATEMENT, line no: 64,mainClass.scanner=new java.util.Scanner(System.in); ,EXPRESSION_STATEMENT, line no: 53, 0.0028963299828240773, insert, 0.12396694214876033, 0.0, 0.23076923076923078
String,SIMPLE_NAME, line no: 61,IntObj,SIMPLE_NAME, line no: 60, 0.0028818581580639943, insert, 0.968, 0.0, 0.16666666666666666
format,SIMPLE_NAME, line no: 61,IntObj,SIMPLE_NAME, line no: 60, 0.0028818581580639943, insert, 0.968, 0.0, 0.16666666666666666
String,SIMPLE_NAME, line no: 73,IntObj,SIMPLE_NAME, line no: 60, 0.0028818581580639943, insert, 0.968, 0.0, 0.16666666666666666
format,SIMPLE_NAME, line no: 73,IntObj,SIMPLE_NAME, line no: 60, 0.0028818581580639943, insert, 0.968, 0.0, 0.16666666666666666
output+=(String.format("\nEnter an integer > ")); ,EXPRESSION_STATEMENT, line no: 61,digit.value=digit.value * -1; ,EXPRESSION_STATEMENT, line no: 67, 0.002879801906383891, insert, 0.10743801652892562, 0.0, 0.24
scanner,SIMPLE_NAME, line no: 62,String,SIMPLE_NAME, line no: 49, 0.002873069944117283, insert, 0.41935483870967744, 0.0, 0.14285714285714285
scanner,SIMPLE_NAME, line no: 62,format,SIMPLE_NAME, line no: 61, 0.002873069944117283, insert, 1.0, 0.0, 0.14285714285714285
nextInt,SIMPLE_NAME, line no: 62,format,SIMPLE_NAME, line no: 61, 0.002873069944117283, insert, 1.0, 0.0, 0.14285714285714285
String,SIMPLE_NAME, line no: 61,scanner,SIMPLE_NAME, line no: 51, 0.002854141483308981, insert, 0.136, 0.0, 0.14285714285714285
format,SIMPLE_NAME, line no: 61,scanner,SIMPLE_NAME, line no: 51, 0.002854141483308981, insert, 0.136, 0.0, 0.14285714285714285
format,SIMPLE_NAME, line no: 61,nextInt,SIMPLE_NAME, line no: 62, 0.002854141483308981, insert, 0.992, 0.0, 0.14285714285714285
String,SIMPLE_NAME, line no: 73,scanner,SIMPLE_NAME, line no: 51, 0.002854141483308981, insert, 0.136, 0.0, 0.14285714285714285
format,SIMPLE_NAME, line no: 73,scanner,SIMPLE_NAME, line no: 51, 0.002854141483308981, insert, 0.136, 0.0, 0.14285714285714285
format,SIMPLE_NAME, line no: 73,nextInt,SIMPLE_NAME, line no: 62, 0.002854141483308981, insert, 0.992, 0.0, 0.14285714285714285
scanner,SIMPLE_NAME, line no: 62,num,SIMPLE_NAME, line no: 60, 0.0028539888344314944, insert, 0.9758064516129032, 0.0, 0.14285714285714285
nextInt,SIMPLE_NAME, line no: 62,value,SIMPLE_NAME, line no: 7, 0.0028539888344314944, insert, 0.04838709677419355, 0.0, 0.14285714285714285
nextInt,SIMPLE_NAME, line no: 62,num,SIMPLE_NAME, line no: 60, 0.0028539888344314944, insert, 0.9758064516129032, 0.0, 0.14285714285714285
nextInt,SIMPLE_NAME, line no: 62,digit,SIMPLE_NAME, line no: 60, 0.0028539888344314944, insert, 0.9758064516129032, 0.0, 0.14285714285714285
digit.value=num.value % 10; ,EXPRESSION_STATEMENT, line no: 64,value=i; ,EXPRESSION_STATEMENT, line no: 7, 0.0028440153197517204, insert, 0.03305785123966942, 0.3333333333333333, 0.2857142857142857
"\nEnter an integer > ",STRING_LITERAL, line no: 61,format,SIMPLE_NAME, line no: 61, 0.0028289819142842815, insert, 1.0, 0.0, 0.13043478260869565
scanner,SIMPLE_NAME, line no: 62,IntObj,SIMPLE_NAME, line no: 60, 0.002815826615059918, insert, 0.9758064516129032, 0.0, 0.14285714285714285
"That's all  have a nice day!\n",STRING_LITERAL, line no: 73,scanner,SIMPLE_NAME, line no: 51, 0.002790764940424041, insert, 0.136, 0.0, 0.125
num.value=scanner.nextInt(); ,EXPRESSION_STATEMENT, line no: 62,value=i; ,EXPRESSION_STATEMENT, line no: 7, 0.002752968705317478, insert, 0.03305785123966942, 0.3333333333333333, 0.27586206896551724
"That's all  have a nice day!\n",STRING_LITERAL, line no: 73,String,SIMPLE_NAME, line no: 49, 0.002698784451183698, insert, 0.416, 0.0, 0.09375
output+=(String.format("That's all  have a nice day!\n")); ,EXPRESSION_STATEMENT, line no: 73,digit.value=digit.value * -1; ,EXPRESSION_STATEMENT, line no: 67, 0.0026981098998840997, insert, 0.10743801652892562, 0.0, 0.22033898305084745
"That's all  have a nice day!\n",STRING_LITERAL, line no: 73,value,SIMPLE_NAME, line no: 7, 0.002679855990375396, insert, 0.048, 0.0, 0.09375
"That's all  have a nice day!\n",STRING_LITERAL, line no: 73,nextInt,SIMPLE_NAME, line no: 62, 0.002679855990375396, insert, 0.992, 0.0, 0.09375
"\nEnter an integer > ",STRING_LITERAL, line no: 61,value,SIMPLE_NAME, line no: 7, 0.002655745349060473, insert, 0.048, 0.0, 0.08695652173913043
"\nEnter an integer > ",STRING_LITERAL, line no: 61,output,SIMPLE_NAME, line no: 49, 0.0026368168882521708, insert, 0.416, 0.0, 0.08695652173913043
"\nEnter an integer > ",STRING_LITERAL, line no: 61,digit,SIMPLE_NAME, line no: 60, 0.0026368168882521708, insert, 0.968, 0.0, 0.08695652173913043
"\nEnter an integer > ",STRING_LITERAL, line no: 61,IntObj,SIMPLE_NAME, line no: 60, 0.0025989599666355664, insert, 0.968, 0.0, 0.08695652173913043
"That's all  have a nice day!\n",STRING_LITERAL, line no: 73,format,SIMPLE_NAME, line no: 61, 0.0025878755011350526, insert, 1.0, 0.0, 0.0625
nextInt,SIMPLE_NAME, line no: 62,length,SIMPLE_NAME, line no: 50, 0.002570498061956924, insert, 0.4435483870967742, 0.0, 0.42857142857142855
nextInt,SIMPLE_NAME, line no: 62,println,SIMPLE_NAME, line no: 56, 0.0025514169522711356, insert, 0.43548387096774194, 0.0, 0.42857142857142855
String,SIMPLE_NAME, line no: 61,println,SIMPLE_NAME, line no: 56, 0.0025431739128868747, insert, 0.432, 0.0, 0.42857142857142855
String,SIMPLE_NAME, line no: 73,println,SIMPLE_NAME, line no: 56, 0.0025431739128868747, insert, 0.432, 0.0, 0.42857142857142855
"\nEnter an integer > ",STRING_LITERAL, line no: 61,num,SIMPLE_NAME, line no: 60, 0.002501437244644967, insert, 0.968, 0.0, 0.043478260869565216
"That's all  have a nice day!\n",STRING_LITERAL, line no: 73,num,SIMPLE_NAME, line no: 60, 0.002458038090278106, insert, 0.968, 0.0, 0.03125
"That's all  have a nice day!\n",STRING_LITERAL, line no: 73,output,SIMPLE_NAME, line no: 49, 0.002439109629469803, insert, 0.416, 0.0, 0.03125
"That's all  have a nice day!\n",STRING_LITERAL, line no: 73,digit,SIMPLE_NAME, line no: 60, 0.002439109629469803, insert, 0.968, 0.0, 0.03125
"That's all  have a nice day!\n",STRING_LITERAL, line no: 73,IntObj,SIMPLE_NAME, line no: 60, 0.0024012527078531992, insert, 0.968, 0.0, 0.03125
String,SIMPLE_NAME, line no: 61,args,SIMPLE_NAME, line no: 50, 0.0022240941449754967, insert, 0.44, 0.0, 0.3333333333333333
String,SIMPLE_NAME, line no: 61,length,SIMPLE_NAME, line no: 50, 0.0022240941449754967, insert, 0.44, 0.0, 0.3333333333333333
String,SIMPLE_NAME, line no: 61,System,SIMPLE_NAME, line no: 53, 0.0022240941449754967, insert, 0.152, 0.0, 0.3333333333333333
format,SIMPLE_NAME, line no: 61,out,SIMPLE_NAME, line no: 56, 0.0022240941449754967, insert, 0.44, 0.0, 0.3333333333333333
String,SIMPLE_NAME, line no: 73,args,SIMPLE_NAME, line no: 50, 0.0022240941449754967, insert, 0.44, 0.0, 0.3333333333333333
String,SIMPLE_NAME, line no: 73,length,SIMPLE_NAME, line no: 50, 0.0022240941449754967, insert, 0.44, 0.0, 0.3333333333333333
String,SIMPLE_NAME, line no: 73,System,SIMPLE_NAME, line no: 53, 0.0022240941449754967, insert, 0.152, 0.0, 0.3333333333333333
format,SIMPLE_NAME, line no: 73,out,SIMPLE_NAME, line no: 56, 0.0022240941449754967, insert, 0.44, 0.0, 0.3333333333333333
scanner,SIMPLE_NAME, line no: 62,args,SIMPLE_NAME, line no: 50, 0.0020634857188774037, insert, 0.4435483870967742, 0.0, 0.2857142857142857
scanner,SIMPLE_NAME, line no: 62,System,SIMPLE_NAME, line no: 53, 0.0020634857188774037, insert, 0.1532258064516129, 0.0, 0.2857142857142857
scanner,SIMPLE_NAME, line no: 62,println,SIMPLE_NAME, line no: 56, 0.002044404609191615, insert, 0.43548387096774194, 0.0, 0.2857142857142857
nextInt,SIMPLE_NAME, line no: 62,exec,SIMPLE_NAME, line no: 55, 0.002044404609191615, insert, 0.43548387096774194, 0.0, 0.2857142857142857
format,SIMPLE_NAME, line no: 61,println,SIMPLE_NAME, line no: 56, 0.0020361615698073544, insert, 0.432, 0.0, 0.2857142857142857
format,SIMPLE_NAME, line no: 73,println,SIMPLE_NAME, line no: 56, 0.0020361615698073544, insert, 0.432, 0.0, 0.2857142857142857
scanner,SIMPLE_NAME, line no: 62,mainClass,SIMPLE_NAME, line no: 48, 0.00183814689973095, insert, 0.41935483870967744, 0.0, 0.2222222222222222
String,SIMPLE_NAME, line no: 61,mainClass,SIMPLE_NAME, line no: 48, 0.0018297512114692032, insert, 0.416, 0.0, 0.2222222222222222
format,SIMPLE_NAME, line no: 61,mainClass,SIMPLE_NAME, line no: 48, 0.0018297512114692032, insert, 0.416, 0.0, 0.2222222222222222
String,SIMPLE_NAME, line no: 73,mainClass,SIMPLE_NAME, line no: 48, 0.0018297512114692032, insert, 0.416, 0.0, 0.2222222222222222
format,SIMPLE_NAME, line no: 73,mainClass,SIMPLE_NAME, line no: 48, 0.0018297512114692032, insert, 0.416, 0.0, 0.2222222222222222
"\nEnter an integer > ",STRING_LITERAL, line no: 61,println,SIMPLE_NAME, line no: 56, 0.0016393693013103386, insert, 0.432, 0.0, 0.17391304347826086
String,SIMPLE_NAME, line no: 61,out,SIMPLE_NAME, line no: 56, 0.0016325797447160563, insert, 0.44, 0.0, 0.16666666666666666
format,SIMPLE_NAME, line no: 61,args,SIMPLE_NAME, line no: 50, 0.0016325797447160563, insert, 0.44, 0.0, 0.16666666666666666
format,SIMPLE_NAME, line no: 61,length,SIMPLE_NAME, line no: 50, 0.0016325797447160563, insert, 0.44, 0.0, 0.16666666666666666
format,SIMPLE_NAME, line no: 61,System,SIMPLE_NAME, line no: 53, 0.0016325797447160563, insert, 0.152, 0.0, 0.16666666666666666
String,SIMPLE_NAME, line no: 73,out,SIMPLE_NAME, line no: 56, 0.0016325797447160563, insert, 0.44, 0.0, 0.16666666666666666
format,SIMPLE_NAME, line no: 73,args,SIMPLE_NAME, line no: 50, 0.0016325797447160563, insert, 0.44, 0.0, 0.16666666666666666
format,SIMPLE_NAME, line no: 73,length,SIMPLE_NAME, line no: 50, 0.0016325797447160563, insert, 0.44, 0.0, 0.16666666666666666
format,SIMPLE_NAME, line no: 73,System,SIMPLE_NAME, line no: 53, 0.0016325797447160563, insert, 0.152, 0.0, 0.16666666666666666
String,SIMPLE_NAME, line no: 61,util,SIMPLE_NAME, line no: 44, 0.0015615980166849234, insert, 0.016, 0.0, 0.3333333333333333
String,SIMPLE_NAME, line no: 73,util,SIMPLE_NAME, line no: 44, 0.0015615980166849234, insert, 0.016, 0.0, 0.3333333333333333
scanner,SIMPLE_NAME, line no: 62,length,SIMPLE_NAME, line no: 50, 0.0015564733757978829, insert, 0.4435483870967742, 0.0, 0.14285714285714285
nextInt,SIMPLE_NAME, line no: 62,System,SIMPLE_NAME, line no: 53, 0.0015564733757978829, insert, 0.1532258064516129, 0.0, 0.14285714285714285
nextInt,SIMPLE_NAME, line no: 62,out,SIMPLE_NAME, line no: 56, 0.0015564733757978829, insert, 0.4435483870967742, 0.0, 0.14285714285714285
String,SIMPLE_NAME, line no: 61,in,SIMPLE_NAME, line no: 53, 0.001542669555876621, insert, 0.152, 0.0, 0.3333333333333333
String,SIMPLE_NAME, line no: 73,in,SIMPLE_NAME, line no: 53, 0.001542669555876621, insert, 0.152, 0.0, 0.3333333333333333
scanner,SIMPLE_NAME, line no: 62,exec,SIMPLE_NAME, line no: 55, 0.0015373922661120944, insert, 0.43548387096774194, 0.0, 0.14285714285714285
"\nEnter an integer > ",STRING_LITERAL, line no: 61,mainClass,SIMPLE_NAME, line no: 48, 0.0015039896577031344, insert, 0.416, 0.0, 0.13043478260869565
"\nEnter an integer > ",STRING_LITERAL, line no: 61,length,SIMPLE_NAME, line no: 50, 0.0015039896577031344, insert, 0.44, 0.0, 0.13043478260869565
nextInt,SIMPLE_NAME, line no: 62,mainClass,SIMPLE_NAME, line no: 48, 0.001443803966224656, insert, 0.41935483870967744, 0.0, 0.1111111111111111
"That's all  have a nice day!\n",STRING_LITERAL, line no: 73,digits_bfad6d21_004,SIMPLE_NAME, line no: 48, 0.0014279157622262898, insert, 0.416, 0.0, 0.125
nextInt,SIMPLE_NAME, line no: 62,Scanner,SIMPLE_NAME, line no: 44, 0.0013765657701890208, insert, 0.008064516129032258, 0.0, 0.2857142857142857
"That's all  have a nice day!\n",STRING_LITERAL, line no: 73,mainClass,SIMPLE_NAME, line no: 48, 0.0013737921946025509, insert, 0.416, 0.0, 0.09375
"That's all  have a nice day!\n",STRING_LITERAL, line no: 73,length,SIMPLE_NAME, line no: 50, 0.0013737921946025509, insert, 0.44, 0.0, 0.09375
String,SIMPLE_NAME, line no: 61,Scanner,SIMPLE_NAME, line no: 44, 0.0013736654415167809, insert, 0.008, 0.0, 0.2857142857142857
String,SIMPLE_NAME, line no: 73,Scanner,SIMPLE_NAME, line no: 44, 0.0013736654415167809, insert, 0.008, 0.0, 0.2857142857142857
scanner,SIMPLE_NAME, line no: 62,digits_bfad6d21_004,SIMPLE_NAME, line no: 48, 0.0013658057459301177, insert, 0.41935483870967744, 0.0, 0.10526315789473684
String,SIMPLE_NAME, line no: 61,digits_bfad6d21_004,SIMPLE_NAME, line no: 48, 0.0013578680043008294, insert, 0.416, 0.0, 0.10526315789473684
format,SIMPLE_NAME, line no: 61,digits_bfad6d21_004,SIMPLE_NAME, line no: 48, 0.0013578680043008294, insert, 0.416, 0.0, 0.10526315789473684
String,SIMPLE_NAME, line no: 73,digits_bfad6d21_004,SIMPLE_NAME, line no: 48, 0.0013578680043008294, insert, 0.416, 0.0, 0.10526315789473684
format,SIMPLE_NAME, line no: 73,digits_bfad6d21_004,SIMPLE_NAME, line no: 48, 0.0013578680043008294, insert, 0.416, 0.0, 0.10526315789473684
"That's all  have a nice day!\n",STRING_LITERAL, line no: 73,println,SIMPLE_NAME, line no: 56, 0.0013548637337942489, insert, 0.432, 0.0, 0.09375
"\nEnter an integer > ",STRING_LITERAL, line no: 61,args,SIMPLE_NAME, line no: 50, 0.001349681553287628, insert, 0.44, 0.0, 0.08695652173913043
"\nEnter an integer > ",STRING_LITERAL, line no: 61,System,SIMPLE_NAME, line no: 53, 0.001349681553287628, insert, 0.152, 0.0, 0.08695652173913043
"\nEnter an integer > ",STRING_LITERAL, line no: 61,exec,SIMPLE_NAME, line no: 55, 0.001330753092479326, insert, 0.432, 0.0, 0.08695652173913043
"\nEnter an integer > ",STRING_LITERAL, line no: 61,digits_bfad6d21_004,SIMPLE_NAME, line no: 48, 0.0012928961708627217, insert, 0.416, 0.0, 0.08695652173913043
"That's all  have a nice day!\n",STRING_LITERAL, line no: 73,args,SIMPLE_NAME, line no: 50, 0.0012628832445539058, insert, 0.44, 0.0, 0.0625
"That's all  have a nice day!\n",STRING_LITERAL, line no: 73,System,SIMPLE_NAME, line no: 53, 0.0012628832445539058, insert, 0.152, 0.0, 0.0625
"That's all  have a nice day!\n",STRING_LITERAL, line no: 73,exec,SIMPLE_NAME, line no: 55, 0.0012439547837456038, insert, 0.432, 0.0, 0.0625
"\nEnter an integer > ",STRING_LITERAL, line no: 61,out,SIMPLE_NAME, line no: 56, 0.0011953734488721218, insert, 0.44, 0.0, 0.043478260869565216
nextInt,SIMPLE_NAME, line no: 62,digits_bfad6d21_004,SIMPLE_NAME, line no: 48, 0.0011790117247955573, insert, 0.41935483870967744, 0.0, 0.05263157894736842
"That's all  have a nice day!\n",STRING_LITERAL, line no: 73,out,SIMPLE_NAME, line no: 56, 0.0011519742945052607, insert, 0.44, 0.0, 0.03125
output+=(String.format("That's all  have a nice day!\n")); ,EXPRESSION_STATEMENT, line no: 73,value=i; ,EXPRESSION_STATEMENT, line no: 7, 0.0011434497416748543, insert, 0.03305785123966942, 0.0, 0.1016949152542373
"\nEnter an integer > ",STRING_LITERAL, line no: 61,Scanner,SIMPLE_NAME, line no: 44, 0.0011311812774352711, insert, 0.008, 0.0, 0.21739130434782608
output+=(String.format("\nEnter an integer > ")); ,EXPRESSION_STATEMENT, line no: 61,value=i; ,EXPRESSION_STATEMENT, line no: 7, 0.0011277866376662516, insert, 0.03305785123966942, 0.0, 0.1
format,SIMPLE_NAME, line no: 61,java,SIMPLE_NAME, line no: 44, 9.700836164254825E-4, insert, 0.016, 0.0, 0.16666666666666666
format,SIMPLE_NAME, line no: 61,util,SIMPLE_NAME, line no: 44, 9.700836164254825E-4, insert, 0.016, 0.0, 0.16666666666666666
format,SIMPLE_NAME, line no: 73,java,SIMPLE_NAME, line no: 44, 9.700836164254825E-4, insert, 0.016, 0.0, 0.16666666666666666
format,SIMPLE_NAME, line no: 73,util,SIMPLE_NAME, line no: 44, 9.700836164254825E-4, insert, 0.016, 0.0, 0.16666666666666666
scanner,SIMPLE_NAME, line no: 62,java,SIMPLE_NAME, line no: 44, 8.886345367952885E-4, insert, 0.016129032258064516, 0.0, 0.14285714285714285
nextInt,SIMPLE_NAME, line no: 62,util,SIMPLE_NAME, line no: 44, 8.886345367952885E-4, insert, 0.016129032258064516, 0.0, 0.14285714285714285
scanner,SIMPLE_NAME, line no: 62,in,SIMPLE_NAME, line no: 53, 8.695534271095002E-4, insert, 0.1532258064516129, 0.0, 0.14285714285714285
nextInt,SIMPLE_NAME, line no: 62,in,SIMPLE_NAME, line no: 53, 8.695534271095002E-4, insert, 0.1532258064516129, 0.0, 0.14285714285714285
format,SIMPLE_NAME, line no: 61,Scanner,SIMPLE_NAME, line no: 44, 8.666530984372604E-4, insert, 0.008, 0.0, 0.14285714285714285
format,SIMPLE_NAME, line no: 73,Scanner,SIMPLE_NAME, line no: 44, 8.666530984372604E-4, insert, 0.008, 0.0, 0.14285714285714285
format,SIMPLE_NAME, line no: 61,num.value,QUALIFIED_NAME, line no: 62, 7.513933723423436E-4, insert, 0.984, 0.0, 0.2222222222222222
format,SIMPLE_NAME, line no: 73,num.value,QUALIFIED_NAME, line no: 62, 7.513933723423436E-4, insert, 0.984, 0.0, 0.2222222222222222
scanner,SIMPLE_NAME, line no: 62,num.value,QUALIFIED_NAME, line no: 62, 7.513567951352783E-4, insert, 0.9919354838709677, 0.0, 0.2222222222222222
nextInt,SIMPLE_NAME, line no: 62,num.value,QUALIFIED_NAME, line no: 62, 7.513567951352783E-4, insert, 0.9919354838709677, 0.0, 0.2222222222222222
scanner,SIMPLE_NAME, line no: 62,digit.value,QUALIFIED_NAME, line no: 64, 7.169963884980757E-4, insert, 0.9919354838709677, 0.0, 0.18181818181818182
String,SIMPLE_NAME, line no: 61,digit.value,QUALIFIED_NAME, line no: 64, 7.124973920290304E-4, insert, 0.984, 0.0, 0.18181818181818182
String,SIMPLE_NAME, line no: 73,digit.value,QUALIFIED_NAME, line no: 64, 7.124973920290304E-4, insert, 0.984, 0.0, 0.18181818181818182
"That's all  have a nice day!\n",STRING_LITERAL, line no: 73,java,SIMPLE_NAME, line no: 44, 7.112960663119773E-4, insert, 0.016, 0.0, 0.09375
String,SIMPLE_NAME, line no: 61,i,SIMPLE_NAME, line no: 7, 7.050851651092532E-4, insert, 0.048, 0.0, 0.16666666666666666
String,SIMPLE_NAME, line no: 73,i,SIMPLE_NAME, line no: 7, 7.050851651092532E-4, insert, 0.048, 0.0, 0.16666666666666666
"That's all  have a nice day!\n",STRING_LITERAL, line no: 73,Scanner,SIMPLE_NAME, line no: 44, 6.923676055036751E-4, insert, 0.008, 0.0, 0.09375
"\nEnter an integer > ",STRING_LITERAL, line no: 61,util,SIMPLE_NAME, line no: 44, 6.871854249970546E-4, insert, 0.016, 0.0, 0.08695652173913043
"\nEnter an integer > ",STRING_LITERAL, line no: 61,num.value,QUALIFIED_NAME, line no: 62, 6.733354920469598E-4, insert, 0.984, 0.0, 0.13043478260869565
num.value=scanner.nextInt(); ,EXPRESSION_STATEMENT, line no: 62,if (true) return; ,IF_STATEMENT, line no: 74, 6.732980922640234E-4, insert, 1.0, 0.0, 0.27586206896551724
"\nEnter an integer > ",STRING_LITERAL, line no: 61,digit.value,QUALIFIED_NAME, line no: 64, 6.687999183708491E-4, insert, 0.984, 0.0, 0.13043478260869565
"\nEnter an integer > ",STRING_LITERAL, line no: 61,in,SIMPLE_NAME, line no: 53, 6.682569641887524E-4, insert, 0.152, 0.0, 0.08695652173913043
"That's all  have a nice day!\n",STRING_LITERAL, line no: 73,digit.value,QUALIFIED_NAME, line no: 64, 6.641780701954644E-4, insert, 0.984, 0.0, 0.125
String,SIMPLE_NAME, line no: 61,num.value,QUALIFIED_NAME, line no: 62, 6.569022540900369E-4, insert, 0.984, 0.0, 0.1111111111111111
String,SIMPLE_NAME, line no: 73,num.value,QUALIFIED_NAME, line no: 62, 6.569022540900369E-4, insert, 0.984, 0.0, 0.1111111111111111
num.value=(int)(num.value); ,EXPRESSION_STATEMENT, line no: 63,if (true) return; ,IF_STATEMENT, line no: 74, 6.548234494884862E-4, insert, 1.0, 0.0, 0.25
digit.value=num.value % 10; ,EXPRESSION_STATEMENT, line no: 64,if (true) return; ,IF_STATEMENT, line no: 74, 6.548234494884862E-4, insert, 1.0, 0.0, 0.25
"That's all  have a nice day!\n",STRING_LITERAL, line no: 73,num.value,QUALIFIED_NAME, line no: 62, 6.42138016863114E-4, insert, 0.984, 0.0, 0.09375
nextInt,SIMPLE_NAME, line no: 62,digit.value,QUALIFIED_NAME, line no: 64, 6.396854735643702E-4, insert, 0.9919354838709677, 0.0, 0.09090909090909091
format,SIMPLE_NAME, line no: 61,digit.value,QUALIFIED_NAME, line no: 64, 6.351864770953249E-4, insert, 0.984, 0.0, 0.09090909090909091
format,SIMPLE_NAME, line no: 73,digit.value,QUALIFIED_NAME, line no: 64, 6.351864770953249E-4, insert, 0.984, 0.0, 0.09090909090909091
output+=(String.format("\nEnter an integer > ")); ,EXPRESSION_STATEMENT, line no: 61,if (true) return; ,IF_STATEMENT, line no: 74, 6.191058067891141E-4, insert, 1.0, 0.0, 0.2
"That's all  have a nice day!\n",STRING_LITERAL, line no: 73,util,SIMPLE_NAME, line no: 44, 6.003871162633323E-4, insert, 0.016, 0.0, 0.0625
output+=(String.format("That's all  have a nice day!\n")); ,EXPRESSION_STATEMENT, line no: 73,if (true) return; ,IF_STATEMENT, line no: 74, 5.973119909047516E-4, insert, 1.0, 0.0, 0.1694915254237288
"That's all  have a nice day!\n",STRING_LITERAL, line no: 73,in,SIMPLE_NAME, line no: 53, 5.814586554550302E-4, insert, 0.152, 0.0, 0.0625
"\nEnter an integer > ",STRING_LITERAL, line no: 61,java,SIMPLE_NAME, line no: 44, 5.328773205815482E-4, insert, 0.016, 0.0, 0.043478260869565216
String,SIMPLE_NAME, line no: 61,true,BOOLEAN_LITERAL, line no: 74, 5.215607355948927E-4, insert, 0.968, 0.0, 0.3333333333333333
String,SIMPLE_NAME, line no: 73,true,BOOLEAN_LITERAL, line no: 74, 5.215607355948927E-4, insert, 0.968, 0.0, 0.3333333333333333
nextInt,SIMPLE_NAME, line no: 62,args.length,QUALIFIED_NAME, line no: 50, 4.788288924926279E-4, insert, 0.43548387096774194, 0.0, 0.2727272727272727
String,SIMPLE_NAME, line no: 61,args.length,QUALIFIED_NAME, line no: 50, 4.768537233110959E-4, insert, 0.432, 0.0, 0.2727272727272727
String,SIMPLE_NAME, line no: 73,args.length,QUALIFIED_NAME, line no: 50, 4.768537233110959E-4, insert, 0.432, 0.0, 0.2727272727272727
String,SIMPLE_NAME, line no: 61,System.in,QUALIFIED_NAME, line no: 53, 4.596047991792202E-4, insert, 0.144, 0.0, 0.4444444444444444
String,SIMPLE_NAME, line no: 73,System.in,QUALIFIED_NAME, line no: 53, 4.596047991792202E-4, insert, 0.144, 0.0, 0.4444444444444444
digit.value=num.value % 10; ,EXPRESSION_STATEMENT, line no: 64,if ((digit.value < 0) && ((num.value / 10) != 0)) {   digit.value=digit.value * -1; } ,IF_STATEMENT, line no: 66, 4.5211684570068E-4, insert, 0.49586776859504134, 3.0, 0.3023255813953488
format,SIMPLE_NAME, line no: 61,true,BOOLEAN_LITERAL, line no: 74, 4.327390844377244E-4, insert, 0.968, 0.0, 0.16666666666666666
format,SIMPLE_NAME, line no: 73,true,BOOLEAN_LITERAL, line no: 74, 4.327390844377244E-4, insert, 0.968, 0.0, 0.16666666666666666
scanner,SIMPLE_NAME, line no: 62,mainClass.scanner,QUALIFIED_NAME, line no: 51, 4.278995326548959E-4, insert, 0.12903225806451613, 1.0, 0.4117647058823529
scanner,SIMPLE_NAME, line no: 62,true,BOOLEAN_LITERAL, line no: 74, 4.2282380481730396E-4, insert, 0.9758064516129032, 0.0, 0.14285714285714285
nextInt,SIMPLE_NAME, line no: 62,true,BOOLEAN_LITERAL, line no: 74, 4.2282380481730396E-4, insert, 0.9758064516129032, 0.0, 0.14285714285714285
scanner,SIMPLE_NAME, line no: 62,System.out,QUALIFIED_NAME, line no: 56, 4.169801605456635E-4, insert, 0.43548387096774194, 0.0, 0.2
nextInt,SIMPLE_NAME, line no: 62,System.out,QUALIFIED_NAME, line no: 56, 4.169801605456635E-4, insert, 0.43548387096774194, 0.0, 0.2
String,SIMPLE_NAME, line no: 61,System.out,QUALIFIED_NAME, line no: 56, 4.150049913641314E-4, insert, 0.432, 0.0, 0.2
format,SIMPLE_NAME, line no: 61,System.out,QUALIFIED_NAME, line no: 56, 4.150049913641314E-4, insert, 0.432, 0.0, 0.2
String,SIMPLE_NAME, line no: 73,System.out,QUALIFIED_NAME, line no: 56, 4.150049913641314E-4, insert, 0.432, 0.0, 0.2
format,SIMPLE_NAME, line no: 73,System.out,QUALIFIED_NAME, line no: 56, 4.150049913641314E-4, insert, 0.432, 0.0, 0.2
"\nEnter an integer > ",STRING_LITERAL, line no: 61,true,BOOLEAN_LITERAL, line no: 74, 4.1343002983834E-4, insert, 0.968, 0.0, 0.13043478260869565
num.value=(int)(num.value); ,EXPRESSION_STATEMENT, line no: 63,if ((digit.value < 0) && ((num.value / 10) != 0)) {   digit.value=digit.value * -1; } ,IF_STATEMENT, line no: 66, 4.105847030269916E-4, insert, 0.49586776859504134, 2.0, 0.2441860465116279
nextInt,SIMPLE_NAME, line no: 62,mainClass.output,QUALIFIED_NAME, line no: 56, 4.06349909742279E-4, insert, 0.43548387096774194, 0.0, 0.1875
format,SIMPLE_NAME, line no: 61,mainClass.output,QUALIFIED_NAME, line no: 56, 4.0437474056074694E-4, insert, 0.432, 0.0, 0.1875
format,SIMPLE_NAME, line no: 73,mainClass.output,QUALIFIED_NAME, line no: 56, 4.0437474056074694E-4, insert, 0.432, 0.0, 0.1875
scanner,SIMPLE_NAME, line no: 62,args.length,QUALIFIED_NAME, line no: 50, 4.0151797755892237E-4, insert, 0.43548387096774194, 0.0, 0.18181818181818182
format,SIMPLE_NAME, line no: 61,args.length,QUALIFIED_NAME, line no: 50, 3.995428083773903E-4, insert, 0.432, 0.0, 0.18181818181818182
format,SIMPLE_NAME, line no: 73,args.length,QUALIFIED_NAME, line no: 50, 3.995428083773903E-4, insert, 0.432, 0.0, 0.18181818181818182
output+=(String.format("\nEnter an integer > ")); ,EXPRESSION_STATEMENT, line no: 61,if ((digit.value < 0) && ((num.value / 10) != 0)) {   digit.value=digit.value * -1; } ,IF_STATEMENT, line no: 66, 3.939718459575163E-4, insert, 0.49586776859504134, 0.0, 0.22093023255813954
"\nEnter an integer > ",STRING_LITERAL, line no: 61,mainClass.output,QUALIFIED_NAME, line no: 56, 3.9282012012228554E-4, insert, 0.432, 0.0, 0.17391304347826086
scanner,SIMPLE_NAME, line no: 62,java.util.Scanner,QUALIFIED_NAME, line no: 51, 3.8244697387508614E-4, insert, 0.13709677419354838, 0.0, 0.35294117647058826
"That's all  have a nice day!\n",STRING_LITERAL, line no: 73,args.length,QUALIFIED_NAME, line no: 50, 3.7779911355228564E-4, insert, 0.432, 0.0, 0.15625
output+=(String.format("That's all  have a nice day!\n")); ,EXPRESSION_STATEMENT, line no: 73,if ((digit.value < 0) && ((num.value / 10) != 0)) {   digit.value=digit.value * -1; } ,IF_STATEMENT, line no: 66, 3.7735898888804095E-4, insert, 0.49586776859504134, 0.0, 0.19767441860465115
"That's all  have a nice day!\n",STRING_LITERAL, line no: 73,true,BOOLEAN_LITERAL, line no: 74, 3.7722555246449415E-4, insert, 0.968, 0.0, 0.0625
num.value=scanner.nextInt(); ,EXPRESSION_STATEMENT, line no: 62,if ((digit.value < 0) && ((num.value / 10) != 0)) {   digit.value=digit.value * -1; } ,IF_STATEMENT, line no: 66, 3.690525603533033E-4, insert, 0.49586776859504134, 1.5, 0.18604651162790697
"\nEnter an integer > ",STRING_LITERAL, line no: 61,args.length,QUALIFIED_NAME, line no: 50, 3.558453347192089E-4, insert, 0.432, 0.0, 0.13043478260869565
"\nEnter an integer > ",STRING_LITERAL, line no: 61,System.out,QUALIFIED_NAME, line no: 56, 3.558453347192089E-4, insert, 0.432, 0.0, 0.13043478260869565
scanner,SIMPLE_NAME, line no: 62,mainClass.output,QUALIFIED_NAME, line no: 56, 3.5319865572535643E-4, insert, 0.43548387096774194, 0.0, 0.125
String,SIMPLE_NAME, line no: 61,mainClass.output,QUALIFIED_NAME, line no: 56, 3.512234865438244E-4, insert, 0.432, 0.0, 0.125
String,SIMPLE_NAME, line no: 73,mainClass.output,QUALIFIED_NAME, line no: 56, 3.512234865438244E-4, insert, 0.432, 0.0, 0.125
output+=(String.format("That's all  have a nice day!\n")); ,EXPRESSION_STATEMENT, line no: 73,if (args.length > 0) {   mainClass.scanner=new java.util.Scanner(args[0]); }  else {   mainClass.scanner=new java.util.Scanner(System.in); } ,IF_STATEMENT, line no: 50, 3.363877163668653E-4, insert, 0.4297520661157025, 0.0, 0.18439716312056736
"That's all  have a nice day!\n",STRING_LITERAL, line no: 73,mainClass.output,QUALIFIED_NAME, line no: 56, 3.246478595353631E-4, insert, 0.432, 0.0, 0.09375
output+=(String.format("\nEnter an integer > ")); ,EXPRESSION_STATEMENT, line no: 61,if (args.length > 0) {   mainClass.scanner=new java.util.Scanner(args[0]); }  else {   mainClass.scanner=new java.util.Scanner(System.in); } ,IF_STATEMENT, line no: 50, 3.2118871947351557E-4, insert, 0.4297520661157025, 0.0, 0.16312056737588654
num.value=scanner.nextInt(); ,EXPRESSION_STATEMENT, line no: 62,if (args.length > 0) {   mainClass.scanner=new java.util.Scanner(args[0]); }  else {   mainClass.scanner=new java.util.Scanner(System.in); } ,IF_STATEMENT, line no: 50, 3.161223871757323E-4, insert, 0.4297520661157025, 0.5, 0.15602836879432624
"\nEnter an integer > ",STRING_LITERAL, line no: 61,java.util.Scanner,QUALIFIED_NAME, line no: 51, 3.0348903858845247E-4, insert, 0.136, 0.0, 0.2608695652173913
"\nEnter an integer > ",STRING_LITERAL, line no: 61,mainClass.scanner,QUALIFIED_NAME, line no: 51, 2.989534649123418E-4, insert, 0.128, 0.0, 0.2608695652173913
"That's all  have a nice day!\n",STRING_LITERAL, line no: 73,System.out,QUALIFIED_NAME, line no: 56, 2.980722325269018E-4, insert, 0.432, 0.0, 0.0625
num.value=(int)(num.value); ,EXPRESSION_STATEMENT, line no: 63,if (args.length > 0) {   mainClass.scanner=new java.util.Scanner(args[0]); }  else {   mainClass.scanner=new java.util.Scanner(System.in); } ,IF_STATEMENT, line no: 50, 2.9585705798459923E-4, insert, 0.4297520661157025, 0.0, 0.1276595744680851
digit.value=num.value % 10; ,EXPRESSION_STATEMENT, line no: 64,if (args.length > 0) {   mainClass.scanner=new java.util.Scanner(args[0]); }  else {   mainClass.scanner=new java.util.Scanner(System.in); } ,IF_STATEMENT, line no: 50, 2.9079072568681595E-4, insert, 0.4297520661157025, 0.0, 0.12056737588652482
String,SIMPLE_NAME, line no: 61,java.util,QUALIFIED_NAME, line no: 44, 2.7515813635071735E-4, insert, 0.008, 0.0, 0.2222222222222222
format,SIMPLE_NAME, line no: 61,java.util,QUALIFIED_NAME, line no: 44, 2.7515813635071735E-4, insert, 0.008, 0.0, 0.2222222222222222
String,SIMPLE_NAME, line no: 73,java.util,QUALIFIED_NAME, line no: 44, 2.7515813635071735E-4, insert, 0.008, 0.0, 0.2222222222222222
format,SIMPLE_NAME, line no: 73,java.util,QUALIFIED_NAME, line no: 44, 2.7515813635071735E-4, insert, 0.008, 0.0, 0.2222222222222222
scanner,SIMPLE_NAME, line no: 62,System.in,QUALIFIED_NAME, line no: 53, 2.7128095240178406E-4, insert, 0.14516129032258066, 0.0, 0.2222222222222222
nextInt,SIMPLE_NAME, line no: 62,System.in,QUALIFIED_NAME, line no: 53, 2.7128095240178406E-4, insert, 0.14516129032258066, 0.0, 0.2222222222222222
"\nEnter an integer > ",STRING_LITERAL, line no: 61,i,SIMPLE_NAME, line no: 7, 2.6787886926531884E-4, insert, 0.048, 0.0, 0.043478260869565216
"That's all  have a nice day!\n",STRING_LITERAL, line no: 73,java.util.Scanner,QUALIFIED_NAME, line no: 51, 2.676697152292221E-4, insert, 0.136, 0.0, 0.21875
"That's all  have a nice day!\n",STRING_LITERAL, line no: 73,mainClass.scanner,QUALIFIED_NAME, line no: 51, 2.3655851454465005E-4, insert, 0.128, 0.0, 0.1875
String,SIMPLE_NAME, line no: 61,java.util.Scanner,QUALIFIED_NAME, line no: 51, 2.3171445515895092E-4, insert, 0.136, 0.0, 0.17647058823529413
String,SIMPLE_NAME, line no: 73,java.util.Scanner,QUALIFIED_NAME, line no: 51, 2.3171445515895092E-4, insert, 0.136, 0.0, 0.17647058823529413
"\nEnter an integer > ",STRING_LITERAL, line no: 61,System.in,QUALIFIED_NAME, line no: 53, 2.2953946778229935E-4, insert, 0.144, 0.0, 0.17391304347826086
"That's all  have a nice day!\n",STRING_LITERAL, line no: 73,i,SIMPLE_NAME, line no: 7, 2.244797148984577E-4, insert, 0.048, 0.0, 0.03125
"That's all  have a nice day!\n",STRING_LITERAL, line no: 73,java.util,QUALIFIED_NAME, line no: 44, 1.9247840787994894E-4, insert, 0.008, 0.0, 0.125
"That's all  have a nice day!\n",STRING_LITERAL, line no: 73,System.in,QUALIFIED_NAME, line no: 53, 1.8794283420383822E-4, insert, 0.144, 0.0, 0.125
nextInt,SIMPLE_NAME, line no: 62,java.util.Scanner,QUALIFIED_NAME, line no: 51, 1.8234813522314235E-4, insert, 0.13709677419354838, 0.0, 0.11764705882352941
format,SIMPLE_NAME, line no: 61,java.util.Scanner,QUALIFIED_NAME, line no: 51, 1.81689745495965E-4, insert, 0.136, 0.0, 0.11764705882352941
format,SIMPLE_NAME, line no: 73,java.util.Scanner,QUALIFIED_NAME, line no: 51, 1.81689745495965E-4, insert, 0.136, 0.0, 0.11764705882352941
scanner,SIMPLE_NAME, line no: 62,java.util,QUALIFIED_NAME, line no: 44, 1.8136198503265337E-4, insert, 0.008064516129032258, 0.0, 0.1111111111111111
nextInt,SIMPLE_NAME, line no: 62,java.util,QUALIFIED_NAME, line no: 44, 1.8136198503265337E-4, insert, 0.008064516129032258, 0.0, 0.1111111111111111
nextInt,SIMPLE_NAME, line no: 62,mainClass.scanner,QUALIFIED_NAME, line no: 51, 1.777759843399662E-4, insert, 0.12903225806451613, 0.0, 0.11764705882352941
String,SIMPLE_NAME, line no: 61,mainClass.scanner,QUALIFIED_NAME, line no: 51, 1.7715417181985425E-4, insert, 0.128, 0.0, 0.11764705882352941
format,SIMPLE_NAME, line no: 61,mainClass.scanner,QUALIFIED_NAME, line no: 51, 1.7715417181985425E-4, insert, 0.128, 0.0, 0.11764705882352941
String,SIMPLE_NAME, line no: 73,mainClass.scanner,QUALIFIED_NAME, line no: 51, 1.7715417181985425E-4, insert, 0.128, 0.0, 0.11764705882352941
format,SIMPLE_NAME, line no: 73,mainClass.scanner,QUALIFIED_NAME, line no: 51, 1.7715417181985425E-4, insert, 0.128, 0.0, 0.11764705882352941
format,SIMPLE_NAME, line no: 61,System.in,QUALIFIED_NAME, line no: 53, 1.7613144442229985E-4, insert, 0.144, 0.0, 0.1111111111111111
format,SIMPLE_NAME, line no: 73,System.in,QUALIFIED_NAME, line no: 53, 1.7613144442229985E-4, insert, 0.144, 0.0, 0.1111111111111111
"\nEnter an integer > ",STRING_LITERAL, line no: 61,java.util,QUALIFIED_NAME, line no: 44, 1.6012547065225694E-4, insert, 0.008, 0.0, 0.08695652173913043
