output+=(String.format("Please enter 3 numbers separeted by spaces > ")); ,EXPRESSION_STATEMENT, line no: 62,output+=(String.format("Please enter 3 numbers separeted by spaces > ")); ,EXPRESSION_STATEMENT, line no: 62, 0.0815, insert, 1.0, 1.0, 1.0
first.value=scanner.nextInt(); ,EXPRESSION_STATEMENT, line no: 64,first.value=scanner.nextInt(); ,EXPRESSION_STATEMENT, line no: 64, 0.0815, insert, 1.0, 3.0, 1.0
second.value=scanner.nextInt(); ,EXPRESSION_STATEMENT, line no: 65,second.value=scanner.nextInt(); ,EXPRESSION_STATEMENT, line no: 65, 0.0815, insert, 1.0, 3.0, 1.0
third.value=scanner.nextInt(); ,EXPRESSION_STATEMENT, line no: 66,third.value=scanner.nextInt(); ,EXPRESSION_STATEMENT, line no: 66, 0.0815, insert, 1.0, 3.0, 1.0
output+=(String.format("%d is the median\n" ans.value)); ,EXPRESSION_STATEMENT, line no: 76,output+=(String.format("%d is the median\n" ans.value)); ,EXPRESSION_STATEMENT, line no: 76, 0.0815, insert, 1.0, 3.0, 1.0
first.value=scanner.nextInt(); ,EXPRESSION_STATEMENT, line no: 64,third.value=scanner.nextInt(); ,EXPRESSION_STATEMENT, line no: 66, 0.07676774193548387, insert, 1.0, 1.5, 0.9032258064516129
third.value=scanner.nextInt(); ,EXPRESSION_STATEMENT, line no: 66,first.value=scanner.nextInt(); ,EXPRESSION_STATEMENT, line no: 64, 0.07676774193548387, insert, 1.0, 1.5, 0.9032258064516129
first.value=scanner.nextInt(); ,EXPRESSION_STATEMENT, line no: 64,second.value=scanner.nextInt(); ,EXPRESSION_STATEMENT, line no: 65, 0.073859375, insert, 1.0, 1.5, 0.84375
second.value=scanner.nextInt(); ,EXPRESSION_STATEMENT, line no: 65,first.value=scanner.nextInt(); ,EXPRESSION_STATEMENT, line no: 64, 0.073859375, insert, 1.0, 1.5, 0.84375
second.value=scanner.nextInt(); ,EXPRESSION_STATEMENT, line no: 65,third.value=scanner.nextInt(); ,EXPRESSION_STATEMENT, line no: 66, 0.073859375, insert, 1.0, 1.5, 0.84375
third.value=scanner.nextInt(); ,EXPRESSION_STATEMENT, line no: 66,second.value=scanner.nextInt(); ,EXPRESSION_STATEMENT, line no: 65, 0.073859375, insert, 1.0, 1.5, 0.84375
output+=(String.format("Please enter 3 numbers separeted by spaces > ")); ,EXPRESSION_STATEMENT, line no: 62,output+=(String.format("%d is the median\n" ans.value)); ,EXPRESSION_STATEMENT, line no: 76, 0.05837162162162163, insert, 1.0, 1.0, 0.527027027027027
output+=(String.format("%d is the median\n" ans.value)); ,EXPRESSION_STATEMENT, line no: 76,output+=(String.format("Please enter 3 numbers separeted by spaces > ")); ,EXPRESSION_STATEMENT, line no: 62, 0.05837162162162163, insert, 1.0, 0.3333333333333333, 0.527027027027027
first.value=scanner.nextInt(); ,EXPRESSION_STATEMENT, line no: 64,output+=(String.format("%d is the median\n" ans.value)); ,EXPRESSION_STATEMENT, line no: 76, 0.04375263157894737, insert, 1.0, 0.6000000000000001, 0.22807017543859648
second.value=scanner.nextInt(); ,EXPRESSION_STATEMENT, line no: 65,output+=(String.format("%d is the median\n" ans.value)); ,EXPRESSION_STATEMENT, line no: 76, 0.04375263157894737, insert, 1.0, 0.6000000000000001, 0.22807017543859648
third.value=scanner.nextInt(); ,EXPRESSION_STATEMENT, line no: 66,output+=(String.format("%d is the median\n" ans.value)); ,EXPRESSION_STATEMENT, line no: 76, 0.04375263157894737, insert, 1.0, 0.6000000000000001, 0.22807017543859648
output+=(String.format("%d is the median\n" ans.value)); ,EXPRESSION_STATEMENT, line no: 76,first.value=scanner.nextInt(); ,EXPRESSION_STATEMENT, line no: 64, 0.04375263157894737, insert, 1.0, 0.6000000000000001, 0.22807017543859648
output+=(String.format("%d is the median\n" ans.value)); ,EXPRESSION_STATEMENT, line no: 76,second.value=scanner.nextInt(); ,EXPRESSION_STATEMENT, line no: 65, 0.04375263157894737, insert, 1.0, 0.6000000000000001, 0.22807017543859648
output+=(String.format("%d is the median\n" ans.value)); ,EXPRESSION_STATEMENT, line no: 76,third.value=scanner.nextInt(); ,EXPRESSION_STATEMENT, line no: 66, 0.04375263157894737, insert, 1.0, 0.6000000000000001, 0.22807017543859648
output+=(String.format("Please enter 3 numbers separeted by spaces > ")); ,EXPRESSION_STATEMENT, line no: 62,second.value=scanner.nextInt(); ,EXPRESSION_STATEMENT, line no: 65, 0.04317297297297298, insert, 1.0, 0.0, 0.21621621621621623
output+=(String.format("Please enter 3 numbers separeted by spaces > ")); ,EXPRESSION_STATEMENT, line no: 62,third.value=scanner.nextInt(); ,EXPRESSION_STATEMENT, line no: 66, 0.04317297297297298, insert, 1.0, 0.0, 0.21621621621621623
second.value=scanner.nextInt(); ,EXPRESSION_STATEMENT, line no: 65,output+=(String.format("Please enter 3 numbers separeted by spaces > ")); ,EXPRESSION_STATEMENT, line no: 62, 0.04317297297297298, insert, 1.0, 0.0, 0.21621621621621623
third.value=scanner.nextInt(); ,EXPRESSION_STATEMENT, line no: 66,output+=(String.format("Please enter 3 numbers separeted by spaces > ")); ,EXPRESSION_STATEMENT, line no: 62, 0.04317297297297298, insert, 1.0, 0.0, 0.21621621621621623
output+=(String.format("Please enter 3 numbers separeted by spaces > ")); ,EXPRESSION_STATEMENT, line no: 62,first.value=scanner.nextInt(); ,EXPRESSION_STATEMENT, line no: 64, 0.042512162162162165, insert, 1.0, 0.0, 0.20270270270270271
first.value=scanner.nextInt(); ,EXPRESSION_STATEMENT, line no: 64,output+=(String.format("Please enter 3 numbers separeted by spaces > ")); ,EXPRESSION_STATEMENT, line no: 62, 0.042512162162162165, insert, 1.0, 0.0, 0.20270270270270271
String,SIMPLE_NAME, line no: 63,String,SIMPLE_NAME, line no: 49, 0.0313, insert, 0.3248407643312102, 0.0, 1.0
format,SIMPLE_NAME, line no: 63,format,SIMPLE_NAME, line no: 63, 0.0313, insert, 1.0, 0.0, 1.0
scanner,SIMPLE_NAME, line no: 64,scanner,SIMPLE_NAME, line no: 51, 0.0313, insert, 0.10256410256410256, 1.0, 1.0
nextInt,SIMPLE_NAME, line no: 64,nextInt,SIMPLE_NAME, line no: 64, 0.0313, insert, 1.0, 0.0, 1.0
scanner,SIMPLE_NAME, line no: 65,scanner,SIMPLE_NAME, line no: 51, 0.0313, insert, 0.10256410256410256, 1.0, 1.0
nextInt,SIMPLE_NAME, line no: 65,nextInt,SIMPLE_NAME, line no: 64, 0.0313, insert, 1.0, 0.0, 1.0
scanner,SIMPLE_NAME, line no: 66,scanner,SIMPLE_NAME, line no: 51, 0.0313, insert, 0.10256410256410256, 1.0, 1.0
nextInt,SIMPLE_NAME, line no: 66,nextInt,SIMPLE_NAME, line no: 64, 0.0313, insert, 1.0, 0.0, 1.0
String,SIMPLE_NAME, line no: 76,String,SIMPLE_NAME, line no: 49, 0.0313, insert, 0.3248407643312102, 0.0, 1.0
format,SIMPLE_NAME, line no: 76,format,SIMPLE_NAME, line no: 63, 0.0313, insert, 1.0, 0.0, 1.0
ans,SIMPLE_NAME, line no: 76,ans,SIMPLE_NAME, line no: 61, 0.0313, insert, 0.9683544303797469, 1.0, 1.0
value,SIMPLE_NAME, line no: 76,value,SIMPLE_NAME, line no: 7, 0.0313, insert, 0.0379746835443038, 1.0, 1.0
second.value=scanner.nextInt(); ,EXPRESSION_STATEMENT, line no: 65,System.out.println(mainClass.output); ,EXPRESSION_STATEMENT, line no: 56, 0.027595614035087722, insert, 0.3333333333333333, 0.0, 0.34210526315789475
output+=(String.format("%d is the median\n" ans.value)); ,EXPRESSION_STATEMENT, line no: 76,System.out.println(mainClass.output); ,EXPRESSION_STATEMENT, line no: 56, 0.027166666666666665, insert, 0.3333333333333333, 0.5, 0.3333333333333333
first.value=scanner.nextInt(); ,EXPRESSION_STATEMENT, line no: 64,mainClass.exec(); ,EXPRESSION_STATEMENT, line no: 55, 0.026640860215053765, insert, 0.3333333333333333, 0.0, 0.3225806451612903
third.value=scanner.nextInt(); ,EXPRESSION_STATEMENT, line no: 66,mainClass.exec(); ,EXPRESSION_STATEMENT, line no: 55, 0.026640860215053765, insert, 0.3333333333333333, 0.0, 0.3225806451612903
first.value=scanner.nextInt(); ,EXPRESSION_STATEMENT, line no: 64,System.out.println(mainClass.output); ,EXPRESSION_STATEMENT, line no: 56, 0.026308771929824563, insert, 0.3333333333333333, 0.0, 0.3157894736842105
second.value=scanner.nextInt(); ,EXPRESSION_STATEMENT, line no: 65,mainClass.exec(); ,EXPRESSION_STATEMENT, line no: 55, 0.026147916666666667, insert, 0.3333333333333333, 0.0, 0.3125
first.value=scanner.nextInt(); ,EXPRESSION_STATEMENT, line no: 64,ans.value=second.value; ,EXPRESSION_STATEMENT, line no: 72, 0.025792009276829016, insert, 0.06535947712418301, 0.6000000000000001, 0.4838709677419355
second.value=scanner.nextInt(); ,EXPRESSION_STATEMENT, line no: 65,ans.value=second.value; ,EXPRESSION_STATEMENT, line no: 72, 0.02505259395424837, insert, 0.06535947712418301, 1.5, 0.46875
third.value=scanner.nextInt(); ,EXPRESSION_STATEMENT, line no: 66,System.out.println(mainClass.output); ,EXPRESSION_STATEMENT, line no: 56, 0.025021929824561404, insert, 0.3333333333333333, 0.0, 0.2894736842105263
third.value=scanner.nextInt(); ,EXPRESSION_STATEMENT, line no: 66,ans.value=second.value; ,EXPRESSION_STATEMENT, line no: 72, 0.0242145899219903, insert, 0.06535947712418301, 0.6000000000000001, 0.45161290322580644
ans.value,QUALIFIED_NAME, line no: 76,value,SIMPLE_NAME, line no: 7, 0.022953333333333336, insert, 0.03821656050955414, 0.5, 0.5555555555555556
output+=(String.format("Please enter 3 numbers separeted by spaces > ")); ,EXPRESSION_STATEMENT, line no: 62,System.out.println(mainClass.output); ,EXPRESSION_STATEMENT, line no: 56, 0.022761261261261264, insert, 0.3333333333333333, 1.0, 0.24324324324324326
first.value=scanner.nextInt(); ,EXPRESSION_STATEMENT, line no: 64,ans.value=third.value; ,EXPRESSION_STATEMENT, line no: 74, 0.02263717056715159, insert, 0.06535947712418301, 0.6000000000000001, 0.41935483870967744
third.value=scanner.nextInt(); ,EXPRESSION_STATEMENT, line no: 66,ans.value=third.value; ,EXPRESSION_STATEMENT, line no: 74, 0.02263717056715159, insert, 0.06535947712418301, 1.5, 0.41935483870967744
first.value=scanner.nextInt(); ,EXPRESSION_STATEMENT, line no: 64,ans.value=first.value; ,EXPRESSION_STATEMENT, line no: 69, 0.022424098671726757, insert, 0.058823529411764705, 1.5, 0.41935483870967744
second.value=scanner.nextInt(); ,EXPRESSION_STATEMENT, line no: 65,ans.value=third.value; ,EXPRESSION_STATEMENT, line no: 74, 0.021996343954248366, insert, 0.06535947712418301, 0.6000000000000001, 0.40625
second.value=scanner.nextInt(); ,EXPRESSION_STATEMENT, line no: 65,ans.value=first.value; ,EXPRESSION_STATEMENT, line no: 69, 0.02178327205882353, insert, 0.058823529411764705, 0.6000000000000001, 0.40625
format,SIMPLE_NAME, line no: 63,first,SIMPLE_NAME, line no: 60, 0.021750509554140127, insert, 0.9745222929936306, 0.0, 0.5
format,SIMPLE_NAME, line no: 76,first,SIMPLE_NAME, line no: 60, 0.021750509554140127, insert, 0.9745222929936306, 0.0, 0.5
third.value=scanner.nextInt(); ,EXPRESSION_STATEMENT, line no: 66,ans.value=first.value; ,EXPRESSION_STATEMENT, line no: 69, 0.020846679316888043, insert, 0.058823529411764705, 0.6000000000000001, 0.3870967741935484
scanner,SIMPLE_NAME, line no: 64,second,SIMPLE_NAME, line no: 60, 0.02048831501831502, insert, 0.9807692307692307, 0.0, 0.42857142857142855
scanner,SIMPLE_NAME, line no: 65,second,SIMPLE_NAME, line no: 60, 0.02048831501831502, insert, 0.9807692307692307, 0.0, 0.42857142857142855
scanner,SIMPLE_NAME, line no: 66,second,SIMPLE_NAME, line no: 60, 0.02048831501831502, insert, 0.9807692307692307, 0.0, 0.42857142857142855
first.value=scanner.nextInt(); ,EXPRESSION_STATEMENT, line no: 64,mainClass.scanner=new java.util.Scanner(args[0]); ,EXPRESSION_STATEMENT, line no: 51, 0.020373934640522878, insert, 0.08496732026143791, 0.5, 0.36
nextInt,SIMPLE_NAME, line no: 64,IntObj,SIMPLE_NAME, line no: 60, 0.020327802197802197, insert, 0.9807692307692307, 0.0, 0.42857142857142855
nextInt,SIMPLE_NAME, line no: 65,IntObj,SIMPLE_NAME, line no: 60, 0.020327802197802197, insert, 0.9807692307692307, 0.0, 0.42857142857142855
nextInt,SIMPLE_NAME, line no: 66,IntObj,SIMPLE_NAME, line no: 60, 0.020327802197802197, insert, 0.9807692307692307, 0.0, 0.42857142857142855
output+=(String.format("%d is the median\n" ans.value)); ,EXPRESSION_STATEMENT, line no: 76,mainClass.exec(); ,EXPRESSION_STATEMENT, line no: 55, 0.020303508771929824, insert, 0.3333333333333333, 0.0, 0.19298245614035087
first.value=scanner.nextInt(); ,EXPRESSION_STATEMENT, line no: 64,mainClass.scanner=new java.util.Scanner(System.in); ,EXPRESSION_STATEMENT, line no: 53, 0.020123001508295626, insert, 0.09803921568627451, 0.5, 0.34615384615384615
second.value=scanner.nextInt(); ,EXPRESSION_STATEMENT, line no: 65,mainClass.scanner=new java.util.Scanner(args[0]); ,EXPRESSION_STATEMENT, line no: 51, 0.019395934640522878, insert, 0.08496732026143791, 0.5, 0.34
third.value=scanner.nextInt(); ,EXPRESSION_STATEMENT, line no: 66,mainClass.scanner=new java.util.Scanner(args[0]); ,EXPRESSION_STATEMENT, line no: 51, 0.019395934640522878, insert, 0.08496732026143791, 0.5, 0.34
second.value=scanner.nextInt(); ,EXPRESSION_STATEMENT, line no: 65,mainClass.scanner=new java.util.Scanner(System.in); ,EXPRESSION_STATEMENT, line no: 53, 0.019182616892911012, insert, 0.09803921568627451, 0.5, 0.3269230769230769
third.value=scanner.nextInt(); ,EXPRESSION_STATEMENT, line no: 66,mainClass.scanner=new java.util.Scanner(System.in); ,EXPRESSION_STATEMENT, line no: 53, 0.019182616892911012, insert, 0.09803921568627451, 0.5, 0.3269230769230769
output+=(String.format("Please enter 3 numbers separeted by spaces > ")); ,EXPRESSION_STATEMENT, line no: 62,mainClass.exec(); ,EXPRESSION_STATEMENT, line no: 55, 0.0187963963963964, insert, 0.3333333333333333, 0.0, 0.16216216216216217
ans.value,QUALIFIED_NAME, line no: 76,ans,SIMPLE_NAME, line no: 61, 0.01878, insert, 0.9745222929936306, 0.5, 0.3333333333333333
ans.value,QUALIFIED_NAME, line no: 76,scanner,SIMPLE_NAME, line no: 51, 0.018700254777070064, insert, 0.10191082802547771, 0.0, 0.3333333333333333
String,SIMPLE_NAME, line no: 63,third,SIMPLE_NAME, line no: 60, 0.018620509554140127, insert, 0.9745222929936306, 0.0, 0.3333333333333333
format,SIMPLE_NAME, line no: 63,output,SIMPLE_NAME, line no: 49, 0.018620509554140127, insert, 0.3248407643312102, 0.0, 0.3333333333333333
String,SIMPLE_NAME, line no: 76,third,SIMPLE_NAME, line no: 60, 0.018620509554140127, insert, 0.9745222929936306, 0.0, 0.3333333333333333
format,SIMPLE_NAME, line no: 76,output,SIMPLE_NAME, line no: 49, 0.018620509554140127, insert, 0.3248407643312102, 0.0, 0.3333333333333333
scanner,SIMPLE_NAME, line no: 64,value,SIMPLE_NAME, line no: 7, 0.017885714285714286, insert, 0.038461538461538464, 0.0, 0.2857142857142857
scanner,SIMPLE_NAME, line no: 64,ans,SIMPLE_NAME, line no: 61, 0.017885714285714286, insert, 0.9807692307692307, 0.0, 0.2857142857142857
scanner,SIMPLE_NAME, line no: 64,nextInt,SIMPLE_NAME, line no: 64, 0.017885714285714286, insert, 1.0, 0.0, 0.2857142857142857
nextInt,SIMPLE_NAME, line no: 64,String,SIMPLE_NAME, line no: 49, 0.017885714285714286, insert, 0.3269230769230769, 0.0, 0.2857142857142857
nextInt,SIMPLE_NAME, line no: 64,scanner,SIMPLE_NAME, line no: 51, 0.017885714285714286, insert, 0.10256410256410256, 0.0, 0.2857142857142857
scanner,SIMPLE_NAME, line no: 65,value,SIMPLE_NAME, line no: 7, 0.017885714285714286, insert, 0.038461538461538464, 0.0, 0.2857142857142857
scanner,SIMPLE_NAME, line no: 65,ans,SIMPLE_NAME, line no: 61, 0.017885714285714286, insert, 0.9807692307692307, 0.0, 0.2857142857142857
scanner,SIMPLE_NAME, line no: 65,nextInt,SIMPLE_NAME, line no: 64, 0.017885714285714286, insert, 1.0, 0.0, 0.2857142857142857
nextInt,SIMPLE_NAME, line no: 65,String,SIMPLE_NAME, line no: 49, 0.017885714285714286, insert, 0.3269230769230769, 0.0, 0.2857142857142857
nextInt,SIMPLE_NAME, line no: 65,scanner,SIMPLE_NAME, line no: 51, 0.017885714285714286, insert, 0.10256410256410256, 0.0, 0.2857142857142857
scanner,SIMPLE_NAME, line no: 66,value,SIMPLE_NAME, line no: 7, 0.017885714285714286, insert, 0.038461538461538464, 0.0, 0.2857142857142857
scanner,SIMPLE_NAME, line no: 66,ans,SIMPLE_NAME, line no: 61, 0.017885714285714286, insert, 0.9807692307692307, 0.0, 0.2857142857142857
scanner,SIMPLE_NAME, line no: 66,nextInt,SIMPLE_NAME, line no: 64, 0.017885714285714286, insert, 1.0, 0.0, 0.2857142857142857
nextInt,SIMPLE_NAME, line no: 66,String,SIMPLE_NAME, line no: 49, 0.017885714285714286, insert, 0.3269230769230769, 0.0, 0.2857142857142857
nextInt,SIMPLE_NAME, line no: 66,scanner,SIMPLE_NAME, line no: 51, 0.017885714285714286, insert, 0.10256410256410256, 0.0, 0.2857142857142857
String,SIMPLE_NAME, line no: 63,nextInt,SIMPLE_NAME, line no: 64, 0.01780596906278435, insert, 0.9936305732484076, 0.0, 0.2857142857142857
String,SIMPLE_NAME, line no: 76,nextInt,SIMPLE_NAME, line no: 64, 0.01780596906278435, insert, 0.9936305732484076, 0.0, 0.2857142857142857
nextInt,SIMPLE_NAME, line no: 64,output,SIMPLE_NAME, line no: 49, 0.017805457875457877, insert, 0.3269230769230769, 0.0, 0.2857142857142857
nextInt,SIMPLE_NAME, line no: 64,second,SIMPLE_NAME, line no: 60, 0.017805457875457877, insert, 0.9807692307692307, 0.0, 0.2857142857142857
nextInt,SIMPLE_NAME, line no: 65,output,SIMPLE_NAME, line no: 49, 0.017805457875457877, insert, 0.3269230769230769, 0.0, 0.2857142857142857
nextInt,SIMPLE_NAME, line no: 65,second,SIMPLE_NAME, line no: 60, 0.017805457875457877, insert, 0.9807692307692307, 0.0, 0.2857142857142857
nextInt,SIMPLE_NAME, line no: 66,output,SIMPLE_NAME, line no: 49, 0.017805457875457877, insert, 0.3269230769230769, 0.0, 0.2857142857142857
nextInt,SIMPLE_NAME, line no: 66,second,SIMPLE_NAME, line no: 60, 0.017805457875457877, insert, 0.9807692307692307, 0.0, 0.2857142857142857
ans,SIMPLE_NAME, line no: 76,scanner,SIMPLE_NAME, line no: 51, 0.01772723327305606, insert, 0.10126582278481013, 0.0, 0.2857142857142857
value,SIMPLE_NAME, line no: 76,scanner,SIMPLE_NAME, line no: 51, 0.01772723327305606, insert, 0.10126582278481013, 0.0, 0.2857142857142857
scanner,SIMPLE_NAME, line no: 64,Scanner,SIMPLE_NAME, line no: 44, 0.017622014652014652, insert, 0.00641025641025641, 0.0, 0.8571428571428571
scanner,SIMPLE_NAME, line no: 65,Scanner,SIMPLE_NAME, line no: 44, 0.017622014652014652, insert, 0.00641025641025641, 0.0, 0.8571428571428571
scanner,SIMPLE_NAME, line no: 66,Scanner,SIMPLE_NAME, line no: 44, 0.017622014652014652, insert, 0.00641025641025641, 0.0, 0.8571428571428571
output+=(String.format("%d is the median\n" ans.value)); ,EXPRESSION_STATEMENT, line no: 76,mainClass.scanner=new java.util.Scanner(System.in); ,EXPRESSION_STATEMENT, line no: 53, 0.016922394220846234, insert, 0.09803921568627451, 0.0, 0.2807017543859649
ans.value,QUALIFIED_NAME, line no: 76,nextInt,SIMPLE_NAME, line no: 64, 0.016613588110403397, insert, 0.9936305732484076, 0.0, 0.2222222222222222
ans.value,QUALIFIED_NAME, line no: 76,second,SIMPLE_NAME, line no: 60, 0.016533842887473463, insert, 0.9745222929936306, 0.0, 0.2222222222222222
output+=(String.format("Please enter 3 numbers separeted by spaces > ")); ,EXPRESSION_STATEMENT, line no: 62,mainClass.scanner=new java.util.Scanner(System.in); ,EXPRESSION_STATEMENT, line no: 53, 0.016412294647588768, insert, 0.09803921568627451, 0.0, 0.2702702702702703
ans,SIMPLE_NAME, line no: 76,value,SIMPLE_NAME, line no: 7, 0.016276000000000002, insert, 0.0379746835443038, 0.0, 0.2
value,SIMPLE_NAME, line no: 76,ans,SIMPLE_NAME, line no: 61, 0.016276000000000002, insert, 0.9683544303797469, 0.0, 0.2
"%d is the median\n",STRING_LITERAL, line no: 76,scanner,SIMPLE_NAME, line no: 51, 0.016196254777070065, insert, 0.10191082802547771, 0.0, 0.2
ans,SIMPLE_NAME, line no: 76,first,SIMPLE_NAME, line no: 60, 0.01611751898734177, insert, 0.9683544303797469, 0.0, 0.2
String,SIMPLE_NAME, line no: 63,ans,SIMPLE_NAME, line no: 61, 0.01565, insert, 0.9745222929936306, 0.0, 0.16666666666666666
String,SIMPLE_NAME, line no: 63,format,SIMPLE_NAME, line no: 63, 0.01565, insert, 1.0, 0.0, 0.16666666666666666
format,SIMPLE_NAME, line no: 63,value,SIMPLE_NAME, line no: 7, 0.01565, insert, 0.03821656050955414, 0.0, 0.16666666666666666
format,SIMPLE_NAME, line no: 63,String,SIMPLE_NAME, line no: 49, 0.01565, insert, 0.3248407643312102, 0.0, 0.16666666666666666
format,SIMPLE_NAME, line no: 63,ans,SIMPLE_NAME, line no: 61, 0.01565, insert, 0.9745222929936306, 0.0, 0.16666666666666666
String,SIMPLE_NAME, line no: 76,ans,SIMPLE_NAME, line no: 61, 0.01565, insert, 0.9745222929936306, 0.0, 0.16666666666666666
String,SIMPLE_NAME, line no: 76,format,SIMPLE_NAME, line no: 63, 0.01565, insert, 1.0, 0.0, 0.16666666666666666
format,SIMPLE_NAME, line no: 76,value,SIMPLE_NAME, line no: 7, 0.01565, insert, 0.03821656050955414, 0.0, 0.16666666666666666
format,SIMPLE_NAME, line no: 76,String,SIMPLE_NAME, line no: 49, 0.01565, insert, 0.3248407643312102, 0.0, 0.16666666666666666
format,SIMPLE_NAME, line no: 76,ans,SIMPLE_NAME, line no: 61, 0.01565, insert, 0.9745222929936306, 0.0, 0.16666666666666666
output+=(String.format("%d is the median\n" ans.value)); ,EXPRESSION_STATEMENT, line no: 76,mainClass.scanner=new java.util.Scanner(args[0]); ,EXPRESSION_STATEMENT, line no: 51, 0.015638355693154454, insert, 0.08496732026143791, 0.0, 0.2631578947368421
ans,SIMPLE_NAME, line no: 76,String,SIMPLE_NAME, line no: 49, 0.015570759493670887, insert, 0.3227848101265823, 0.0, 0.16666666666666666
ans,SIMPLE_NAME, line no: 76,format,SIMPLE_NAME, line no: 63, 0.015570759493670887, insert, 0.9936708860759493, 0.0, 0.16666666666666666
value,SIMPLE_NAME, line no: 76,format,SIMPLE_NAME, line no: 63, 0.015570759493670887, insert, 0.9936708860759493, 0.0, 0.16666666666666666
ans,SIMPLE_NAME, line no: 76,second,SIMPLE_NAME, line no: 60, 0.015491518987341774, insert, 0.9683544303797469, 0.0, 0.16666666666666666
value,SIMPLE_NAME, line no: 76,second,SIMPLE_NAME, line no: 60, 0.015491518987341774, insert, 0.9683544303797469, 0.0, 0.16666666666666666
String,SIMPLE_NAME, line no: 63,output,SIMPLE_NAME, line no: 49, 0.015490509554140127, insert, 0.3248407643312102, 0.0, 0.16666666666666666
String,SIMPLE_NAME, line no: 63,first,SIMPLE_NAME, line no: 60, 0.015490509554140127, insert, 0.9745222929936306, 0.0, 0.16666666666666666
String,SIMPLE_NAME, line no: 63,second,SIMPLE_NAME, line no: 60, 0.015490509554140127, insert, 0.9745222929936306, 0.0, 0.16666666666666666
format,SIMPLE_NAME, line no: 63,second,SIMPLE_NAME, line no: 60, 0.015490509554140127, insert, 0.9745222929936306, 0.0, 0.16666666666666666
format,SIMPLE_NAME, line no: 63,third,SIMPLE_NAME, line no: 60, 0.015490509554140127, insert, 0.9745222929936306, 0.0, 0.16666666666666666
String,SIMPLE_NAME, line no: 76,output,SIMPLE_NAME, line no: 49, 0.015490509554140127, insert, 0.3248407643312102, 0.0, 0.16666666666666666
String,SIMPLE_NAME, line no: 76,first,SIMPLE_NAME, line no: 60, 0.015490509554140127, insert, 0.9745222929936306, 0.0, 0.16666666666666666
String,SIMPLE_NAME, line no: 76,second,SIMPLE_NAME, line no: 60, 0.015490509554140127, insert, 0.9745222929936306, 0.0, 0.16666666666666666
format,SIMPLE_NAME, line no: 76,second,SIMPLE_NAME, line no: 60, 0.015490509554140127, insert, 0.9745222929936306, 0.0, 0.16666666666666666
format,SIMPLE_NAME, line no: 76,third,SIMPLE_NAME, line no: 60, 0.015490509554140127, insert, 0.9745222929936306, 0.0, 0.16666666666666666
value,SIMPLE_NAME, line no: 76,output,SIMPLE_NAME, line no: 49, 0.01541227848101266, insert, 0.3227848101265823, 0.0, 0.16666666666666666
"%d is the median\n",STRING_LITERAL, line no: 76,String,SIMPLE_NAME, line no: 49, 0.015337, insert, 0.3248407643312102, 0.0, 0.15
String,SIMPLE_NAME, line no: 63,IntObj,SIMPLE_NAME, line no: 60, 0.015331019108280256, insert, 0.9745222929936306, 0.0, 0.16666666666666666
format,SIMPLE_NAME, line no: 63,IntObj,SIMPLE_NAME, line no: 60, 0.015331019108280256, insert, 0.9745222929936306, 0.0, 0.16666666666666666
String,SIMPLE_NAME, line no: 76,IntObj,SIMPLE_NAME, line no: 60, 0.015331019108280256, insert, 0.9745222929936306, 0.0, 0.16666666666666666
format,SIMPLE_NAME, line no: 76,IntObj,SIMPLE_NAME, line no: 60, 0.015331019108280256, insert, 0.9745222929936306, 0.0, 0.16666666666666666
output+=(String.format("Please enter 3 numbers separeted by spaces > ")); ,EXPRESSION_STATEMENT, line no: 62,mainClass.scanner=new java.util.Scanner(args[0]); ,EXPRESSION_STATEMENT, line no: 51, 0.01532534004592828, insert, 0.08496732026143791, 0.0, 0.25675675675675674
ans,SIMPLE_NAME, line no: 76,IntObj,SIMPLE_NAME, line no: 60, 0.015253797468354433, insert, 0.9683544303797469, 0.0, 0.16666666666666666
scanner,SIMPLE_NAME, line no: 64,String,SIMPLE_NAME, line no: 49, 0.015202857142857143, insert, 0.3269230769230769, 0.0, 0.14285714285714285
scanner,SIMPLE_NAME, line no: 64,format,SIMPLE_NAME, line no: 63, 0.015202857142857143, insert, 1.0, 0.0, 0.14285714285714285
nextInt,SIMPLE_NAME, line no: 64,value,SIMPLE_NAME, line no: 7, 0.015202857142857143, insert, 0.038461538461538464, 0.0, 0.14285714285714285
nextInt,SIMPLE_NAME, line no: 64,ans,SIMPLE_NAME, line no: 61, 0.015202857142857143, insert, 0.9807692307692307, 0.0, 0.14285714285714285
nextInt,SIMPLE_NAME, line no: 64,format,SIMPLE_NAME, line no: 63, 0.015202857142857143, insert, 1.0, 0.0, 0.14285714285714285
scanner,SIMPLE_NAME, line no: 65,String,SIMPLE_NAME, line no: 49, 0.015202857142857143, insert, 0.3269230769230769, 0.0, 0.14285714285714285
scanner,SIMPLE_NAME, line no: 65,format,SIMPLE_NAME, line no: 63, 0.015202857142857143, insert, 1.0, 0.0, 0.14285714285714285
nextInt,SIMPLE_NAME, line no: 65,value,SIMPLE_NAME, line no: 7, 0.015202857142857143, insert, 0.038461538461538464, 0.0, 0.14285714285714285
nextInt,SIMPLE_NAME, line no: 65,ans,SIMPLE_NAME, line no: 61, 0.015202857142857143, insert, 0.9807692307692307, 0.0, 0.14285714285714285
nextInt,SIMPLE_NAME, line no: 65,format,SIMPLE_NAME, line no: 63, 0.015202857142857143, insert, 1.0, 0.0, 0.14285714285714285
scanner,SIMPLE_NAME, line no: 66,String,SIMPLE_NAME, line no: 49, 0.015202857142857143, insert, 0.3269230769230769, 0.0, 0.14285714285714285
scanner,SIMPLE_NAME, line no: 66,format,SIMPLE_NAME, line no: 63, 0.015202857142857143, insert, 1.0, 0.0, 0.14285714285714285
nextInt,SIMPLE_NAME, line no: 66,value,SIMPLE_NAME, line no: 7, 0.015202857142857143, insert, 0.038461538461538464, 0.0, 0.14285714285714285
nextInt,SIMPLE_NAME, line no: 66,ans,SIMPLE_NAME, line no: 61, 0.015202857142857143, insert, 0.9807692307692307, 0.0, 0.14285714285714285
nextInt,SIMPLE_NAME, line no: 66,format,SIMPLE_NAME, line no: 63, 0.015202857142857143, insert, 1.0, 0.0, 0.14285714285714285
"%d is the median\n",STRING_LITERAL, line no: 76,first,SIMPLE_NAME, line no: 60, 0.015177509554140128, insert, 0.9745222929936306, 0.0, 0.15
"%d is the median\n",STRING_LITERAL, line no: 76,second,SIMPLE_NAME, line no: 60, 0.015177509554140128, insert, 0.9745222929936306, 0.0, 0.15
"%d is the median\n",STRING_LITERAL, line no: 76,third,SIMPLE_NAME, line no: 60, 0.015177509554140128, insert, 0.9745222929936306, 0.0, 0.15
String,SIMPLE_NAME, line no: 63,scanner,SIMPLE_NAME, line no: 51, 0.015123111919927207, insert, 0.10191082802547771, 0.0, 0.14285714285714285
format,SIMPLE_NAME, line no: 63,scanner,SIMPLE_NAME, line no: 51, 0.015123111919927207, insert, 0.10191082802547771, 0.0, 0.14285714285714285
format,SIMPLE_NAME, line no: 63,nextInt,SIMPLE_NAME, line no: 64, 0.015123111919927207, insert, 0.9936305732484076, 0.0, 0.14285714285714285
String,SIMPLE_NAME, line no: 76,scanner,SIMPLE_NAME, line no: 51, 0.015123111919927207, insert, 0.10191082802547771, 0.0, 0.14285714285714285
format,SIMPLE_NAME, line no: 76,scanner,SIMPLE_NAME, line no: 51, 0.015123111919927207, insert, 0.10191082802547771, 0.0, 0.14285714285714285
format,SIMPLE_NAME, line no: 76,nextInt,SIMPLE_NAME, line no: 64, 0.015123111919927207, insert, 0.9936305732484076, 0.0, 0.14285714285714285
scanner,SIMPLE_NAME, line no: 64,first,SIMPLE_NAME, line no: 60, 0.015122600732600733, insert, 0.9807692307692307, 0.0, 0.14285714285714285
scanner,SIMPLE_NAME, line no: 64,third,SIMPLE_NAME, line no: 60, 0.015122600732600733, insert, 0.9807692307692307, 0.0, 0.14285714285714285
nextInt,SIMPLE_NAME, line no: 64,first,SIMPLE_NAME, line no: 60, 0.015122600732600733, insert, 0.9807692307692307, 0.0, 0.14285714285714285
nextInt,SIMPLE_NAME, line no: 64,third,SIMPLE_NAME, line no: 60, 0.015122600732600733, insert, 0.9807692307692307, 0.0, 0.14285714285714285
scanner,SIMPLE_NAME, line no: 65,first,SIMPLE_NAME, line no: 60, 0.015122600732600733, insert, 0.9807692307692307, 0.0, 0.14285714285714285
scanner,SIMPLE_NAME, line no: 65,third,SIMPLE_NAME, line no: 60, 0.015122600732600733, insert, 0.9807692307692307, 0.0, 0.14285714285714285
nextInt,SIMPLE_NAME, line no: 65,first,SIMPLE_NAME, line no: 60, 0.015122600732600733, insert, 0.9807692307692307, 0.0, 0.14285714285714285
nextInt,SIMPLE_NAME, line no: 65,third,SIMPLE_NAME, line no: 60, 0.015122600732600733, insert, 0.9807692307692307, 0.0, 0.14285714285714285
scanner,SIMPLE_NAME, line no: 66,first,SIMPLE_NAME, line no: 60, 0.015122600732600733, insert, 0.9807692307692307, 0.0, 0.14285714285714285
scanner,SIMPLE_NAME, line no: 66,third,SIMPLE_NAME, line no: 60, 0.015122600732600733, insert, 0.9807692307692307, 0.0, 0.14285714285714285
nextInt,SIMPLE_NAME, line no: 66,first,SIMPLE_NAME, line no: 60, 0.015122600732600733, insert, 0.9807692307692307, 0.0, 0.14285714285714285
nextInt,SIMPLE_NAME, line no: 66,third,SIMPLE_NAME, line no: 60, 0.015122600732600733, insert, 0.9807692307692307, 0.0, 0.14285714285714285
ans,SIMPLE_NAME, line no: 76,nextInt,SIMPLE_NAME, line no: 64, 0.015044376130198916, insert, 0.9873417721518988, 0.0, 0.14285714285714285
value,SIMPLE_NAME, line no: 76,nextInt,SIMPLE_NAME, line no: 64, 0.015044376130198916, insert, 0.9873417721518988, 0.0, 0.14285714285714285
scanner,SIMPLE_NAME, line no: 64,IntObj,SIMPLE_NAME, line no: 60, 0.014962087912087911, insert, 0.9807692307692307, 0.0, 0.14285714285714285
scanner,SIMPLE_NAME, line no: 65,IntObj,SIMPLE_NAME, line no: 60, 0.014962087912087911, insert, 0.9807692307692307, 0.0, 0.14285714285714285
scanner,SIMPLE_NAME, line no: 66,IntObj,SIMPLE_NAME, line no: 60, 0.014962087912087911, insert, 0.9807692307692307, 0.0, 0.14285714285714285
ans.value,QUALIFIED_NAME, line no: 76,String,SIMPLE_NAME, line no: 49, 0.014606666666666667, insert, 0.3248407643312102, 0.0, 0.1111111111111111
ans.value,QUALIFIED_NAME, line no: 76,format,SIMPLE_NAME, line no: 63, 0.014606666666666667, insert, 1.0, 0.0, 0.1111111111111111
ans.value,QUALIFIED_NAME, line no: 76,output,SIMPLE_NAME, line no: 49, 0.014447176220806796, insert, 0.3248407643312102, 0.0, 0.1111111111111111
ans.value,QUALIFIED_NAME, line no: 76,first,SIMPLE_NAME, line no: 60, 0.014447176220806796, insert, 0.9745222929936306, 0.0, 0.1111111111111111
"Please enter 3 numbers separeted by spaces > ",STRING_LITERAL, line no: 63,scanner,SIMPLE_NAME, line no: 51, 0.014438127117495597, insert, 0.10191082802547771, 0.0, 0.10638297872340426
"%d is the median\n",STRING_LITERAL, line no: 76,ans,SIMPLE_NAME, line no: 61, 0.014398000000000001, insert, 0.9745222929936306, 0.0, 0.1
"%d is the median\n",STRING_LITERAL, line no: 76,format,SIMPLE_NAME, line no: 63, 0.014398000000000001, insert, 1.0, 0.0, 0.1
"%d is the median\n",STRING_LITERAL, line no: 76,nextInt,SIMPLE_NAME, line no: 64, 0.014318254777070065, insert, 0.9936305732484076, 0.0, 0.1
ans.value,QUALIFIED_NAME, line no: 76,IntObj,SIMPLE_NAME, line no: 60, 0.014287685774946922, insert, 0.9745222929936306, 0.0, 0.1111111111111111
output+=(String.format("%d is the median\n" ans.value)); ,EXPRESSION_STATEMENT, line no: 76,ans.value=second.value; ,EXPRESSION_STATEMENT, line no: 72, 0.014141245270037838, insert, 0.06535947712418301, 1.5, 0.24561403508771928
output+=(String.format("%d is the median\n" ans.value)); ,EXPRESSION_STATEMENT, line no: 76,ans.value=third.value; ,EXPRESSION_STATEMENT, line no: 74, 0.014141245270037838, insert, 0.06535947712418301, 1.5, 0.24561403508771928
"Please enter 3 numbers separeted by spaces > ",STRING_LITERAL, line no: 63,format,SIMPLE_NAME, line no: 63, 0.014118297872340427, insert, 1.0, 0.0, 0.0851063829787234
"Please enter 3 numbers separeted by spaces > ",STRING_LITERAL, line no: 63,nextInt,SIMPLE_NAME, line no: 64, 0.014038552649410492, insert, 0.9936305732484076, 0.0, 0.0851063829787234
"Please enter 3 numbers separeted by spaces > ",STRING_LITERAL, line no: 63,second,SIMPLE_NAME, line no: 60, 0.013958807426480554, insert, 0.9745222929936306, 0.0, 0.0851063829787234
output+=(String.format("%d is the median\n" ans.value)); ,EXPRESSION_STATEMENT, line no: 76,ans.value=first.value; ,EXPRESSION_STATEMENT, line no: 69, 0.013928173374613002, insert, 0.058823529411764705, 1.5, 0.24561403508771928
"Please enter 3 numbers separeted by spaces > ",STRING_LITERAL, line no: 63,value,SIMPLE_NAME, line no: 7, 0.01371872340425532, insert, 0.03821656050955414, 0.0, 0.06382978723404255
"Please enter 3 numbers separeted by spaces > ",STRING_LITERAL, line no: 63,String,SIMPLE_NAME, line no: 49, 0.01371872340425532, insert, 0.3248407643312102, 0.0, 0.06382978723404255
"Please enter 3 numbers separeted by spaces > ",STRING_LITERAL, line no: 63,ans,SIMPLE_NAME, line no: 61, 0.01371872340425532, insert, 0.9745222929936306, 0.0, 0.06382978723404255
ans,SIMPLE_NAME, line no: 76,args,SIMPLE_NAME, line no: 50, 0.013668987341772153, insert, 0.34177215189873417, 0.0, 0.5
"Please enter 3 numbers separeted by spaces > ",STRING_LITERAL, line no: 63,output,SIMPLE_NAME, line no: 49, 0.013559232958395447, insert, 0.3248407643312102, 0.0, 0.06382978723404255
"Please enter 3 numbers separeted by spaces > ",STRING_LITERAL, line no: 63,first,SIMPLE_NAME, line no: 60, 0.013559232958395447, insert, 0.9745222929936306, 0.0, 0.06382978723404255
"Please enter 3 numbers separeted by spaces > ",STRING_LITERAL, line no: 63,third,SIMPLE_NAME, line no: 60, 0.013559232958395447, insert, 0.9745222929936306, 0.0, 0.06382978723404255
first.value=scanner.nextInt(); ,EXPRESSION_STATEMENT, line no: 64,value=i; ,EXPRESSION_STATEMENT, line no: 7, 0.013471642420409023, insert, 0.026143790849673203, 0.3333333333333333, 0.25806451612903225
third.value=scanner.nextInt(); ,EXPRESSION_STATEMENT, line no: 66,value=i; ,EXPRESSION_STATEMENT, line no: 7, 0.013471642420409023, insert, 0.026143790849673203, 0.3333333333333333, 0.25806451612903225
"%d is the median\n",STRING_LITERAL, line no: 76,value,SIMPLE_NAME, line no: 7, 0.013459000000000002, insert, 0.03821656050955414, 0.0, 0.05
"Please enter 3 numbers separeted by spaces > ",STRING_LITERAL, line no: 63,IntObj,SIMPLE_NAME, line no: 60, 0.013399742512535576, insert, 0.9745222929936306, 0.0, 0.06382978723404255
"%d is the median\n",STRING_LITERAL, line no: 76,output,SIMPLE_NAME, line no: 49, 0.013299509554140129, insert, 0.3248407643312102, 0.0, 0.05
"%d is the median\n",STRING_LITERAL, line no: 76,IntObj,SIMPLE_NAME, line no: 60, 0.013140019108280257, insert, 0.9745222929936306, 0.0, 0.05
second.value=scanner.nextInt(); ,EXPRESSION_STATEMENT, line no: 65,value=i; ,EXPRESSION_STATEMENT, line no: 7, 0.013077287581699345, insert, 0.026143790849673203, 0.3333333333333333, 0.25
nextInt,SIMPLE_NAME, line no: 64,length,SIMPLE_NAME, line no: 50, 0.012382417582417583, insert, 0.34615384615384615, 0.0, 0.42857142857142855
nextInt,SIMPLE_NAME, line no: 65,length,SIMPLE_NAME, line no: 50, 0.012382417582417583, insert, 0.34615384615384615, 0.0, 0.42857142857142855
nextInt,SIMPLE_NAME, line no: 66,length,SIMPLE_NAME, line no: 50, 0.012382417582417583, insert, 0.34615384615384615, 0.0, 0.42857142857142855
nextInt,SIMPLE_NAME, line no: 64,println,SIMPLE_NAME, line no: 56, 0.012302161172161173, insert, 0.33974358974358976, 0.0, 0.42857142857142855
nextInt,SIMPLE_NAME, line no: 65,println,SIMPLE_NAME, line no: 56, 0.012302161172161173, insert, 0.33974358974358976, 0.0, 0.42857142857142855
nextInt,SIMPLE_NAME, line no: 66,println,SIMPLE_NAME, line no: 56, 0.012302161172161173, insert, 0.33974358974358976, 0.0, 0.42857142857142855
String,SIMPLE_NAME, line no: 63,println,SIMPLE_NAME, line no: 56, 0.012275068243858052, insert, 0.3375796178343949, 0.0, 0.42857142857142855
String,SIMPLE_NAME, line no: 76,println,SIMPLE_NAME, line no: 56, 0.012275068243858052, insert, 0.3375796178343949, 0.0, 0.42857142857142855
output+=(String.format("Please enter 3 numbers separeted by spaces > ")); ,EXPRESSION_STATEMENT, line no: 62,ans.value=second.value; ,EXPRESSION_STATEMENT, line no: 72, 0.010721259494788906, insert, 0.06535947712418301, 0.0, 0.17567567567567569
String,SIMPLE_NAME, line no: 63,args,SIMPLE_NAME, line no: 50, 0.01056624203821656, insert, 0.34394904458598724, 0.0, 0.3333333333333333
String,SIMPLE_NAME, line no: 63,length,SIMPLE_NAME, line no: 50, 0.01056624203821656, insert, 0.34394904458598724, 0.0, 0.3333333333333333
String,SIMPLE_NAME, line no: 63,System,SIMPLE_NAME, line no: 53, 0.01056624203821656, insert, 0.12101910828025478, 0.0, 0.3333333333333333
format,SIMPLE_NAME, line no: 63,out,SIMPLE_NAME, line no: 56, 0.01056624203821656, insert, 0.34394904458598724, 0.0, 0.3333333333333333
String,SIMPLE_NAME, line no: 76,args,SIMPLE_NAME, line no: 50, 0.01056624203821656, insert, 0.34394904458598724, 0.0, 0.3333333333333333
String,SIMPLE_NAME, line no: 76,length,SIMPLE_NAME, line no: 50, 0.01056624203821656, insert, 0.34394904458598724, 0.0, 0.3333333333333333
String,SIMPLE_NAME, line no: 76,System,SIMPLE_NAME, line no: 53, 0.01056624203821656, insert, 0.12101910828025478, 0.0, 0.3333333333333333
format,SIMPLE_NAME, line no: 76,out,SIMPLE_NAME, line no: 56, 0.01056624203821656, insert, 0.34394904458598724, 0.0, 0.3333333333333333
ans.value,QUALIFIED_NAME, line no: 76,mainClass,SIMPLE_NAME, line no: 48, 0.01056624203821656, insert, 0.3248407643312102, 0.0, 0.3333333333333333
ans,SIMPLE_NAME, line no: 76,mainClass,SIMPLE_NAME, line no: 48, 0.010538987341772154, insert, 0.3227848101265823, 0.0, 0.3333333333333333
value,SIMPLE_NAME, line no: 76,length,SIMPLE_NAME, line no: 50, 0.010538987341772154, insert, 0.34177215189873417, 0.0, 0.3333333333333333
output+=(String.format("Please enter 3 numbers separeted by spaces > ")); ,EXPRESSION_STATEMENT, line no: 62,ans.value=first.value; ,EXPRESSION_STATEMENT, line no: 69, 0.010508187599364071, insert, 0.058823529411764705, 0.0, 0.17567567567567569
output+=(String.format("Please enter 3 numbers separeted by spaces > ")); ,EXPRESSION_STATEMENT, line no: 62,ans.value=third.value; ,EXPRESSION_STATEMENT, line no: 74, 0.010060448683978098, insert, 0.06535947712418301, 0.0, 0.16216216216216217
"%d is the median\n",STRING_LITERAL, line no: 76,median_1bf73a9c_000,SIMPLE_NAME, line no: 48, 0.009780751592356689, insert, 0.3248407643312102, 0.0, 0.3
scanner,SIMPLE_NAME, line no: 64,args,SIMPLE_NAME, line no: 50, 0.00969956043956044, insert, 0.34615384615384615, 0.0, 0.2857142857142857
scanner,SIMPLE_NAME, line no: 64,System,SIMPLE_NAME, line no: 53, 0.00969956043956044, insert, 0.12179487179487179, 0.0, 0.2857142857142857
scanner,SIMPLE_NAME, line no: 65,args,SIMPLE_NAME, line no: 50, 0.00969956043956044, insert, 0.34615384615384615, 0.0, 0.2857142857142857
scanner,SIMPLE_NAME, line no: 65,System,SIMPLE_NAME, line no: 53, 0.00969956043956044, insert, 0.12179487179487179, 0.0, 0.2857142857142857
scanner,SIMPLE_NAME, line no: 66,args,SIMPLE_NAME, line no: 50, 0.00969956043956044, insert, 0.34615384615384615, 0.0, 0.2857142857142857
scanner,SIMPLE_NAME, line no: 66,System,SIMPLE_NAME, line no: 53, 0.00969956043956044, insert, 0.12179487179487179, 0.0, 0.2857142857142857
scanner,SIMPLE_NAME, line no: 64,println,SIMPLE_NAME, line no: 56, 0.00961930402930403, insert, 0.33974358974358976, 0.0, 0.2857142857142857
nextInt,SIMPLE_NAME, line no: 64,exec,SIMPLE_NAME, line no: 55, 0.00961930402930403, insert, 0.33974358974358976, 0.0, 0.2857142857142857
scanner,SIMPLE_NAME, line no: 65,println,SIMPLE_NAME, line no: 56, 0.00961930402930403, insert, 0.33974358974358976, 0.0, 0.2857142857142857
nextInt,SIMPLE_NAME, line no: 65,exec,SIMPLE_NAME, line no: 55, 0.00961930402930403, insert, 0.33974358974358976, 0.0, 0.2857142857142857
scanner,SIMPLE_NAME, line no: 66,println,SIMPLE_NAME, line no: 56, 0.00961930402930403, insert, 0.33974358974358976, 0.0, 0.2857142857142857
nextInt,SIMPLE_NAME, line no: 66,exec,SIMPLE_NAME, line no: 55, 0.00961930402930403, insert, 0.33974358974358976, 0.0, 0.2857142857142857
format,SIMPLE_NAME, line no: 63,println,SIMPLE_NAME, line no: 56, 0.009592211101000909, insert, 0.3375796178343949, 0.0, 0.2857142857142857
format,SIMPLE_NAME, line no: 76,println,SIMPLE_NAME, line no: 56, 0.009592211101000909, insert, 0.3375796178343949, 0.0, 0.2857142857142857
value,SIMPLE_NAME, line no: 76,java,SIMPLE_NAME, line no: 44, 0.009096810126582278, insert, 0.012658227848101266, 0.0, 0.4
scanner,SIMPLE_NAME, line no: 64,mainClass,SIMPLE_NAME, line no: 48, 0.008507179487179488, insert, 0.3269230769230769, 0.0, 0.2222222222222222
scanner,SIMPLE_NAME, line no: 65,mainClass,SIMPLE_NAME, line no: 48, 0.008507179487179488, insert, 0.3269230769230769, 0.0, 0.2222222222222222
scanner,SIMPLE_NAME, line no: 66,mainClass,SIMPLE_NAME, line no: 48, 0.008507179487179488, insert, 0.3269230769230769, 0.0, 0.2222222222222222
String,SIMPLE_NAME, line no: 63,mainClass,SIMPLE_NAME, line no: 48, 0.008479575371549895, insert, 0.3248407643312102, 0.0, 0.2222222222222222
format,SIMPLE_NAME, line no: 63,mainClass,SIMPLE_NAME, line no: 48, 0.008479575371549895, insert, 0.3248407643312102, 0.0, 0.2222222222222222
String,SIMPLE_NAME, line no: 76,mainClass,SIMPLE_NAME, line no: 48, 0.008479575371549895, insert, 0.3248407643312102, 0.0, 0.2222222222222222
format,SIMPLE_NAME, line no: 76,mainClass,SIMPLE_NAME, line no: 48, 0.008479575371549895, insert, 0.3248407643312102, 0.0, 0.2222222222222222
ans.value,QUALIFIED_NAME, line no: 76,args,SIMPLE_NAME, line no: 50, 0.008479575371549895, insert, 0.34394904458598724, 0.0, 0.2222222222222222
ans.value,QUALIFIED_NAME, line no: 76,length,SIMPLE_NAME, line no: 50, 0.008479575371549895, insert, 0.34394904458598724, 0.0, 0.2222222222222222
ans.value,QUALIFIED_NAME, line no: 76,System,SIMPLE_NAME, line no: 53, 0.008479575371549895, insert, 0.12101910828025478, 0.0, 0.2222222222222222
value,SIMPLE_NAME, line no: 76,mainClass,SIMPLE_NAME, line no: 48, 0.008452320675105486, insert, 0.3227848101265823, 0.0, 0.2222222222222222
ans.value,QUALIFIED_NAME, line no: 76,println,SIMPLE_NAME, line no: 56, 0.008399830148619957, insert, 0.3375796178343949, 0.0, 0.2222222222222222
"%d is the median\n",STRING_LITERAL, line no: 76,System,SIMPLE_NAME, line no: 53, 0.008062242038216559, insert, 0.12101910828025478, 0.0, 0.2
value,SIMPLE_NAME, line no: 76,args,SIMPLE_NAME, line no: 50, 0.008034987341772153, insert, 0.34177215189873417, 0.0, 0.2
value,SIMPLE_NAME, line no: 76,out,SIMPLE_NAME, line no: 56, 0.008034987341772153, insert, 0.34177215189873417, 0.0, 0.2
value,SIMPLE_NAME, line no: 76,exec,SIMPLE_NAME, line no: 55, 0.007955746835443039, insert, 0.33544303797468356, 0.0, 0.2
String,SIMPLE_NAME, line no: 63,util,SIMPLE_NAME, line no: 44, 0.007854904458598726, insert, 0.012738853503184714, 0.0, 0.3333333333333333
String,SIMPLE_NAME, line no: 76,util,SIMPLE_NAME, line no: 44, 0.007854904458598726, insert, 0.012738853503184714, 0.0, 0.3333333333333333
ans.value,QUALIFIED_NAME, line no: 76,java,SIMPLE_NAME, line no: 44, 0.007854904458598726, insert, 0.012738853503184714, 0.0, 0.3333333333333333
String,SIMPLE_NAME, line no: 63,in,SIMPLE_NAME, line no: 53, 0.00777515923566879, insert, 0.12101910828025478, 0.0, 0.3333333333333333
String,SIMPLE_NAME, line no: 76,in,SIMPLE_NAME, line no: 53, 0.00777515923566879, insert, 0.12101910828025478, 0.0, 0.3333333333333333
ans.value,QUALIFIED_NAME, line no: 76,Scanner,SIMPLE_NAME, line no: 44, 0.00777515923566879, insert, 0.006369426751592357, 0.0, 0.3333333333333333
ans,SIMPLE_NAME, line no: 76,in,SIMPLE_NAME, line no: 53, 0.007765569620253165, insert, 0.12025316455696203, 0.0, 0.3333333333333333
ans.value,QUALIFIED_NAME, line no: 76,ans.value,QUALIFIED_NAME, line no: 69, 0.0075, insert, 0.07006369426751592, 2.0, 1.0
String,SIMPLE_NAME, line no: 63,out,SIMPLE_NAME, line no: 56, 0.007436242038216561, insert, 0.34394904458598724, 0.0, 0.16666666666666666
format,SIMPLE_NAME, line no: 63,args,SIMPLE_NAME, line no: 50, 0.007436242038216561, insert, 0.34394904458598724, 0.0, 0.16666666666666666
format,SIMPLE_NAME, line no: 63,length,SIMPLE_NAME, line no: 50, 0.007436242038216561, insert, 0.34394904458598724, 0.0, 0.16666666666666666
format,SIMPLE_NAME, line no: 63,System,SIMPLE_NAME, line no: 53, 0.007436242038216561, insert, 0.12101910828025478, 0.0, 0.16666666666666666
String,SIMPLE_NAME, line no: 76,out,SIMPLE_NAME, line no: 56, 0.007436242038216561, insert, 0.34394904458598724, 0.0, 0.16666666666666666
format,SIMPLE_NAME, line no: 76,args,SIMPLE_NAME, line no: 50, 0.007436242038216561, insert, 0.34394904458598724, 0.0, 0.16666666666666666
format,SIMPLE_NAME, line no: 76,length,SIMPLE_NAME, line no: 50, 0.007436242038216561, insert, 0.34394904458598724, 0.0, 0.16666666666666666
format,SIMPLE_NAME, line no: 76,System,SIMPLE_NAME, line no: 53, 0.007436242038216561, insert, 0.12101910828025478, 0.0, 0.16666666666666666
ans,SIMPLE_NAME, line no: 76,length,SIMPLE_NAME, line no: 50, 0.007408987341772152, insert, 0.34177215189873417, 0.0, 0.16666666666666666
ans,SIMPLE_NAME, line no: 76,System,SIMPLE_NAME, line no: 53, 0.007408987341772152, insert, 0.12025316455696203, 0.0, 0.16666666666666666
value,SIMPLE_NAME, line no: 76,System,SIMPLE_NAME, line no: 53, 0.007408987341772152, insert, 0.12025316455696203, 0.0, 0.16666666666666666
"%d is the median\n",STRING_LITERAL, line no: 76,mainClass,SIMPLE_NAME, line no: 48, 0.00712324203821656, insert, 0.3248407643312102, 0.0, 0.15
ans.value,QUALIFIED_NAME, line no: 76,median_1bf73a9c_000,SIMPLE_NAME, line no: 48, 0.007112014750251425, insert, 0.3248407643312102, 0.0, 0.15789473684210525
"%d is the median\n",STRING_LITERAL, line no: 76,println,SIMPLE_NAME, line no: 56, 0.0070434968152866245, insert, 0.3375796178343949, 0.0, 0.15
scanner,SIMPLE_NAME, line no: 64,length,SIMPLE_NAME, line no: 50, 0.0070167032967032965, insert, 0.34615384615384615, 0.0, 0.14285714285714285
nextInt,SIMPLE_NAME, line no: 64,System,SIMPLE_NAME, line no: 53, 0.0070167032967032965, insert, 0.12179487179487179, 0.0, 0.14285714285714285
nextInt,SIMPLE_NAME, line no: 64,out,SIMPLE_NAME, line no: 56, 0.0070167032967032965, insert, 0.34615384615384615, 0.0, 0.14285714285714285
scanner,SIMPLE_NAME, line no: 65,length,SIMPLE_NAME, line no: 50, 0.0070167032967032965, insert, 0.34615384615384615, 0.0, 0.14285714285714285
nextInt,SIMPLE_NAME, line no: 65,System,SIMPLE_NAME, line no: 53, 0.0070167032967032965, insert, 0.12179487179487179, 0.0, 0.14285714285714285
nextInt,SIMPLE_NAME, line no: 65,out,SIMPLE_NAME, line no: 56, 0.0070167032967032965, insert, 0.34615384615384615, 0.0, 0.14285714285714285
scanner,SIMPLE_NAME, line no: 66,length,SIMPLE_NAME, line no: 50, 0.0070167032967032965, insert, 0.34615384615384615, 0.0, 0.14285714285714285
nextInt,SIMPLE_NAME, line no: 66,System,SIMPLE_NAME, line no: 53, 0.0070167032967032965, insert, 0.12179487179487179, 0.0, 0.14285714285714285
nextInt,SIMPLE_NAME, line no: 66,out,SIMPLE_NAME, line no: 56, 0.0070167032967032965, insert, 0.34615384615384615, 0.0, 0.14285714285714285
scanner,SIMPLE_NAME, line no: 64,exec,SIMPLE_NAME, line no: 55, 0.006936446886446886, insert, 0.33974358974358976, 0.0, 0.14285714285714285
scanner,SIMPLE_NAME, line no: 65,exec,SIMPLE_NAME, line no: 55, 0.006936446886446886, insert, 0.33974358974358976, 0.0, 0.14285714285714285
scanner,SIMPLE_NAME, line no: 66,exec,SIMPLE_NAME, line no: 55, 0.006936446886446886, insert, 0.33974358974358976, 0.0, 0.14285714285714285
nextInt,SIMPLE_NAME, line no: 64,Scanner,SIMPLE_NAME, line no: 44, 0.00689058608058608, insert, 0.00641025641025641, 0.0, 0.2857142857142857
nextInt,SIMPLE_NAME, line no: 65,Scanner,SIMPLE_NAME, line no: 44, 0.00689058608058608, insert, 0.00641025641025641, 0.0, 0.2857142857142857
nextInt,SIMPLE_NAME, line no: 66,Scanner,SIMPLE_NAME, line no: 44, 0.00689058608058608, insert, 0.00641025641025641, 0.0, 0.2857142857142857
ans,SIMPLE_NAME, line no: 76,println,SIMPLE_NAME, line no: 56, 0.0068826039783001815, insert, 0.33544303797468356, 0.0, 0.14285714285714285
value,SIMPLE_NAME, line no: 76,println,SIMPLE_NAME, line no: 56, 0.0068826039783001815, insert, 0.33544303797468356, 0.0, 0.14285714285714285
String,SIMPLE_NAME, line no: 63,Scanner,SIMPLE_NAME, line no: 44, 0.006880873521383076, insert, 0.006369426751592357, 0.0, 0.2857142857142857
String,SIMPLE_NAME, line no: 76,Scanner,SIMPLE_NAME, line no: 44, 0.006880873521383076, insert, 0.006369426751592357, 0.0, 0.2857142857142857
ans,SIMPLE_NAME, line no: 76,Scanner,SIMPLE_NAME, line no: 44, 0.00687128390596745, insert, 0.006329113924050633, 0.0, 0.2857142857142857
value,SIMPLE_NAME, line no: 76,Scanner,SIMPLE_NAME, line no: 44, 0.00687128390596745, insert, 0.006329113924050633, 0.0, 0.2857142857142857
output+=(String.format("%d is the median\n" ans.value)); ,EXPRESSION_STATEMENT, line no: 76,value=i; ,EXPRESSION_STATEMENT, line no: 7, 0.0068575507395940835, insert, 0.026143790849673203, 0.3333333333333333, 0.12280701754385964
"Please enter 3 numbers separeted by spaces > ",STRING_LITERAL, line no: 63,median_1bf73a9c_000,SIMPLE_NAME, line no: 48, 0.006544198400867326, insert, 0.3248407643312102, 0.0, 0.1276595744680851
nextInt,SIMPLE_NAME, line no: 64,mainClass,SIMPLE_NAME, line no: 48, 0.006420512820512821, insert, 0.3269230769230769, 0.0, 0.1111111111111111
nextInt,SIMPLE_NAME, line no: 65,mainClass,SIMPLE_NAME, line no: 48, 0.006420512820512821, insert, 0.3269230769230769, 0.0, 0.1111111111111111
nextInt,SIMPLE_NAME, line no: 66,mainClass,SIMPLE_NAME, line no: 48, 0.006420512820512821, insert, 0.3269230769230769, 0.0, 0.1111111111111111
ans.value,QUALIFIED_NAME, line no: 76,out,SIMPLE_NAME, line no: 56, 0.006392908704883227, insert, 0.34394904458598724, 0.0, 0.1111111111111111
ans.value,QUALIFIED_NAME, line no: 76,exec,SIMPLE_NAME, line no: 55, 0.006313163481953292, insert, 0.3375796178343949, 0.0, 0.1111111111111111
"Please enter 3 numbers separeted by spaces > ",STRING_LITERAL, line no: 63,mainClass,SIMPLE_NAME, line no: 48, 0.006304114378642093, insert, 0.3248407643312102, 0.0, 0.10638297872340426
ans,SIMPLE_NAME, line no: 76,java,SIMPLE_NAME, line no: 44, 0.00627981012658228, insert, 0.012658227848101266, 0.0, 0.25
"%d is the median\n",STRING_LITERAL, line no: 76,length,SIMPLE_NAME, line no: 50, 0.0061842420382165605, insert, 0.34394904458598724, 0.0, 0.1
scanner,SIMPLE_NAME, line no: 64,median_1bf73a9c_000,SIMPLE_NAME, line no: 48, 0.0061501754385964915, insert, 0.3269230769230769, 0.0, 0.10526315789473684
nextInt,SIMPLE_NAME, line no: 64,median_1bf73a9c_000,SIMPLE_NAME, line no: 48, 0.0061501754385964915, insert, 0.3269230769230769, 0.0, 0.10526315789473684
scanner,SIMPLE_NAME, line no: 65,median_1bf73a9c_000,SIMPLE_NAME, line no: 48, 0.0061501754385964915, insert, 0.3269230769230769, 0.0, 0.10526315789473684
nextInt,SIMPLE_NAME, line no: 65,median_1bf73a9c_000,SIMPLE_NAME, line no: 48, 0.0061501754385964915, insert, 0.3269230769230769, 0.0, 0.10526315789473684
scanner,SIMPLE_NAME, line no: 66,median_1bf73a9c_000,SIMPLE_NAME, line no: 48, 0.0061501754385964915, insert, 0.3269230769230769, 0.0, 0.10526315789473684
nextInt,SIMPLE_NAME, line no: 66,median_1bf73a9c_000,SIMPLE_NAME, line no: 48, 0.0061501754385964915, insert, 0.3269230769230769, 0.0, 0.10526315789473684
String,SIMPLE_NAME, line no: 63,median_1bf73a9c_000,SIMPLE_NAME, line no: 48, 0.006123593697619846, insert, 0.3248407643312102, 0.0, 0.10526315789473684
format,SIMPLE_NAME, line no: 63,median_1bf73a9c_000,SIMPLE_NAME, line no: 48, 0.006123593697619846, insert, 0.3248407643312102, 0.0, 0.10526315789473684
String,SIMPLE_NAME, line no: 76,median_1bf73a9c_000,SIMPLE_NAME, line no: 48, 0.006123593697619846, insert, 0.3248407643312102, 0.0, 0.10526315789473684
format,SIMPLE_NAME, line no: 76,median_1bf73a9c_000,SIMPLE_NAME, line no: 48, 0.006123593697619846, insert, 0.3248407643312102, 0.0, 0.10526315789473684
"%d is the median\n",STRING_LITERAL, line no: 76,exec,SIMPLE_NAME, line no: 55, 0.006104496815286625, insert, 0.3375796178343949, 0.0, 0.1
ans,SIMPLE_NAME, line no: 76,median_1bf73a9c_000,SIMPLE_NAME, line no: 48, 0.006097348434377083, insert, 0.3227848101265823, 0.0, 0.10526315789473684
"Please enter 3 numbers separeted by spaces > ",STRING_LITERAL, line no: 63,length,SIMPLE_NAME, line no: 50, 0.005904539910556986, insert, 0.34394904458598724, 0.0, 0.0851063829787234
"Please enter 3 numbers separeted by spaces > ",STRING_LITERAL, line no: 63,System,SIMPLE_NAME, line no: 53, 0.005904539910556986, insert, 0.12101910828025478, 0.0, 0.0851063829787234
ans.value=third.value; ,EXPRESSION_STATEMENT, line no: 74,ans.value=third.value; ,EXPRESSION_STATEMENT, line no: 74, 0.005883484054145521, insert, 1.0, 3.0, 1.0
ans.value,QUALIFIED_NAME, line no: 76,first.value,QUALIFIED_NAME, line no: 64, 0.005825419803126809, insert, 0.9872611464968153, 0.6666666666666666, 0.6363636363636364
ans.value,QUALIFIED_NAME, line no: 76,second.value,QUALIFIED_NAME, line no: 65, 0.0055867834394904455, insert, 0.9872611464968153, 0.6666666666666666, 0.5833333333333334
"Please enter 3 numbers separeted by spaces > ",STRING_LITERAL, line no: 63,args,SIMPLE_NAME, line no: 50, 0.00550496544247188, insert, 0.34394904458598724, 0.0, 0.06382978723404255
value,SIMPLE_NAME, line no: 76,ans.value,QUALIFIED_NAME, line no: 69, 0.0054810126582278485, insert, 0.06962025316455696, 1.0, 0.5555555555555556
"Please enter 3 numbers separeted by spaces > ",STRING_LITERAL, line no: 63,exec,SIMPLE_NAME, line no: 55, 0.005425220219541943, insert, 0.3375796178343949, 0.0, 0.06382978723404255
"Please enter 3 numbers separeted by spaces > ",STRING_LITERAL, line no: 63,println,SIMPLE_NAME, line no: 56, 0.005425220219541943, insert, 0.3375796178343949, 0.0, 0.06382978723404255
ans.value,QUALIFIED_NAME, line no: 76,third.value,QUALIFIED_NAME, line no: 66, 0.005416328894035901, insert, 0.9872611464968153, 0.6666666666666666, 0.5454545454545454
value,SIMPLE_NAME, line no: 76,util,SIMPLE_NAME, line no: 44, 0.005340810126582278, insert, 0.012658227848101266, 0.0, 0.2
"%d is the median\n",STRING_LITERAL, line no: 76,args,SIMPLE_NAME, line no: 50, 0.005245242038216561, insert, 0.34394904458598724, 0.0, 0.05
"%d is the median\n",STRING_LITERAL, line no: 76,out,SIMPLE_NAME, line no: 56, 0.005245242038216561, insert, 0.34394904458598724, 0.0, 0.05
ans.value=third.value; ,EXPRESSION_STATEMENT, line no: 74,ans.value=first.value; ,EXPRESSION_STATEMENT, line no: 69, 0.005187698113829181, insert, 0.9, 1.5, 0.8695652173913043
ans.value=third.value; ,EXPRESSION_STATEMENT, line no: 74,ans.value=second.value; ,EXPRESSION_STATEMENT, line no: 72, 0.005148048547377331, insert, 1.0, 1.5, 0.7916666666666666
value,SIMPLE_NAME, line no: 76,median_1bf73a9c_000,SIMPLE_NAME, line no: 48, 0.005108927381745503, insert, 0.3227848101265823, 0.0, 0.05263157894736842
"Please enter 3 numbers separeted by spaces > ",STRING_LITERAL, line no: 63,out,SIMPLE_NAME, line no: 56, 0.005105390974386774, insert, 0.34394904458598724, 0.0, 0.0425531914893617
value,SIMPLE_NAME, line no: 76,first.value,QUALIFIED_NAME, line no: 64, 0.00498849252013809, insert, 0.9810126582278481, 1.0, 0.45454545454545453
value,SIMPLE_NAME, line no: 76,third.value,QUALIFIED_NAME, line no: 66, 0.00498849252013809, insert, 0.9810126582278481, 1.0, 0.45454545454545453
value,SIMPLE_NAME, line no: 76,second.value,QUALIFIED_NAME, line no: 65, 0.004818037974683545, insert, 0.9810126582278481, 1.0, 0.4166666666666667
output+=(String.format("Please enter 3 numbers separeted by spaces > ")); ,EXPRESSION_STATEMENT, line no: 62,value=i; ,EXPRESSION_STATEMENT, line no: 7, 0.004817152446564212, insert, 0.026143790849673203, 0.0, 0.08108108108108109
format,SIMPLE_NAME, line no: 63,java,SIMPLE_NAME, line no: 44, 0.004724904458598726, insert, 0.012738853503184714, 0.0, 0.16666666666666666
format,SIMPLE_NAME, line no: 63,util,SIMPLE_NAME, line no: 44, 0.004724904458598726, insert, 0.012738853503184714, 0.0, 0.16666666666666666
format,SIMPLE_NAME, line no: 76,java,SIMPLE_NAME, line no: 44, 0.004724904458598726, insert, 0.012738853503184714, 0.0, 0.16666666666666666
format,SIMPLE_NAME, line no: 76,util,SIMPLE_NAME, line no: 44, 0.004724904458598726, insert, 0.012738853503184714, 0.0, 0.16666666666666666
scanner,SIMPLE_NAME, line no: 64,ans.value,QUALIFIED_NAME, line no: 69, 0.0045, insert, 0.07051282051282051, 0.0, 0.3333333333333333
scanner,SIMPLE_NAME, line no: 65,ans.value,QUALIFIED_NAME, line no: 69, 0.0045, insert, 0.07051282051282051, 0.0, 0.3333333333333333
scanner,SIMPLE_NAME, line no: 66,ans.value,QUALIFIED_NAME, line no: 69, 0.0045, insert, 0.07051282051282051, 0.0, 0.3333333333333333
ans,SIMPLE_NAME, line no: 76,ans.value,QUALIFIED_NAME, line no: 69, 0.004481012658227848, insert, 0.06962025316455696, 1.0, 0.3333333333333333
scanner,SIMPLE_NAME, line no: 64,second.value,QUALIFIED_NAME, line no: 65, 0.004480769230769231, insert, 0.9935897435897436, 0.0, 0.3333333333333333
scanner,SIMPLE_NAME, line no: 65,second.value,QUALIFIED_NAME, line no: 65, 0.004480769230769231, insert, 0.9935897435897436, 0.0, 0.3333333333333333
scanner,SIMPLE_NAME, line no: 66,second.value,QUALIFIED_NAME, line no: 65, 0.004480769230769231, insert, 0.9935897435897436, 0.0, 0.3333333333333333
"%d is the median\n",STRING_LITERAL, line no: 76,Scanner,SIMPLE_NAME, line no: 44, 0.00433215923566879, insert, 0.006369426751592357, 0.0, 0.15
scanner,SIMPLE_NAME, line no: 64,java,SIMPLE_NAME, line no: 44, 0.004287985347985347, insert, 0.01282051282051282, 0.0, 0.14285714285714285
nextInt,SIMPLE_NAME, line no: 64,util,SIMPLE_NAME, line no: 44, 0.004287985347985347, insert, 0.01282051282051282, 0.0, 0.14285714285714285
scanner,SIMPLE_NAME, line no: 65,java,SIMPLE_NAME, line no: 44, 0.004287985347985347, insert, 0.01282051282051282, 0.0, 0.14285714285714285
nextInt,SIMPLE_NAME, line no: 65,util,SIMPLE_NAME, line no: 44, 0.004287985347985347, insert, 0.01282051282051282, 0.0, 0.14285714285714285
scanner,SIMPLE_NAME, line no: 66,java,SIMPLE_NAME, line no: 44, 0.004287985347985347, insert, 0.01282051282051282, 0.0, 0.14285714285714285
nextInt,SIMPLE_NAME, line no: 66,util,SIMPLE_NAME, line no: 44, 0.004287985347985347, insert, 0.01282051282051282, 0.0, 0.14285714285714285
scanner,SIMPLE_NAME, line no: 64,first.value,QUALIFIED_NAME, line no: 64, 0.0042080419580419574, insert, 0.9935897435897436, 0.0, 0.2727272727272727
scanner,SIMPLE_NAME, line no: 65,first.value,QUALIFIED_NAME, line no: 64, 0.0042080419580419574, insert, 0.9935897435897436, 0.0, 0.2727272727272727
scanner,SIMPLE_NAME, line no: 66,first.value,QUALIFIED_NAME, line no: 64, 0.0042080419580419574, insert, 0.9935897435897436, 0.0, 0.2727272727272727
scanner,SIMPLE_NAME, line no: 64,in,SIMPLE_NAME, line no: 53, 0.004207728937728938, insert, 0.12179487179487179, 0.0, 0.14285714285714285
nextInt,SIMPLE_NAME, line no: 64,in,SIMPLE_NAME, line no: 53, 0.004207728937728938, insert, 0.12179487179487179, 0.0, 0.14285714285714285
scanner,SIMPLE_NAME, line no: 65,in,SIMPLE_NAME, line no: 53, 0.004207728937728938, insert, 0.12179487179487179, 0.0, 0.14285714285714285
nextInt,SIMPLE_NAME, line no: 65,in,SIMPLE_NAME, line no: 53, 0.004207728937728938, insert, 0.12179487179487179, 0.0, 0.14285714285714285
scanner,SIMPLE_NAME, line no: 66,in,SIMPLE_NAME, line no: 53, 0.004207728937728938, insert, 0.12179487179487179, 0.0, 0.14285714285714285
nextInt,SIMPLE_NAME, line no: 66,in,SIMPLE_NAME, line no: 53, 0.004207728937728938, insert, 0.12179487179487179, 0.0, 0.14285714285714285
format,SIMPLE_NAME, line no: 63,Scanner,SIMPLE_NAME, line no: 44, 0.0041980163785259325, insert, 0.006369426751592357, 0.0, 0.14285714285714285
format,SIMPLE_NAME, line no: 76,Scanner,SIMPLE_NAME, line no: 44, 0.0041980163785259325, insert, 0.006369426751592357, 0.0, 0.14285714285714285
format,SIMPLE_NAME, line no: 63,first.value,QUALIFIED_NAME, line no: 64, 0.004189056166763173, insert, 0.9872611464968153, 0.0, 0.2727272727272727
format,SIMPLE_NAME, line no: 76,first.value,QUALIFIED_NAME, line no: 64, 0.004189056166763173, insert, 0.9872611464968153, 0.0, 0.2727272727272727
nextInt,SIMPLE_NAME, line no: 64,ans.value,QUALIFIED_NAME, line no: 69, 0.004, insert, 0.07051282051282051, 0.0, 0.2222222222222222
nextInt,SIMPLE_NAME, line no: 65,ans.value,QUALIFIED_NAME, line no: 69, 0.004, insert, 0.07051282051282051, 0.0, 0.2222222222222222
nextInt,SIMPLE_NAME, line no: 66,ans.value,QUALIFIED_NAME, line no: 69, 0.004, insert, 0.07051282051282051, 0.0, 0.2222222222222222
"%d is the median\n",STRING_LITERAL, line no: 76,first.value,QUALIFIED_NAME, line no: 64, 0.003861783439490446, insert, 0.9872611464968153, 0.0, 0.2
"%d is the median\n",STRING_LITERAL, line no: 76,second.value,QUALIFIED_NAME, line no: 65, 0.003861783439490446, insert, 0.9872611464968153, 0.0, 0.2
"%d is the median\n",STRING_LITERAL, line no: 76,third.value,QUALIFIED_NAME, line no: 66, 0.003861783439490446, insert, 0.9872611464968153, 0.0, 0.2
ans.value=third.value; ,EXPRESSION_STATEMENT, line no: 74,first.value=scanner.nextInt(); ,EXPRESSION_STATEMENT, line no: 64, 0.0038337541256045007, insert, 1.0, 0.6000000000000001, 0.41935483870967744
ans.value=third.value; ,EXPRESSION_STATEMENT, line no: 74,third.value=scanner.nextInt(); ,EXPRESSION_STATEMENT, line no: 66, 0.0038337541256045007, insert, 1.0, 1.5, 0.41935483870967744
scanner,SIMPLE_NAME, line no: 64,third.value,QUALIFIED_NAME, line no: 66, 0.0037989510489510494, insert, 0.9935897435897436, 0.0, 0.18181818181818182
scanner,SIMPLE_NAME, line no: 65,third.value,QUALIFIED_NAME, line no: 66, 0.0037989510489510494, insert, 0.9935897435897436, 0.0, 0.18181818181818182
scanner,SIMPLE_NAME, line no: 66,third.value,QUALIFIED_NAME, line no: 66, 0.0037989510489510494, insert, 0.9935897435897436, 0.0, 0.18181818181818182
ans.value=third.value; ,EXPRESSION_STATEMENT, line no: 74,second.value=scanner.nextInt(); ,EXPRESSION_STATEMENT, line no: 65, 0.0037874928598561793, insert, 1.0, 0.6000000000000001, 0.40625
String,SIMPLE_NAME, line no: 63,third.value,QUALIFIED_NAME, line no: 66, 0.0037799652576722643, insert, 0.9872611464968153, 0.0, 0.18181818181818182
format,SIMPLE_NAME, line no: 63,third.value,QUALIFIED_NAME, line no: 66, 0.0037799652576722643, insert, 0.9872611464968153, 0.0, 0.18181818181818182
String,SIMPLE_NAME, line no: 76,third.value,QUALIFIED_NAME, line no: 66, 0.0037799652576722643, insert, 0.9872611464968153, 0.0, 0.18181818181818182
format,SIMPLE_NAME, line no: 76,third.value,QUALIFIED_NAME, line no: 66, 0.0037799652576722643, insert, 0.9872611464968153, 0.0, 0.18181818181818182
first.value=scanner.nextInt(); ,EXPRESSION_STATEMENT, line no: 64,if (true) return; ,IF_STATEMENT, line no: 77, 0.003739354838709677, insert, 1.0, 0.0, 0.3225806451612903
third.value=scanner.nextInt(); ,EXPRESSION_STATEMENT, line no: 66,if (true) return; ,IF_STATEMENT, line no: 77, 0.003739354838709677, insert, 1.0, 0.0, 0.3225806451612903
nextInt,SIMPLE_NAME, line no: 64,second.value,QUALIFIED_NAME, line no: 65, 0.0037307692307692306, insert, 0.9935897435897436, 0.0, 0.16666666666666666
nextInt,SIMPLE_NAME, line no: 65,second.value,QUALIFIED_NAME, line no: 65, 0.0037307692307692306, insert, 0.9935897435897436, 0.0, 0.16666666666666666
nextInt,SIMPLE_NAME, line no: 66,second.value,QUALIFIED_NAME, line no: 65, 0.0037307692307692306, insert, 0.9935897435897436, 0.0, 0.16666666666666666
format,SIMPLE_NAME, line no: 63,second.value,QUALIFIED_NAME, line no: 65, 0.0037117834394904455, insert, 0.9872611464968153, 0.0, 0.16666666666666666
format,SIMPLE_NAME, line no: 76,second.value,QUALIFIED_NAME, line no: 65, 0.0037117834394904455, insert, 0.9872611464968153, 0.0, 0.16666666666666666
ans.value,QUALIFIED_NAME, line no: 76,util,SIMPLE_NAME, line no: 44, 0.003681571125265393, insert, 0.012738853503184714, 0.0, 0.1111111111111111
String,SIMPLE_NAME, line no: 63,i,SIMPLE_NAME, line no: 7, 0.0036084713375796177, insert, 0.03821656050955414, 0.0, 0.16666666666666666
String,SIMPLE_NAME, line no: 76,i,SIMPLE_NAME, line no: 7, 0.0036084713375796177, insert, 0.03821656050955414, 0.0, 0.16666666666666666
ans.value=second.value; ,EXPRESSION_STATEMENT, line no: 72,ans.value=second.value; ,EXPRESSION_STATEMENT, line no: 72, 0.00360288346061446, insert, 1.0, 3.0, 1.0
ans.value,QUALIFIED_NAME, line no: 76,in,SIMPLE_NAME, line no: 53, 0.0036018259023354567, insert, 0.12101910828025478, 0.0, 0.1111111111111111
"Please enter 3 numbers separeted by spaces > ",STRING_LITERAL, line no: 63,second.value,QUALIFIED_NAME, line no: 65, 0.003536251524596829, insert, 0.9872611464968153, 0.0, 0.1276595744680851
"Please enter 3 numbers separeted by spaces > ",STRING_LITERAL, line no: 63,Scanner,SIMPLE_NAME, line no: 44, 0.0035130315760943218, insert, 0.006369426751592357, 0.0, 0.10638297872340426
String,SIMPLE_NAME, line no: 63,ans.value,QUALIFIED_NAME, line no: 69, 0.0035, insert, 0.07006369426751592, 0.0, 0.1111111111111111
format,SIMPLE_NAME, line no: 63,ans.value,QUALIFIED_NAME, line no: 69, 0.0035, insert, 0.07006369426751592, 0.0, 0.1111111111111111
String,SIMPLE_NAME, line no: 76,ans.value,QUALIFIED_NAME, line no: 69, 0.0035, insert, 0.07006369426751592, 0.0, 0.1111111111111111
format,SIMPLE_NAME, line no: 76,ans.value,QUALIFIED_NAME, line no: 69, 0.0035, insert, 0.07006369426751592, 0.0, 0.1111111111111111
"Please enter 3 numbers separeted by spaces > ",STRING_LITERAL, line no: 63,ans.value,QUALIFIED_NAME, line no: 69, 0.003478723404255319, insert, 0.07006369426751592, 0.0, 0.10638297872340426
"%d is the median\n",STRING_LITERAL, line no: 76,util,SIMPLE_NAME, line no: 44, 0.0034729044585987265, insert, 0.012738853503184714, 0.0, 0.1
second.value=scanner.nextInt(); ,EXPRESSION_STATEMENT, line no: 65,if (true) return; ,IF_STATEMENT, line no: 77, 0.003465, insert, 1.0, 0.0, 0.25
"%d is the median\n",STRING_LITERAL, line no: 76,ans.value,QUALIFIED_NAME, line no: 69, 0.00345, insert, 0.07006369426751592, 0.0, 0.1
"Please enter 3 numbers separeted by spaces > ",STRING_LITERAL, line no: 63,first.value,QUALIFIED_NAME, line no: 64, 0.003440506843745765, insert, 0.9872611464968153, 0.0, 0.10638297872340426
"Please enter 3 numbers separeted by spaces > ",STRING_LITERAL, line no: 63,third.value,QUALIFIED_NAME, line no: 66, 0.003440506843745765, insert, 0.9872611464968153, 0.0, 0.10638297872340426
"%d is the median\n",STRING_LITERAL, line no: 76,in,SIMPLE_NAME, line no: 53, 0.00339315923566879, insert, 0.12101910828025478, 0.0, 0.1
nextInt,SIMPLE_NAME, line no: 64,first.value,QUALIFIED_NAME, line no: 64, 0.00338986013986014, insert, 0.9935897435897436, 0.0, 0.09090909090909091
nextInt,SIMPLE_NAME, line no: 64,third.value,QUALIFIED_NAME, line no: 66, 0.00338986013986014, insert, 0.9935897435897436, 0.0, 0.09090909090909091
nextInt,SIMPLE_NAME, line no: 65,first.value,QUALIFIED_NAME, line no: 64, 0.00338986013986014, insert, 0.9935897435897436, 0.0, 0.09090909090909091
nextInt,SIMPLE_NAME, line no: 65,third.value,QUALIFIED_NAME, line no: 66, 0.00338986013986014, insert, 0.9935897435897436, 0.0, 0.09090909090909091
nextInt,SIMPLE_NAME, line no: 66,first.value,QUALIFIED_NAME, line no: 64, 0.00338986013986014, insert, 0.9935897435897436, 0.0, 0.09090909090909091
nextInt,SIMPLE_NAME, line no: 66,third.value,QUALIFIED_NAME, line no: 66, 0.00338986013986014, insert, 0.9935897435897436, 0.0, 0.09090909090909091
String,SIMPLE_NAME, line no: 63,first.value,QUALIFIED_NAME, line no: 64, 0.003370874348581355, insert, 0.9872611464968153, 0.0, 0.09090909090909091
String,SIMPLE_NAME, line no: 76,first.value,QUALIFIED_NAME, line no: 64, 0.003370874348581355, insert, 0.9872611464968153, 0.0, 0.09090909090909091
ans,SIMPLE_NAME, line no: 76,first.value,QUALIFIED_NAME, line no: 64, 0.0033521288837744536, insert, 0.9810126582278481, 0.0, 0.09090909090909091
ans,SIMPLE_NAME, line no: 76,third.value,QUALIFIED_NAME, line no: 66, 0.0033521288837744536, insert, 0.9810126582278481, 0.0, 0.09090909090909091
ans.value=third.value; ,EXPRESSION_STATEMENT, line no: 74,mainClass.exec(); ,EXPRESSION_STATEMENT, line no: 55, 0.003345911801227105, insert, 0.9, 0.0, 0.34782608695652173
String,SIMPLE_NAME, line no: 63,second.value,QUALIFIED_NAME, line no: 65, 0.0033367834394904456, insert, 0.9872611464968153, 0.0, 0.08333333333333333
String,SIMPLE_NAME, line no: 76,second.value,QUALIFIED_NAME, line no: 65, 0.0033367834394904456, insert, 0.9872611464968153, 0.0, 0.08333333333333333
ans,SIMPLE_NAME, line no: 76,second.value,QUALIFIED_NAME, line no: 65, 0.003318037974683544, insert, 0.9810126582278481, 0.0, 0.08333333333333333
output+=(String.format("Please enter 3 numbers separeted by spaces > ")); ,EXPRESSION_STATEMENT, line no: 62,if ((second.value > first.value && second.value < third.value) || (second.value > third.value && second.value < first.value)) {   ans.value=second.value; }  else {   ans.value=third.value; } ,IF_STATEMENT, line no: 70, 0.0032522513089005235, insert, 1.0, 0.0, 0.193717277486911
ans.value=third.value; ,EXPRESSION_STATEMENT, line no: 74,output+=(String.format("%d is the median\n" ans.value)); ,EXPRESSION_STATEMENT, line no: 76, 0.0032204333770059694, insert, 1.0, 1.5, 0.24561403508771928
output+=(String.format("Please enter 3 numbers separeted by spaces > ")); ,EXPRESSION_STATEMENT, line no: 62,if (true) return; ,IF_STATEMENT, line no: 77, 0.0031840540540540546, insert, 1.0, 0.0, 0.17567567567567569
output+=(String.format("%d is the median\n" ans.value)); ,EXPRESSION_STATEMENT, line no: 76,if (true) return; ,IF_STATEMENT, line no: 77, 0.003183157894736842, insert, 1.0, 0.0, 0.17543859649122806
output+=(String.format("%d is the median\n" ans.value)); ,EXPRESSION_STATEMENT, line no: 76,if ((second.value > first.value && second.value < third.value) || (second.value > third.value && second.value < first.value)) {   ans.value=second.value; }  else {   ans.value=third.value; } ,IF_STATEMENT, line no: 70, 0.0031730890052356023, insert, 1.0, 1.6666666666666665, 0.17277486910994763
ans.value=second.value; ,EXPRESSION_STATEMENT, line no: 72,ans.value=third.value; ,EXPRESSION_STATEMENT, line no: 74, 0.0031525230280376525, insert, 1.0, 1.5, 0.7916666666666666
ans.value=third.value; ,EXPRESSION_STATEMENT, line no: 74,mainClass.scanner=new java.util.Scanner(args[0]); ,EXPRESSION_STATEMENT, line no: 51, 0.0031064795805888354, insert, 0.9, 0.0, 0.28
ans.value=third.value; ,EXPRESSION_STATEMENT, line no: 74,mainClass.scanner=new java.util.Scanner(System.in); ,EXPRESSION_STATEMENT, line no: 53, 0.0030684632220851255, insert, 0.9, 0.0, 0.2692307692307692
ans.value,QUALIFIED_NAME, line no: 76,args.length,QUALIFIED_NAME, line no: 50, 0.0030581933989577295, insert, 0.3375796178343949, 0.0, 0.45454545454545453
ans.value=third.value; ,EXPRESSION_STATEMENT, line no: 74,System.out.println(mainClass.output); ,EXPRESSION_STATEMENT, line no: 56, 0.0030470254259364173, insert, 0.9, 0.0, 0.2631578947368421
output+=(String.format("Please enter 3 numbers separeted by spaces > ")); ,EXPRESSION_STATEMENT, line no: 62,if ((first.value > second.value && first.value < third.value) || (first.value > third.value && first.value < second.value)) {   ans.value=first.value; }  else if ((second.value > first.value && second.value < third.value) || (second.value > third.value && second.value < first.value)) {   ans.value=second.value; }  else {   ans.value=third.value; } ,IF_STATEMENT, line no: 67, 0.0030384, insert, 1.0, 0.0, 0.13714285714285715
second.value=scanner.nextInt(); ,EXPRESSION_STATEMENT, line no: 65,if ((second.value > first.value && second.value < third.value) || (second.value > third.value && second.value < first.value)) {   ans.value=second.value; }  else {   ans.value=third.value; } ,IF_STATEMENT, line no: 70, 0.0030345549738219897, insert, 1.0, 1.6666666666666665, 0.13612565445026178
first.value=scanner.nextInt(); ,EXPRESSION_STATEMENT, line no: 64,if ((second.value > first.value && second.value < third.value) || (second.value > third.value && second.value < first.value)) {   ans.value=second.value; }  else {   ans.value=third.value; } ,IF_STATEMENT, line no: 70, 0.0030147643979057596, insert, 1.0, 1.6666666666666665, 0.13089005235602094
ans.value=second.value; ,EXPRESSION_STATEMENT, line no: 72,ans.value=first.value; ,EXPRESSION_STATEMENT, line no: 69, 0.003008407689613074, insert, 0.9, 1.5, 0.7916666666666666
third.value=scanner.nextInt(); ,EXPRESSION_STATEMENT, line no: 66,if ((second.value > first.value && second.value < third.value) || (second.value > third.value && second.value < first.value)) {   ans.value=second.value; }  else {   ans.value=third.value; } ,IF_STATEMENT, line no: 70, 0.002994973821989529, insert, 1.0, 1.6666666666666665, 0.1256544502617801
output+=(String.format("%d is the median\n" ans.value)); ,EXPRESSION_STATEMENT, line no: 76,if ((first.value > second.value && first.value < third.value) || (first.value > third.value && first.value < second.value)) {   ans.value=first.value; }  else if ((second.value > first.value && second.value < third.value) || (second.value > third.value && second.value < first.value)) {   ans.value=second.value; }  else {   ans.value=third.value; } ,IF_STATEMENT, line no: 67, 0.0029628000000000002, insert, 1.0, 1.6666666666666665, 0.11714285714285715
value,SIMPLE_NAME, line no: 76,true,BOOLEAN_LITERAL, line no: 77, 0.0029485063291139245, insert, 0.9683544303797469, 0.0, 0.4
ans.value=first.value; ,EXPRESSION_STATEMENT, line no: 69,ans.value=first.value; ,EXPRESSION_STATEMENT, line no: 69, 0.0029417420270727605, insert, 1.0, 3.0, 1.0
ans.value=third.value; ,EXPRESSION_STATEMENT, line no: 74,output+=(String.format("Please enter 3 numbers separeted by spaces > ")); ,EXPRESSION_STATEMENT, line no: 62, 0.0029258407188183133, insert, 1.0, 0.0, 0.16216216216216217
first.value=scanner.nextInt(); ,EXPRESSION_STATEMENT, line no: 64,if ((first.value > second.value && first.value < third.value) || (first.value > third.value && first.value < second.value)) {   ans.value=first.value; }  else if ((second.value > first.value && second.value < third.value) || (second.value > third.value && second.value < first.value)) {   ans.value=second.value; }  else {   ans.value=third.value; } ,IF_STATEMENT, line no: 67, 0.0028224, insert, 1.0, 1.6666666666666665, 0.08
second.value=scanner.nextInt(); ,EXPRESSION_STATEMENT, line no: 65,if ((first.value > second.value && first.value < third.value) || (first.value > third.value && first.value < second.value)) {   ans.value=first.value; }  else if ((second.value > first.value && second.value < third.value) || (second.value > third.value && second.value < first.value)) {   ans.value=second.value; }  else {   ans.value=third.value; } ,IF_STATEMENT, line no: 67, 0.0028224, insert, 1.0, 1.6666666666666665, 0.08
third.value=scanner.nextInt(); ,EXPRESSION_STATEMENT, line no: 66,if ((first.value > second.value && first.value < third.value) || (first.value > third.value && first.value < second.value)) {   ans.value=first.value; }  else if ((second.value > first.value && second.value < third.value) || (second.value > third.value && second.value < first.value)) {   ans.value=second.value; }  else {   ans.value=third.value; } ,IF_STATEMENT, line no: 67, 0.0028116, insert, 1.0, 1.6666666666666665, 0.07714285714285714
String,SIMPLE_NAME, line no: 63,true,BOOLEAN_LITERAL, line no: 77, 0.0027721019108280253, insert, 0.9745222929936306, 0.0, 0.3333333333333333
String,SIMPLE_NAME, line no: 76,true,BOOLEAN_LITERAL, line no: 77, 0.0027721019108280253, insert, 0.9745222929936306, 0.0, 0.3333333333333333
ans.value=first.value; ,EXPRESSION_STATEMENT, line no: 69,ans.value=third.value; ,EXPRESSION_STATEMENT, line no: 74, 0.002711518737997501, insert, 1.0, 1.5, 0.8695652173913043
ans.value=first.value; ,EXPRESSION_STATEMENT, line no: 69,ans.value=second.value; ,EXPRESSION_STATEMENT, line no: 72, 0.0025740242736886653, insert, 1.0, 1.5, 0.7916666666666666
"%d is the median\n",STRING_LITERAL, line no: 76,java,SIMPLE_NAME, line no: 44, 0.0025339044585987263, insert, 0.012738853503184714, 0.0, 0.05
ans.value=second.value; ,EXPRESSION_STATEMENT, line no: 72,first.value=scanner.nextInt(); ,EXPRESSION_STATEMENT, line no: 64, 0.002487151808295144, insert, 1.0, 0.6000000000000001, 0.4838709677419355
ans.value,QUALIFIED_NAME, line no: 76,true,BOOLEAN_LITERAL, line no: 77, 0.0024587685774946923, insert, 0.9745222929936306, 0.0, 0.2222222222222222
ans.value=second.value; ,EXPRESSION_STATEMENT, line no: 72,second.value=scanner.nextInt(); ,EXPRESSION_STATEMENT, line no: 65, 0.002454464357543601, insert, 1.0, 1.5, 0.46875
ans.value,QUALIFIED_NAME, line no: 76,mainClass.output,QUALIFIED_NAME, line no: 56, 0.0024189888535031843, insert, 0.3375796178343949, 0.0, 0.3125
ans.value=second.value; ,EXPRESSION_STATEMENT, line no: 72,third.value=scanner.nextInt(); ,EXPRESSION_STATEMENT, line no: 66, 0.002417418580025186, insert, 1.0, 0.6000000000000001, 0.45161290322580644
"Please enter 3 numbers separeted by spaces > ",STRING_LITERAL, line no: 63,java,SIMPLE_NAME, line no: 44, 0.002394053394768939, insert, 0.012738853503184714, 0.0, 0.0425531914893617
"Please enter 3 numbers separeted by spaces > ",STRING_LITERAL, line no: 63,util,SIMPLE_NAME, line no: 44, 0.002394053394768939, insert, 0.012738853503184714, 0.0, 0.0425531914893617
ans.value,QUALIFIED_NAME, line no: 76,java.util,QUALIFIED_NAME, line no: 44, 0.002363057324840764, insert, 0.006369426751592357, 0.0, 0.4444444444444444
ans.value,QUALIFIED_NAME, line no: 76,System.out,QUALIFIED_NAME, line no: 56, 0.002362738853503185, insert, 0.3375796178343949, 0.0, 0.3
String,SIMPLE_NAME, line no: 63,System.in,QUALIFIED_NAME, line no: 53, 0.002343949044585987, insert, 0.11464968152866242, 0.0, 0.4444444444444444
String,SIMPLE_NAME, line no: 76,System.in,QUALIFIED_NAME, line no: 53, 0.002343949044585987, insert, 0.11464968152866242, 0.0, 0.4444444444444444
ans.value=third.value; ,EXPRESSION_STATEMENT, line no: 74,value=i; ,EXPRESSION_STATEMENT, line no: 7, 0.0023226971831148404, insert, 0.4, 0.3333333333333333, 0.391304347826087
format,SIMPLE_NAME, line no: 63,true,BOOLEAN_LITERAL, line no: 77, 0.0023021019108280254, insert, 0.9745222929936306, 0.0, 0.16666666666666666
format,SIMPLE_NAME, line no: 76,true,BOOLEAN_LITERAL, line no: 77, 0.0023021019108280254, insert, 0.9745222929936306, 0.0, 0.16666666666666666
scanner,SIMPLE_NAME, line no: 64,true,BOOLEAN_LITERAL, line no: 77, 0.0022467032967032965, insert, 0.9807692307692307, 0.0, 0.14285714285714285
nextInt,SIMPLE_NAME, line no: 64,true,BOOLEAN_LITERAL, line no: 77, 0.0022467032967032965, insert, 0.9807692307692307, 0.0, 0.14285714285714285
scanner,SIMPLE_NAME, line no: 65,true,BOOLEAN_LITERAL, line no: 77, 0.0022467032967032965, insert, 0.9807692307692307, 0.0, 0.14285714285714285
nextInt,SIMPLE_NAME, line no: 65,true,BOOLEAN_LITERAL, line no: 77, 0.0022467032967032965, insert, 0.9807692307692307, 0.0, 0.14285714285714285
scanner,SIMPLE_NAME, line no: 66,true,BOOLEAN_LITERAL, line no: 77, 0.0022467032967032965, insert, 0.9807692307692307, 0.0, 0.14285714285714285
nextInt,SIMPLE_NAME, line no: 66,true,BOOLEAN_LITERAL, line no: 77, 0.0022467032967032965, insert, 0.9807692307692307, 0.0, 0.14285714285714285
nextInt,SIMPLE_NAME, line no: 64,args.length,QUALIFIED_NAME, line no: 50, 0.0022465034965034967, insert, 0.33974358974358976, 0.0, 0.2727272727272727
nextInt,SIMPLE_NAME, line no: 65,args.length,QUALIFIED_NAME, line no: 50, 0.0022465034965034967, insert, 0.33974358974358976, 0.0, 0.2727272727272727
nextInt,SIMPLE_NAME, line no: 66,args.length,QUALIFIED_NAME, line no: 50, 0.0022465034965034967, insert, 0.33974358974358976, 0.0, 0.2727272727272727
String,SIMPLE_NAME, line no: 63,args.length,QUALIFIED_NAME, line no: 50, 0.002240011580775912, insert, 0.3375796178343949, 0.0, 0.2727272727272727
String,SIMPLE_NAME, line no: 76,args.length,QUALIFIED_NAME, line no: 50, 0.002240011580775912, insert, 0.3375796178343949, 0.0, 0.2727272727272727
value,SIMPLE_NAME, line no: 76,args.length,QUALIFIED_NAME, line no: 50, 0.0022336018411967776, insert, 0.33544303797468356, 0.0, 0.2727272727272727
scanner,SIMPLE_NAME, line no: 64,mainClass.scanner,QUALIFIED_NAME, line no: 51, 0.0021798642533936647, insert, 0.09615384615384616, 1.0, 0.4117647058823529
scanner,SIMPLE_NAME, line no: 65,mainClass.scanner,QUALIFIED_NAME, line no: 51, 0.0021798642533936647, insert, 0.09615384615384616, 1.0, 0.4117647058823529
scanner,SIMPLE_NAME, line no: 66,mainClass.scanner,QUALIFIED_NAME, line no: 51, 0.0021798642533936647, insert, 0.09615384615384616, 1.0, 0.4117647058823529
"%d is the median\n",STRING_LITERAL, line no: 76,true,BOOLEAN_LITERAL, line no: 77, 0.0021141019108280256, insert, 0.9745222929936306, 0.0, 0.1
ans.value=second.value; ,EXPRESSION_STATEMENT, line no: 72,mainClass.exec(); ,EXPRESSION_STATEMENT, line no: 55, 0.002107686824459459, insert, 0.9, 0.0, 0.375
"Please enter 3 numbers separeted by spaces > ",STRING_LITERAL, line no: 63,true,BOOLEAN_LITERAL, line no: 77, 0.0020721019108280257, insert, 0.9745222929936306, 0.0, 0.0851063829787234
ans.value=second.value; ,EXPRESSION_STATEMENT, line no: 72,output+=(String.format("%d is the median\n" ans.value)); ,EXPRESSION_STATEMENT, line no: 76, 0.0019721046310731782, insert, 1.0, 1.5, 0.24561403508771928
scanner,SIMPLE_NAME, line no: 64,java.util.Scanner,QUALIFIED_NAME, line no: 51, 0.0019343891402714929, insert, 0.10256410256410256, 0.0, 0.35294117647058826
scanner,SIMPLE_NAME, line no: 65,java.util.Scanner,QUALIFIED_NAME, line no: 51, 0.0019343891402714929, insert, 0.10256410256410256, 0.0, 0.35294117647058826
scanner,SIMPLE_NAME, line no: 66,java.util.Scanner,QUALIFIED_NAME, line no: 51, 0.0019343891402714929, insert, 0.10256410256410256, 0.0, 0.35294117647058826
scanner,SIMPLE_NAME, line no: 64,System.out,QUALIFIED_NAME, line no: 56, 0.0019192307692307692, insert, 0.33974358974358976, 0.0, 0.2
nextInt,SIMPLE_NAME, line no: 64,System.out,QUALIFIED_NAME, line no: 56, 0.0019192307692307692, insert, 0.33974358974358976, 0.0, 0.2
scanner,SIMPLE_NAME, line no: 65,System.out,QUALIFIED_NAME, line no: 56, 0.0019192307692307692, insert, 0.33974358974358976, 0.0, 0.2
nextInt,SIMPLE_NAME, line no: 65,System.out,QUALIFIED_NAME, line no: 56, 0.0019192307692307692, insert, 0.33974358974358976, 0.0, 0.2
scanner,SIMPLE_NAME, line no: 66,System.out,QUALIFIED_NAME, line no: 56, 0.0019192307692307692, insert, 0.33974358974358976, 0.0, 0.2
nextInt,SIMPLE_NAME, line no: 66,System.out,QUALIFIED_NAME, line no: 56, 0.0019192307692307692, insert, 0.33974358974358976, 0.0, 0.2
ans.value=first.value; ,EXPRESSION_STATEMENT, line no: 69,first.value=scanner.nextInt(); ,EXPRESSION_STATEMENT, line no: 64, 0.0019168770628022504, insert, 1.0, 1.5, 0.41935483870967744
"Please enter 3 numbers separeted by spaces > ",STRING_LITERAL, line no: 63,in,SIMPLE_NAME, line no: 53, 0.0019147337037538964, insert, 0.12101910828025478, 0.0, 0.02127659574468085
ans.value,QUALIFIED_NAME, line no: 76,mainClass.scanner,QUALIFIED_NAME, line no: 51, 0.0019130760584488574, insert, 0.09554140127388536, 0.0, 0.35294117647058826
String,SIMPLE_NAME, line no: 63,System.out,QUALIFIED_NAME, line no: 56, 0.0019127388535031843, insert, 0.3375796178343949, 0.0, 0.2
format,SIMPLE_NAME, line no: 63,System.out,QUALIFIED_NAME, line no: 56, 0.0019127388535031843, insert, 0.3375796178343949, 0.0, 0.2
String,SIMPLE_NAME, line no: 76,System.out,QUALIFIED_NAME, line no: 56, 0.0019127388535031843, insert, 0.3375796178343949, 0.0, 0.2
format,SIMPLE_NAME, line no: 76,System.out,QUALIFIED_NAME, line no: 56, 0.0019127388535031843, insert, 0.3375796178343949, 0.0, 0.2
"%d is the median\n",STRING_LITERAL, line no: 76,System.out,QUALIFIED_NAME, line no: 56, 0.0019127388535031843, insert, 0.3375796178343949, 0.0, 0.2
ans.value=second.value; ,EXPRESSION_STATEMENT, line no: 72,mainClass.scanner=new java.util.Scanner(args[0]); ,EXPRESSION_STATEMENT, line no: 51, 0.001902322467204435, insert, 0.9, 0.0, 0.28
ans.value=first.value; ,EXPRESSION_STATEMENT, line no: 69,second.value=scanner.nextInt(); ,EXPRESSION_STATEMENT, line no: 65, 0.0018937464299280896, insert, 1.0, 0.6000000000000001, 0.40625
ans.value=second.value; ,EXPRESSION_STATEMENT, line no: 72,mainClass.scanner=new java.util.Scanner(System.in); ,EXPRESSION_STATEMENT, line no: 53, 0.0018790422971512338, insert, 0.9, 0.0, 0.2692307692307692
nextInt,SIMPLE_NAME, line no: 64,mainClass.output,QUALIFIED_NAME, line no: 56, 0.0018629807692307691, insert, 0.33974358974358976, 0.0, 0.1875
nextInt,SIMPLE_NAME, line no: 65,mainClass.output,QUALIFIED_NAME, line no: 56, 0.0018629807692307691, insert, 0.33974358974358976, 0.0, 0.1875
nextInt,SIMPLE_NAME, line no: 66,mainClass.output,QUALIFIED_NAME, line no: 56, 0.0018629807692307691, insert, 0.33974358974358976, 0.0, 0.1875
value,SIMPLE_NAME, line no: 76,java.util,QUALIFIED_NAME, line no: 44, 0.0018607594936708859, insert, 0.006329113924050633, 0.0, 0.3333333333333333
ans.value=first.value; ,EXPRESSION_STATEMENT, line no: 69,third.value=scanner.nextInt(); ,EXPRESSION_STATEMENT, line no: 66, 0.0018599401203427779, insert, 1.0, 0.6000000000000001, 0.3870967741935484
format,SIMPLE_NAME, line no: 63,mainClass.output,QUALIFIED_NAME, line no: 56, 0.0018564888535031845, insert, 0.3375796178343949, 0.0, 0.1875
format,SIMPLE_NAME, line no: 76,mainClass.output,QUALIFIED_NAME, line no: 56, 0.0018564888535031845, insert, 0.3375796178343949, 0.0, 0.1875
ans,SIMPLE_NAME, line no: 76,mainClass.output,QUALIFIED_NAME, line no: 56, 0.0018500791139240507, insert, 0.33544303797468356, 0.0, 0.1875
value,SIMPLE_NAME, line no: 76,mainClass.output,QUALIFIED_NAME, line no: 56, 0.0018500791139240507, insert, 0.33544303797468356, 0.0, 0.1875
scanner,SIMPLE_NAME, line no: 64,args.length,QUALIFIED_NAME, line no: 50, 0.0018374125874125874, insert, 0.33974358974358976, 0.0, 0.18181818181818182
scanner,SIMPLE_NAME, line no: 65,args.length,QUALIFIED_NAME, line no: 50, 0.0018374125874125874, insert, 0.33974358974358976, 0.0, 0.18181818181818182
scanner,SIMPLE_NAME, line no: 66,args.length,QUALIFIED_NAME, line no: 50, 0.0018374125874125874, insert, 0.33974358974358976, 0.0, 0.18181818181818182
format,SIMPLE_NAME, line no: 63,args.length,QUALIFIED_NAME, line no: 50, 0.001830920671685003, insert, 0.3375796178343949, 0.0, 0.18181818181818182
format,SIMPLE_NAME, line no: 76,args.length,QUALIFIED_NAME, line no: 50, 0.001830920671685003, insert, 0.3375796178343949, 0.0, 0.18181818181818182
ans,SIMPLE_NAME, line no: 76,args.length,QUALIFIED_NAME, line no: 50, 0.001824510932105869, insert, 0.33544303797468356, 0.0, 0.18181818181818182
ans.value=second.value; ,EXPRESSION_STATEMENT, line no: 72,output+=(String.format("Please enter 3 numbers separeted by spaces > ")); ,EXPRESSION_STATEMENT, line no: 62, 0.0018209167760402814, insert, 1.0, 0.0, 0.17567567567567569
ans.value=second.value; ,EXPRESSION_STATEMENT, line no: 72,System.out.println(mainClass.output); ,EXPRESSION_STATEMENT, line no: 56, 0.0018090267481190503, insert, 0.9, 0.0, 0.23684210526315788
ans.value=first.value; ,EXPRESSION_STATEMENT, line no: 69,mainClass.exec(); ,EXPRESSION_STATEMENT, line no: 55, 0.001790625581696463, insert, 1.0, 0.0, 0.34782608695652173
"%d is the median\n",STRING_LITERAL, line no: 76,System.in,QUALIFIED_NAME, line no: 53, 0.0016939490445859872, insert, 0.11464968152866242, 0.0, 0.3
"%d is the median\n",STRING_LITERAL, line no: 76,args.length,QUALIFIED_NAME, line no: 50, 0.0016877388535031846, insert, 0.3375796178343949, 0.0, 0.15
"%d is the median\n",STRING_LITERAL, line no: 76,mainClass.output,QUALIFIED_NAME, line no: 56, 0.0016877388535031846, insert, 0.3375796178343949, 0.0, 0.15
output+=(String.format("Please enter 3 numbers separeted by spaces > ")); ,EXPRESSION_STATEMENT, line no: 62,if (args.length > 0) {   mainClass.scanner=new java.util.Scanner(args[0]); }  else {   mainClass.scanner=new java.util.Scanner(System.in); } ,IF_STATEMENT, line no: 50, 0.0016710638297872341, insert, 0.3333333333333333, 0.0, 0.2198581560283688
ans.value,QUALIFIED_NAME, line no: 76,java.util.Scanner,QUALIFIED_NAME, line no: 51, 0.0016674784563506934, insert, 0.10191082802547771, 0.0, 0.29411764705882354
ans.value=first.value; ,EXPRESSION_STATEMENT, line no: 69,mainClass.scanner=new java.util.Scanner(System.in); ,EXPRESSION_STATEMENT, line no: 53, 0.0016519012921254732, insert, 1.0, 0.0, 0.2692307692307692
ans.value=first.value; ,EXPRESSION_STATEMENT, line no: 69,System.out.println(mainClass.output); ,EXPRESSION_STATEMENT, line no: 56, 0.001641182394051119, insert, 1.0, 0.0, 0.2631578947368421
ans.value=first.value; ,EXPRESSION_STATEMENT, line no: 69,mainClass.scanner=new java.util.Scanner(args[0]); ,EXPRESSION_STATEMENT, line no: 51, 0.0016356085670524549, insert, 1.0, 0.0, 0.26
ans.value=first.value; ,EXPRESSION_STATEMENT, line no: 69,output+=(String.format("%d is the median\n" ans.value)); ,EXPRESSION_STATEMENT, line no: 76, 0.0016102166885029847, insert, 1.0, 1.5, 0.24561403508771928
"Please enter 3 numbers separeted by spaces > ",STRING_LITERAL, line no: 63,mainClass.output,QUALIFIED_NAME, line no: 56, 0.0015872069386095673, insert, 0.3375796178343949, 0.0, 0.1276595744680851
scanner,SIMPLE_NAME, line no: 64,mainClass.output,QUALIFIED_NAME, line no: 56, 0.0015817307692307693, insert, 0.33974358974358976, 0.0, 0.125
scanner,SIMPLE_NAME, line no: 65,mainClass.output,QUALIFIED_NAME, line no: 56, 0.0015817307692307693, insert, 0.33974358974358976, 0.0, 0.125
scanner,SIMPLE_NAME, line no: 66,mainClass.output,QUALIFIED_NAME, line no: 56, 0.0015817307692307693, insert, 0.33974358974358976, 0.0, 0.125
String,SIMPLE_NAME, line no: 63,mainClass.output,QUALIFIED_NAME, line no: 56, 0.0015752388535031844, insert, 0.3375796178343949, 0.0, 0.125
String,SIMPLE_NAME, line no: 76,mainClass.output,QUALIFIED_NAME, line no: 56, 0.0015752388535031844, insert, 0.3375796178343949, 0.0, 0.125
output+=(String.format("%d is the median\n" ans.value)); ,EXPRESSION_STATEMENT, line no: 76,if (args.length > 0) {   mainClass.scanner=new java.util.Scanner(args[0]); }  else {   mainClass.scanner=new java.util.Scanner(System.in); } ,IF_STATEMENT, line no: 50, 0.0015370212765957445, insert, 0.3333333333333333, 0.0, 0.18439716312056736
"Please enter 3 numbers separeted by spaces > ",STRING_LITERAL, line no: 63,args.length,QUALIFIED_NAME, line no: 50, 0.0014914622577585038, insert, 0.3375796178343949, 0.0, 0.10638297872340426
"Please enter 3 numbers separeted by spaces > ",STRING_LITERAL, line no: 63,System.out,QUALIFIED_NAME, line no: 56, 0.0014914622577585038, insert, 0.3375796178343949, 0.0, 0.10638297872340426
ans.value=first.value; ,EXPRESSION_STATEMENT, line no: 69,output+=(String.format("Please enter 3 numbers separeted by spaces > ")); ,EXPRESSION_STATEMENT, line no: 62, 0.0014867723217908278, insert, 1.0, 0.0, 0.17567567567567569
first.value=scanner.nextInt(); ,EXPRESSION_STATEMENT, line no: 64,if (args.length > 0) {   mainClass.scanner=new java.util.Scanner(args[0]); }  else {   mainClass.scanner=new java.util.Scanner(System.in); } ,IF_STATEMENT, line no: 50, 0.001483404255319149, insert, 0.3333333333333333, 0.5, 0.1702127659574468
"%d is the median\n",STRING_LITERAL, line no: 76,java.util.Scanner,QUALIFIED_NAME, line no: 51, 0.0014689490445859872, insert, 0.10191082802547771, 0.0, 0.25
second.value=scanner.nextInt(); ,EXPRESSION_STATEMENT, line no: 65,if (args.length > 0) {   mainClass.scanner=new java.util.Scanner(args[0]); }  else {   mainClass.scanner=new java.util.Scanner(System.in); } ,IF_STATEMENT, line no: 50, 0.001456595744680851, insert, 0.3333333333333333, 0.5, 0.16312056737588654
third.value=scanner.nextInt(); ,EXPRESSION_STATEMENT, line no: 66,if (args.length > 0) {   mainClass.scanner=new java.util.Scanner(args[0]); }  else {   mainClass.scanner=new java.util.Scanner(System.in); } ,IF_STATEMENT, line no: 50, 0.001456595744680851, insert, 0.3333333333333333, 0.5, 0.16312056737588654
ans,SIMPLE_NAME, line no: 76,System.out,QUALIFIED_NAME, line no: 56, 0.0014563291139240507, insert, 0.33544303797468356, 0.0, 0.1
value,SIMPLE_NAME, line no: 76,System.out,QUALIFIED_NAME, line no: 56, 0.0014563291139240507, insert, 0.33544303797468356, 0.0, 0.1
"%d is the median\n",STRING_LITERAL, line no: 76,mainClass.scanner,QUALIFIED_NAME, line no: 51, 0.0014498407643312103, insert, 0.09554140127388536, 0.0, 0.25
"%d is the median\n",STRING_LITERAL, line no: 76,i,SIMPLE_NAME, line no: 7, 0.0014174713375796177, insert, 0.03821656050955414, 0.0, 0.05
value,SIMPLE_NAME, line no: 76,java.util.Scanner,QUALIFIED_NAME, line no: 51, 0.0014005956813104988, insert, 0.10126582278481013, 0.0, 0.23529411764705882
String,SIMPLE_NAME, line no: 63,java.util,QUALIFIED_NAME, line no: 44, 0.0013630573248407643, insert, 0.006369426751592357, 0.0, 0.2222222222222222
format,SIMPLE_NAME, line no: 63,java.util,QUALIFIED_NAME, line no: 44, 0.0013630573248407643, insert, 0.006369426751592357, 0.0, 0.2222222222222222
String,SIMPLE_NAME, line no: 76,java.util,QUALIFIED_NAME, line no: 44, 0.0013630573248407643, insert, 0.006369426751592357, 0.0, 0.2222222222222222
format,SIMPLE_NAME, line no: 76,java.util,QUALIFIED_NAME, line no: 44, 0.0013630573248407643, insert, 0.006369426751592357, 0.0, 0.2222222222222222
scanner,SIMPLE_NAME, line no: 64,System.in,QUALIFIED_NAME, line no: 53, 0.001346153846153846, insert, 0.11538461538461539, 0.0, 0.2222222222222222
nextInt,SIMPLE_NAME, line no: 64,System.in,QUALIFIED_NAME, line no: 53, 0.001346153846153846, insert, 0.11538461538461539, 0.0, 0.2222222222222222
scanner,SIMPLE_NAME, line no: 65,System.in,QUALIFIED_NAME, line no: 53, 0.001346153846153846, insert, 0.11538461538461539, 0.0, 0.2222222222222222
nextInt,SIMPLE_NAME, line no: 65,System.in,QUALIFIED_NAME, line no: 53, 0.001346153846153846, insert, 0.11538461538461539, 0.0, 0.2222222222222222
scanner,SIMPLE_NAME, line no: 66,System.in,QUALIFIED_NAME, line no: 53, 0.001346153846153846, insert, 0.11538461538461539, 0.0, 0.2222222222222222
nextInt,SIMPLE_NAME, line no: 66,System.in,QUALIFIED_NAME, line no: 53, 0.001346153846153846, insert, 0.11538461538461539, 0.0, 0.2222222222222222
ans.value,QUALIFIED_NAME, line no: 76,System.in,QUALIFIED_NAME, line no: 53, 0.0013439490445859873, insert, 0.11464968152866242, 0.0, 0.2222222222222222
ans.value=second.value; ,EXPRESSION_STATEMENT, line no: 72,value=i; ,EXPRESSION_STATEMENT, line no: 7, 0.0012970380458212055, insert, 0.4, 0.3333333333333333, 0.3333333333333333
ans.value=first.value; ,EXPRESSION_STATEMENT, line no: 69,value=i; ,EXPRESSION_STATEMENT, line no: 7, 0.0012136462275942693, insert, 0.4444444444444444, 0.3333333333333333, 0.391304347826087
String,SIMPLE_NAME, line no: 63,java.util.Scanner,QUALIFIED_NAME, line no: 51, 0.0011380666916448107, insert, 0.10191082802547771, 0.0, 0.17647058823529413
String,SIMPLE_NAME, line no: 76,java.util.Scanner,QUALIFIED_NAME, line no: 51, 0.0011380666916448107, insert, 0.10191082802547771, 0.0, 0.17647058823529413
ans,SIMPLE_NAME, line no: 76,mainClass.scanner,QUALIFIED_NAME, line no: 51, 0.001116902457185406, insert, 0.0949367088607595, 0.0, 0.17647058823529413
value,SIMPLE_NAME, line no: 76,mainClass.scanner,QUALIFIED_NAME, line no: 51, 0.001116902457185406, insert, 0.0949367088607595, 0.0, 0.17647058823529413
"Please enter 3 numbers separeted by spaces > ",STRING_LITERAL, line no: 63,mainClass.scanner,QUALIFIED_NAME, line no: 51, 9.95053530288657E-4, insert, 0.09554140127388536, 0.0, 0.14893617021276595
"Please enter 3 numbers separeted by spaces > ",STRING_LITERAL, line no: 63,java.util.Scanner,QUALIFIED_NAME, line no: 51, 9.184171296923702E-4, insert, 0.10191082802547771, 0.0, 0.1276595744680851
nextInt,SIMPLE_NAME, line no: 64,java.util.Scanner,QUALIFIED_NAME, line no: 51, 8.755656108597285E-4, insert, 0.10256410256410256, 0.0, 0.11764705882352941
nextInt,SIMPLE_NAME, line no: 65,java.util.Scanner,QUALIFIED_NAME, line no: 51, 8.755656108597285E-4, insert, 0.10256410256410256, 0.0, 0.11764705882352941
nextInt,SIMPLE_NAME, line no: 66,java.util.Scanner,QUALIFIED_NAME, line no: 51, 8.755656108597285E-4, insert, 0.10256410256410256, 0.0, 0.11764705882352941
format,SIMPLE_NAME, line no: 63,java.util.Scanner,QUALIFIED_NAME, line no: 51, 8.733608092918696E-4, insert, 0.10191082802547771, 0.0, 0.11764705882352941
format,SIMPLE_NAME, line no: 76,java.util.Scanner,QUALIFIED_NAME, line no: 51, 8.733608092918696E-4, insert, 0.10191082802547771, 0.0, 0.11764705882352941
ans,SIMPLE_NAME, line no: 76,java.util.Scanner,QUALIFIED_NAME, line no: 51, 8.711839166046164E-4, insert, 0.10126582278481013, 0.0, 0.11764705882352941
scanner,SIMPLE_NAME, line no: 64,java.util,QUALIFIED_NAME, line no: 44, 8.653846153846154E-4, insert, 0.00641025641025641, 0.0, 0.1111111111111111
nextInt,SIMPLE_NAME, line no: 64,java.util,QUALIFIED_NAME, line no: 44, 8.653846153846154E-4, insert, 0.00641025641025641, 0.0, 0.1111111111111111
scanner,SIMPLE_NAME, line no: 65,java.util,QUALIFIED_NAME, line no: 44, 8.653846153846154E-4, insert, 0.00641025641025641, 0.0, 0.1111111111111111
nextInt,SIMPLE_NAME, line no: 65,java.util,QUALIFIED_NAME, line no: 44, 8.653846153846154E-4, insert, 0.00641025641025641, 0.0, 0.1111111111111111
scanner,SIMPLE_NAME, line no: 66,java.util,QUALIFIED_NAME, line no: 44, 8.653846153846154E-4, insert, 0.00641025641025641, 0.0, 0.1111111111111111
nextInt,SIMPLE_NAME, line no: 66,java.util,QUALIFIED_NAME, line no: 44, 8.653846153846154E-4, insert, 0.00641025641025641, 0.0, 0.1111111111111111
ans,SIMPLE_NAME, line no: 76,java.util,QUALIFIED_NAME, line no: 44, 8.607594936708861E-4, insert, 0.006329113924050633, 0.0, 0.1111111111111111
nextInt,SIMPLE_NAME, line no: 64,mainClass.scanner,QUALIFIED_NAME, line no: 51, 8.563348416289593E-4, insert, 0.09615384615384616, 0.0, 0.11764705882352941
nextInt,SIMPLE_NAME, line no: 65,mainClass.scanner,QUALIFIED_NAME, line no: 51, 8.563348416289593E-4, insert, 0.09615384615384616, 0.0, 0.11764705882352941
nextInt,SIMPLE_NAME, line no: 66,mainClass.scanner,QUALIFIED_NAME, line no: 51, 8.563348416289593E-4, insert, 0.09615384615384616, 0.0, 0.11764705882352941
String,SIMPLE_NAME, line no: 63,mainClass.scanner,QUALIFIED_NAME, line no: 51, 8.542525290370926E-4, insert, 0.09554140127388536, 0.0, 0.11764705882352941
format,SIMPLE_NAME, line no: 63,mainClass.scanner,QUALIFIED_NAME, line no: 51, 8.542525290370926E-4, insert, 0.09554140127388536, 0.0, 0.11764705882352941
String,SIMPLE_NAME, line no: 76,mainClass.scanner,QUALIFIED_NAME, line no: 51, 8.542525290370926E-4, insert, 0.09554140127388536, 0.0, 0.11764705882352941
format,SIMPLE_NAME, line no: 76,mainClass.scanner,QUALIFIED_NAME, line no: 51, 8.542525290370926E-4, insert, 0.09554140127388536, 0.0, 0.11764705882352941
format,SIMPLE_NAME, line no: 63,System.in,QUALIFIED_NAME, line no: 53, 8.439490445859872E-4, insert, 0.11464968152866242, 0.0, 0.1111111111111111
format,SIMPLE_NAME, line no: 76,System.in,QUALIFIED_NAME, line no: 53, 8.439490445859872E-4, insert, 0.11464968152866242, 0.0, 0.1111111111111111
ans,SIMPLE_NAME, line no: 76,System.in,QUALIFIED_NAME, line no: 53, 8.417721518987342E-4, insert, 0.11392405063291139, 0.0, 0.1111111111111111
value,SIMPLE_NAME, line no: 76,System.in,QUALIFIED_NAME, line no: 53, 8.417721518987342E-4, insert, 0.11392405063291139, 0.0, 0.1111111111111111
"%d is the median\n",STRING_LITERAL, line no: 76,java.util,QUALIFIED_NAME, line no: 44, 8.130573248407643E-4, insert, 0.006369426751592357, 0.0, 0.1
"Please enter 3 numbers separeted by spaces > ",STRING_LITERAL, line no: 63,System.in,QUALIFIED_NAME, line no: 53, 7.269277679902426E-4, insert, 0.11464968152866242, 0.0, 0.0851063829787234
"Please enter 3 numbers separeted by spaces > ",STRING_LITERAL, line no: 63,java.util,QUALIFIED_NAME, line no: 44, 6.502913673939558E-4, insert, 0.006369426751592357, 0.0, 0.06382978723404255
